with_gt	judge	method	dataset	subset	seed	seeds	n_preds	n_test	n_missing	n_null_step	step_acc	agent_acc	agent_acc_substring	family	train_seed
False	qwen3.5-9b	oat.s42	ww	algorithm-generated	3	3,4,5	126	63	0	0	0.1746031746031746	0.4126984126984127	0.4126984126984127	oat	42
False	qwen3.5-9b	oat.s42	ww	algorithm-generated	4	3,4,5	126	63	0	0	0.14285714285714285	0.4444444444444444	0.4444444444444444	oat	42
False	qwen3.5-9b	oat.s42	ww	algorithm-generated	5	3,4,5	126	63	0	0	0.12698412698412698	0.38095238095238093	0.38095238095238093	oat	42
False	qwen3.5-9b	oat.s43	ww	algorithm-generated	3	3,4,5	126	63	0	0	0.1746031746031746	0.36507936507936506	0.36507936507936506	oat	43
False	qwen3.5-9b	oat.s43	ww	algorithm-generated	4	3,4,5	126	63	0	0	0.14285714285714285	0.3968253968253968	0.3968253968253968	oat	43
False	qwen3.5-9b	oat.s43	ww	algorithm-generated	5	3,4,5	126	63	0	0	0.15873015873015872	0.3968253968253968	0.3968253968253968	oat	43
False	qwen3.5-9b	oat.s44	ww	algorithm-generated	3	3,4,5	126	63	0	0	0.15873015873015872	0.38095238095238093	0.38095238095238093	oat	44
False	qwen3.5-9b	oat.s44	ww	algorithm-generated	4	3,4,5	126	63	0	0	0.15873015873015872	0.4444444444444444	0.4444444444444444	oat	44
False	qwen3.5-9b	oat.s44	ww	algorithm-generated	5	3,4,5	126	63	0	0	0.15873015873015872	0.38095238095238093	0.38095238095238093	oat	44
False	qwen3.5-9b	oat.s45	ww	algorithm-generated	3	3,4,5	126	63	0	0	0.19047619047619047	0.38095238095238093	0.38095238095238093	oat	45
False	qwen3.5-9b	oat.s45	ww	algorithm-generated	4	3,4,5	126	63	0	0	0.19047619047619047	0.4603174603174603	0.4603174603174603	oat	45
False	qwen3.5-9b	oat.s45	ww	algorithm-generated	5	3,4,5	126	63	0	0	0.15873015873015872	0.3968253968253968	0.3968253968253968	oat	45
False	qwen3.5-9b	oat.s46	ww	algorithm-generated	3	3,4,5	126	63	0	0	0.19047619047619047	0.3968253968253968	0.3968253968253968	oat	46
False	qwen3.5-9b	oat.s46	ww	algorithm-generated	4	3,4,5	126	63	0	0	0.19047619047619047	0.4444444444444444	0.4444444444444444	oat	46
False	qwen3.5-9b	oat.s46	ww	algorithm-generated	5	3,4,5	126	63	0	0	0.19047619047619047	0.3968253968253968	0.3968253968253968	oat	46
False	qwen3.5-9b	stepfinder.s42	ww	algorithm-generated	3	3,4,5	126	63	0	0	0.20634920634920634	0.38095238095238093	0.38095238095238093	stepfinder	42
False	qwen3.5-9b	stepfinder.s42	ww	algorithm-generated	4	3,4,5	126	63	0	0	0.15873015873015872	0.2698412698412698	0.2698412698412698	stepfinder	42
False	qwen3.5-9b	stepfinder.s42	ww	algorithm-generated	5	3,4,5	126	63	0	0	0.14285714285714285	0.38095238095238093	0.38095238095238093	stepfinder	42
False	qwen3.5-9b	stepfinder.s43	ww	algorithm-generated	3	3,4,5	126	63	0	0	0.14285714285714285	0.49206349206349204	0.49206349206349204	stepfinder	43
False	qwen3.5-9b	stepfinder.s43	ww	algorithm-generated	4	3,4,5	126	63	0	0	0.12698412698412698	0.4126984126984127	0.4126984126984127	stepfinder	43
False	qwen3.5-9b	stepfinder.s43	ww	algorithm-generated	5	3,4,5	126	63	0	0	0.14285714285714285	0.42857142857142855	0.42857142857142855	stepfinder	43
False	qwen3.5-9b	stepfinder.s44	ww	algorithm-generated	3	3,4,5	126	63	0	0	0.1746031746031746	0.38095238095238093	0.38095238095238093	stepfinder	44
False	qwen3.5-9b	stepfinder.s44	ww	algorithm-generated	4	3,4,5	126	63	0	0	0.14285714285714285	0.31746031746031744	0.31746031746031744	stepfinder	44
False	qwen3.5-9b	stepfinder.s44	ww	algorithm-generated	5	3,4,5	126	63	0	0	0.12698412698412698	0.31746031746031744	0.31746031746031744	stepfinder	44
False	qwen3.5-9b	stepfinder.s45	ww	algorithm-generated	3	3,4,5	126	63	0	0	0.12698412698412698	0.4126984126984127	0.4126984126984127	stepfinder	45
False	qwen3.5-9b	stepfinder.s45	ww	algorithm-generated	4	3,4,5	126	63	0	0	0.14285714285714285	0.36507936507936506	0.36507936507936506	stepfinder	45
False	qwen3.5-9b	stepfinder.s45	ww	algorithm-generated	5	3,4,5	126	63	0	0	0.1111111111111111	0.38095238095238093	0.38095238095238093	stepfinder	45
False	qwen3.5-9b	stepfinder.s46	ww	algorithm-generated	3	3,4,5	126	63	0	0	0.19047619047619047	0.4444444444444444	0.4444444444444444	stepfinder	46
False	qwen3.5-9b	stepfinder.s46	ww	algorithm-generated	4	3,4,5	126	63	0	0	0.2222222222222222	0.3968253968253968	0.3968253968253968	stepfinder	46
False	qwen3.5-9b	stepfinder.s46	ww	algorithm-generated	5	3,4,5	126	63	0	0	0.2222222222222222	0.5079365079365079	0.5079365079365079	stepfinder	46
False	deepseek-8b	oat.s42	ww	algorithm-generated	3	3,4,5	126	63	0	0	0.14285714285714285	0.42857142857142855	0.42857142857142855	oat	42
False	deepseek-8b	oat.s42	ww	algorithm-generated	4	3,4,5	126	63	0	0	0.15873015873015872	0.4603174603174603	0.4603174603174603	oat	42
False	deepseek-8b	oat.s42	ww	algorithm-generated	5	3,4,5	126	63	0	0	0.09523809523809523	0.4603174603174603	0.4603174603174603	oat	42
False	deepseek-8b	oat.s43	ww	algorithm-generated	3	3,4,5	126	63	0	0	0.12698412698412698	0.38095238095238093	0.38095238095238093	oat	43
False	deepseek-8b	oat.s43	ww	algorithm-generated	4	3,4,5	126	63	0	0	0.14285714285714285	0.4126984126984127	0.4126984126984127	oat	43
False	deepseek-8b	oat.s43	ww	algorithm-generated	5	3,4,5	126	63	0	0	0.09523809523809523	0.4126984126984127	0.4126984126984127	oat	43
False	deepseek-8b	oat.s44	ww	algorithm-generated	3	3,4,5	126	63	0	0	0.14285714285714285	0.3968253968253968	0.3968253968253968	oat	44
False	deepseek-8b	oat.s44	ww	algorithm-generated	4	3,4,5	126	63	0	0	0.15873015873015872	0.4444444444444444	0.4444444444444444	oat	44
False	deepseek-8b	oat.s44	ww	algorithm-generated	5	3,4,5	126	63	0	0	0.06349206349206349	0.42857142857142855	0.42857142857142855	oat	44
False	deepseek-8b	oat.s45	ww	algorithm-generated	3	3,4,5	126	63	0	0	0.14285714285714285	0.42857142857142855	0.42857142857142855	oat	45
False	deepseek-8b	oat.s45	ww	algorithm-generated	4	3,4,5	126	63	0	0	0.15873015873015872	0.4603174603174603	0.4603174603174603	oat	45
False	deepseek-8b	oat.s45	ww	algorithm-generated	5	3,4,5	126	63	0	0	0.09523809523809523	0.4444444444444444	0.4444444444444444	oat	45
False	deepseek-8b	oat.s46	ww	algorithm-generated	3	3,4,5	126	63	0	0	0.14285714285714285	0.3968253968253968	0.3968253968253968	oat	46
False	deepseek-8b	oat.s46	ww	algorithm-generated	4	3,4,5	126	63	0	0	0.15873015873015872	0.3968253968253968	0.3968253968253968	oat	46
False	deepseek-8b	oat.s46	ww	algorithm-generated	5	3,4,5	126	63	0	0	0.07936507936507936	0.3968253968253968	0.3968253968253968	oat	46
False	deepseek-8b	stepfinder.s42	ww	algorithm-generated	3	3,4,5	126	63	0	0	0.19047619047619047	0.49206349206349204	0.49206349206349204	stepfinder	42
False	deepseek-8b	stepfinder.s42	ww	algorithm-generated	4	3,4,5	126	63	0	0	0.19047619047619047	0.49206349206349204	0.49206349206349204	stepfinder	42
False	deepseek-8b	stepfinder.s42	ww	algorithm-generated	5	3,4,5	126	63	0	0	0.2698412698412698	0.5555555555555556	0.5555555555555556	stepfinder	42
False	deepseek-8b	stepfinder.s43	ww	algorithm-generated	3	3,4,5	126	63	0	0	0.2222222222222222	0.47619047619047616	0.47619047619047616	stepfinder	43
False	deepseek-8b	stepfinder.s43	ww	algorithm-generated	4	3,4,5	126	63	0	0	0.25396825396825395	0.5396825396825397	0.5396825396825397	stepfinder	43
False	deepseek-8b	stepfinder.s43	ww	algorithm-generated	5	3,4,5	126	63	0	0	0.2857142857142857	0.5396825396825397	0.5396825396825397	stepfinder	43
False	deepseek-8b	stepfinder.s44	ww	algorithm-generated	3	3,4,5	126	63	0	0	0.15873015873015872	0.5079365079365079	0.5079365079365079	stepfinder	44
False	deepseek-8b	stepfinder.s44	ww	algorithm-generated	4	3,4,5	126	63	0	0	0.1746031746031746	0.47619047619047616	0.47619047619047616	stepfinder	44
False	deepseek-8b	stepfinder.s44	ww	algorithm-generated	5	3,4,5	126	63	0	0	0.19047619047619047	0.49206349206349204	0.49206349206349204	stepfinder	44
False	deepseek-8b	stepfinder.s45	ww	algorithm-generated	3	3,4,5	126	63	0	0	0.07936507936507936	0.42857142857142855	0.42857142857142855	stepfinder	45
False	deepseek-8b	stepfinder.s45	ww	algorithm-generated	4	3,4,5	126	63	0	0	0.07936507936507936	0.42857142857142855	0.42857142857142855	stepfinder	45
False	deepseek-8b	stepfinder.s45	ww	algorithm-generated	5	3,4,5	126	63	0	0	0.1746031746031746	0.4603174603174603	0.4603174603174603	stepfinder	45
False	deepseek-8b	stepfinder.s46	ww	algorithm-generated	3	3,4,5	126	63	0	0	0.15873015873015872	0.49206349206349204	0.49206349206349204	stepfinder	46
False	deepseek-8b	stepfinder.s46	ww	algorithm-generated	4	3,4,5	126	63	0	0	0.19047619047619047	0.5079365079365079	0.5079365079365079	stepfinder	46
False	deepseek-8b	stepfinder.s46	ww	algorithm-generated	5	3,4,5	126	63	0	0	0.2222222222222222	0.4603174603174603	0.4603174603174603	stepfinder	46
False	qwen3-embedding-0.6b	stepfinder.s42	ww	algorithm-generated	3	3,4,5	126	63	0	0	0.25396825396825395	0.49206349206349204	0.49206349206349204	stepfinder	42
False	qwen3-embedding-0.6b	stepfinder.s42	ww	algorithm-generated	4	3,4,5	126	63	0	0	0.23809523809523808	0.47619047619047616	0.47619047619047616	stepfinder	42
False	qwen3-embedding-0.6b	stepfinder.s42	ww	algorithm-generated	5	3,4,5	126	63	0	0	0.2222222222222222	0.5238095238095238	0.5238095238095238	stepfinder	42
False	qwen3-embedding-0.6b	stepfinder.s43	ww	algorithm-generated	3	3,4,5	126	63	0	0	0.25396825396825395	0.49206349206349204	0.49206349206349204	stepfinder	43
False	qwen3-embedding-0.6b	stepfinder.s43	ww	algorithm-generated	4	3,4,5	126	63	0	0	0.2698412698412698	0.4603174603174603	0.4603174603174603	stepfinder	43
False	qwen3-embedding-0.6b	stepfinder.s43	ww	algorithm-generated	5	3,4,5	126	63	0	0	0.23809523809523808	0.4444444444444444	0.4444444444444444	stepfinder	43
False	qwen3-embedding-0.6b	stepfinder.s44	ww	algorithm-generated	3	3,4,5	126	63	0	0	0.23809523809523808	0.49206349206349204	0.49206349206349204	stepfinder	44
False	qwen3-embedding-0.6b	stepfinder.s44	ww	algorithm-generated	4	3,4,5	126	63	0	0	0.2698412698412698	0.5079365079365079	0.5079365079365079	stepfinder	44
False	qwen3-embedding-0.6b	stepfinder.s44	ww	algorithm-generated	5	3,4,5	126	63	0	0	0.20634920634920634	0.4126984126984127	0.4126984126984127	stepfinder	44
False	qwen3-embedding-0.6b	stepfinder.s45	ww	algorithm-generated	3	3,4,5	126	63	0	0	0.19047619047619047	0.4444444444444444	0.4444444444444444	stepfinder	45
False	qwen3-embedding-0.6b	stepfinder.s45	ww	algorithm-generated	4	3,4,5	126	63	0	0	0.23809523809523808	0.4603174603174603	0.4603174603174603	stepfinder	45
False	qwen3-embedding-0.6b	stepfinder.s45	ww	algorithm-generated	5	3,4,5	126	63	0	0	0.15873015873015872	0.4444444444444444	0.4444444444444444	stepfinder	45
False	qwen3-embedding-0.6b	stepfinder.s46	ww	algorithm-generated	3	3,4,5	126	63	0	0	0.30158730158730157	0.4603174603174603	0.4603174603174603	stepfinder	46
False	qwen3-embedding-0.6b	stepfinder.s46	ww	algorithm-generated	4	3,4,5	126	63	0	0	0.30158730158730157	0.5079365079365079	0.5079365079365079	stepfinder	46
False	qwen3-embedding-0.6b	stepfinder.s46	ww	algorithm-generated	5	3,4,5	126	63	0	0	0.2222222222222222	0.42857142857142855	0.42857142857142855	stepfinder	46
False	qwen3.5-9b	oat.s42	ww	hand-crafted	13	13,14,15	58	29	0	0	0.1724137931034483	0.6206896551724138	0.6206896551724138	oat	42
False	qwen3.5-9b	oat.s42	ww	hand-crafted	14	13,14,15	58	29	0	0	0.06896551724137931	0.4482758620689655	0.4482758620689655	oat	42
False	qwen3.5-9b	oat.s42	ww	hand-crafted	15	13,14,15	58	29	0	0	0.034482758620689655	0.5517241379310345	0.5517241379310345	oat	42
False	qwen3.5-9b	oat.s43	ww	hand-crafted	13	13,14,15	58	29	0	0	0.1724137931034483	0.5172413793103449	0.5172413793103449	oat	43
False	qwen3.5-9b	oat.s43	ww	hand-crafted	14	13,14,15	58	29	0	0	0.06896551724137931	0.41379310344827586	0.41379310344827586	oat	43
False	qwen3.5-9b	oat.s43	ww	hand-crafted	15	13,14,15	58	29	0	0	0.034482758620689655	0.4827586206896552	0.4827586206896552	oat	43
False	qwen3.5-9b	oat.s44	ww	hand-crafted	13	13,14,15	58	29	0	0	0.20689655172413793	0.6206896551724138	0.6206896551724138	oat	44
False	qwen3.5-9b	oat.s44	ww	hand-crafted	14	13,14,15	58	29	0	0	0.10344827586206896	0.4827586206896552	0.4827586206896552	oat	44
False	qwen3.5-9b	oat.s44	ww	hand-crafted	15	13,14,15	58	29	0	0	0.034482758620689655	0.5862068965517241	0.5862068965517241	oat	44
False	qwen3.5-9b	oat.s45	ww	hand-crafted	13	13,14,15	58	29	0	0	0.20689655172413793	0.6206896551724138	0.6206896551724138	oat	45
False	qwen3.5-9b	oat.s45	ww	hand-crafted	14	13,14,15	58	29	0	0	0.10344827586206896	0.4482758620689655	0.4482758620689655	oat	45
False	qwen3.5-9b	oat.s45	ww	hand-crafted	15	13,14,15	58	29	0	0	0.034482758620689655	0.5517241379310345	0.5517241379310345	oat	45
False	qwen3.5-9b	oat.s46	ww	hand-crafted	13	13,14,15	58	29	0	0	0.1724137931034483	0.6206896551724138	0.6206896551724138	oat	46
False	qwen3.5-9b	oat.s46	ww	hand-crafted	14	13,14,15	58	29	0	0	0.06896551724137931	0.4482758620689655	0.4482758620689655	oat	46
False	qwen3.5-9b	oat.s46	ww	hand-crafted	15	13,14,15	58	29	0	0	0.034482758620689655	0.5517241379310345	0.5517241379310345	oat	46
False	qwen3.5-9b	stepfinder.s42	ww	hand-crafted	13	13,14,15	58	29	0	0	0.1724137931034483	0.41379310344827586	0.41379310344827586	stepfinder	42
False	qwen3.5-9b	stepfinder.s42	ww	hand-crafted	14	13,14,15	58	29	0	0	0.20689655172413793	0.3448275862068966	0.3448275862068966	stepfinder	42
False	qwen3.5-9b	stepfinder.s42	ww	hand-crafted	15	13,14,15	58	29	0	0	0.10344827586206896	0.27586206896551724	0.27586206896551724	stepfinder	42
False	qwen3.5-9b	stepfinder.s43	ww	hand-crafted	13	13,14,15	58	29	0	0	0.13793103448275862	0.3793103448275862	0.3793103448275862	stepfinder	43
False	qwen3.5-9b	stepfinder.s43	ww	hand-crafted	14	13,14,15	58	29	0	0	0.13793103448275862	0.3793103448275862	0.3793103448275862	stepfinder	43
False	qwen3.5-9b	stepfinder.s43	ww	hand-crafted	15	13,14,15	58	29	0	0	0.034482758620689655	0.3103448275862069	0.3103448275862069	stepfinder	43
False	qwen3.5-9b	stepfinder.s44	ww	hand-crafted	13	13,14,15	58	29	0	0	0.1724137931034483	0.4827586206896552	0.4827586206896552	stepfinder	44
False	qwen3.5-9b	stepfinder.s44	ww	hand-crafted	14	13,14,15	58	29	0	0	0.2413793103448276	0.4827586206896552	0.4827586206896552	stepfinder	44
False	qwen3.5-9b	stepfinder.s44	ww	hand-crafted	15	13,14,15	58	29	0	0	0.1724137931034483	0.41379310344827586	0.41379310344827586	stepfinder	44
False	qwen3.5-9b	stepfinder.s45	ww	hand-crafted	13	13,14,15	58	29	0	0	0.034482758620689655	0.3103448275862069	0.3103448275862069	stepfinder	45
False	qwen3.5-9b	stepfinder.s45	ww	hand-crafted	14	13,14,15	58	29	0	0	0.06896551724137931	0.3793103448275862	0.3793103448275862	stepfinder	45
False	qwen3.5-9b	stepfinder.s45	ww	hand-crafted	15	13,14,15	58	29	0	0	0.06896551724137931	0.3103448275862069	0.3103448275862069	stepfinder	45
False	qwen3.5-9b	stepfinder.s46	ww	hand-crafted	13	13,14,15	58	29	0	0	0.1724137931034483	0.41379310344827586	0.41379310344827586	stepfinder	46
False	qwen3.5-9b	stepfinder.s46	ww	hand-crafted	14	13,14,15	58	29	0	0	0.20689655172413793	0.3793103448275862	0.3793103448275862	stepfinder	46
False	qwen3.5-9b	stepfinder.s46	ww	hand-crafted	15	13,14,15	58	29	0	0	0.06896551724137931	0.27586206896551724	0.27586206896551724	stepfinder	46
False	deepseek-8b	oat.s42	ww	hand-crafted	13	13,14,15	58	29	0	0	0.3103448275862069	0.6551724137931034	0.6551724137931034	oat	42
False	deepseek-8b	oat.s42	ww	hand-crafted	14	13,14,15	58	29	0	0	0.1724137931034483	0.5517241379310345	0.5517241379310345	oat	42
False	deepseek-8b	oat.s42	ww	hand-crafted	15	13,14,15	58	29	0	0	0.10344827586206896	0.5517241379310345	0.5517241379310345	oat	42
False	deepseek-8b	oat.s43	ww	hand-crafted	13	13,14,15	58	29	0	0	0.27586206896551724	0.6206896551724138	0.6206896551724138	oat	43
False	deepseek-8b	oat.s43	ww	hand-crafted	14	13,14,15	58	29	0	0	0.13793103448275862	0.4827586206896552	0.4827586206896552	oat	43
False	deepseek-8b	oat.s43	ww	hand-crafted	15	13,14,15	58	29	0	0	0.034482758620689655	0.4827586206896552	0.4827586206896552	oat	43
False	deepseek-8b	oat.s44	ww	hand-crafted	13	13,14,15	58	29	0	0	0.2413793103448276	0.6551724137931034	0.6551724137931034	oat	44
False	deepseek-8b	oat.s44	ww	hand-crafted	14	13,14,15	58	29	0	0	0.13793103448275862	0.5517241379310345	0.5517241379310345	oat	44
False	deepseek-8b	oat.s44	ww	hand-crafted	15	13,14,15	58	29	0	0	0.06896551724137931	0.5172413793103449	0.5172413793103449	oat	44
False	deepseek-8b	oat.s45	ww	hand-crafted	13	13,14,15	58	29	0	0	0.20689655172413793	0.6551724137931034	0.6551724137931034	oat	45
False	deepseek-8b	oat.s45	ww	hand-crafted	14	13,14,15	58	29	0	0	0.10344827586206896	0.5517241379310345	0.5517241379310345	oat	45
False	deepseek-8b	oat.s45	ww	hand-crafted	15	13,14,15	58	29	0	0	0.034482758620689655	0.5172413793103449	0.5172413793103449	oat	45
False	deepseek-8b	oat.s46	ww	hand-crafted	13	13,14,15	58	29	0	0	0.3103448275862069	0.6551724137931034	0.6551724137931034	oat	46
False	deepseek-8b	oat.s46	ww	hand-crafted	14	13,14,15	58	29	0	0	0.13793103448275862	0.5172413793103449	0.5172413793103449	oat	46
False	deepseek-8b	oat.s46	ww	hand-crafted	15	13,14,15	58	29	0	0	0.10344827586206896	0.4827586206896552	0.4827586206896552	oat	46
False	deepseek-8b	stepfinder.s42	ww	hand-crafted	13	13,14,15	58	29	0	0	0.13793103448275862	0.41379310344827586	0.41379310344827586	stepfinder	42
False	deepseek-8b	stepfinder.s42	ww	hand-crafted	14	13,14,15	58	29	0	0	0.1724137931034483	0.4482758620689655	0.4482758620689655	stepfinder	42
False	deepseek-8b	stepfinder.s42	ww	hand-crafted	15	13,14,15	58	29	0	0	0.10344827586206896	0.41379310344827586	0.41379310344827586	stepfinder	42
False	deepseek-8b	stepfinder.s43	ww	hand-crafted	13	13,14,15	58	29	0	0	0.0	0.27586206896551724	0.27586206896551724	stepfinder	43
False	deepseek-8b	stepfinder.s43	ww	hand-crafted	14	13,14,15	58	29	0	0	0.034482758620689655	0.3793103448275862	0.3793103448275862	stepfinder	43
False	deepseek-8b	stepfinder.s43	ww	hand-crafted	15	13,14,15	58	29	0	0	0.06896551724137931	0.20689655172413793	0.20689655172413793	stepfinder	43
False	deepseek-8b	stepfinder.s44	ww	hand-crafted	13	13,14,15	58	29	0	0	0.06896551724137931	0.3793103448275862	0.3793103448275862	stepfinder	44
False	deepseek-8b	stepfinder.s44	ww	hand-crafted	14	13,14,15	58	29	0	0	0.10344827586206896	0.3793103448275862	0.3793103448275862	stepfinder	44
False	deepseek-8b	stepfinder.s44	ww	hand-crafted	15	13,14,15	58	29	0	0	0.034482758620689655	0.3448275862068966	0.3448275862068966	stepfinder	44
False	deepseek-8b	stepfinder.s45	ww	hand-crafted	13	13,14,15	58	29	0	0	0.13793103448275862	0.5172413793103449	0.5172413793103449	stepfinder	45
False	deepseek-8b	stepfinder.s45	ww	hand-crafted	14	13,14,15	58	29	0	0	0.2413793103448276	0.5517241379310345	0.5517241379310345	stepfinder	45
False	deepseek-8b	stepfinder.s45	ww	hand-crafted	15	13,14,15	58	29	0	0	0.10344827586206896	0.4482758620689655	0.4482758620689655	stepfinder	45
False	deepseek-8b	stepfinder.s46	ww	hand-crafted	13	13,14,15	58	29	0	0	0.10344827586206896	0.4827586206896552	0.4827586206896552	stepfinder	46
False	deepseek-8b	stepfinder.s46	ww	hand-crafted	14	13,14,15	58	29	0	0	0.20689655172413793	0.5172413793103449	0.5172413793103449	stepfinder	46
False	deepseek-8b	stepfinder.s46	ww	hand-crafted	15	13,14,15	58	29	0	0	0.10344827586206896	0.41379310344827586	0.41379310344827586	stepfinder	46
False	qwen3-embedding-0.6b	stepfinder.s42	ww	hand-crafted	13	13,14,15	58	29	0	0	0.1724137931034483	0.5862068965517241	0.5862068965517241	stepfinder	42
False	qwen3-embedding-0.6b	stepfinder.s42	ww	hand-crafted	14	13,14,15	58	29	0	0	0.034482758620689655	0.3793103448275862	0.3793103448275862	stepfinder	42
False	qwen3-embedding-0.6b	stepfinder.s42	ww	hand-crafted	15	13,14,15	58	29	0	0	0.10344827586206896	0.3103448275862069	0.3103448275862069	stepfinder	42
False	qwen3-embedding-0.6b	stepfinder.s43	ww	hand-crafted	13	13,14,15	58	29	0	0	0.10344827586206896	0.4482758620689655	0.4482758620689655	stepfinder	43
False	qwen3-embedding-0.6b	stepfinder.s43	ww	hand-crafted	14	13,14,15	58	29	0	0	0.06896551724137931	0.4827586206896552	0.4827586206896552	stepfinder	43
False	qwen3-embedding-0.6b	stepfinder.s43	ww	hand-crafted	15	13,14,15	58	29	0	0	0.13793103448275862	0.5517241379310345	0.5517241379310345	stepfinder	43
False	qwen3-embedding-0.6b	stepfinder.s44	ww	hand-crafted	13	13,14,15	58	29	0	0	0.06896551724137931	0.4827586206896552	0.4827586206896552	stepfinder	44
False	qwen3-embedding-0.6b	stepfinder.s44	ww	hand-crafted	14	13,14,15	58	29	0	0	0.13793103448275862	0.4482758620689655	0.4482758620689655	stepfinder	44
False	qwen3-embedding-0.6b	stepfinder.s44	ww	hand-crafted	15	13,14,15	58	29	0	0	0.1724137931034483	0.4827586206896552	0.4827586206896552	stepfinder	44
False	qwen3-embedding-0.6b	stepfinder.s45	ww	hand-crafted	13	13,14,15	58	29	0	0	0.10344827586206896	0.4827586206896552	0.4827586206896552	stepfinder	45
False	qwen3-embedding-0.6b	stepfinder.s45	ww	hand-crafted	14	13,14,15	58	29	0	0	0.10344827586206896	0.41379310344827586	0.41379310344827586	stepfinder	45
False	qwen3-embedding-0.6b	stepfinder.s45	ww	hand-crafted	15	13,14,15	58	29	0	0	0.10344827586206896	0.3448275862068966	0.3448275862068966	stepfinder	45
False	qwen3-embedding-0.6b	stepfinder.s46	ww	hand-crafted	13	13,14,15	58	29	0	0	0.20689655172413793	0.5172413793103449	0.5172413793103449	stepfinder	46
False	qwen3-embedding-0.6b	stepfinder.s46	ww	hand-crafted	14	13,14,15	58	29	0	0	0.13793103448275862	0.4482758620689655	0.4482758620689655	stepfinder	46
False	qwen3-embedding-0.6b	stepfinder.s46	ww	hand-crafted	15	13,14,15	58	29	0	0	0.10344827586206896	0.3448275862068966	0.3448275862068966	stepfinder	46
False	qwen3.5-9b	oat.s42	traceelephant	magentic	15	15,16,17	91	46	0	0	0.21739130434782608	0.5217391304347826	0.5217391304347826	oat	42
False	qwen3.5-9b	oat.s42	traceelephant	magentic	16	15,16,17	91	46	0	0	0.1956521739130435	0.6304347826086957	0.6304347826086957	oat	42
False	qwen3.5-9b	oat.s42	traceelephant	magentic	17	15,16,17	91	46	0	0	0.17391304347826086	0.6521739130434783	0.6521739130434783	oat	42
False	qwen3.5-9b	oat.s43	traceelephant	magentic	15	15,16,17	91	46	0	0	0.21739130434782608	0.5434782608695652	0.5434782608695652	oat	43
False	qwen3.5-9b	oat.s43	traceelephant	magentic	16	15,16,17	91	46	0	0	0.1956521739130435	0.6521739130434783	0.6521739130434783	oat	43
False	qwen3.5-9b	oat.s43	traceelephant	magentic	17	15,16,17	91	46	0	0	0.15217391304347827	0.6739130434782609	0.6739130434782609	oat	43
False	qwen3.5-9b	oat.s44	traceelephant	magentic	15	15,16,17	91	46	0	0	0.2391304347826087	0.6086956521739131	0.6086956521739131	oat	44
False	qwen3.5-9b	oat.s44	traceelephant	magentic	16	15,16,17	91	46	0	0	0.17391304347826086	0.6739130434782609	0.6739130434782609	oat	44
False	qwen3.5-9b	oat.s44	traceelephant	magentic	17	15,16,17	91	46	0	0	0.15217391304347827	0.6956521739130435	0.6956521739130435	oat	44
False	qwen3.5-9b	oat.s45	traceelephant	magentic	15	15,16,17	91	46	0	0	0.2391304347826087	0.5217391304347826	0.5217391304347826	oat	45
False	qwen3.5-9b	oat.s45	traceelephant	magentic	16	15,16,17	91	46	0	0	0.17391304347826086	0.6739130434782609	0.6739130434782609	oat	45
False	qwen3.5-9b	oat.s45	traceelephant	magentic	17	15,16,17	91	46	0	0	0.17391304347826086	0.6521739130434783	0.6521739130434783	oat	45
False	qwen3.5-9b	oat.s46	traceelephant	magentic	15	15,16,17	91	46	0	0	0.21739130434782608	0.5217391304347826	0.5217391304347826	oat	46
False	qwen3.5-9b	oat.s46	traceelephant	magentic	16	15,16,17	91	46	0	0	0.15217391304347827	0.6304347826086957	0.6304347826086957	oat	46
False	qwen3.5-9b	oat.s46	traceelephant	magentic	17	15,16,17	91	46	0	0	0.15217391304347827	0.6521739130434783	0.6521739130434783	oat	46
False	qwen3.5-9b	stepfinder.s42	traceelephant	magentic	15	15,16,17	91	46	0	0	0.10869565217391304	0.5652173913043478	0.5652173913043478	stepfinder	42
False	qwen3.5-9b	stepfinder.s42	traceelephant	magentic	16	15,16,17	91	46	0	0	0.06521739130434782	0.6304347826086957	0.6304347826086957	stepfinder	42
False	qwen3.5-9b	stepfinder.s42	traceelephant	magentic	17	15,16,17	91	46	0	0	0.10869565217391304	0.6086956521739131	0.6086956521739131	stepfinder	42
False	qwen3.5-9b	stepfinder.s43	traceelephant	magentic	15	15,16,17	91	46	0	0	0.043478260869565216	0.5	0.5	stepfinder	43
False	qwen3.5-9b	stepfinder.s43	traceelephant	magentic	16	15,16,17	91	46	0	0	0.043478260869565216	0.4782608695652174	0.4782608695652174	stepfinder	43
False	qwen3.5-9b	stepfinder.s43	traceelephant	magentic	17	15,16,17	91	46	0	0	0.043478260869565216	0.5652173913043478	0.5652173913043478	stepfinder	43
False	qwen3.5-9b	stepfinder.s44	traceelephant	magentic	15	15,16,17	91	46	0	0	0.043478260869565216	0.5652173913043478	0.5652173913043478	stepfinder	44
False	qwen3.5-9b	stepfinder.s44	traceelephant	magentic	16	15,16,17	91	46	0	0	0.08695652173913043	0.5869565217391305	0.5869565217391305	stepfinder	44
False	qwen3.5-9b	stepfinder.s44	traceelephant	magentic	17	15,16,17	91	46	0	0	0.08695652173913043	0.6304347826086957	0.6304347826086957	stepfinder	44
False	qwen3.5-9b	stepfinder.s45	traceelephant	magentic	15	15,16,17	91	46	0	0	0.06521739130434782	0.6304347826086957	0.6304347826086957	stepfinder	45
False	qwen3.5-9b	stepfinder.s45	traceelephant	magentic	16	15,16,17	91	46	0	0	0.08695652173913043	0.6086956521739131	0.6086956521739131	stepfinder	45
False	qwen3.5-9b	stepfinder.s45	traceelephant	magentic	17	15,16,17	91	46	0	0	0.08695652173913043	0.6521739130434783	0.6521739130434783	stepfinder	45
False	qwen3.5-9b	stepfinder.s46	traceelephant	magentic	15	15,16,17	91	46	0	0	0.043478260869565216	0.5217391304347826	0.5217391304347826	stepfinder	46
False	qwen3.5-9b	stepfinder.s46	traceelephant	magentic	16	15,16,17	91	46	0	0	0.043478260869565216	0.5217391304347826	0.5217391304347826	stepfinder	46
False	qwen3.5-9b	stepfinder.s46	traceelephant	magentic	17	15,16,17	91	46	0	0	0.043478260869565216	0.6086956521739131	0.6086956521739131	stepfinder	46
False	deepseek-8b	oat.s42	traceelephant	magentic	15	15,16,17	91	46	0	0	0.17391304347826086	0.6304347826086957	0.6304347826086957	oat	42
False	deepseek-8b	oat.s42	traceelephant	magentic	16	15,16,17	91	46	0	0	0.13043478260869565	0.6739130434782609	0.6739130434782609	oat	42
False	deepseek-8b	oat.s42	traceelephant	magentic	17	15,16,17	91	46	0	0	0.10869565217391304	0.6521739130434783	0.6521739130434783	oat	42
False	deepseek-8b	oat.s43	traceelephant	magentic	15	15,16,17	91	46	0	0	0.15217391304347827	0.6086956521739131	0.6086956521739131	oat	43
False	deepseek-8b	oat.s43	traceelephant	magentic	16	15,16,17	91	46	0	0	0.13043478260869565	0.6521739130434783	0.6521739130434783	oat	43
False	deepseek-8b	oat.s43	traceelephant	magentic	17	15,16,17	91	46	0	0	0.10869565217391304	0.6521739130434783	0.6521739130434783	oat	43
False	deepseek-8b	oat.s44	traceelephant	magentic	15	15,16,17	91	46	0	0	0.15217391304347827	0.5869565217391305	0.5869565217391305	oat	44
False	deepseek-8b	oat.s44	traceelephant	magentic	16	15,16,17	91	46	0	0	0.15217391304347827	0.6521739130434783	0.6521739130434783	oat	44
False	deepseek-8b	oat.s44	traceelephant	magentic	17	15,16,17	91	46	0	0	0.08695652173913043	0.6086956521739131	0.6086956521739131	oat	44
False	deepseek-8b	oat.s45	traceelephant	magentic	15	15,16,17	91	46	0	0	0.13043478260869565	0.5869565217391305	0.5869565217391305	oat	45
False	deepseek-8b	oat.s45	traceelephant	magentic	16	15,16,17	91	46	0	0	0.13043478260869565	0.6304347826086957	0.6304347826086957	oat	45
False	deepseek-8b	oat.s45	traceelephant	magentic	17	15,16,17	91	46	0	0	0.10869565217391304	0.6521739130434783	0.6521739130434783	oat	45
False	deepseek-8b	oat.s46	traceelephant	magentic	15	15,16,17	91	46	0	0	0.15217391304347827	0.6521739130434783	0.6521739130434783	oat	46
False	deepseek-8b	oat.s46	traceelephant	magentic	16	15,16,17	91	46	0	0	0.13043478260869565	0.6739130434782609	0.6739130434782609	oat	46
False	deepseek-8b	oat.s46	traceelephant	magentic	17	15,16,17	91	46	0	0	0.10869565217391304	0.6739130434782609	0.6739130434782609	oat	46
False	deepseek-8b	stepfinder.s42	traceelephant	magentic	15	15,16,17	91	46	0	0	0.043478260869565216	0.5652173913043478	0.5652173913043478	stepfinder	42
False	deepseek-8b	stepfinder.s42	traceelephant	magentic	16	15,16,17	91	46	0	0	0.043478260869565216	0.5652173913043478	0.5652173913043478	stepfinder	42
False	deepseek-8b	stepfinder.s42	traceelephant	magentic	17	15,16,17	91	46	0	0	0.08695652173913043	0.6521739130434783	0.6521739130434783	stepfinder	42
False	deepseek-8b	stepfinder.s43	traceelephant	magentic	15	15,16,17	91	46	0	0	0.0	0.3695652173913043	0.3695652173913043	stepfinder	43
False	deepseek-8b	stepfinder.s43	traceelephant	magentic	16	15,16,17	91	46	0	0	0.0	0.2608695652173913	0.2608695652173913	stepfinder	43
False	deepseek-8b	stepfinder.s43	traceelephant	magentic	17	15,16,17	91	46	0	0	0.0	0.2826086956521739	0.2826086956521739	stepfinder	43
False	deepseek-8b	stepfinder.s44	traceelephant	magentic	15	15,16,17	91	46	0	0	0.021739130434782608	0.43478260869565216	0.43478260869565216	stepfinder	44
False	deepseek-8b	stepfinder.s44	traceelephant	magentic	16	15,16,17	91	46	0	0	0.021739130434782608	0.391304347826087	0.391304347826087	stepfinder	44
False	deepseek-8b	stepfinder.s44	traceelephant	magentic	17	15,16,17	91	46	0	0	0.043478260869565216	0.41304347826086957	0.41304347826086957	stepfinder	44
False	deepseek-8b	stepfinder.s45	traceelephant	magentic	15	15,16,17	91	46	0	0	0.08695652173913043	0.5	0.5	stepfinder	45
False	deepseek-8b	stepfinder.s45	traceelephant	magentic	16	15,16,17	91	46	0	0	0.043478260869565216	0.43478260869565216	0.43478260869565216	stepfinder	45
False	deepseek-8b	stepfinder.s45	traceelephant	magentic	17	15,16,17	91	46	0	0	0.08695652173913043	0.5652173913043478	0.5652173913043478	stepfinder	45
False	deepseek-8b	stepfinder.s46	traceelephant	magentic	15	15,16,17	91	46	0	0	0.043478260869565216	0.43478260869565216	0.43478260869565216	stepfinder	46
False	deepseek-8b	stepfinder.s46	traceelephant	magentic	16	15,16,17	91	46	0	0	0.043478260869565216	0.32608695652173914	0.32608695652173914	stepfinder	46
False	deepseek-8b	stepfinder.s46	traceelephant	magentic	17	15,16,17	91	46	0	0	0.06521739130434782	0.1956521739130435	0.1956521739130435	stepfinder	46
False	qwen3-embedding-0.6b	stepfinder.s42	traceelephant	magentic	15	15,16,17	91	46	0	0	0.2391304347826087	0.6739130434782609	0.6739130434782609	stepfinder	42
False	qwen3-embedding-0.6b	stepfinder.s42	traceelephant	magentic	16	15,16,17	91	46	0	0	0.21739130434782608	0.6739130434782609	0.6739130434782609	stepfinder	42
False	qwen3-embedding-0.6b	stepfinder.s42	traceelephant	magentic	17	15,16,17	91	46	0	0	0.2391304347826087	0.6956521739130435	0.6956521739130435	stepfinder	42
False	qwen3-embedding-0.6b	stepfinder.s43	traceelephant	magentic	15	15,16,17	91	46	0	0	0.34782608695652173	0.6956521739130435	0.6956521739130435	stepfinder	43
False	qwen3-embedding-0.6b	stepfinder.s43	traceelephant	magentic	16	15,16,17	91	46	0	0	0.17391304347826086	0.7608695652173914	0.7608695652173914	stepfinder	43
False	qwen3-embedding-0.6b	stepfinder.s43	traceelephant	magentic	17	15,16,17	91	46	0	0	0.21739130434782608	0.8043478260869565	0.8043478260869565	stepfinder	43
False	qwen3-embedding-0.6b	stepfinder.s44	traceelephant	magentic	15	15,16,17	91	46	0	0	0.13043478260869565	0.6086956521739131	0.6086956521739131	stepfinder	44
False	qwen3-embedding-0.6b	stepfinder.s44	traceelephant	magentic	16	15,16,17	91	46	0	0	0.13043478260869565	0.6521739130434783	0.6521739130434783	stepfinder	44
False	qwen3-embedding-0.6b	stepfinder.s44	traceelephant	magentic	17	15,16,17	91	46	0	0	0.08695652173913043	0.5869565217391305	0.5869565217391305	stepfinder	44
False	qwen3-embedding-0.6b	stepfinder.s45	traceelephant	magentic	15	15,16,17	91	46	0	0	0.2608695652173913	0.717391304347826	0.717391304347826	stepfinder	45
False	qwen3-embedding-0.6b	stepfinder.s45	traceelephant	magentic	16	15,16,17	91	46	0	0	0.1956521739130435	0.7391304347826086	0.7391304347826086	stepfinder	45
False	qwen3-embedding-0.6b	stepfinder.s45	traceelephant	magentic	17	15,16,17	91	46	0	0	0.1956521739130435	0.7391304347826086	0.7391304347826086	stepfinder	45
False	qwen3-embedding-0.6b	stepfinder.s46	traceelephant	magentic	15	15,16,17	91	46	0	0	0.2826086956521739	0.717391304347826	0.717391304347826	stepfinder	46
False	qwen3-embedding-0.6b	stepfinder.s46	traceelephant	magentic	16	15,16,17	91	46	0	0	0.2391304347826087	0.782608695652174	0.782608695652174	stepfinder	46
False	qwen3-embedding-0.6b	stepfinder.s46	traceelephant	magentic	17	15,16,17	91	46	0	0	0.21739130434782608	0.782608695652174	0.782608695652174	stepfinder	46
False	qwen3.5-9b	oat.s42	traceelephant	captain	22	22,23,24	85	43	0	0	0.16279069767441862	0.4883720930232558	0.4883720930232558	oat	42
False	qwen3.5-9b	oat.s42	traceelephant	captain	23	22,23,24	85	43	0	0	0.11627906976744186	0.4883720930232558	0.4883720930232558	oat	42
False	qwen3.5-9b	oat.s42	traceelephant	captain	24	22,23,24	85	43	0	0	0.16279069767441862	0.4883720930232558	0.4883720930232558	oat	42
False	qwen3.5-9b	oat.s43	traceelephant	captain	22	22,23,24	85	43	0	0	0.11627906976744186	0.46511627906976744	0.46511627906976744	oat	43
False	qwen3.5-9b	oat.s43	traceelephant	captain	23	22,23,24	85	43	0	0	0.13953488372093023	0.5348837209302325	0.5348837209302325	oat	43
False	qwen3.5-9b	oat.s43	traceelephant	captain	24	22,23,24	85	43	0	0	0.16279069767441862	0.4883720930232558	0.4883720930232558	oat	43
False	qwen3.5-9b	oat.s44	traceelephant	captain	22	22,23,24	85	43	0	0	0.16279069767441862	0.4883720930232558	0.4883720930232558	oat	44
False	qwen3.5-9b	oat.s44	traceelephant	captain	23	22,23,24	85	43	0	0	0.13953488372093023	0.5348837209302325	0.5348837209302325	oat	44
False	qwen3.5-9b	oat.s44	traceelephant	captain	24	22,23,24	85	43	0	0	0.18604651162790697	0.4883720930232558	0.4883720930232558	oat	44
False	qwen3.5-9b	oat.s45	traceelephant	captain	22	22,23,24	85	43	0	0	0.16279069767441862	0.3953488372093023	0.3953488372093023	oat	45
False	qwen3.5-9b	oat.s45	traceelephant	captain	23	22,23,24	85	43	0	0	0.16279069767441862	0.4418604651162791	0.4418604651162791	oat	45
False	qwen3.5-9b	oat.s45	traceelephant	captain	24	22,23,24	85	43	0	0	0.18604651162790697	0.4186046511627907	0.4186046511627907	oat	45
False	qwen3.5-9b	oat.s46	traceelephant	captain	22	22,23,24	85	43	0	0	0.16279069767441862	0.4186046511627907	0.4186046511627907	oat	46
False	qwen3.5-9b	oat.s46	traceelephant	captain	23	22,23,24	85	43	0	0	0.11627906976744186	0.4418604651162791	0.4418604651162791	oat	46
False	qwen3.5-9b	oat.s46	traceelephant	captain	24	22,23,24	85	43	0	0	0.16279069767441862	0.4186046511627907	0.4186046511627907	oat	46
False	qwen3.5-9b	stepfinder.s42	traceelephant	captain	22	22,23,24	85	43	0	0	0.11627906976744186	0.4418604651162791	0.4418604651162791	stepfinder	42
False	qwen3.5-9b	stepfinder.s42	traceelephant	captain	23	22,23,24	85	43	0	0	0.18604651162790697	0.46511627906976744	0.46511627906976744	stepfinder	42
False	qwen3.5-9b	stepfinder.s42	traceelephant	captain	24	22,23,24	85	43	0	0	0.23255813953488372	0.5116279069767442	0.5116279069767442	stepfinder	42
False	qwen3.5-9b	stepfinder.s43	traceelephant	captain	22	22,23,24	85	43	0	0	0.18604651162790697	0.5348837209302325	0.5348837209302325	stepfinder	43
False	qwen3.5-9b	stepfinder.s43	traceelephant	captain	23	22,23,24	85	43	0	0	0.2558139534883721	0.5813953488372093	0.5813953488372093	stepfinder	43
False	qwen3.5-9b	stepfinder.s43	traceelephant	captain	24	22,23,24	85	43	0	0	0.20930232558139536	0.5116279069767442	0.5116279069767442	stepfinder	43
False	qwen3.5-9b	stepfinder.s44	traceelephant	captain	22	22,23,24	85	43	0	0	0.046511627906976744	0.32558139534883723	0.32558139534883723	stepfinder	44
False	qwen3.5-9b	stepfinder.s44	traceelephant	captain	23	22,23,24	85	43	0	0	0.16279069767441862	0.3953488372093023	0.3953488372093023	stepfinder	44
False	qwen3.5-9b	stepfinder.s44	traceelephant	captain	24	22,23,24	85	43	0	0	0.13953488372093023	0.4418604651162791	0.4418604651162791	stepfinder	44
False	qwen3.5-9b	stepfinder.s45	traceelephant	captain	22	22,23,24	85	43	0	0	0.16279069767441862	0.4418604651162791	0.4418604651162791	stepfinder	45
False	qwen3.5-9b	stepfinder.s45	traceelephant	captain	23	22,23,24	85	43	0	0	0.2558139534883721	0.5813953488372093	0.5813953488372093	stepfinder	45
False	qwen3.5-9b	stepfinder.s45	traceelephant	captain	24	22,23,24	85	43	0	0	0.20930232558139536	0.46511627906976744	0.46511627906976744	stepfinder	45
False	qwen3.5-9b	stepfinder.s46	traceelephant	captain	22	22,23,24	85	43	0	0	0.13953488372093023	0.46511627906976744	0.46511627906976744	stepfinder	46
False	qwen3.5-9b	stepfinder.s46	traceelephant	captain	23	22,23,24	85	43	0	0	0.2558139534883721	0.5348837209302325	0.5348837209302325	stepfinder	46
False	qwen3.5-9b	stepfinder.s46	traceelephant	captain	24	22,23,24	85	43	0	0	0.18604651162790697	0.46511627906976744	0.46511627906976744	stepfinder	46
False	deepseek-8b	oat.s42	traceelephant	captain	22	22,23,24	85	43	0	0	0.16279069767441862	0.46511627906976744	0.46511627906976744	oat	42
False	deepseek-8b	oat.s42	traceelephant	captain	23	22,23,24	85	43	0	0	0.18604651162790697	0.5581395348837209	0.5581395348837209	oat	42
False	deepseek-8b	oat.s42	traceelephant	captain	24	22,23,24	85	43	0	0	0.18604651162790697	0.5348837209302325	0.5348837209302325	oat	42
False	deepseek-8b	oat.s43	traceelephant	captain	22	22,23,24	85	43	0	0	0.16279069767441862	0.4418604651162791	0.4418604651162791	oat	43
False	deepseek-8b	oat.s43	traceelephant	captain	23	22,23,24	85	43	0	0	0.16279069767441862	0.5581395348837209	0.5581395348837209	oat	43
False	deepseek-8b	oat.s43	traceelephant	captain	24	22,23,24	85	43	0	0	0.16279069767441862	0.4883720930232558	0.4883720930232558	oat	43
False	deepseek-8b	oat.s44	traceelephant	captain	22	22,23,24	85	43	0	0	0.16279069767441862	0.3953488372093023	0.3953488372093023	oat	44
False	deepseek-8b	oat.s44	traceelephant	captain	23	22,23,24	85	43	0	0	0.18604651162790697	0.5348837209302325	0.5348837209302325	oat	44
False	deepseek-8b	oat.s44	traceelephant	captain	24	22,23,24	85	43	0	0	0.18604651162790697	0.4418604651162791	0.4418604651162791	oat	44
False	deepseek-8b	oat.s45	traceelephant	captain	22	22,23,24	85	43	0	0	0.20930232558139536	0.5116279069767442	0.5116279069767442	oat	45
False	deepseek-8b	oat.s45	traceelephant	captain	23	22,23,24	85	43	0	0	0.20930232558139536	0.5581395348837209	0.5581395348837209	oat	45
False	deepseek-8b	oat.s45	traceelephant	captain	24	22,23,24	85	43	0	0	0.18604651162790697	0.46511627906976744	0.46511627906976744	oat	45
False	deepseek-8b	oat.s46	traceelephant	captain	22	22,23,24	85	43	0	0	0.18604651162790697	0.4883720930232558	0.4883720930232558	oat	46
False	deepseek-8b	oat.s46	traceelephant	captain	23	22,23,24	85	43	0	0	0.16279069767441862	0.5813953488372093	0.5813953488372093	oat	46
False	deepseek-8b	oat.s46	traceelephant	captain	24	22,23,24	85	43	0	0	0.18604651162790697	0.4883720930232558	0.4883720930232558	oat	46
False	deepseek-8b	stepfinder.s42	traceelephant	captain	22	22,23,24	85	43	0	0	0.20930232558139536	0.5348837209302325	0.5348837209302325	stepfinder	42
False	deepseek-8b	stepfinder.s42	traceelephant	captain	23	22,23,24	85	43	0	0	0.13953488372093023	0.5348837209302325	0.5348837209302325	stepfinder	42
False	deepseek-8b	stepfinder.s42	traceelephant	captain	24	22,23,24	85	43	0	0	0.20930232558139536	0.627906976744186	0.627906976744186	stepfinder	42
False	deepseek-8b	stepfinder.s43	traceelephant	captain	22	22,23,24	85	43	0	0	0.11627906976744186	0.37209302325581395	0.37209302325581395	stepfinder	43
False	deepseek-8b	stepfinder.s43	traceelephant	captain	23	22,23,24	85	43	0	0	0.11627906976744186	0.37209302325581395	0.37209302325581395	stepfinder	43
False	deepseek-8b	stepfinder.s43	traceelephant	captain	24	22,23,24	85	43	0	0	0.11627906976744186	0.37209302325581395	0.37209302325581395	stepfinder	43
False	deepseek-8b	stepfinder.s44	traceelephant	captain	22	22,23,24	85	43	0	0	0.046511627906976744	0.23255813953488372	0.23255813953488372	stepfinder	44
False	deepseek-8b	stepfinder.s44	traceelephant	captain	23	22,23,24	85	43	0	0	0.023255813953488372	0.2558139534883721	0.2558139534883721	stepfinder	44
False	deepseek-8b	stepfinder.s44	traceelephant	captain	24	22,23,24	85	43	0	0	0.06976744186046512	0.27906976744186046	0.27906976744186046	stepfinder	44
False	deepseek-8b	stepfinder.s45	traceelephant	captain	22	22,23,24	85	43	0	0	0.16279069767441862	0.4883720930232558	0.4883720930232558	stepfinder	45
False	deepseek-8b	stepfinder.s45	traceelephant	captain	23	22,23,24	85	43	0	0	0.23255813953488372	0.4883720930232558	0.4883720930232558	stepfinder	45
False	deepseek-8b	stepfinder.s45	traceelephant	captain	24	22,23,24	85	43	0	0	0.2558139534883721	0.5348837209302325	0.5348837209302325	stepfinder	45
False	deepseek-8b	stepfinder.s46	traceelephant	captain	22	22,23,24	85	43	0	0	0.18604651162790697	0.5348837209302325	0.5348837209302325	stepfinder	46
False	deepseek-8b	stepfinder.s46	traceelephant	captain	23	22,23,24	85	43	0	0	0.18604651162790697	0.5581395348837209	0.5581395348837209	stepfinder	46
False	deepseek-8b	stepfinder.s46	traceelephant	captain	24	22,23,24	85	43	0	0	0.13953488372093023	0.5813953488372093	0.5813953488372093	stepfinder	46
False	qwen3-embedding-0.6b	stepfinder.s42	traceelephant	captain	22	22,23,24	85	43	0	0	0.23255813953488372	0.4418604651162791	0.4418604651162791	stepfinder	42
False	qwen3-embedding-0.6b	stepfinder.s42	traceelephant	captain	23	22,23,24	85	43	0	0	0.20930232558139536	0.4418604651162791	0.4418604651162791	stepfinder	42
False	qwen3-embedding-0.6b	stepfinder.s42	traceelephant	captain	24	22,23,24	85	43	0	0	0.18604651162790697	0.5116279069767442	0.5116279069767442	stepfinder	42
False	qwen3-embedding-0.6b	stepfinder.s43	traceelephant	captain	22	22,23,24	85	43	0	0	0.20930232558139536	0.627906976744186	0.627906976744186	stepfinder	43
False	qwen3-embedding-0.6b	stepfinder.s43	traceelephant	captain	23	22,23,24	85	43	0	0	0.20930232558139536	0.5348837209302325	0.5348837209302325	stepfinder	43
False	qwen3-embedding-0.6b	stepfinder.s43	traceelephant	captain	24	22,23,24	85	43	0	0	0.18604651162790697	0.5116279069767442	0.5116279069767442	stepfinder	43
False	qwen3-embedding-0.6b	stepfinder.s44	traceelephant	captain	22	22,23,24	85	43	0	0	0.18604651162790697	0.46511627906976744	0.46511627906976744	stepfinder	44
False	qwen3-embedding-0.6b	stepfinder.s44	traceelephant	captain	23	22,23,24	85	43	0	0	0.20930232558139536	0.4186046511627907	0.4186046511627907	stepfinder	44
False	qwen3-embedding-0.6b	stepfinder.s44	traceelephant	captain	24	22,23,24	85	43	0	0	0.16279069767441862	0.46511627906976744	0.46511627906976744	stepfinder	44
False	qwen3-embedding-0.6b	stepfinder.s45	traceelephant	captain	22	22,23,24	85	43	0	0	0.13953488372093023	0.5116279069767442	0.5116279069767442	stepfinder	45
False	qwen3-embedding-0.6b	stepfinder.s45	traceelephant	captain	23	22,23,24	85	43	0	0	0.18604651162790697	0.4418604651162791	0.4418604651162791	stepfinder	45
False	qwen3-embedding-0.6b	stepfinder.s45	traceelephant	captain	24	22,23,24	85	43	0	0	0.13953488372093023	0.5116279069767442	0.5116279069767442	stepfinder	45
False	qwen3-embedding-0.6b	stepfinder.s46	traceelephant	captain	22	22,23,24	85	43	0	0	0.11627906976744186	0.5348837209302325	0.5348837209302325	stepfinder	46
False	qwen3-embedding-0.6b	stepfinder.s46	traceelephant	captain	23	22,23,24	85	43	0	0	0.16279069767441862	0.4883720930232558	0.4883720930232558	stepfinder	46
False	qwen3-embedding-0.6b	stepfinder.s46	traceelephant	captain	24	22,23,24	85	43	0	0	0.16279069767441862	0.4883720930232558	0.4883720930232558	stepfinder	46
False	qwen3.5-9b	oat.s42	correct-error	arc	17	17,18,19	304	152	0	0	0.8486842105263158	0.8552631578947368	0.8552631578947368	oat	42
False	qwen3.5-9b	oat.s42	correct-error	arc	18	17,18,19	304	152	0	0	0.8421052631578947	0.868421052631579	0.868421052631579	oat	42
False	qwen3.5-9b	oat.s42	correct-error	arc	19	17,18,19	304	152	0	0	0.8026315789473685	0.8157894736842105	0.8157894736842105	oat	42
False	qwen3.5-9b	oat.s43	correct-error	arc	17	17,18,19	304	152	0	0	0.8552631578947368	0.868421052631579	0.868421052631579	oat	43
False	qwen3.5-9b	oat.s43	correct-error	arc	18	17,18,19	304	152	0	0	0.8486842105263158	0.8881578947368421	0.8881578947368421	oat	43
False	qwen3.5-9b	oat.s43	correct-error	arc	19	17,18,19	304	152	0	0	0.8026315789473685	0.8157894736842105	0.8157894736842105	oat	43
False	qwen3.5-9b	oat.s44	correct-error	arc	17	17,18,19	304	152	0	0	0.8552631578947368	0.868421052631579	0.868421052631579	oat	44
False	qwen3.5-9b	oat.s44	correct-error	arc	18	17,18,19	304	152	0	0	0.8486842105263158	0.881578947368421	0.881578947368421	oat	44
False	qwen3.5-9b	oat.s44	correct-error	arc	19	17,18,19	304	152	0	0	0.8092105263157895	0.8223684210526315	0.8223684210526315	oat	44
False	qwen3.5-9b	oat.s45	correct-error	arc	17	17,18,19	304	152	0	0	0.8486842105263158	0.8486842105263158	0.8486842105263158	oat	45
False	qwen3.5-9b	oat.s45	correct-error	arc	18	17,18,19	304	152	0	0	0.8421052631578947	0.868421052631579	0.868421052631579	oat	45
False	qwen3.5-9b	oat.s45	correct-error	arc	19	17,18,19	304	152	0	0	0.8026315789473685	0.8157894736842105	0.8157894736842105	oat	45
False	qwen3.5-9b	oat.s46	correct-error	arc	17	17,18,19	304	152	0	0	0.8486842105263158	0.8618421052631579	0.8618421052631579	oat	46
False	qwen3.5-9b	oat.s46	correct-error	arc	18	17,18,19	304	152	0	0	0.8421052631578947	0.875	0.875	oat	46
False	qwen3.5-9b	oat.s46	correct-error	arc	19	17,18,19	304	152	0	0	0.7960526315789473	0.8157894736842105	0.8157894736842105	oat	46
False	qwen3.5-9b	stepfinder.s42	correct-error	arc	17	17,18,19	304	152	0	0	0.5394736842105263	0.6578947368421053	0.6578947368421053	stepfinder	42
False	qwen3.5-9b	stepfinder.s42	correct-error	arc	18	17,18,19	304	152	0	0	0.5921052631578947	0.6842105263157895	0.6842105263157895	stepfinder	42
False	qwen3.5-9b	stepfinder.s42	correct-error	arc	19	17,18,19	304	152	0	0	0.4934210526315789	0.6118421052631579	0.6118421052631579	stepfinder	42
False	qwen3.5-9b	stepfinder.s43	correct-error	arc	17	17,18,19	304	152	0	0	0.35526315789473684	0.45394736842105265	0.45394736842105265	stepfinder	43
False	qwen3.5-9b	stepfinder.s43	correct-error	arc	18	17,18,19	304	152	0	0	0.375	0.48026315789473684	0.48026315789473684	stepfinder	43
False	qwen3.5-9b	stepfinder.s43	correct-error	arc	19	17,18,19	304	152	0	0	0.3223684210526316	0.4473684210526316	0.4473684210526316	stepfinder	43
False	qwen3.5-9b	stepfinder.s44	correct-error	arc	17	17,18,19	304	152	0	0	0.6973684210526315	0.756578947368421	0.756578947368421	stepfinder	44
False	qwen3.5-9b	stepfinder.s44	correct-error	arc	18	17,18,19	304	152	0	0	0.7039473684210527	0.7697368421052632	0.7697368421052632	stepfinder	44
False	qwen3.5-9b	stepfinder.s44	correct-error	arc	19	17,18,19	304	152	0	0	0.6578947368421053	0.7302631578947368	0.7302631578947368	stepfinder	44
False	qwen3.5-9b	stepfinder.s45	correct-error	arc	17	17,18,19	304	152	0	0	0.18421052631578946	0.2631578947368421	0.2631578947368421	stepfinder	45
False	qwen3.5-9b	stepfinder.s45	correct-error	arc	18	17,18,19	304	152	0	0	0.19736842105263158	0.28289473684210525	0.28289473684210525	stepfinder	45
False	qwen3.5-9b	stepfinder.s45	correct-error	arc	19	17,18,19	304	152	0	0	0.17763157894736842	0.2894736842105263	0.2894736842105263	stepfinder	45
False	qwen3.5-9b	stepfinder.s46	correct-error	arc	17	17,18,19	304	152	0	0	0.5	0.5789473684210527	0.5789473684210527	stepfinder	46
False	qwen3.5-9b	stepfinder.s46	correct-error	arc	18	17,18,19	304	152	0	0	0.5526315789473685	0.6381578947368421	0.6381578947368421	stepfinder	46
False	qwen3.5-9b	stepfinder.s46	correct-error	arc	19	17,18,19	304	152	0	0	0.48026315789473684	0.5855263157894737	0.5855263157894737	stepfinder	46
False	deepseek-8b	oat.s42	correct-error	arc	17	17,18,19	304	152	0	0	0.8618421052631579	0.8618421052631579	0.8618421052631579	oat	42
False	deepseek-8b	oat.s42	correct-error	arc	18	17,18,19	304	152	0	0	0.8421052631578947	0.868421052631579	0.868421052631579	oat	42
False	deepseek-8b	oat.s42	correct-error	arc	19	17,18,19	304	152	0	0	0.7828947368421053	0.7960526315789473	0.7960526315789473	oat	42
False	deepseek-8b	oat.s43	correct-error	arc	17	17,18,19	304	152	0	0	0.8552631578947368	0.8618421052631579	0.8618421052631579	oat	43
False	deepseek-8b	oat.s43	correct-error	arc	18	17,18,19	304	152	0	0	0.8355263157894737	0.875	0.875	oat	43
False	deepseek-8b	oat.s43	correct-error	arc	19	17,18,19	304	152	0	0	0.7828947368421053	0.7960526315789473	0.7960526315789473	oat	43
False	deepseek-8b	oat.s44	correct-error	arc	17	17,18,19	304	152	0	0	0.8618421052631579	0.8552631578947368	0.8552631578947368	oat	44
False	deepseek-8b	oat.s44	correct-error	arc	18	17,18,19	304	152	0	0	0.8421052631578947	0.868421052631579	0.868421052631579	oat	44
False	deepseek-8b	oat.s44	correct-error	arc	19	17,18,19	304	152	0	0	0.7894736842105263	0.8092105263157895	0.8092105263157895	oat	44
False	deepseek-8b	oat.s45	correct-error	arc	17	17,18,19	304	152	0	0	0.8618421052631579	0.875	0.875	oat	45
False	deepseek-8b	oat.s45	correct-error	arc	18	17,18,19	304	152	0	0	0.8421052631578947	0.881578947368421	0.881578947368421	oat	45
False	deepseek-8b	oat.s45	correct-error	arc	19	17,18,19	304	152	0	0	0.8026315789473685	0.8092105263157895	0.8092105263157895	oat	45
False	deepseek-8b	oat.s46	correct-error	arc	17	17,18,19	304	152	0	0	0.8618421052631579	0.881578947368421	0.881578947368421	oat	46
False	deepseek-8b	oat.s46	correct-error	arc	18	17,18,19	304	152	0	0	0.8421052631578947	0.881578947368421	0.881578947368421	oat	46
False	deepseek-8b	oat.s46	correct-error	arc	19	17,18,19	304	152	0	0	0.7894736842105263	0.8026315789473685	0.8026315789473685	oat	46
False	deepseek-8b	stepfinder.s42	correct-error	arc	17	17,18,19	304	152	0	0	0.7171052631578947	0.8355263157894737	0.8355263157894737	stepfinder	42
False	deepseek-8b	stepfinder.s42	correct-error	arc	18	17,18,19	304	152	0	0	0.8157894736842105	0.8881578947368421	0.8881578947368421	stepfinder	42
False	deepseek-8b	stepfinder.s42	correct-error	arc	19	17,18,19	304	152	0	0	0.7171052631578947	0.8355263157894737	0.8355263157894737	stepfinder	42
False	deepseek-8b	stepfinder.s43	correct-error	arc	17	17,18,19	304	152	0	0	0.46710526315789475	0.5394736842105263	0.5394736842105263	stepfinder	43
False	deepseek-8b	stepfinder.s43	correct-error	arc	18	17,18,19	304	152	0	0	0.5131578947368421	0.5855263157894737	0.5855263157894737	stepfinder	43
False	deepseek-8b	stepfinder.s43	correct-error	arc	19	17,18,19	304	152	0	0	0.48026315789473684	0.5657894736842105	0.5657894736842105	stepfinder	43
False	deepseek-8b	stepfinder.s44	correct-error	arc	17	17,18,19	304	152	0	0	0.6842105263157895	0.7631578947368421	0.7631578947368421	stepfinder	44
False	deepseek-8b	stepfinder.s44	correct-error	arc	18	17,18,19	304	152	0	0	0.6842105263157895	0.7631578947368421	0.7631578947368421	stepfinder	44
False	deepseek-8b	stepfinder.s44	correct-error	arc	19	17,18,19	304	152	0	0	0.631578947368421	0.7039473684210527	0.7039473684210527	stepfinder	44
False	deepseek-8b	stepfinder.s45	correct-error	arc	17	17,18,19	304	152	0	0	0.631578947368421	0.6973684210526315	0.6973684210526315	stepfinder	45
False	deepseek-8b	stepfinder.s45	correct-error	arc	18	17,18,19	304	152	0	0	0.6644736842105263	0.743421052631579	0.743421052631579	stepfinder	45
False	deepseek-8b	stepfinder.s45	correct-error	arc	19	17,18,19	304	152	0	0	0.5986842105263158	0.6710526315789473	0.6710526315789473	stepfinder	45
False	deepseek-8b	stepfinder.s46	correct-error	arc	17	17,18,19	304	152	0	0	0.6578947368421053	0.7828947368421053	0.7828947368421053	stepfinder	46
False	deepseek-8b	stepfinder.s46	correct-error	arc	18	17,18,19	304	152	0	0	0.7039473684210527	0.8092105263157895	0.8092105263157895	stepfinder	46
False	deepseek-8b	stepfinder.s46	correct-error	arc	19	17,18,19	304	152	0	0	0.6644736842105263	0.8026315789473685	0.8026315789473685	stepfinder	46
False	qwen3-embedding-0.6b	stepfinder.s42	correct-error	arc	17	17,18,19	304	152	0	0	0.4934210526315789	0.5855263157894737	0.5855263157894737	stepfinder	42
False	qwen3-embedding-0.6b	stepfinder.s42	correct-error	arc	18	17,18,19	304	152	0	0	0.4934210526315789	0.5789473684210527	0.5789473684210527	stepfinder	42
False	qwen3-embedding-0.6b	stepfinder.s42	correct-error	arc	19	17,18,19	304	152	0	0	0.4342105263157895	0.5723684210526315	0.5723684210526315	stepfinder	42
False	qwen3-embedding-0.6b	stepfinder.s43	correct-error	arc	17	17,18,19	304	152	0	0	0.4868421052631579	0.5526315789473685	0.5526315789473685	stepfinder	43
False	qwen3-embedding-0.6b	stepfinder.s43	correct-error	arc	18	17,18,19	304	152	0	0	0.47368421052631576	0.5263157894736842	0.5263157894736842	stepfinder	43
False	qwen3-embedding-0.6b	stepfinder.s43	correct-error	arc	19	17,18,19	304	152	0	0	0.4407894736842105	0.5328947368421053	0.5328947368421053	stepfinder	43
False	qwen3-embedding-0.6b	stepfinder.s44	correct-error	arc	17	17,18,19	304	152	0	0	0.6644736842105263	0.7368421052631579	0.7368421052631579	stepfinder	44
False	qwen3-embedding-0.6b	stepfinder.s44	correct-error	arc	18	17,18,19	304	152	0	0	0.6776315789473685	0.7302631578947368	0.7302631578947368	stepfinder	44
False	qwen3-embedding-0.6b	stepfinder.s44	correct-error	arc	19	17,18,19	304	152	0	0	0.618421052631579	0.7039473684210527	0.7039473684210527	stepfinder	44
False	qwen3-embedding-0.6b	stepfinder.s45	correct-error	arc	17	17,18,19	304	152	0	0	0.5526315789473685	0.6118421052631579	0.6118421052631579	stepfinder	45
False	qwen3-embedding-0.6b	stepfinder.s45	correct-error	arc	18	17,18,19	304	152	0	0	0.5657894736842105	0.631578947368421	0.631578947368421	stepfinder	45
False	qwen3-embedding-0.6b	stepfinder.s45	correct-error	arc	19	17,18,19	304	152	0	0	0.5328947368421053	0.6118421052631579	0.6118421052631579	stepfinder	45
False	qwen3-embedding-0.6b	stepfinder.s46	correct-error	arc	17	17,18,19	304	152	0	0	0.631578947368421	0.7039473684210527	0.7039473684210527	stepfinder	46
False	qwen3-embedding-0.6b	stepfinder.s46	correct-error	arc	18	17,18,19	304	152	0	0	0.6513157894736842	0.7236842105263158	0.7236842105263158	stepfinder	46
False	qwen3-embedding-0.6b	stepfinder.s46	correct-error	arc	19	17,18,19	304	152	0	0	0.5526315789473685	0.6447368421052632	0.6447368421052632	stepfinder	46
False	qwen3.5-9b	oat.s42	correct-error	gaia	17	17,18,19	50	25	0	0	0.56	0.64	0.64	oat	42
False	qwen3.5-9b	oat.s42	correct-error	gaia	18	17,18,19	50	25	0	0	0.56	0.72	0.72	oat	42
False	qwen3.5-9b	oat.s42	correct-error	gaia	19	17,18,19	50	25	0	0	0.56	0.72	0.72	oat	42
False	qwen3.5-9b	oat.s43	correct-error	gaia	17	17,18,19	50	25	0	0	0.6	0.64	0.64	oat	43
False	qwen3.5-9b	oat.s43	correct-error	gaia	18	17,18,19	50	25	0	0	0.6	0.76	0.76	oat	43
False	qwen3.5-9b	oat.s43	correct-error	gaia	19	17,18,19	50	25	0	0	0.52	0.76	0.76	oat	43
False	qwen3.5-9b	oat.s44	correct-error	gaia	17	17,18,19	50	25	0	0	0.56	0.64	0.64	oat	44
False	qwen3.5-9b	oat.s44	correct-error	gaia	18	17,18,19	50	25	0	0	0.6	0.72	0.72	oat	44
False	qwen3.5-9b	oat.s44	correct-error	gaia	19	17,18,19	50	25	0	0	0.52	0.8	0.8	oat	44
False	qwen3.5-9b	oat.s45	correct-error	gaia	17	17,18,19	50	25	0	0	0.56	0.64	0.64	oat	45
False	qwen3.5-9b	oat.s45	correct-error	gaia	18	17,18,19	50	25	0	0	0.6	0.72	0.72	oat	45
False	qwen3.5-9b	oat.s45	correct-error	gaia	19	17,18,19	50	25	0	0	0.52	0.8	0.8	oat	45
False	qwen3.5-9b	oat.s46	correct-error	gaia	17	17,18,19	50	25	0	0	0.6	0.64	0.64	oat	46
False	qwen3.5-9b	oat.s46	correct-error	gaia	18	17,18,19	50	25	0	0	0.64	0.76	0.76	oat	46
False	qwen3.5-9b	oat.s46	correct-error	gaia	19	17,18,19	50	25	0	0	0.56	0.8	0.8	oat	46
False	qwen3.5-9b	stepfinder.s42	correct-error	gaia	17	17,18,19	50	25	0	0	0.36	0.64	0.64	stepfinder	42
False	qwen3.5-9b	stepfinder.s42	correct-error	gaia	18	17,18,19	50	25	0	0	0.32	0.76	0.76	stepfinder	42
False	qwen3.5-9b	stepfinder.s42	correct-error	gaia	19	17,18,19	50	25	0	0	0.16	0.6	0.6	stepfinder	42
False	qwen3.5-9b	stepfinder.s43	correct-error	gaia	17	17,18,19	50	25	0	0	0.32	0.72	0.72	stepfinder	43
False	qwen3.5-9b	stepfinder.s43	correct-error	gaia	18	17,18,19	50	25	0	0	0.36	0.76	0.76	stepfinder	43
False	qwen3.5-9b	stepfinder.s43	correct-error	gaia	19	17,18,19	50	25	0	0	0.28	0.72	0.72	stepfinder	43
False	qwen3.5-9b	stepfinder.s44	correct-error	gaia	17	17,18,19	50	25	0	0	0.6	0.68	0.68	stepfinder	44
False	qwen3.5-9b	stepfinder.s44	correct-error	gaia	18	17,18,19	50	25	0	0	0.6	0.72	0.72	stepfinder	44
False	qwen3.5-9b	stepfinder.s44	correct-error	gaia	19	17,18,19	50	25	0	0	0.52	0.76	0.76	stepfinder	44
False	qwen3.5-9b	stepfinder.s45	correct-error	gaia	17	17,18,19	50	25	0	0	0.12	0.48	0.48	stepfinder	45
False	qwen3.5-9b	stepfinder.s45	correct-error	gaia	18	17,18,19	50	25	0	0	0.12	0.6	0.6	stepfinder	45
False	qwen3.5-9b	stepfinder.s45	correct-error	gaia	19	17,18,19	50	25	0	0	0.04	0.48	0.48	stepfinder	45
False	qwen3.5-9b	stepfinder.s46	correct-error	gaia	17	17,18,19	50	25	0	0	0.36	0.68	0.68	stepfinder	46
False	qwen3.5-9b	stepfinder.s46	correct-error	gaia	18	17,18,19	50	25	0	0	0.4	0.76	0.76	stepfinder	46
False	qwen3.5-9b	stepfinder.s46	correct-error	gaia	19	17,18,19	50	25	0	0	0.32	0.68	0.68	stepfinder	46
False	deepseek-8b	oat.s42	correct-error	gaia	17	17,18,19	50	25	0	0	0.48	0.6	0.6	oat	42
False	deepseek-8b	oat.s42	correct-error	gaia	18	17,18,19	50	25	0	0	0.52	0.76	0.76	oat	42
False	deepseek-8b	oat.s42	correct-error	gaia	19	17,18,19	50	25	0	0	0.52	0.8	0.8	oat	42
False	deepseek-8b	oat.s43	correct-error	gaia	17	17,18,19	50	25	0	0	0.48	0.6	0.6	oat	43
False	deepseek-8b	oat.s43	correct-error	gaia	18	17,18,19	50	25	0	0	0.52	0.76	0.76	oat	43
False	deepseek-8b	oat.s43	correct-error	gaia	19	17,18,19	50	25	0	0	0.52	0.8	0.8	oat	43
False	deepseek-8b	oat.s44	correct-error	gaia	17	17,18,19	50	25	0	0	0.44	0.64	0.64	oat	44
False	deepseek-8b	oat.s44	correct-error	gaia	18	17,18,19	50	25	0	0	0.56	0.8	0.8	oat	44
False	deepseek-8b	oat.s44	correct-error	gaia	19	17,18,19	50	25	0	0	0.52	0.8	0.8	oat	44
False	deepseek-8b	oat.s45	correct-error	gaia	17	17,18,19	50	25	0	0	0.48	0.56	0.56	oat	45
False	deepseek-8b	oat.s45	correct-error	gaia	18	17,18,19	50	25	0	0	0.48	0.72	0.72	oat	45
False	deepseek-8b	oat.s45	correct-error	gaia	19	17,18,19	50	25	0	0	0.48	0.76	0.76	oat	45
False	deepseek-8b	oat.s46	correct-error	gaia	17	17,18,19	50	25	0	0	0.44	0.6	0.6	oat	46
False	deepseek-8b	oat.s46	correct-error	gaia	18	17,18,19	50	25	0	0	0.48	0.76	0.76	oat	46
False	deepseek-8b	oat.s46	correct-error	gaia	19	17,18,19	50	25	0	0	0.44	0.76	0.76	oat	46
False	deepseek-8b	stepfinder.s42	correct-error	gaia	17	17,18,19	50	25	0	0	0.48	0.8	0.8	stepfinder	42
False	deepseek-8b	stepfinder.s42	correct-error	gaia	18	17,18,19	50	25	0	0	0.44	0.8	0.8	stepfinder	42
False	deepseek-8b	stepfinder.s42	correct-error	gaia	19	17,18,19	50	25	0	0	0.36	0.72	0.72	stepfinder	42
False	deepseek-8b	stepfinder.s43	correct-error	gaia	17	17,18,19	50	25	0	0	0.28	0.52	0.52	stepfinder	43
False	deepseek-8b	stepfinder.s43	correct-error	gaia	18	17,18,19	50	25	0	0	0.16	0.56	0.56	stepfinder	43
False	deepseek-8b	stepfinder.s43	correct-error	gaia	19	17,18,19	50	25	0	0	0.2	0.52	0.52	stepfinder	43
False	deepseek-8b	stepfinder.s44	correct-error	gaia	17	17,18,19	50	25	0	0	0.52	0.76	0.76	stepfinder	44
False	deepseek-8b	stepfinder.s44	correct-error	gaia	18	17,18,19	50	25	0	0	0.48	0.76	0.76	stepfinder	44
False	deepseek-8b	stepfinder.s44	correct-error	gaia	19	17,18,19	50	25	0	0	0.44	0.8	0.8	stepfinder	44
False	deepseek-8b	stepfinder.s45	correct-error	gaia	17	17,18,19	50	25	0	0	0.48	0.68	0.68	stepfinder	45
False	deepseek-8b	stepfinder.s45	correct-error	gaia	18	17,18,19	50	25	0	0	0.48	0.76	0.76	stepfinder	45
False	deepseek-8b	stepfinder.s45	correct-error	gaia	19	17,18,19	50	25	0	0	0.44	0.68	0.68	stepfinder	45
False	deepseek-8b	stepfinder.s46	correct-error	gaia	17	17,18,19	50	25	0	0	0.4	0.76	0.76	stepfinder	46
False	deepseek-8b	stepfinder.s46	correct-error	gaia	18	17,18,19	50	25	0	0	0.36	0.8	0.8	stepfinder	46
False	deepseek-8b	stepfinder.s46	correct-error	gaia	19	17,18,19	50	25	0	0	0.4	0.76	0.76	stepfinder	46
False	qwen3-embedding-0.6b	stepfinder.s42	correct-error	gaia	17	17,18,19	50	25	0	0	0.4	0.64	0.64	stepfinder	42
False	qwen3-embedding-0.6b	stepfinder.s42	correct-error	gaia	18	17,18,19	50	25	0	0	0.32	0.72	0.72	stepfinder	42
False	qwen3-embedding-0.6b	stepfinder.s42	correct-error	gaia	19	17,18,19	50	25	0	0	0.32	0.6	0.6	stepfinder	42
False	qwen3-embedding-0.6b	stepfinder.s43	correct-error	gaia	17	17,18,19	50	25	0	0	0.28	0.52	0.52	stepfinder	43
False	qwen3-embedding-0.6b	stepfinder.s43	correct-error	gaia	18	17,18,19	50	25	0	0	0.28	0.64	0.64	stepfinder	43
False	qwen3-embedding-0.6b	stepfinder.s43	correct-error	gaia	19	17,18,19	50	25	0	0	0.2	0.56	0.56	stepfinder	43
False	qwen3-embedding-0.6b	stepfinder.s44	correct-error	gaia	17	17,18,19	50	25	0	0	0.32	0.72	0.72	stepfinder	44
False	qwen3-embedding-0.6b	stepfinder.s44	correct-error	gaia	18	17,18,19	50	25	0	0	0.32	0.76	0.76	stepfinder	44
False	qwen3-embedding-0.6b	stepfinder.s44	correct-error	gaia	19	17,18,19	50	25	0	0	0.36	0.68	0.68	stepfinder	44
False	qwen3-embedding-0.6b	stepfinder.s45	correct-error	gaia	17	17,18,19	50	25	0	0	0.44	0.72	0.72	stepfinder	45
False	qwen3-embedding-0.6b	stepfinder.s45	correct-error	gaia	18	17,18,19	50	25	0	0	0.44	0.76	0.76	stepfinder	45
False	qwen3-embedding-0.6b	stepfinder.s45	correct-error	gaia	19	17,18,19	50	25	0	0	0.32	0.64	0.64	stepfinder	45
False	qwen3-embedding-0.6b	stepfinder.s46	correct-error	gaia	17	17,18,19	50	25	0	0	0.32	0.68	0.68	stepfinder	46
False	qwen3-embedding-0.6b	stepfinder.s46	correct-error	gaia	18	17,18,19	50	25	0	0	0.28	0.84	0.84	stepfinder	46
False	qwen3-embedding-0.6b	stepfinder.s46	correct-error	gaia	19	17,18,19	50	25	0	0	0.28	0.68	0.68	stepfinder	46
False	qwen3.5-9b	oat.s42	correct-error	hotpot	17	17,18,19	578	289	0	0	0.4532871972318339	0.7093425605536332	0.7093425605536332	oat	42
False	qwen3.5-9b	oat.s42	correct-error	hotpot	18	17,18,19	578	289	0	0	0.46366782006920415	0.698961937716263	0.698961937716263	oat	42
False	qwen3.5-9b	oat.s42	correct-error	hotpot	19	17,18,19	578	289	0	0	0.43944636678200694	0.7024221453287197	0.7024221453287197	oat	42
False	qwen3.5-9b	oat.s43	correct-error	hotpot	17	17,18,19	578	289	0	0	0.4359861591695502	0.71280276816609	0.71280276816609	oat	43
False	qwen3.5-9b	oat.s43	correct-error	hotpot	18	17,18,19	578	289	0	0	0.45674740484429066	0.71280276816609	0.71280276816609	oat	43
False	qwen3.5-9b	oat.s43	correct-error	hotpot	19	17,18,19	578	289	0	0	0.43944636678200694	0.71280276816609	0.71280276816609	oat	43
False	qwen3.5-9b	oat.s44	correct-error	hotpot	17	17,18,19	578	289	0	0	0.43944636678200694	0.71280276816609	0.71280276816609	oat	44
False	qwen3.5-9b	oat.s44	correct-error	hotpot	18	17,18,19	578	289	0	0	0.46366782006920415	0.7093425605536332	0.7093425605536332	oat	44
False	qwen3.5-9b	oat.s44	correct-error	hotpot	19	17,18,19	578	289	0	0	0.4463667820069204	0.7162629757785467	0.7162629757785467	oat	44
False	qwen3.5-9b	oat.s45	correct-error	hotpot	17	17,18,19	578	289	0	0	0.4532871972318339	0.7231833910034602	0.7231833910034602	oat	45
False	qwen3.5-9b	oat.s45	correct-error	hotpot	18	17,18,19	578	289	0	0	0.47058823529411764	0.71280276816609	0.71280276816609	oat	45
False	qwen3.5-9b	oat.s45	correct-error	hotpot	19	17,18,19	578	289	0	0	0.4463667820069204	0.71280276816609	0.71280276816609	oat	45
False	qwen3.5-9b	oat.s46	correct-error	hotpot	17	17,18,19	578	289	0	0	0.4359861591695502	0.7093425605536332	0.7093425605536332	oat	46
False	qwen3.5-9b	oat.s46	correct-error	hotpot	18	17,18,19	578	289	0	0	0.46366782006920415	0.7058823529411765	0.7058823529411765	oat	46
False	qwen3.5-9b	oat.s46	correct-error	hotpot	19	17,18,19	578	289	0	0	0.4463667820069204	0.7093425605536332	0.7093425605536332	oat	46
False	qwen3.5-9b	stepfinder.s42	correct-error	hotpot	17	17,18,19	578	289	0	0	0.2664359861591695	0.6678200692041523	0.6678200692041523	stepfinder	42
False	qwen3.5-9b	stepfinder.s42	correct-error	hotpot	18	17,18,19	578	289	0	0	0.25951557093425603	0.6955017301038062	0.6955017301038062	stepfinder	42
False	qwen3.5-9b	stepfinder.s42	correct-error	hotpot	19	17,18,19	578	289	0	0	0.23183391003460208	0.7197231833910035	0.7197231833910035	stepfinder	42
False	qwen3.5-9b	stepfinder.s43	correct-error	hotpot	17	17,18,19	578	289	0	0	0.1903114186851211	0.643598615916955	0.643598615916955	stepfinder	43
False	qwen3.5-9b	stepfinder.s43	correct-error	hotpot	18	17,18,19	578	289	0	0	0.1972318339100346	0.6643598615916955	0.6643598615916955	stepfinder	43
False	qwen3.5-9b	stepfinder.s43	correct-error	hotpot	19	17,18,19	578	289	0	0	0.16262975778546712	0.6816608996539792	0.6816608996539792	stepfinder	43
False	qwen3.5-9b	stepfinder.s44	correct-error	hotpot	17	17,18,19	578	289	0	0	0.28719723183391005	0.6608996539792388	0.6608996539792388	stepfinder	44
False	qwen3.5-9b	stepfinder.s44	correct-error	hotpot	18	17,18,19	578	289	0	0	0.3044982698961938	0.6539792387543253	0.6539792387543253	stepfinder	44
False	qwen3.5-9b	stepfinder.s44	correct-error	hotpot	19	17,18,19	578	289	0	0	0.2664359861591695	0.6505190311418685	0.6505190311418685	stepfinder	44
False	qwen3.5-9b	stepfinder.s45	correct-error	hotpot	17	17,18,19	578	289	0	0	0.10726643598615918	0.6332179930795848	0.6332179930795848	stepfinder	45
False	qwen3.5-9b	stepfinder.s45	correct-error	hotpot	18	17,18,19	578	289	0	0	0.11072664359861592	0.6366782006920415	0.6366782006920415	stepfinder	45
False	qwen3.5-9b	stepfinder.s45	correct-error	hotpot	19	17,18,19	578	289	0	0	0.1314878892733564	0.6643598615916955	0.6643598615916955	stepfinder	45
False	qwen3.5-9b	stepfinder.s46	correct-error	hotpot	17	17,18,19	578	289	0	0	0.22837370242214533	0.6678200692041523	0.6678200692041523	stepfinder	46
False	qwen3.5-9b	stepfinder.s46	correct-error	hotpot	18	17,18,19	578	289	0	0	0.2560553633217993	0.6816608996539792	0.6816608996539792	stepfinder	46
False	qwen3.5-9b	stepfinder.s46	correct-error	hotpot	19	17,18,19	578	289	0	0	0.21453287197231835	0.6643598615916955	0.6643598615916955	stepfinder	46
False	deepseek-8b	oat.s42	correct-error	hotpot	17	17,18,19	578	289	0	0	0.38408304498269896	0.698961937716263	0.698961937716263	oat	42
False	deepseek-8b	oat.s42	correct-error	hotpot	18	17,18,19	578	289	0	0	0.42214532871972316	0.6955017301038062	0.6955017301038062	oat	42
False	deepseek-8b	oat.s42	correct-error	hotpot	19	17,18,19	578	289	0	0	0.3944636678200692	0.7162629757785467	0.7162629757785467	oat	42
False	deepseek-8b	oat.s43	correct-error	hotpot	17	17,18,19	578	289	0	0	0.39792387543252594	0.6920415224913494	0.6920415224913494	oat	43
False	deepseek-8b	oat.s43	correct-error	hotpot	18	17,18,19	578	289	0	0	0.43944636678200694	0.6920415224913494	0.6920415224913494	oat	43
False	deepseek-8b	oat.s43	correct-error	hotpot	19	17,18,19	578	289	0	0	0.4117647058823529	0.7197231833910035	0.7197231833910035	oat	43
False	deepseek-8b	oat.s44	correct-error	hotpot	17	17,18,19	578	289	0	0	0.39100346020761245	0.6851211072664359	0.6851211072664359	oat	44
False	deepseek-8b	oat.s44	correct-error	hotpot	18	17,18,19	578	289	0	0	0.44982698961937717	0.698961937716263	0.698961937716263	oat	44
False	deepseek-8b	oat.s44	correct-error	hotpot	19	17,18,19	578	289	0	0	0.41522491349480967	0.7058823529411765	0.7058823529411765	oat	44
False	deepseek-8b	oat.s45	correct-error	hotpot	17	17,18,19	578	289	0	0	0.4013840830449827	0.698961937716263	0.698961937716263	oat	45
False	deepseek-8b	oat.s45	correct-error	hotpot	18	17,18,19	578	289	0	0	0.4429065743944637	0.7024221453287197	0.7024221453287197	oat	45
False	deepseek-8b	oat.s45	correct-error	hotpot	19	17,18,19	578	289	0	0	0.4083044982698962	0.7162629757785467	0.7162629757785467	oat	45
False	deepseek-8b	oat.s46	correct-error	hotpot	17	17,18,19	578	289	0	0	0.39100346020761245	0.698961937716263	0.698961937716263	oat	46
False	deepseek-8b	oat.s46	correct-error	hotpot	18	17,18,19	578	289	0	0	0.4186851211072664	0.6782006920415224	0.6782006920415224	oat	46
False	deepseek-8b	oat.s46	correct-error	hotpot	19	17,18,19	578	289	0	0	0.4013840830449827	0.7024221453287197	0.7024221453287197	oat	46
False	deepseek-8b	stepfinder.s42	correct-error	hotpot	17	17,18,19	578	289	0	0	0.14878892733564014	0.7024221453287197	0.7024221453287197	stepfinder	42
False	deepseek-8b	stepfinder.s42	correct-error	hotpot	18	17,18,19	578	289	0	0	0.13494809688581316	0.6955017301038062	0.6955017301038062	stepfinder	42
False	deepseek-8b	stepfinder.s42	correct-error	hotpot	19	17,18,19	578	289	0	0	0.1695501730103806	0.7335640138408305	0.7335640138408305	stepfinder	42
False	deepseek-8b	stepfinder.s43	correct-error	hotpot	17	17,18,19	578	289	0	0	0.2041522491349481	0.6262975778546713	0.6262975778546713	stepfinder	43
False	deepseek-8b	stepfinder.s43	correct-error	hotpot	18	17,18,19	578	289	0	0	0.1972318339100346	0.6193771626297578	0.6193771626297578	stepfinder	43
False	deepseek-8b	stepfinder.s43	correct-error	hotpot	19	17,18,19	578	289	0	0	0.23183391003460208	0.6539792387543253	0.6539792387543253	stepfinder	43
False	deepseek-8b	stepfinder.s44	correct-error	hotpot	17	17,18,19	578	289	0	0	0.23529411764705882	0.6505190311418685	0.6505190311418685	stepfinder	44
False	deepseek-8b	stepfinder.s44	correct-error	hotpot	18	17,18,19	578	289	0	0	0.23875432525951557	0.6401384083044983	0.6401384083044983	stepfinder	44
False	deepseek-8b	stepfinder.s44	correct-error	hotpot	19	17,18,19	578	289	0	0	0.2041522491349481	0.6366782006920415	0.6366782006920415	stepfinder	44
False	deepseek-8b	stepfinder.s45	correct-error	hotpot	17	17,18,19	578	289	0	0	0.20761245674740483	0.6608996539792388	0.6608996539792388	stepfinder	45
False	deepseek-8b	stepfinder.s45	correct-error	hotpot	18	17,18,19	578	289	0	0	0.1972318339100346	0.6885813148788927	0.6885813148788927	stepfinder	45
False	deepseek-8b	stepfinder.s45	correct-error	hotpot	19	17,18,19	578	289	0	0	0.20069204152249134	0.7162629757785467	0.7162629757785467	stepfinder	45
False	deepseek-8b	stepfinder.s46	correct-error	hotpot	17	17,18,19	578	289	0	0	0.18685121107266436	0.698961937716263	0.698961937716263	stepfinder	46
False	deepseek-8b	stepfinder.s46	correct-error	hotpot	18	17,18,19	578	289	0	0	0.16608996539792387	0.698961937716263	0.698961937716263	stepfinder	46
False	deepseek-8b	stepfinder.s46	correct-error	hotpot	19	17,18,19	578	289	0	0	0.18685121107266436	0.726643598615917	0.726643598615917	stepfinder	46
False	qwen3-embedding-0.6b	stepfinder.s42	correct-error	hotpot	17	17,18,19	578	289	0	0	0.22145328719723184	0.6747404844290658	0.6747404844290658	stepfinder	42
False	qwen3-embedding-0.6b	stepfinder.s42	correct-error	hotpot	18	17,18,19	578	289	0	0	0.21107266435986158	0.6851211072664359	0.6851211072664359	stepfinder	42
False	qwen3-embedding-0.6b	stepfinder.s42	correct-error	hotpot	19	17,18,19	578	289	0	0	0.2041522491349481	0.6885813148788927	0.6885813148788927	stepfinder	42
False	qwen3-embedding-0.6b	stepfinder.s43	correct-error	hotpot	17	17,18,19	578	289	0	0	0.1903114186851211	0.629757785467128	0.629757785467128	stepfinder	43
False	qwen3-embedding-0.6b	stepfinder.s43	correct-error	hotpot	18	17,18,19	578	289	0	0	0.20761245674740483	0.6505190311418685	0.6505190311418685	stepfinder	43
False	qwen3-embedding-0.6b	stepfinder.s43	correct-error	hotpot	19	17,18,19	578	289	0	0	0.23183391003460208	0.6678200692041523	0.6678200692041523	stepfinder	43
False	qwen3-embedding-0.6b	stepfinder.s44	correct-error	hotpot	17	17,18,19	578	289	0	0	0.32525951557093424	0.643598615916955	0.643598615916955	stepfinder	44
False	qwen3-embedding-0.6b	stepfinder.s44	correct-error	hotpot	18	17,18,19	578	289	0	0	0.3391003460207612	0.6643598615916955	0.6643598615916955	stepfinder	44
False	qwen3-embedding-0.6b	stepfinder.s44	correct-error	hotpot	19	17,18,19	578	289	0	0	0.32525951557093424	0.6643598615916955	0.6643598615916955	stepfinder	44
False	qwen3-embedding-0.6b	stepfinder.s45	correct-error	hotpot	17	17,18,19	578	289	0	0	0.27335640138408307	0.615916955017301	0.615916955017301	stepfinder	45
False	qwen3-embedding-0.6b	stepfinder.s45	correct-error	hotpot	18	17,18,19	578	289	0	0	0.30103806228373703	0.643598615916955	0.643598615916955	stepfinder	45
False	qwen3-embedding-0.6b	stepfinder.s45	correct-error	hotpot	19	17,18,19	578	289	0	0	0.2768166089965398	0.6505190311418685	0.6505190311418685	stepfinder	45
False	qwen3-embedding-0.6b	stepfinder.s46	correct-error	hotpot	17	17,18,19	578	289	0	0	0.23183391003460208	0.6678200692041523	0.6678200692041523	stepfinder	46
False	qwen3-embedding-0.6b	stepfinder.s46	correct-error	hotpot	18	17,18,19	578	289	0	0	0.21453287197231835	0.657439446366782	0.657439446366782	stepfinder	46
False	qwen3-embedding-0.6b	stepfinder.s46	correct-error	hotpot	19	17,18,19	578	289	0	0	0.23529411764705882	0.6782006920415224	0.6782006920415224	stepfinder	46
False	qwen3.5-9b	oat.s42	correct-error	math500	17	17,18,19	157	79	0	0	0.46835443037974683	0.4810126582278481	0.4810126582278481	oat	42
False	qwen3.5-9b	oat.s42	correct-error	math500	18	17,18,19	157	79	0	0	0.5189873417721519	0.5443037974683544	0.5443037974683544	oat	42
False	qwen3.5-9b	oat.s42	correct-error	math500	19	17,18,19	157	79	0	0	0.5569620253164557	0.5063291139240507	0.5063291139240507	oat	42
False	qwen3.5-9b	oat.s43	correct-error	math500	17	17,18,19	157	79	0	0	0.46835443037974683	0.4810126582278481	0.4810126582278481	oat	43
False	qwen3.5-9b	oat.s43	correct-error	math500	18	17,18,19	157	79	0	0	0.5063291139240507	0.5443037974683544	0.5443037974683544	oat	43
False	qwen3.5-9b	oat.s43	correct-error	math500	19	17,18,19	157	79	0	0	0.5443037974683544	0.5063291139240507	0.5063291139240507	oat	43
False	qwen3.5-9b	oat.s44	correct-error	math500	17	17,18,19	157	79	0	0	0.46835443037974683	0.4936708860759494	0.4936708860759494	oat	44
False	qwen3.5-9b	oat.s44	correct-error	math500	18	17,18,19	157	79	0	0	0.5189873417721519	0.5569620253164557	0.5569620253164557	oat	44
False	qwen3.5-9b	oat.s44	correct-error	math500	19	17,18,19	157	79	0	0	0.5443037974683544	0.5189873417721519	0.5189873417721519	oat	44
False	qwen3.5-9b	oat.s45	correct-error	math500	17	17,18,19	157	79	0	0	0.4936708860759494	0.5189873417721519	0.5189873417721519	oat	45
False	qwen3.5-9b	oat.s45	correct-error	math500	18	17,18,19	157	79	0	0	0.5316455696202531	0.569620253164557	0.569620253164557	oat	45
False	qwen3.5-9b	oat.s45	correct-error	math500	19	17,18,19	157	79	0	0	0.5822784810126582	0.5189873417721519	0.5189873417721519	oat	45
False	qwen3.5-9b	oat.s46	correct-error	math500	17	17,18,19	157	79	0	0	0.4430379746835443	0.4810126582278481	0.4810126582278481	oat	46
False	qwen3.5-9b	oat.s46	correct-error	math500	18	17,18,19	157	79	0	0	0.4810126582278481	0.5569620253164557	0.5569620253164557	oat	46
False	qwen3.5-9b	oat.s46	correct-error	math500	19	17,18,19	157	79	0	0	0.5316455696202531	0.5063291139240507	0.5063291139240507	oat	46
False	qwen3.5-9b	stepfinder.s42	correct-error	math500	17	17,18,19	157	79	0	0	0.3670886075949367	0.4810126582278481	0.4810126582278481	stepfinder	42
False	qwen3.5-9b	stepfinder.s42	correct-error	math500	18	17,18,19	157	79	0	0	0.379746835443038	0.5316455696202531	0.5316455696202531	stepfinder	42
False	qwen3.5-9b	stepfinder.s42	correct-error	math500	19	17,18,19	157	79	0	0	0.31645569620253167	0.3670886075949367	0.3670886075949367	stepfinder	42
False	qwen3.5-9b	stepfinder.s43	correct-error	math500	17	17,18,19	157	79	0	0	0.4177215189873418	0.5189873417721519	0.5189873417721519	stepfinder	43
False	qwen3.5-9b	stepfinder.s43	correct-error	math500	18	17,18,19	157	79	0	0	0.43037974683544306	0.5949367088607594	0.5949367088607594	stepfinder	43
False	qwen3.5-9b	stepfinder.s43	correct-error	math500	19	17,18,19	157	79	0	0	0.4177215189873418	0.4810126582278481	0.4810126582278481	stepfinder	43
False	qwen3.5-9b	stepfinder.s44	correct-error	math500	17	17,18,19	157	79	0	0	0.5189873417721519	0.5443037974683544	0.5443037974683544	stepfinder	44
False	qwen3.5-9b	stepfinder.s44	correct-error	math500	18	17,18,19	157	79	0	0	0.5443037974683544	0.6075949367088608	0.6075949367088608	stepfinder	44
False	qwen3.5-9b	stepfinder.s44	correct-error	math500	19	17,18,19	157	79	0	0	0.5822784810126582	0.5316455696202531	0.5316455696202531	stepfinder	44
False	qwen3.5-9b	stepfinder.s45	correct-error	math500	17	17,18,19	157	79	0	0	0.16455696202531644	0.20253164556962025	0.20253164556962025	stepfinder	45
False	qwen3.5-9b	stepfinder.s45	correct-error	math500	18	17,18,19	157	79	0	0	0.12658227848101267	0.20253164556962025	0.20253164556962025	stepfinder	45
False	qwen3.5-9b	stepfinder.s45	correct-error	math500	19	17,18,19	157	79	0	0	0.17721518987341772	0.16455696202531644	0.16455696202531644	stepfinder	45
False	qwen3.5-9b	stepfinder.s46	correct-error	math500	17	17,18,19	157	79	0	0	0.4810126582278481	0.5443037974683544	0.5443037974683544	stepfinder	46
False	qwen3.5-9b	stepfinder.s46	correct-error	math500	18	17,18,19	157	79	0	0	0.46835443037974683	0.5443037974683544	0.5443037974683544	stepfinder	46
False	qwen3.5-9b	stepfinder.s46	correct-error	math500	19	17,18,19	157	79	0	0	0.4810126582278481	0.4810126582278481	0.4810126582278481	stepfinder	46
False	deepseek-8b	oat.s42	correct-error	math500	17	17,18,19	157	79	0	0	0.4430379746835443	0.4810126582278481	0.4810126582278481	oat	42
False	deepseek-8b	oat.s42	correct-error	math500	18	17,18,19	157	79	0	0	0.5189873417721519	0.5316455696202531	0.5316455696202531	oat	42
False	deepseek-8b	oat.s42	correct-error	math500	19	17,18,19	157	79	0	0	0.5822784810126582	0.5189873417721519	0.5189873417721519	oat	42
False	deepseek-8b	oat.s43	correct-error	math500	17	17,18,19	157	79	0	0	0.4430379746835443	0.46835443037974683	0.46835443037974683	oat	43
False	deepseek-8b	oat.s43	correct-error	math500	18	17,18,19	157	79	0	0	0.5316455696202531	0.5316455696202531	0.5316455696202531	oat	43
False	deepseek-8b	oat.s43	correct-error	math500	19	17,18,19	157	79	0	0	0.5822784810126582	0.5189873417721519	0.5189873417721519	oat	43
False	deepseek-8b	oat.s44	correct-error	math500	17	17,18,19	157	79	0	0	0.4430379746835443	0.4936708860759494	0.4936708860759494	oat	44
False	deepseek-8b	oat.s44	correct-error	math500	18	17,18,19	157	79	0	0	0.5063291139240507	0.5189873417721519	0.5189873417721519	oat	44
False	deepseek-8b	oat.s44	correct-error	math500	19	17,18,19	157	79	0	0	0.569620253164557	0.5189873417721519	0.5189873417721519	oat	44
False	deepseek-8b	oat.s45	correct-error	math500	17	17,18,19	157	79	0	0	0.45569620253164556	0.5063291139240507	0.5063291139240507	oat	45
False	deepseek-8b	oat.s45	correct-error	math500	18	17,18,19	157	79	0	0	0.5189873417721519	0.5189873417721519	0.5189873417721519	oat	45
False	deepseek-8b	oat.s45	correct-error	math500	19	17,18,19	157	79	0	0	0.5822784810126582	0.5316455696202531	0.5316455696202531	oat	45
False	deepseek-8b	oat.s46	correct-error	math500	17	17,18,19	157	79	0	0	0.43037974683544306	0.46835443037974683	0.46835443037974683	oat	46
False	deepseek-8b	oat.s46	correct-error	math500	18	17,18,19	157	79	0	0	0.5063291139240507	0.5063291139240507	0.5063291139240507	oat	46
False	deepseek-8b	oat.s46	correct-error	math500	19	17,18,19	157	79	0	0	0.5569620253164557	0.4936708860759494	0.4936708860759494	oat	46
False	deepseek-8b	stepfinder.s42	correct-error	math500	17	17,18,19	157	79	0	0	0.3924050632911392	0.5189873417721519	0.5189873417721519	stepfinder	42
False	deepseek-8b	stepfinder.s42	correct-error	math500	18	17,18,19	157	79	0	0	0.4050632911392405	0.5569620253164557	0.5569620253164557	stepfinder	42
False	deepseek-8b	stepfinder.s42	correct-error	math500	19	17,18,19	157	79	0	0	0.3924050632911392	0.4936708860759494	0.4936708860759494	stepfinder	42
False	deepseek-8b	stepfinder.s43	correct-error	math500	17	17,18,19	157	79	0	0	0.3037974683544304	0.3291139240506329	0.3291139240506329	stepfinder	43
False	deepseek-8b	stepfinder.s43	correct-error	math500	18	17,18,19	157	79	0	0	0.26582278481012656	0.3291139240506329	0.3291139240506329	stepfinder	43
False	deepseek-8b	stepfinder.s43	correct-error	math500	19	17,18,19	157	79	0	0	0.3291139240506329	0.3037974683544304	0.3037974683544304	stepfinder	43
False	deepseek-8b	stepfinder.s44	correct-error	math500	17	17,18,19	157	79	0	0	0.5569620253164557	0.620253164556962	0.620253164556962	stepfinder	44
False	deepseek-8b	stepfinder.s44	correct-error	math500	18	17,18,19	157	79	0	0	0.6075949367088608	0.6962025316455697	0.6962025316455697	stepfinder	44
False	deepseek-8b	stepfinder.s44	correct-error	math500	19	17,18,19	157	79	0	0	0.5443037974683544	0.6455696202531646	0.6455696202531646	stepfinder	44
False	deepseek-8b	stepfinder.s45	correct-error	math500	17	17,18,19	157	79	0	0	0.4810126582278481	0.5822784810126582	0.5822784810126582	stepfinder	45
False	deepseek-8b	stepfinder.s45	correct-error	math500	18	17,18,19	157	79	0	0	0.5189873417721519	0.6455696202531646	0.6455696202531646	stepfinder	45
False	deepseek-8b	stepfinder.s45	correct-error	math500	19	17,18,19	157	79	0	0	0.5189873417721519	0.5822784810126582	0.5822784810126582	stepfinder	45
False	deepseek-8b	stepfinder.s46	correct-error	math500	17	17,18,19	157	79	0	0	0.5316455696202531	0.6075949367088608	0.6075949367088608	stepfinder	46
False	deepseek-8b	stepfinder.s46	correct-error	math500	18	17,18,19	157	79	0	0	0.5443037974683544	0.6455696202531646	0.6455696202531646	stepfinder	46
False	deepseek-8b	stepfinder.s46	correct-error	math500	19	17,18,19	157	79	0	0	0.5569620253164557	0.620253164556962	0.620253164556962	stepfinder	46
False	qwen3-embedding-0.6b	stepfinder.s42	correct-error	math500	17	17,18,19	157	79	0	0	0.35443037974683544	0.4936708860759494	0.4936708860759494	stepfinder	42
False	qwen3-embedding-0.6b	stepfinder.s42	correct-error	math500	18	17,18,19	157	79	0	0	0.4050632911392405	0.5316455696202531	0.5316455696202531	stepfinder	42
False	qwen3-embedding-0.6b	stepfinder.s42	correct-error	math500	19	17,18,19	157	79	0	0	0.379746835443038	0.43037974683544306	0.43037974683544306	stepfinder	42
False	qwen3-embedding-0.6b	stepfinder.s43	correct-error	math500	17	17,18,19	157	79	0	0	0.21518987341772153	0.3037974683544304	0.3037974683544304	stepfinder	43
False	qwen3-embedding-0.6b	stepfinder.s43	correct-error	math500	18	17,18,19	157	79	0	0	0.25316455696202533	0.379746835443038	0.379746835443038	stepfinder	43
False	qwen3-embedding-0.6b	stepfinder.s43	correct-error	math500	19	17,18,19	157	79	0	0	0.25316455696202533	0.2911392405063291	0.2911392405063291	stepfinder	43
False	qwen3-embedding-0.6b	stepfinder.s44	correct-error	math500	17	17,18,19	157	79	0	0	0.5063291139240507	0.5316455696202531	0.5316455696202531	stepfinder	44
False	qwen3-embedding-0.6b	stepfinder.s44	correct-error	math500	18	17,18,19	157	79	0	0	0.5569620253164557	0.5949367088607594	0.5949367088607594	stepfinder	44
False	qwen3-embedding-0.6b	stepfinder.s44	correct-error	math500	19	17,18,19	157	79	0	0	0.5443037974683544	0.5189873417721519	0.5189873417721519	stepfinder	44
False	qwen3-embedding-0.6b	stepfinder.s45	correct-error	math500	17	17,18,19	157	79	0	0	0.4050632911392405	0.4936708860759494	0.4936708860759494	stepfinder	45
False	qwen3-embedding-0.6b	stepfinder.s45	correct-error	math500	18	17,18,19	157	79	0	0	0.45569620253164556	0.5569620253164557	0.5569620253164557	stepfinder	45
False	qwen3-embedding-0.6b	stepfinder.s45	correct-error	math500	19	17,18,19	157	79	0	0	0.5189873417721519	0.4810126582278481	0.4810126582278481	stepfinder	45
False	qwen3-embedding-0.6b	stepfinder.s46	correct-error	math500	17	17,18,19	157	79	0	0	0.5443037974683544	0.569620253164557	0.569620253164557	stepfinder	46
False	qwen3-embedding-0.6b	stepfinder.s46	correct-error	math500	18	17,18,19	157	79	0	0	0.5569620253164557	0.620253164556962	0.620253164556962	stepfinder	46
False	qwen3-embedding-0.6b	stepfinder.s46	correct-error	math500	19	17,18,19	157	79	0	0	0.5443037974683544	0.5569620253164557	0.5569620253164557	stepfinder	46
False	qwen3.5-9b	oat.s42	correct-error	mmlu_pro	17	17,18,19	92	46	0	0	0.717391304347826	0.8043478260869565	0.8043478260869565	oat	42
False	qwen3.5-9b	oat.s42	correct-error	mmlu_pro	18	17,18,19	92	46	0	0	0.6956521739130435	0.782608695652174	0.782608695652174	oat	42
False	qwen3.5-9b	oat.s42	correct-error	mmlu_pro	19	17,18,19	92	46	0	0	0.782608695652174	0.8043478260869565	0.8043478260869565	oat	42
False	qwen3.5-9b	oat.s43	correct-error	mmlu_pro	17	17,18,19	92	46	0	0	0.717391304347826	0.782608695652174	0.782608695652174	oat	43
False	qwen3.5-9b	oat.s43	correct-error	mmlu_pro	18	17,18,19	92	46	0	0	0.6956521739130435	0.782608695652174	0.782608695652174	oat	43
False	qwen3.5-9b	oat.s43	correct-error	mmlu_pro	19	17,18,19	92	46	0	0	0.782608695652174	0.8260869565217391	0.8260869565217391	oat	43
False	qwen3.5-9b	oat.s44	correct-error	mmlu_pro	17	17,18,19	92	46	0	0	0.6956521739130435	0.782608695652174	0.782608695652174	oat	44
False	qwen3.5-9b	oat.s44	correct-error	mmlu_pro	18	17,18,19	92	46	0	0	0.6956521739130435	0.8043478260869565	0.8043478260869565	oat	44
False	qwen3.5-9b	oat.s44	correct-error	mmlu_pro	19	17,18,19	92	46	0	0	0.782608695652174	0.8043478260869565	0.8043478260869565	oat	44
False	qwen3.5-9b	oat.s45	correct-error	mmlu_pro	17	17,18,19	92	46	0	0	0.717391304347826	0.782608695652174	0.782608695652174	oat	45
False	qwen3.5-9b	oat.s45	correct-error	mmlu_pro	18	17,18,19	92	46	0	0	0.6739130434782609	0.782608695652174	0.782608695652174	oat	45
False	qwen3.5-9b	oat.s45	correct-error	mmlu_pro	19	17,18,19	92	46	0	0	0.7608695652173914	0.8043478260869565	0.8043478260869565	oat	45
False	qwen3.5-9b	oat.s46	correct-error	mmlu_pro	17	17,18,19	92	46	0	0	0.7391304347826086	0.8043478260869565	0.8043478260869565	oat	46
False	qwen3.5-9b	oat.s46	correct-error	mmlu_pro	18	17,18,19	92	46	0	0	0.6956521739130435	0.8260869565217391	0.8260869565217391	oat	46
False	qwen3.5-9b	oat.s46	correct-error	mmlu_pro	19	17,18,19	92	46	0	0	0.782608695652174	0.8260869565217391	0.8260869565217391	oat	46
False	qwen3.5-9b	stepfinder.s42	correct-error	mmlu_pro	17	17,18,19	92	46	0	0	0.3695652173913043	0.6086956521739131	0.6086956521739131	stepfinder	42
False	qwen3.5-9b	stepfinder.s42	correct-error	mmlu_pro	18	17,18,19	92	46	0	0	0.41304347826086957	0.6304347826086957	0.6304347826086957	stepfinder	42
False	qwen3.5-9b	stepfinder.s42	correct-error	mmlu_pro	19	17,18,19	92	46	0	0	0.41304347826086957	0.5869565217391305	0.5869565217391305	stepfinder	42
False	qwen3.5-9b	stepfinder.s43	correct-error	mmlu_pro	17	17,18,19	92	46	0	0	0.41304347826086957	0.6304347826086957	0.6304347826086957	stepfinder	43
False	qwen3.5-9b	stepfinder.s43	correct-error	mmlu_pro	18	17,18,19	92	46	0	0	0.34782608695652173	0.5434782608695652	0.5434782608695652	stepfinder	43
False	qwen3.5-9b	stepfinder.s43	correct-error	mmlu_pro	19	17,18,19	92	46	0	0	0.391304347826087	0.5434782608695652	0.5434782608695652	stepfinder	43
False	qwen3.5-9b	stepfinder.s44	correct-error	mmlu_pro	17	17,18,19	92	46	0	0	0.5434782608695652	0.7391304347826086	0.7391304347826086	stepfinder	44
False	qwen3.5-9b	stepfinder.s44	correct-error	mmlu_pro	18	17,18,19	92	46	0	0	0.5217391304347826	0.6739130434782609	0.6739130434782609	stepfinder	44
False	qwen3.5-9b	stepfinder.s44	correct-error	mmlu_pro	19	17,18,19	92	46	0	0	0.5869565217391305	0.7391304347826086	0.7391304347826086	stepfinder	44
False	qwen3.5-9b	stepfinder.s45	correct-error	mmlu_pro	17	17,18,19	92	46	0	0	0.10869565217391304	0.32608695652173914	0.32608695652173914	stepfinder	45
False	qwen3.5-9b	stepfinder.s45	correct-error	mmlu_pro	18	17,18,19	92	46	0	0	0.10869565217391304	0.2391304347826087	0.2391304347826087	stepfinder	45
False	qwen3.5-9b	stepfinder.s45	correct-error	mmlu_pro	19	17,18,19	92	46	0	0	0.08695652173913043	0.2608695652173913	0.2608695652173913	stepfinder	45
False	qwen3.5-9b	stepfinder.s46	correct-error	mmlu_pro	17	17,18,19	92	46	0	0	0.4782608695652174	0.6521739130434783	0.6521739130434783	stepfinder	46
False	qwen3.5-9b	stepfinder.s46	correct-error	mmlu_pro	18	17,18,19	92	46	0	0	0.43478260869565216	0.6086956521739131	0.6086956521739131	stepfinder	46
False	qwen3.5-9b	stepfinder.s46	correct-error	mmlu_pro	19	17,18,19	92	46	0	0	0.5	0.6739130434782609	0.6739130434782609	stepfinder	46
False	deepseek-8b	oat.s42	correct-error	mmlu_pro	17	17,18,19	92	46	0	0	0.717391304347826	0.8260869565217391	0.8260869565217391	oat	42
False	deepseek-8b	oat.s42	correct-error	mmlu_pro	18	17,18,19	92	46	0	0	0.6739130434782609	0.8043478260869565	0.8043478260869565	oat	42
False	deepseek-8b	oat.s42	correct-error	mmlu_pro	19	17,18,19	92	46	0	0	0.7608695652173914	0.8043478260869565	0.8043478260869565	oat	42
False	deepseek-8b	oat.s43	correct-error	mmlu_pro	17	17,18,19	92	46	0	0	0.717391304347826	0.8043478260869565	0.8043478260869565	oat	43
False	deepseek-8b	oat.s43	correct-error	mmlu_pro	18	17,18,19	92	46	0	0	0.6521739130434783	0.782608695652174	0.782608695652174	oat	43
False	deepseek-8b	oat.s43	correct-error	mmlu_pro	19	17,18,19	92	46	0	0	0.7608695652173914	0.8043478260869565	0.8043478260869565	oat	43
False	deepseek-8b	oat.s44	correct-error	mmlu_pro	17	17,18,19	92	46	0	0	0.6956521739130435	0.8478260869565217	0.8478260869565217	oat	44
False	deepseek-8b	oat.s44	correct-error	mmlu_pro	18	17,18,19	92	46	0	0	0.6521739130434783	0.782608695652174	0.782608695652174	oat	44
False	deepseek-8b	oat.s44	correct-error	mmlu_pro	19	17,18,19	92	46	0	0	0.7391304347826086	0.8260869565217391	0.8260869565217391	oat	44
False	deepseek-8b	oat.s45	correct-error	mmlu_pro	17	17,18,19	92	46	0	0	0.717391304347826	0.8043478260869565	0.8043478260869565	oat	45
False	deepseek-8b	oat.s45	correct-error	mmlu_pro	18	17,18,19	92	46	0	0	0.6521739130434783	0.782608695652174	0.782608695652174	oat	45
False	deepseek-8b	oat.s45	correct-error	mmlu_pro	19	17,18,19	92	46	0	0	0.7608695652173914	0.8043478260869565	0.8043478260869565	oat	45
False	deepseek-8b	oat.s46	correct-error	mmlu_pro	17	17,18,19	92	46	0	0	0.717391304347826	0.8043478260869565	0.8043478260869565	oat	46
False	deepseek-8b	oat.s46	correct-error	mmlu_pro	18	17,18,19	92	46	0	0	0.6739130434782609	0.782608695652174	0.782608695652174	oat	46
False	deepseek-8b	oat.s46	correct-error	mmlu_pro	19	17,18,19	92	46	0	0	0.782608695652174	0.8043478260869565	0.8043478260869565	oat	46
False	deepseek-8b	stepfinder.s42	correct-error	mmlu_pro	17	17,18,19	92	46	0	0	0.5869565217391305	0.8043478260869565	0.8043478260869565	stepfinder	42
False	deepseek-8b	stepfinder.s42	correct-error	mmlu_pro	18	17,18,19	92	46	0	0	0.6521739130434783	0.782608695652174	0.782608695652174	stepfinder	42
False	deepseek-8b	stepfinder.s42	correct-error	mmlu_pro	19	17,18,19	92	46	0	0	0.6956521739130435	0.8043478260869565	0.8043478260869565	stepfinder	42
False	deepseek-8b	stepfinder.s43	correct-error	mmlu_pro	17	17,18,19	92	46	0	0	0.391304347826087	0.6086956521739131	0.6086956521739131	stepfinder	43
False	deepseek-8b	stepfinder.s43	correct-error	mmlu_pro	18	17,18,19	92	46	0	0	0.41304347826086957	0.5652173913043478	0.5652173913043478	stepfinder	43
False	deepseek-8b	stepfinder.s43	correct-error	mmlu_pro	19	17,18,19	92	46	0	0	0.34782608695652173	0.45652173913043476	0.45652173913043476	stepfinder	43
False	deepseek-8b	stepfinder.s44	correct-error	mmlu_pro	17	17,18,19	92	46	0	0	0.7391304347826086	0.8043478260869565	0.8043478260869565	stepfinder	44
False	deepseek-8b	stepfinder.s44	correct-error	mmlu_pro	18	17,18,19	92	46	0	0	0.6739130434782609	0.7608695652173914	0.7608695652173914	stepfinder	44
False	deepseek-8b	stepfinder.s44	correct-error	mmlu_pro	19	17,18,19	92	46	0	0	0.7608695652173914	0.8478260869565217	0.8478260869565217	stepfinder	44
False	deepseek-8b	stepfinder.s45	correct-error	mmlu_pro	17	17,18,19	92	46	0	0	0.5434782608695652	0.6521739130434783	0.6521739130434783	stepfinder	45
False	deepseek-8b	stepfinder.s45	correct-error	mmlu_pro	18	17,18,19	92	46	0	0	0.5652173913043478	0.717391304347826	0.717391304347826	stepfinder	45
False	deepseek-8b	stepfinder.s45	correct-error	mmlu_pro	19	17,18,19	92	46	0	0	0.6956521739130435	0.7608695652173914	0.7608695652173914	stepfinder	45
False	deepseek-8b	stepfinder.s46	correct-error	mmlu_pro	17	17,18,19	92	46	0	0	0.5652173913043478	0.7391304347826086	0.7391304347826086	stepfinder	46
False	deepseek-8b	stepfinder.s46	correct-error	mmlu_pro	18	17,18,19	92	46	0	0	0.5869565217391305	0.782608695652174	0.782608695652174	stepfinder	46
False	deepseek-8b	stepfinder.s46	correct-error	mmlu_pro	19	17,18,19	92	46	0	0	0.6956521739130435	0.8260869565217391	0.8260869565217391	stepfinder	46
False	qwen3-embedding-0.6b	stepfinder.s42	correct-error	mmlu_pro	17	17,18,19	92	46	0	0	0.17391304347826086	0.43478260869565216	0.43478260869565216	stepfinder	42
False	qwen3-embedding-0.6b	stepfinder.s42	correct-error	mmlu_pro	18	17,18,19	92	46	0	0	0.2608695652173913	0.5217391304347826	0.5217391304347826	stepfinder	42
False	qwen3-embedding-0.6b	stepfinder.s42	correct-error	mmlu_pro	19	17,18,19	92	46	0	0	0.30434782608695654	0.45652173913043476	0.45652173913043476	stepfinder	42
False	qwen3-embedding-0.6b	stepfinder.s43	correct-error	mmlu_pro	17	17,18,19	92	46	0	0	0.2391304347826087	0.5434782608695652	0.5434782608695652	stepfinder	43
False	qwen3-embedding-0.6b	stepfinder.s43	correct-error	mmlu_pro	18	17,18,19	92	46	0	0	0.21739130434782608	0.41304347826086957	0.41304347826086957	stepfinder	43
False	qwen3-embedding-0.6b	stepfinder.s43	correct-error	mmlu_pro	19	17,18,19	92	46	0	0	0.2608695652173913	0.45652173913043476	0.45652173913043476	stepfinder	43
False	qwen3-embedding-0.6b	stepfinder.s44	correct-error	mmlu_pro	17	17,18,19	92	46	0	0	0.45652173913043476	0.6521739130434783	0.6521739130434783	stepfinder	44
False	qwen3-embedding-0.6b	stepfinder.s44	correct-error	mmlu_pro	18	17,18,19	92	46	0	0	0.4782608695652174	0.6521739130434783	0.6521739130434783	stepfinder	44
False	qwen3-embedding-0.6b	stepfinder.s44	correct-error	mmlu_pro	19	17,18,19	92	46	0	0	0.5	0.6304347826086957	0.6304347826086957	stepfinder	44
False	qwen3-embedding-0.6b	stepfinder.s45	correct-error	mmlu_pro	17	17,18,19	92	46	0	0	0.32608695652173914	0.5434782608695652	0.5434782608695652	stepfinder	45
False	qwen3-embedding-0.6b	stepfinder.s45	correct-error	mmlu_pro	18	17,18,19	92	46	0	0	0.34782608695652173	0.5652173913043478	0.5652173913043478	stepfinder	45
False	qwen3-embedding-0.6b	stepfinder.s45	correct-error	mmlu_pro	19	17,18,19	92	46	0	0	0.43478260869565216	0.5652173913043478	0.5652173913043478	stepfinder	45
False	qwen3-embedding-0.6b	stepfinder.s46	correct-error	mmlu_pro	17	17,18,19	92	46	0	0	0.32608695652173914	0.5652173913043478	0.5652173913043478	stepfinder	46
False	qwen3-embedding-0.6b	stepfinder.s46	correct-error	mmlu_pro	18	17,18,19	92	46	0	0	0.34782608695652173	0.5434782608695652	0.5434782608695652	stepfinder	46
False	qwen3-embedding-0.6b	stepfinder.s46	correct-error	mmlu_pro	19	17,18,19	92	46	0	0	0.34782608695652173	0.4782608695652174	0.4782608695652174	stepfinder	46
False	qwen3.5-9b	oat.s42	correct-error	musique	17	17,18,19	312	156	0	0	0.40384615384615385	0.6858974358974359	0.6858974358974359	oat	42
False	qwen3.5-9b	oat.s42	correct-error	musique	18	17,18,19	312	156	0	0	0.47435897435897434	0.7307692307692307	0.7307692307692307	oat	42
False	qwen3.5-9b	oat.s42	correct-error	musique	19	17,18,19	312	156	0	0	0.40384615384615385	0.6923076923076923	0.6923076923076923	oat	42
False	qwen3.5-9b	oat.s43	correct-error	musique	17	17,18,19	312	156	0	0	0.391025641025641	0.6730769230769231	0.6730769230769231	oat	43
False	qwen3.5-9b	oat.s43	correct-error	musique	18	17,18,19	312	156	0	0	0.46153846153846156	0.7115384615384616	0.7115384615384616	oat	43
False	qwen3.5-9b	oat.s43	correct-error	musique	19	17,18,19	312	156	0	0	0.42948717948717946	0.6923076923076923	0.6923076923076923	oat	43
False	qwen3.5-9b	oat.s44	correct-error	musique	17	17,18,19	312	156	0	0	0.3974358974358974	0.6858974358974359	0.6858974358974359	oat	44
False	qwen3.5-9b	oat.s44	correct-error	musique	18	17,18,19	312	156	0	0	0.4935897435897436	0.7243589743589743	0.7243589743589743	oat	44
False	qwen3.5-9b	oat.s44	correct-error	musique	19	17,18,19	312	156	0	0	0.3974358974358974	0.6858974358974359	0.6858974358974359	oat	44
False	qwen3.5-9b	oat.s45	correct-error	musique	17	17,18,19	312	156	0	0	0.41025641025641024	0.7051282051282052	0.7051282051282052	oat	45
False	qwen3.5-9b	oat.s45	correct-error	musique	18	17,18,19	312	156	0	0	0.47435897435897434	0.7371794871794872	0.7371794871794872	oat	45
False	qwen3.5-9b	oat.s45	correct-error	musique	19	17,18,19	312	156	0	0	0.3974358974358974	0.6730769230769231	0.6730769230769231	oat	45
False	qwen3.5-9b	oat.s46	correct-error	musique	17	17,18,19	312	156	0	0	0.41025641025641024	0.6794871794871795	0.6794871794871795	oat	46
False	qwen3.5-9b	oat.s46	correct-error	musique	18	17,18,19	312	156	0	0	0.47435897435897434	0.7371794871794872	0.7371794871794872	oat	46
False	qwen3.5-9b	oat.s46	correct-error	musique	19	17,18,19	312	156	0	0	0.4166666666666667	0.6858974358974359	0.6858974358974359	oat	46
False	qwen3.5-9b	stepfinder.s42	correct-error	musique	17	17,18,19	312	156	0	0	0.20512820512820512	0.6602564102564102	0.6602564102564102	stepfinder	42
False	qwen3.5-9b	stepfinder.s42	correct-error	musique	18	17,18,19	312	156	0	0	0.27564102564102566	0.7243589743589743	0.7243589743589743	stepfinder	42
False	qwen3.5-9b	stepfinder.s42	correct-error	musique	19	17,18,19	312	156	0	0	0.21153846153846154	0.6858974358974359	0.6858974358974359	stepfinder	42
False	qwen3.5-9b	stepfinder.s43	correct-error	musique	17	17,18,19	312	156	0	0	0.1282051282051282	0.532051282051282	0.532051282051282	stepfinder	43
False	qwen3.5-9b	stepfinder.s43	correct-error	musique	18	17,18,19	312	156	0	0	0.1794871794871795	0.6282051282051282	0.6282051282051282	stepfinder	43
False	qwen3.5-9b	stepfinder.s43	correct-error	musique	19	17,18,19	312	156	0	0	0.15384615384615385	0.5961538461538461	0.5961538461538461	stepfinder	43
False	qwen3.5-9b	stepfinder.s44	correct-error	musique	17	17,18,19	312	156	0	0	0.17307692307692307	0.5705128205128205	0.5705128205128205	stepfinder	44
False	qwen3.5-9b	stepfinder.s44	correct-error	musique	18	17,18,19	312	156	0	0	0.26282051282051283	0.6217948717948718	0.6217948717948718	stepfinder	44
False	qwen3.5-9b	stepfinder.s44	correct-error	musique	19	17,18,19	312	156	0	0	0.1987179487179487	0.5512820512820513	0.5512820512820513	stepfinder	44
False	qwen3.5-9b	stepfinder.s45	correct-error	musique	17	17,18,19	312	156	0	0	0.07692307692307693	0.5961538461538461	0.5961538461538461	stepfinder	45
False	qwen3.5-9b	stepfinder.s45	correct-error	musique	18	17,18,19	312	156	0	0	0.07051282051282051	0.6217948717948718	0.6217948717948718	stepfinder	45
False	qwen3.5-9b	stepfinder.s45	correct-error	musique	19	17,18,19	312	156	0	0	0.09615384615384616	0.5897435897435898	0.5897435897435898	stepfinder	45
False	qwen3.5-9b	stepfinder.s46	correct-error	musique	17	17,18,19	312	156	0	0	0.20512820512820512	0.5512820512820513	0.5512820512820513	stepfinder	46
False	qwen3.5-9b	stepfinder.s46	correct-error	musique	18	17,18,19	312	156	0	0	0.26282051282051283	0.6538461538461539	0.6538461538461539	stepfinder	46
False	qwen3.5-9b	stepfinder.s46	correct-error	musique	19	17,18,19	312	156	0	0	0.23717948717948717	0.6025641025641025	0.6025641025641025	stepfinder	46
False	deepseek-8b	oat.s42	correct-error	musique	17	17,18,19	312	156	0	0	0.32051282051282054	0.6282051282051282	0.6282051282051282	oat	42
False	deepseek-8b	oat.s42	correct-error	musique	18	17,18,19	312	156	0	0	0.3717948717948718	0.7371794871794872	0.7371794871794872	oat	42
False	deepseek-8b	oat.s42	correct-error	musique	19	17,18,19	312	156	0	0	0.3333333333333333	0.6602564102564102	0.6602564102564102	oat	42
False	deepseek-8b	oat.s43	correct-error	musique	17	17,18,19	312	156	0	0	0.3269230769230769	0.5961538461538461	0.5961538461538461	oat	43
False	deepseek-8b	oat.s43	correct-error	musique	18	17,18,19	312	156	0	0	0.391025641025641	0.7051282051282052	0.7051282051282052	oat	43
False	deepseek-8b	oat.s43	correct-error	musique	19	17,18,19	312	156	0	0	0.3525641025641026	0.6474358974358975	0.6474358974358975	oat	43
False	deepseek-8b	oat.s44	correct-error	musique	17	17,18,19	312	156	0	0	0.33974358974358976	0.6346153846153846	0.6346153846153846	oat	44
False	deepseek-8b	oat.s44	correct-error	musique	18	17,18,19	312	156	0	0	0.40384615384615385	0.75	0.75	oat	44
False	deepseek-8b	oat.s44	correct-error	musique	19	17,18,19	312	156	0	0	0.358974358974359	0.6666666666666666	0.6666666666666666	oat	44
False	deepseek-8b	oat.s45	correct-error	musique	17	17,18,19	312	156	0	0	0.3141025641025641	0.6282051282051282	0.6282051282051282	oat	45
False	deepseek-8b	oat.s45	correct-error	musique	18	17,18,19	312	156	0	0	0.3782051282051282	0.7307692307692307	0.7307692307692307	oat	45
False	deepseek-8b	oat.s45	correct-error	musique	19	17,18,19	312	156	0	0	0.34615384615384615	0.6666666666666666	0.6666666666666666	oat	45
False	deepseek-8b	oat.s46	correct-error	musique	17	17,18,19	312	156	0	0	0.32051282051282054	0.6153846153846154	0.6153846153846154	oat	46
False	deepseek-8b	oat.s46	correct-error	musique	18	17,18,19	312	156	0	0	0.3782051282051282	0.7307692307692307	0.7307692307692307	oat	46
False	deepseek-8b	oat.s46	correct-error	musique	19	17,18,19	312	156	0	0	0.33974358974358976	0.6602564102564102	0.6602564102564102	oat	46
False	deepseek-8b	stepfinder.s42	correct-error	musique	17	17,18,19	312	156	0	0	0.16025641025641027	0.6794871794871795	0.6794871794871795	stepfinder	42
False	deepseek-8b	stepfinder.s42	correct-error	musique	18	17,18,19	312	156	0	0	0.16666666666666666	0.7243589743589743	0.7243589743589743	stepfinder	42
False	deepseek-8b	stepfinder.s42	correct-error	musique	19	17,18,19	312	156	0	0	0.14743589743589744	0.6987179487179487	0.6987179487179487	stepfinder	42
False	deepseek-8b	stepfinder.s43	correct-error	musique	17	17,18,19	312	156	0	0	0.21153846153846154	0.6025641025641025	0.6025641025641025	stepfinder	43
False	deepseek-8b	stepfinder.s43	correct-error	musique	18	17,18,19	312	156	0	0	0.17307692307692307	0.6089743589743589	0.6089743589743589	stepfinder	43
False	deepseek-8b	stepfinder.s43	correct-error	musique	19	17,18,19	312	156	0	0	0.1987179487179487	0.5897435897435898	0.5897435897435898	stepfinder	43
False	deepseek-8b	stepfinder.s44	correct-error	musique	17	17,18,19	312	156	0	0	0.19230769230769232	0.5769230769230769	0.5769230769230769	stepfinder	44
False	deepseek-8b	stepfinder.s44	correct-error	musique	18	17,18,19	312	156	0	0	0.23076923076923078	0.6153846153846154	0.6153846153846154	stepfinder	44
False	deepseek-8b	stepfinder.s44	correct-error	musique	19	17,18,19	312	156	0	0	0.21153846153846154	0.5769230769230769	0.5769230769230769	stepfinder	44
False	deepseek-8b	stepfinder.s45	correct-error	musique	17	17,18,19	312	156	0	0	0.14743589743589744	0.6538461538461539	0.6538461538461539	stepfinder	45
False	deepseek-8b	stepfinder.s45	correct-error	musique	18	17,18,19	312	156	0	0	0.20512820512820512	0.7051282051282052	0.7051282051282052	stepfinder	45
False	deepseek-8b	stepfinder.s45	correct-error	musique	19	17,18,19	312	156	0	0	0.16025641025641027	0.6666666666666666	0.6666666666666666	stepfinder	45
False	deepseek-8b	stepfinder.s46	correct-error	musique	17	17,18,19	312	156	0	0	0.12179487179487179	0.6794871794871795	0.6794871794871795	stepfinder	46
False	deepseek-8b	stepfinder.s46	correct-error	musique	18	17,18,19	312	156	0	0	0.1346153846153846	0.7115384615384616	0.7115384615384616	stepfinder	46
False	deepseek-8b	stepfinder.s46	correct-error	musique	19	17,18,19	312	156	0	0	0.1346153846153846	0.6602564102564102	0.6602564102564102	stepfinder	46
False	qwen3-embedding-0.6b	stepfinder.s42	correct-error	musique	17	17,18,19	312	156	0	0	0.17307692307692307	0.6987179487179487	0.6987179487179487	stepfinder	42
False	qwen3-embedding-0.6b	stepfinder.s42	correct-error	musique	18	17,18,19	312	156	0	0	0.1858974358974359	0.7243589743589743	0.7243589743589743	stepfinder	42
False	qwen3-embedding-0.6b	stepfinder.s42	correct-error	musique	19	17,18,19	312	156	0	0	0.16025641025641027	0.6923076923076923	0.6923076923076923	stepfinder	42
False	qwen3-embedding-0.6b	stepfinder.s43	correct-error	musique	17	17,18,19	312	156	0	0	0.15384615384615385	0.6089743589743589	0.6089743589743589	stepfinder	43
False	qwen3-embedding-0.6b	stepfinder.s43	correct-error	musique	18	17,18,19	312	156	0	0	0.17307692307692307	0.6474358974358975	0.6474358974358975	stepfinder	43
False	qwen3-embedding-0.6b	stepfinder.s43	correct-error	musique	19	17,18,19	312	156	0	0	0.16025641025641027	0.6410256410256411	0.6410256410256411	stepfinder	43
False	qwen3-embedding-0.6b	stepfinder.s44	correct-error	musique	17	17,18,19	312	156	0	0	0.23717948717948717	0.6410256410256411	0.6410256410256411	stepfinder	44
False	qwen3-embedding-0.6b	stepfinder.s44	correct-error	musique	18	17,18,19	312	156	0	0	0.3076923076923077	0.6923076923076923	0.6923076923076923	stepfinder	44
False	qwen3-embedding-0.6b	stepfinder.s44	correct-error	musique	19	17,18,19	312	156	0	0	0.2564102564102564	0.6666666666666666	0.6666666666666666	stepfinder	44
False	qwen3-embedding-0.6b	stepfinder.s45	correct-error	musique	17	17,18,19	312	156	0	0	0.23717948717948717	0.6730769230769231	0.6730769230769231	stepfinder	45
False	qwen3-embedding-0.6b	stepfinder.s45	correct-error	musique	18	17,18,19	312	156	0	0	0.26282051282051283	0.6666666666666666	0.6666666666666666	stepfinder	45
False	qwen3-embedding-0.6b	stepfinder.s45	correct-error	musique	19	17,18,19	312	156	0	0	0.2564102564102564	0.6858974358974359	0.6858974358974359	stepfinder	45
False	qwen3-embedding-0.6b	stepfinder.s46	correct-error	musique	17	17,18,19	312	156	0	0	0.17307692307692307	0.6794871794871795	0.6794871794871795	stepfinder	46
False	qwen3-embedding-0.6b	stepfinder.s46	correct-error	musique	18	17,18,19	312	156	0	0	0.16025641025641027	0.6794871794871795	0.6794871794871795	stepfinder	46
False	qwen3-embedding-0.6b	stepfinder.s46	correct-error	musique	19	17,18,19	312	156	0	0	0.14743589743589744	0.6923076923076923	0.6923076923076923	stepfinder	46
False	qwen3.5-9b	oat.s42	correct-error	wikimqa	17	17,18,19	733	367	0	0	0.43869209809264303	0.6376021798365122	0.6376021798365122	oat	42
False	qwen3.5-9b	oat.s42	correct-error	wikimqa	18	17,18,19	733	367	0	0	0.44959128065395093	0.6566757493188011	0.6566757493188011	oat	42
False	qwen3.5-9b	oat.s42	correct-error	wikimqa	19	17,18,19	733	367	0	0	0.4305177111716621	0.6403269754768393	0.6403269754768393	oat	42
False	qwen3.5-9b	oat.s43	correct-error	wikimqa	17	17,18,19	733	367	0	0	0.42779291553133514	0.6376021798365122	0.6376021798365122	oat	43
False	qwen3.5-9b	oat.s43	correct-error	wikimqa	18	17,18,19	733	367	0	0	0.43869209809264303	0.6566757493188011	0.6566757493188011	oat	43
False	qwen3.5-9b	oat.s43	correct-error	wikimqa	19	17,18,19	733	367	0	0	0.4087193460490463	0.6430517711171662	0.6430517711171662	oat	43
False	qwen3.5-9b	oat.s44	correct-error	wikimqa	17	17,18,19	733	367	0	0	0.4305177111716621	0.6267029972752044	0.6267029972752044	oat	44
False	qwen3.5-9b	oat.s44	correct-error	wikimqa	18	17,18,19	733	367	0	0	0.44686648501362397	0.6485013623978202	0.6485013623978202	oat	44
False	qwen3.5-9b	oat.s44	correct-error	wikimqa	19	17,18,19	733	367	0	0	0.41689373297002724	0.6403269754768393	0.6403269754768393	oat	44
False	qwen3.5-9b	oat.s45	correct-error	wikimqa	17	17,18,19	733	367	0	0	0.444141689373297	0.6321525885558583	0.6321525885558583	oat	45
False	qwen3.5-9b	oat.s45	correct-error	wikimqa	18	17,18,19	733	367	0	0	0.44686648501362397	0.6539509536784741	0.6539509536784741	oat	45
False	qwen3.5-9b	oat.s45	correct-error	wikimqa	19	17,18,19	733	367	0	0	0.4250681198910082	0.6348773841961853	0.6348773841961853	oat	45
False	qwen3.5-9b	oat.s46	correct-error	wikimqa	17	17,18,19	733	367	0	0	0.4250681198910082	0.6321525885558583	0.6321525885558583	oat	46
False	qwen3.5-9b	oat.s46	correct-error	wikimqa	18	17,18,19	733	367	0	0	0.43869209809264303	0.6566757493188011	0.6566757493188011	oat	46
False	qwen3.5-9b	oat.s46	correct-error	wikimqa	19	17,18,19	733	367	0	0	0.4196185286103542	0.6403269754768393	0.6403269754768393	oat	46
False	qwen3.5-9b	stepfinder.s42	correct-error	wikimqa	17	17,18,19	733	367	0	0	0.18528610354223432	0.7029972752043597	0.7029972752043597	stepfinder	42
False	qwen3.5-9b	stepfinder.s42	correct-error	wikimqa	18	17,18,19	733	367	0	0	0.1880108991825613	0.6757493188010899	0.6757493188010899	stepfinder	42
False	qwen3.5-9b	stepfinder.s42	correct-error	wikimqa	19	17,18,19	733	367	0	0	0.19618528610354224	0.6866485013623979	0.6866485013623979	stepfinder	42
False	qwen3.5-9b	stepfinder.s43	correct-error	wikimqa	17	17,18,19	733	367	0	0	0.11171662125340599	0.6839237057220708	0.6839237057220708	stepfinder	43
False	qwen3.5-9b	stepfinder.s43	correct-error	wikimqa	18	17,18,19	733	367	0	0	0.13896457765667575	0.6893732970027248	0.6893732970027248	stepfinder	43
False	qwen3.5-9b	stepfinder.s43	correct-error	wikimqa	19	17,18,19	733	367	0	0	0.11716621253405994	0.6920980926430518	0.6920980926430518	stepfinder	43
False	qwen3.5-9b	stepfinder.s44	correct-error	wikimqa	17	17,18,19	733	367	0	0	0.1880108991825613	0.6730245231607629	0.6730245231607629	stepfinder	44
False	qwen3.5-9b	stepfinder.s44	correct-error	wikimqa	18	17,18,19	733	367	0	0	0.1989100817438692	0.6866485013623979	0.6866485013623979	stepfinder	44
False	qwen3.5-9b	stepfinder.s44	correct-error	wikimqa	19	17,18,19	733	367	0	0	0.18528610354223432	0.7057220708446866	0.7057220708446866	stepfinder	44
False	qwen3.5-9b	stepfinder.s45	correct-error	wikimqa	17	17,18,19	733	367	0	0	0.07629427792915532	0.6975476839237057	0.6975476839237057	stepfinder	45
False	qwen3.5-9b	stepfinder.s45	correct-error	wikimqa	18	17,18,19	733	367	0	0	0.07356948228882834	0.670299727520436	0.670299727520436	stepfinder	45
False	qwen3.5-9b	stepfinder.s45	correct-error	wikimqa	19	17,18,19	733	367	0	0	0.0681198910081744	0.662125340599455	0.662125340599455	stepfinder	45
False	qwen3.5-9b	stepfinder.s46	correct-error	wikimqa	17	17,18,19	733	367	0	0	0.1880108991825613	0.6920980926430518	0.6920980926430518	stepfinder	46
False	qwen3.5-9b	stepfinder.s46	correct-error	wikimqa	18	17,18,19	733	367	0	0	0.1907356948228883	0.7057220708446866	0.7057220708446866	stepfinder	46
False	qwen3.5-9b	stepfinder.s46	correct-error	wikimqa	19	17,18,19	733	367	0	0	0.1771117166212534	0.7111716621253406	0.7111716621253406	stepfinder	46
False	deepseek-8b	oat.s42	correct-error	wikimqa	17	17,18,19	733	367	0	0	0.3542234332425068	0.5803814713896458	0.5803814713896458	oat	42
False	deepseek-8b	oat.s42	correct-error	wikimqa	18	17,18,19	733	367	0	0	0.3760217983651226	0.5994550408719346	0.5994550408719346	oat	42
False	deepseek-8b	oat.s42	correct-error	wikimqa	19	17,18,19	733	367	0	0	0.3569482288828338	0.5776566757493188	0.5776566757493188	oat	42
False	deepseek-8b	oat.s43	correct-error	wikimqa	17	17,18,19	733	367	0	0	0.3787465940054496	0.5967302452316077	0.5967302452316077	oat	43
False	deepseek-8b	oat.s43	correct-error	wikimqa	18	17,18,19	733	367	0	0	0.3923705722070845	0.6021798365122616	0.6021798365122616	oat	43
False	deepseek-8b	oat.s43	correct-error	wikimqa	19	17,18,19	733	367	0	0	0.37329700272479566	0.5858310626702997	0.5858310626702997	oat	43
False	deepseek-8b	oat.s44	correct-error	wikimqa	17	17,18,19	733	367	0	0	0.3678474114441417	0.5940054495912807	0.5940054495912807	oat	44
False	deepseek-8b	oat.s44	correct-error	wikimqa	18	17,18,19	733	367	0	0	0.3896457765667575	0.6076294277929155	0.6076294277929155	oat	44
False	deepseek-8b	oat.s44	correct-error	wikimqa	19	17,18,19	733	367	0	0	0.3678474114441417	0.5885558583106267	0.5885558583106267	oat	44
False	deepseek-8b	oat.s45	correct-error	wikimqa	17	17,18,19	733	367	0	0	0.35967302452316074	0.5776566757493188	0.5776566757493188	oat	45
False	deepseek-8b	oat.s45	correct-error	wikimqa	18	17,18,19	733	367	0	0	0.37057220708446864	0.5831062670299727	0.5831062670299727	oat	45
False	deepseek-8b	oat.s45	correct-error	wikimqa	19	17,18,19	733	367	0	0	0.3405994550408719	0.5776566757493188	0.5776566757493188	oat	45
False	deepseek-8b	oat.s46	correct-error	wikimqa	17	17,18,19	733	367	0	0	0.3651226158038147	0.5885558583106267	0.5885558583106267	oat	46
False	deepseek-8b	oat.s46	correct-error	wikimqa	18	17,18,19	733	367	0	0	0.3760217983651226	0.5858310626702997	0.5858310626702997	oat	46
False	deepseek-8b	oat.s46	correct-error	wikimqa	19	17,18,19	733	367	0	0	0.3542234332425068	0.5694822888283378	0.5694822888283378	oat	46
False	deepseek-8b	stepfinder.s42	correct-error	wikimqa	17	17,18,19	733	367	0	0	0.0653950953678474	0.7002724795640327	0.7002724795640327	stepfinder	42
False	deepseek-8b	stepfinder.s42	correct-error	wikimqa	18	17,18,19	733	367	0	0	0.07356948228882834	0.6811989100817438	0.6811989100817438	stepfinder	42
False	deepseek-8b	stepfinder.s42	correct-error	wikimqa	19	17,18,19	733	367	0	0	0.05994550408719346	0.6648501362397821	0.6648501362397821	stepfinder	42
False	deepseek-8b	stepfinder.s43	correct-error	wikimqa	17	17,18,19	733	367	0	0	0.13896457765667575	0.6566757493188011	0.6566757493188011	stepfinder	43
False	deepseek-8b	stepfinder.s43	correct-error	wikimqa	18	17,18,19	733	367	0	0	0.1307901907356948	0.5940054495912807	0.5940054495912807	stepfinder	43
False	deepseek-8b	stepfinder.s43	correct-error	wikimqa	19	17,18,19	733	367	0	0	0.11989100817438691	0.6076294277929155	0.6076294277929155	stepfinder	43
False	deepseek-8b	stepfinder.s44	correct-error	wikimqa	17	17,18,19	733	367	0	0	0.16076294277929154	0.6975476839237057	0.6975476839237057	stepfinder	44
False	deepseek-8b	stepfinder.s44	correct-error	wikimqa	18	17,18,19	733	367	0	0	0.16076294277929154	0.6757493188010899	0.6757493188010899	stepfinder	44
False	deepseek-8b	stepfinder.s44	correct-error	wikimqa	19	17,18,19	733	367	0	0	0.15803814713896458	0.6811989100817438	0.6811989100817438	stepfinder	44
False	deepseek-8b	stepfinder.s45	correct-error	wikimqa	17	17,18,19	733	367	0	0	0.14713896457765668	0.6839237057220708	0.6839237057220708	stepfinder	45
False	deepseek-8b	stepfinder.s45	correct-error	wikimqa	18	17,18,19	733	367	0	0	0.1553133514986376	0.6539509536784741	0.6539509536784741	stepfinder	45
False	deepseek-8b	stepfinder.s45	correct-error	wikimqa	19	17,18,19	733	367	0	0	0.1307901907356948	0.670299727520436	0.670299727520436	stepfinder	45
False	deepseek-8b	stepfinder.s46	correct-error	wikimqa	17	17,18,19	733	367	0	0	0.10626702997275204	0.7029972752043597	0.7029972752043597	stepfinder	46
False	deepseek-8b	stepfinder.s46	correct-error	wikimqa	18	17,18,19	733	367	0	0	0.1226158038147139	0.6730245231607629	0.6730245231607629	stepfinder	46
False	deepseek-8b	stepfinder.s46	correct-error	wikimqa	19	17,18,19	733	367	0	0	0.10354223433242507	0.6539509536784741	0.6539509536784741	stepfinder	46
False	qwen3-embedding-0.6b	stepfinder.s42	correct-error	wikimqa	17	17,18,19	733	367	0	0	0.1444141689373297	0.667574931880109	0.667574931880109	stepfinder	42
False	qwen3-embedding-0.6b	stepfinder.s42	correct-error	wikimqa	18	17,18,19	733	367	0	0	0.1553133514986376	0.6730245231607629	0.6730245231607629	stepfinder	42
False	qwen3-embedding-0.6b	stepfinder.s42	correct-error	wikimqa	19	17,18,19	733	367	0	0	0.14986376021798364	0.6648501362397821	0.6648501362397821	stepfinder	42
False	qwen3-embedding-0.6b	stepfinder.s43	correct-error	wikimqa	17	17,18,19	733	367	0	0	0.13896457765667575	0.6648501362397821	0.6648501362397821	stepfinder	43
False	qwen3-embedding-0.6b	stepfinder.s43	correct-error	wikimqa	18	17,18,19	733	367	0	0	0.11989100817438691	0.6294277929155313	0.6294277929155313	stepfinder	43
False	qwen3-embedding-0.6b	stepfinder.s43	correct-error	wikimqa	19	17,18,19	733	367	0	0	0.11989100817438691	0.6076294277929155	0.6076294277929155	stepfinder	43
False	qwen3-embedding-0.6b	stepfinder.s44	correct-error	wikimqa	17	17,18,19	733	367	0	0	0.2670299727520436	0.6811989100817438	0.6811989100817438	stepfinder	44
False	qwen3-embedding-0.6b	stepfinder.s44	correct-error	wikimqa	18	17,18,19	733	367	0	0	0.2997275204359673	0.6757493188010899	0.6757493188010899	stepfinder	44
False	qwen3-embedding-0.6b	stepfinder.s44	correct-error	wikimqa	19	17,18,19	733	367	0	0	0.26430517711171664	0.6485013623978202	0.6485013623978202	stepfinder	44
False	qwen3-embedding-0.6b	stepfinder.s45	correct-error	wikimqa	17	17,18,19	733	367	0	0	0.22615803814713897	0.6648501362397821	0.6648501362397821	stepfinder	45
False	qwen3-embedding-0.6b	stepfinder.s45	correct-error	wikimqa	18	17,18,19	733	367	0	0	0.2670299727520436	0.6730245231607629	0.6730245231607629	stepfinder	45
False	qwen3-embedding-0.6b	stepfinder.s45	correct-error	wikimqa	19	17,18,19	733	367	0	0	0.22888283378746593	0.6485013623978202	0.6485013623978202	stepfinder	45
False	qwen3-embedding-0.6b	stepfinder.s46	correct-error	wikimqa	17	17,18,19	733	367	0	0	0.17166212534059946	0.6485013623978202	0.6485013623978202	stepfinder	46
False	qwen3-embedding-0.6b	stepfinder.s46	correct-error	wikimqa	18	17,18,19	733	367	0	0	0.18256130790190736	0.6457765667574932	0.6457765667574932	stepfinder	46
False	qwen3-embedding-0.6b	stepfinder.s46	correct-error	wikimqa	19	17,18,19	733	367	0	0	0.15803814713896458	0.6403269754768393	0.6403269754768393	stepfinder	46
True	qwen3.5-9b	oat.s42	ww	algorithm-generated	38	38,39,40	126	63	0	0	0.20634920634920634	0.49206349206349204	0.49206349206349204	oat	42
True	qwen3.5-9b	oat.s42	ww	algorithm-generated	39	38,39,40	126	63	0	0	0.20634920634920634	0.42857142857142855	0.42857142857142855	oat	42
True	qwen3.5-9b	oat.s42	ww	algorithm-generated	40	38,39,40	126	63	0	0	0.2222222222222222	0.4444444444444444	0.4444444444444444	oat	42
True	qwen3.5-9b	oat.s43	ww	algorithm-generated	38	38,39,40	126	63	0	0	0.19047619047619047	0.47619047619047616	0.47619047619047616	oat	43
True	qwen3.5-9b	oat.s43	ww	algorithm-generated	39	38,39,40	126	63	0	0	0.20634920634920634	0.4126984126984127	0.4126984126984127	oat	43
True	qwen3.5-9b	oat.s43	ww	algorithm-generated	40	38,39,40	126	63	0	0	0.20634920634920634	0.4126984126984127	0.4126984126984127	oat	43
True	qwen3.5-9b	oat.s44	ww	algorithm-generated	38	38,39,40	126	63	0	0	0.20634920634920634	0.49206349206349204	0.49206349206349204	oat	44
True	qwen3.5-9b	oat.s44	ww	algorithm-generated	39	38,39,40	126	63	0	0	0.20634920634920634	0.4444444444444444	0.4444444444444444	oat	44
True	qwen3.5-9b	oat.s44	ww	algorithm-generated	40	38,39,40	126	63	0	0	0.2222222222222222	0.4444444444444444	0.4444444444444444	oat	44
True	qwen3.5-9b	oat.s45	ww	algorithm-generated	38	38,39,40	126	63	0	0	0.2222222222222222	0.49206349206349204	0.49206349206349204	oat	45
True	qwen3.5-9b	oat.s45	ww	algorithm-generated	39	38,39,40	126	63	0	0	0.20634920634920634	0.42857142857142855	0.42857142857142855	oat	45
True	qwen3.5-9b	oat.s45	ww	algorithm-generated	40	38,39,40	126	63	0	0	0.25396825396825395	0.4444444444444444	0.4444444444444444	oat	45
True	qwen3.5-9b	oat.s46	ww	algorithm-generated	38	38,39,40	126	63	0	0	0.23809523809523808	0.49206349206349204	0.49206349206349204	oat	46
True	qwen3.5-9b	oat.s46	ww	algorithm-generated	39	38,39,40	126	63	0	0	0.25396825396825395	0.4603174603174603	0.4603174603174603	oat	46
True	qwen3.5-9b	oat.s46	ww	algorithm-generated	40	38,39,40	126	63	0	0	0.2698412698412698	0.4603174603174603	0.4603174603174603	oat	46
True	qwen3.5-9b	stepfinder.s42	ww	algorithm-generated	38	38,39,40	126	63	0	0	0.14285714285714285	0.4126984126984127	0.4126984126984127	stepfinder	42
True	qwen3.5-9b	stepfinder.s42	ww	algorithm-generated	39	38,39,40	126	63	0	0	0.19047619047619047	0.4126984126984127	0.4126984126984127	stepfinder	42
True	qwen3.5-9b	stepfinder.s42	ww	algorithm-generated	40	38,39,40	126	63	0	0	0.23809523809523808	0.4603174603174603	0.4603174603174603	stepfinder	42
True	qwen3.5-9b	stepfinder.s43	ww	algorithm-generated	38	38,39,40	126	63	0	0	0.12698412698412698	0.3492063492063492	0.3492063492063492	stepfinder	43
True	qwen3.5-9b	stepfinder.s43	ww	algorithm-generated	39	38,39,40	126	63	0	0	0.14285714285714285	0.4444444444444444	0.4444444444444444	stepfinder	43
True	qwen3.5-9b	stepfinder.s43	ww	algorithm-generated	40	38,39,40	126	63	0	0	0.1746031746031746	0.4126984126984127	0.4126984126984127	stepfinder	43
True	qwen3.5-9b	stepfinder.s44	ww	algorithm-generated	38	38,39,40	126	63	0	0	0.1746031746031746	0.4126984126984127	0.4126984126984127	stepfinder	44
True	qwen3.5-9b	stepfinder.s44	ww	algorithm-generated	39	38,39,40	126	63	0	0	0.2222222222222222	0.47619047619047616	0.47619047619047616	stepfinder	44
True	qwen3.5-9b	stepfinder.s44	ww	algorithm-generated	40	38,39,40	126	63	0	0	0.20634920634920634	0.4603174603174603	0.4603174603174603	stepfinder	44
True	qwen3.5-9b	stepfinder.s45	ww	algorithm-generated	38	38,39,40	126	63	0	0	0.1111111111111111	0.38095238095238093	0.38095238095238093	stepfinder	45
True	qwen3.5-9b	stepfinder.s45	ww	algorithm-generated	39	38,39,40	126	63	0	0	0.1746031746031746	0.4603174603174603	0.4603174603174603	stepfinder	45
True	qwen3.5-9b	stepfinder.s45	ww	algorithm-generated	40	38,39,40	126	63	0	0	0.19047619047619047	0.4444444444444444	0.4444444444444444	stepfinder	45
True	qwen3.5-9b	stepfinder.s46	ww	algorithm-generated	38	38,39,40	126	63	0	0	0.19047619047619047	0.49206349206349204	0.49206349206349204	stepfinder	46
True	qwen3.5-9b	stepfinder.s46	ww	algorithm-generated	39	38,39,40	126	63	0	0	0.2857142857142857	0.5396825396825397	0.5396825396825397	stepfinder	46
True	qwen3.5-9b	stepfinder.s46	ww	algorithm-generated	40	38,39,40	126	63	0	0	0.20634920634920634	0.47619047619047616	0.47619047619047616	stepfinder	46
True	deepseek-8b	oat.s42	ww	algorithm-generated	38	38,39,40	126	63	0	0	0.2222222222222222	0.5238095238095238	0.5238095238095238	oat	42
True	deepseek-8b	oat.s42	ww	algorithm-generated	39	38,39,40	126	63	0	0	0.19047619047619047	0.4603174603174603	0.4603174603174603	oat	42
True	deepseek-8b	oat.s42	ww	algorithm-generated	40	38,39,40	126	63	0	0	0.1746031746031746	0.4444444444444444	0.4444444444444444	oat	42
True	deepseek-8b	oat.s43	ww	algorithm-generated	38	38,39,40	126	63	0	0	0.2222222222222222	0.49206349206349204	0.49206349206349204	oat	43
True	deepseek-8b	oat.s43	ww	algorithm-generated	39	38,39,40	126	63	0	0	0.19047619047619047	0.3968253968253968	0.3968253968253968	oat	43
True	deepseek-8b	oat.s43	ww	algorithm-generated	40	38,39,40	126	63	0	0	0.20634920634920634	0.42857142857142855	0.42857142857142855	oat	43
True	deepseek-8b	oat.s44	ww	algorithm-generated	38	38,39,40	126	63	0	0	0.23809523809523808	0.5238095238095238	0.5238095238095238	oat	44
True	deepseek-8b	oat.s44	ww	algorithm-generated	39	38,39,40	126	63	0	0	0.2222222222222222	0.47619047619047616	0.47619047619047616	oat	44
True	deepseek-8b	oat.s44	ww	algorithm-generated	40	38,39,40	126	63	0	0	0.20634920634920634	0.4444444444444444	0.4444444444444444	oat	44
True	deepseek-8b	oat.s45	ww	algorithm-generated	38	38,39,40	126	63	0	0	0.25396825396825395	0.5396825396825397	0.5396825396825397	oat	45
True	deepseek-8b	oat.s45	ww	algorithm-generated	39	38,39,40	126	63	0	0	0.1746031746031746	0.4126984126984127	0.4126984126984127	oat	45
True	deepseek-8b	oat.s45	ww	algorithm-generated	40	38,39,40	126	63	0	0	0.19047619047619047	0.42857142857142855	0.42857142857142855	oat	45
True	deepseek-8b	oat.s46	ww	algorithm-generated	38	38,39,40	126	63	0	0	0.2222222222222222	0.5079365079365079	0.5079365079365079	oat	46
True	deepseek-8b	oat.s46	ww	algorithm-generated	39	38,39,40	126	63	0	0	0.2222222222222222	0.4603174603174603	0.4603174603174603	oat	46
True	deepseek-8b	oat.s46	ww	algorithm-generated	40	38,39,40	126	63	0	0	0.19047619047619047	0.42857142857142855	0.42857142857142855	oat	46
True	deepseek-8b	stepfinder.s42	ww	algorithm-generated	38	38,39,40	126	63	0	0	0.1746031746031746	0.38095238095238093	0.38095238095238093	stepfinder	42
True	deepseek-8b	stepfinder.s42	ww	algorithm-generated	39	38,39,40	126	63	0	0	0.23809523809523808	0.4603174603174603	0.4603174603174603	stepfinder	42
True	deepseek-8b	stepfinder.s42	ww	algorithm-generated	40	38,39,40	126	63	0	0	0.23809523809523808	0.4444444444444444	0.4444444444444444	stepfinder	42
True	deepseek-8b	stepfinder.s43	ww	algorithm-generated	38	38,39,40	126	63	0	0	0.2222222222222222	0.49206349206349204	0.49206349206349204	stepfinder	43
True	deepseek-8b	stepfinder.s43	ww	algorithm-generated	39	38,39,40	126	63	0	0	0.25396825396825395	0.5079365079365079	0.5079365079365079	stepfinder	43
True	deepseek-8b	stepfinder.s43	ww	algorithm-generated	40	38,39,40	126	63	0	0	0.20634920634920634	0.5079365079365079	0.5079365079365079	stepfinder	43
True	deepseek-8b	stepfinder.s44	ww	algorithm-generated	38	38,39,40	126	63	0	0	0.14285714285714285	0.3333333333333333	0.3333333333333333	stepfinder	44
True	deepseek-8b	stepfinder.s44	ww	algorithm-generated	39	38,39,40	126	63	0	0	0.19047619047619047	0.42857142857142855	0.42857142857142855	stepfinder	44
True	deepseek-8b	stepfinder.s44	ww	algorithm-generated	40	38,39,40	126	63	0	0	0.25396825396825395	0.4444444444444444	0.4444444444444444	stepfinder	44
True	deepseek-8b	stepfinder.s45	ww	algorithm-generated	38	38,39,40	126	63	0	0	0.1111111111111111	0.31746031746031744	0.31746031746031744	stepfinder	45
True	deepseek-8b	stepfinder.s45	ww	algorithm-generated	39	38,39,40	126	63	0	0	0.12698412698412698	0.4126984126984127	0.4126984126984127	stepfinder	45
True	deepseek-8b	stepfinder.s45	ww	algorithm-generated	40	38,39,40	126	63	0	0	0.1746031746031746	0.36507936507936506	0.36507936507936506	stepfinder	45
True	deepseek-8b	stepfinder.s46	ww	algorithm-generated	38	38,39,40	126	63	0	0	0.12698412698412698	0.3333333333333333	0.3333333333333333	stepfinder	46
True	deepseek-8b	stepfinder.s46	ww	algorithm-generated	39	38,39,40	126	63	0	0	0.20634920634920634	0.4126984126984127	0.4126984126984127	stepfinder	46
True	deepseek-8b	stepfinder.s46	ww	algorithm-generated	40	38,39,40	126	63	0	0	0.1746031746031746	0.38095238095238093	0.38095238095238093	stepfinder	46
True	qwen3-embedding-0.6b	stepfinder.s42	ww	algorithm-generated	38	38,39,40	126	63	0	0	0.14285714285714285	0.5079365079365079	0.5079365079365079	stepfinder	42
True	qwen3-embedding-0.6b	stepfinder.s42	ww	algorithm-generated	39	38,39,40	126	63	0	0	0.19047619047619047	0.42857142857142855	0.42857142857142855	stepfinder	42
True	qwen3-embedding-0.6b	stepfinder.s42	ww	algorithm-generated	40	38,39,40	126	63	0	0	0.2222222222222222	0.4603174603174603	0.4603174603174603	stepfinder	42
True	qwen3-embedding-0.6b	stepfinder.s43	ww	algorithm-generated	38	38,39,40	126	63	0	0	0.2857142857142857	0.5555555555555556	0.5555555555555556	stepfinder	43
True	qwen3-embedding-0.6b	stepfinder.s43	ww	algorithm-generated	39	38,39,40	126	63	0	0	0.2698412698412698	0.4444444444444444	0.4444444444444444	stepfinder	43
True	qwen3-embedding-0.6b	stepfinder.s43	ww	algorithm-generated	40	38,39,40	126	63	0	0	0.2698412698412698	0.4444444444444444	0.4444444444444444	stepfinder	43
True	qwen3-embedding-0.6b	stepfinder.s44	ww	algorithm-generated	38	38,39,40	126	63	0	0	0.19047619047619047	0.4444444444444444	0.4444444444444444	stepfinder	44
True	qwen3-embedding-0.6b	stepfinder.s44	ww	algorithm-generated	39	38,39,40	126	63	0	0	0.2857142857142857	0.4126984126984127	0.4126984126984127	stepfinder	44
True	qwen3-embedding-0.6b	stepfinder.s44	ww	algorithm-generated	40	38,39,40	126	63	0	0	0.23809523809523808	0.4126984126984127	0.4126984126984127	stepfinder	44
True	qwen3-embedding-0.6b	stepfinder.s45	ww	algorithm-generated	38	38,39,40	126	63	0	0	0.12698412698412698	0.3968253968253968	0.3968253968253968	stepfinder	45
True	qwen3-embedding-0.6b	stepfinder.s45	ww	algorithm-generated	39	38,39,40	126	63	0	0	0.19047619047619047	0.4126984126984127	0.4126984126984127	stepfinder	45
True	qwen3-embedding-0.6b	stepfinder.s45	ww	algorithm-generated	40	38,39,40	126	63	0	0	0.15873015873015872	0.4126984126984127	0.4126984126984127	stepfinder	45
True	qwen3-embedding-0.6b	stepfinder.s46	ww	algorithm-generated	38	38,39,40	126	63	0	0	0.2222222222222222	0.42857142857142855	0.42857142857142855	stepfinder	46
True	qwen3-embedding-0.6b	stepfinder.s46	ww	algorithm-generated	39	38,39,40	126	63	0	0	0.25396825396825395	0.3968253968253968	0.3968253968253968	stepfinder	46
True	qwen3-embedding-0.6b	stepfinder.s46	ww	algorithm-generated	40	38,39,40	126	63	0	0	0.2222222222222222	0.38095238095238093	0.38095238095238093	stepfinder	46
True	qwen3.5-9b	oat.s42	ww	hand-crafted	13	13,14,15	58	29	0	0	0.1724137931034483	0.6551724137931034	0.6551724137931034	oat	42
True	qwen3.5-9b	oat.s42	ww	hand-crafted	14	13,14,15	58	29	0	0	0.06896551724137931	0.4482758620689655	0.4482758620689655	oat	42
True	qwen3.5-9b	oat.s42	ww	hand-crafted	15	13,14,15	58	29	0	0	0.0	0.5862068965517241	0.5862068965517241	oat	42
True	qwen3.5-9b	oat.s43	ww	hand-crafted	13	13,14,15	58	29	0	0	0.1724137931034483	0.5172413793103449	0.5172413793103449	oat	43
True	qwen3.5-9b	oat.s43	ww	hand-crafted	14	13,14,15	58	29	0	0	0.06896551724137931	0.41379310344827586	0.41379310344827586	oat	43
True	qwen3.5-9b	oat.s43	ww	hand-crafted	15	13,14,15	58	29	0	0	0.0	0.4827586206896552	0.4827586206896552	oat	43
True	qwen3.5-9b	oat.s44	ww	hand-crafted	13	13,14,15	58	29	0	0	0.1724137931034483	0.6206896551724138	0.6206896551724138	oat	44
True	qwen3.5-9b	oat.s44	ww	hand-crafted	14	13,14,15	58	29	0	0	0.06896551724137931	0.4482758620689655	0.4482758620689655	oat	44
True	qwen3.5-9b	oat.s44	ww	hand-crafted	15	13,14,15	58	29	0	0	0.0	0.5172413793103449	0.5172413793103449	oat	44
True	qwen3.5-9b	oat.s45	ww	hand-crafted	13	13,14,15	58	29	0	0	0.1724137931034483	0.6551724137931034	0.6551724137931034	oat	45
True	qwen3.5-9b	oat.s45	ww	hand-crafted	14	13,14,15	58	29	0	0	0.06896551724137931	0.4482758620689655	0.4482758620689655	oat	45
True	qwen3.5-9b	oat.s45	ww	hand-crafted	15	13,14,15	58	29	0	0	0.0	0.5862068965517241	0.5862068965517241	oat	45
True	qwen3.5-9b	oat.s46	ww	hand-crafted	13	13,14,15	58	29	0	0	0.1724137931034483	0.5862068965517241	0.5862068965517241	oat	46
True	qwen3.5-9b	oat.s46	ww	hand-crafted	14	13,14,15	58	29	0	0	0.06896551724137931	0.41379310344827586	0.41379310344827586	oat	46
True	qwen3.5-9b	oat.s46	ww	hand-crafted	15	13,14,15	58	29	0	0	0.0	0.5517241379310345	0.5517241379310345	oat	46
True	qwen3.5-9b	stepfinder.s42	ww	hand-crafted	13	13,14,15	58	29	0	0	0.1724137931034483	0.41379310344827586	0.41379310344827586	stepfinder	42
True	qwen3.5-9b	stepfinder.s42	ww	hand-crafted	14	13,14,15	58	29	0	0	0.1724137931034483	0.3103448275862069	0.3103448275862069	stepfinder	42
True	qwen3.5-9b	stepfinder.s42	ww	hand-crafted	15	13,14,15	58	29	0	0	0.06896551724137931	0.2413793103448276	0.2413793103448276	stepfinder	42
True	qwen3.5-9b	stepfinder.s43	ww	hand-crafted	13	13,14,15	58	29	0	0	0.13793103448275862	0.3793103448275862	0.3793103448275862	stepfinder	43
True	qwen3.5-9b	stepfinder.s43	ww	hand-crafted	14	13,14,15	58	29	0	0	0.13793103448275862	0.3793103448275862	0.3793103448275862	stepfinder	43
True	qwen3.5-9b	stepfinder.s43	ww	hand-crafted	15	13,14,15	58	29	0	0	0.034482758620689655	0.3103448275862069	0.3103448275862069	stepfinder	43
True	qwen3.5-9b	stepfinder.s44	ww	hand-crafted	13	13,14,15	58	29	0	0	0.1724137931034483	0.4827586206896552	0.4827586206896552	stepfinder	44
True	qwen3.5-9b	stepfinder.s44	ww	hand-crafted	14	13,14,15	58	29	0	0	0.2413793103448276	0.4827586206896552	0.4827586206896552	stepfinder	44
True	qwen3.5-9b	stepfinder.s44	ww	hand-crafted	15	13,14,15	58	29	0	0	0.1724137931034483	0.41379310344827586	0.41379310344827586	stepfinder	44
True	qwen3.5-9b	stepfinder.s45	ww	hand-crafted	13	13,14,15	58	29	0	0	0.034482758620689655	0.3103448275862069	0.3103448275862069	stepfinder	45
True	qwen3.5-9b	stepfinder.s45	ww	hand-crafted	14	13,14,15	58	29	0	0	0.06896551724137931	0.3793103448275862	0.3793103448275862	stepfinder	45
True	qwen3.5-9b	stepfinder.s45	ww	hand-crafted	15	13,14,15	58	29	0	0	0.06896551724137931	0.3103448275862069	0.3103448275862069	stepfinder	45
True	qwen3.5-9b	stepfinder.s46	ww	hand-crafted	13	13,14,15	58	29	0	0	0.1724137931034483	0.41379310344827586	0.41379310344827586	stepfinder	46
True	qwen3.5-9b	stepfinder.s46	ww	hand-crafted	14	13,14,15	58	29	0	0	0.20689655172413793	0.41379310344827586	0.41379310344827586	stepfinder	46
True	qwen3.5-9b	stepfinder.s46	ww	hand-crafted	15	13,14,15	58	29	0	0	0.06896551724137931	0.3103448275862069	0.3103448275862069	stepfinder	46
True	deepseek-8b	oat.s42	ww	hand-crafted	13	13,14,15	58	29	0	0	0.3103448275862069	0.6551724137931034	0.6551724137931034	oat	42
True	deepseek-8b	oat.s42	ww	hand-crafted	14	13,14,15	58	29	0	0	0.1724137931034483	0.5517241379310345	0.5517241379310345	oat	42
True	deepseek-8b	oat.s42	ww	hand-crafted	15	13,14,15	58	29	0	0	0.06896551724137931	0.5172413793103449	0.5172413793103449	oat	42
True	deepseek-8b	oat.s43	ww	hand-crafted	13	13,14,15	58	29	0	0	0.27586206896551724	0.6551724137931034	0.6551724137931034	oat	43
True	deepseek-8b	oat.s43	ww	hand-crafted	14	13,14,15	58	29	0	0	0.13793103448275862	0.5172413793103449	0.5172413793103449	oat	43
True	deepseek-8b	oat.s43	ww	hand-crafted	15	13,14,15	58	29	0	0	0.034482758620689655	0.5172413793103449	0.5172413793103449	oat	43
True	deepseek-8b	oat.s44	ww	hand-crafted	13	13,14,15	58	29	0	0	0.3103448275862069	0.6206896551724138	0.6206896551724138	oat	44
True	deepseek-8b	oat.s44	ww	hand-crafted	14	13,14,15	58	29	0	0	0.1724137931034483	0.4827586206896552	0.4827586206896552	oat	44
True	deepseek-8b	oat.s44	ww	hand-crafted	15	13,14,15	58	29	0	0	0.06896551724137931	0.4827586206896552	0.4827586206896552	oat	44
True	deepseek-8b	oat.s45	ww	hand-crafted	13	13,14,15	58	29	0	0	0.27586206896551724	0.7241379310344828	0.7241379310344828	oat	45
True	deepseek-8b	oat.s45	ww	hand-crafted	14	13,14,15	58	29	0	0	0.13793103448275862	0.5862068965517241	0.5862068965517241	oat	45
True	deepseek-8b	oat.s45	ww	hand-crafted	15	13,14,15	58	29	0	0	0.06896551724137931	0.5517241379310345	0.5517241379310345	oat	45
True	deepseek-8b	oat.s46	ww	hand-crafted	13	13,14,15	58	29	0	0	0.3103448275862069	0.6551724137931034	0.6551724137931034	oat	46
True	deepseek-8b	oat.s46	ww	hand-crafted	14	13,14,15	58	29	0	0	0.13793103448275862	0.5172413793103449	0.5172413793103449	oat	46
True	deepseek-8b	oat.s46	ww	hand-crafted	15	13,14,15	58	29	0	0	0.06896551724137931	0.4482758620689655	0.4482758620689655	oat	46
True	deepseek-8b	stepfinder.s42	ww	hand-crafted	13	13,14,15	58	29	0	0	0.13793103448275862	0.41379310344827586	0.41379310344827586	stepfinder	42
True	deepseek-8b	stepfinder.s42	ww	hand-crafted	14	13,14,15	58	29	0	0	0.13793103448275862	0.3793103448275862	0.3793103448275862	stepfinder	42
True	deepseek-8b	stepfinder.s42	ww	hand-crafted	15	13,14,15	58	29	0	0	0.06896551724137931	0.3448275862068966	0.3448275862068966	stepfinder	42
True	deepseek-8b	stepfinder.s43	ww	hand-crafted	13	13,14,15	58	29	0	0	0.0	0.27586206896551724	0.27586206896551724	stepfinder	43
True	deepseek-8b	stepfinder.s43	ww	hand-crafted	14	13,14,15	58	29	0	0	0.034482758620689655	0.3793103448275862	0.3793103448275862	stepfinder	43
True	deepseek-8b	stepfinder.s43	ww	hand-crafted	15	13,14,15	58	29	0	0	0.06896551724137931	0.20689655172413793	0.20689655172413793	stepfinder	43
True	deepseek-8b	stepfinder.s44	ww	hand-crafted	13	13,14,15	58	29	0	0	0.06896551724137931	0.3793103448275862	0.3793103448275862	stepfinder	44
True	deepseek-8b	stepfinder.s44	ww	hand-crafted	14	13,14,15	58	29	0	0	0.10344827586206896	0.3793103448275862	0.3793103448275862	stepfinder	44
True	deepseek-8b	stepfinder.s44	ww	hand-crafted	15	13,14,15	58	29	0	0	0.034482758620689655	0.3448275862068966	0.3448275862068966	stepfinder	44
True	deepseek-8b	stepfinder.s45	ww	hand-crafted	13	13,14,15	58	29	0	0	0.13793103448275862	0.5172413793103449	0.5172413793103449	stepfinder	45
True	deepseek-8b	stepfinder.s45	ww	hand-crafted	14	13,14,15	58	29	0	0	0.20689655172413793	0.5172413793103449	0.5172413793103449	stepfinder	45
True	deepseek-8b	stepfinder.s45	ww	hand-crafted	15	13,14,15	58	29	0	0	0.06896551724137931	0.41379310344827586	0.41379310344827586	stepfinder	45
True	deepseek-8b	stepfinder.s46	ww	hand-crafted	13	13,14,15	58	29	0	0	0.10344827586206896	0.5172413793103449	0.5172413793103449	stepfinder	46
True	deepseek-8b	stepfinder.s46	ww	hand-crafted	14	13,14,15	58	29	0	0	0.20689655172413793	0.5172413793103449	0.5172413793103449	stepfinder	46
True	deepseek-8b	stepfinder.s46	ww	hand-crafted	15	13,14,15	58	29	0	0	0.10344827586206896	0.4482758620689655	0.4482758620689655	stepfinder	46
True	qwen3-embedding-0.6b	stepfinder.s42	ww	hand-crafted	13	13,14,15	58	29	0	0	0.1724137931034483	0.5862068965517241	0.5862068965517241	stepfinder	42
True	qwen3-embedding-0.6b	stepfinder.s42	ww	hand-crafted	14	13,14,15	58	29	0	0	0.034482758620689655	0.3793103448275862	0.3793103448275862	stepfinder	42
True	qwen3-embedding-0.6b	stepfinder.s42	ww	hand-crafted	15	13,14,15	58	29	0	0	0.10344827586206896	0.3103448275862069	0.3103448275862069	stepfinder	42
True	qwen3-embedding-0.6b	stepfinder.s43	ww	hand-crafted	13	13,14,15	58	29	0	0	0.10344827586206896	0.4482758620689655	0.4482758620689655	stepfinder	43
True	qwen3-embedding-0.6b	stepfinder.s43	ww	hand-crafted	14	13,14,15	58	29	0	0	0.034482758620689655	0.4827586206896552	0.4827586206896552	stepfinder	43
True	qwen3-embedding-0.6b	stepfinder.s43	ww	hand-crafted	15	13,14,15	58	29	0	0	0.10344827586206896	0.5517241379310345	0.5517241379310345	stepfinder	43
True	qwen3-embedding-0.6b	stepfinder.s44	ww	hand-crafted	13	13,14,15	58	29	0	0	0.06896551724137931	0.4827586206896552	0.4827586206896552	stepfinder	44
True	qwen3-embedding-0.6b	stepfinder.s44	ww	hand-crafted	14	13,14,15	58	29	0	0	0.13793103448275862	0.4482758620689655	0.4482758620689655	stepfinder	44
True	qwen3-embedding-0.6b	stepfinder.s44	ww	hand-crafted	15	13,14,15	58	29	0	0	0.1724137931034483	0.4827586206896552	0.4827586206896552	stepfinder	44
True	qwen3-embedding-0.6b	stepfinder.s45	ww	hand-crafted	13	13,14,15	58	29	0	0	0.10344827586206896	0.4482758620689655	0.4482758620689655	stepfinder	45
True	qwen3-embedding-0.6b	stepfinder.s45	ww	hand-crafted	14	13,14,15	58	29	0	0	0.06896551724137931	0.3448275862068966	0.3448275862068966	stepfinder	45
True	qwen3-embedding-0.6b	stepfinder.s45	ww	hand-crafted	15	13,14,15	58	29	0	0	0.06896551724137931	0.3103448275862069	0.3103448275862069	stepfinder	45
True	qwen3-embedding-0.6b	stepfinder.s46	ww	hand-crafted	13	13,14,15	58	29	0	0	0.20689655172413793	0.5172413793103449	0.5172413793103449	stepfinder	46
True	qwen3-embedding-0.6b	stepfinder.s46	ww	hand-crafted	14	13,14,15	58	29	0	0	0.10344827586206896	0.41379310344827586	0.41379310344827586	stepfinder	46
True	qwen3-embedding-0.6b	stepfinder.s46	ww	hand-crafted	15	13,14,15	58	29	0	0	0.06896551724137931	0.3103448275862069	0.3103448275862069	stepfinder	46
True	qwen3.5-9b	oat.s42	traceelephant	magentic	9	9,10,11	91	46	0	0	0.17391304347826086	0.6956521739130435	0.6956521739130435	oat	42
True	qwen3.5-9b	oat.s42	traceelephant	magentic	10	9,10,11	91	46	0	0	0.17391304347826086	0.6739130434782609	0.6739130434782609	oat	42
True	qwen3.5-9b	oat.s42	traceelephant	magentic	11	9,10,11	91	46	0	0	0.21739130434782608	0.6739130434782609	0.6739130434782609	oat	42
True	qwen3.5-9b	oat.s43	traceelephant	magentic	9	9,10,11	91	46	0	0	0.21739130434782608	0.7391304347826086	0.7391304347826086	oat	43
True	qwen3.5-9b	oat.s43	traceelephant	magentic	10	9,10,11	91	46	0	0	0.1956521739130435	0.6956521739130435	0.6956521739130435	oat	43
True	qwen3.5-9b	oat.s43	traceelephant	magentic	11	9,10,11	91	46	0	0	0.2391304347826087	0.717391304347826	0.717391304347826	oat	43
True	qwen3.5-9b	oat.s44	traceelephant	magentic	9	9,10,11	91	46	0	0	0.17391304347826086	0.717391304347826	0.717391304347826	oat	44
True	qwen3.5-9b	oat.s44	traceelephant	magentic	10	9,10,11	91	46	0	0	0.17391304347826086	0.6956521739130435	0.6956521739130435	oat	44
True	qwen3.5-9b	oat.s44	traceelephant	magentic	11	9,10,11	91	46	0	0	0.1956521739130435	0.7391304347826086	0.7391304347826086	oat	44
True	qwen3.5-9b	oat.s45	traceelephant	magentic	9	9,10,11	91	46	0	0	0.17391304347826086	0.6956521739130435	0.6956521739130435	oat	45
True	qwen3.5-9b	oat.s45	traceelephant	magentic	10	9,10,11	91	46	0	0	0.21739130434782608	0.6956521739130435	0.6956521739130435	oat	45
True	qwen3.5-9b	oat.s45	traceelephant	magentic	11	9,10,11	91	46	0	0	0.21739130434782608	0.7391304347826086	0.7391304347826086	oat	45
True	qwen3.5-9b	oat.s46	traceelephant	magentic	9	9,10,11	91	46	0	0	0.17391304347826086	0.6739130434782609	0.6739130434782609	oat	46
True	qwen3.5-9b	oat.s46	traceelephant	magentic	10	9,10,11	91	46	0	0	0.21739130434782608	0.6739130434782609	0.6739130434782609	oat	46
True	qwen3.5-9b	oat.s46	traceelephant	magentic	11	9,10,11	91	46	0	0	0.2391304347826087	0.6739130434782609	0.6739130434782609	oat	46
True	qwen3.5-9b	stepfinder.s42	traceelephant	magentic	9	9,10,11	91	46	0	0	0.06521739130434782	0.5869565217391305	0.5869565217391305	stepfinder	42
True	qwen3.5-9b	stepfinder.s42	traceelephant	magentic	10	9,10,11	91	46	0	0	0.10869565217391304	0.6304347826086957	0.6304347826086957	stepfinder	42
True	qwen3.5-9b	stepfinder.s42	traceelephant	magentic	11	9,10,11	91	46	0	0	0.10869565217391304	0.6521739130434783	0.6521739130434783	stepfinder	42
True	qwen3.5-9b	stepfinder.s43	traceelephant	magentic	9	9,10,11	91	46	0	0	0.06521739130434782	0.5652173913043478	0.5652173913043478	stepfinder	43
True	qwen3.5-9b	stepfinder.s43	traceelephant	magentic	10	9,10,11	91	46	0	0	0.08695652173913043	0.5652173913043478	0.5652173913043478	stepfinder	43
True	qwen3.5-9b	stepfinder.s43	traceelephant	magentic	11	9,10,11	91	46	0	0	0.08695652173913043	0.5652173913043478	0.5652173913043478	stepfinder	43
True	qwen3.5-9b	stepfinder.s44	traceelephant	magentic	9	9,10,11	91	46	0	0	0.043478260869565216	0.6086956521739131	0.6086956521739131	stepfinder	44
True	qwen3.5-9b	stepfinder.s44	traceelephant	magentic	10	9,10,11	91	46	0	0	0.13043478260869565	0.6086956521739131	0.6086956521739131	stepfinder	44
True	qwen3.5-9b	stepfinder.s44	traceelephant	magentic	11	9,10,11	91	46	0	0	0.08695652173913043	0.6086956521739131	0.6086956521739131	stepfinder	44
True	qwen3.5-9b	stepfinder.s45	traceelephant	magentic	9	9,10,11	91	46	0	0	0.10869565217391304	0.5434782608695652	0.5434782608695652	stepfinder	45
True	qwen3.5-9b	stepfinder.s45	traceelephant	magentic	10	9,10,11	91	46	0	0	0.10869565217391304	0.6521739130434783	0.6521739130434783	stepfinder	45
True	qwen3.5-9b	stepfinder.s45	traceelephant	magentic	11	9,10,11	91	46	0	0	0.10869565217391304	0.6956521739130435	0.6956521739130435	stepfinder	45
True	qwen3.5-9b	stepfinder.s46	traceelephant	magentic	9	9,10,11	91	46	0	0	0.06521739130434782	0.5869565217391305	0.5869565217391305	stepfinder	46
True	qwen3.5-9b	stepfinder.s46	traceelephant	magentic	10	9,10,11	91	46	0	0	0.08695652173913043	0.5652173913043478	0.5652173913043478	stepfinder	46
True	qwen3.5-9b	stepfinder.s46	traceelephant	magentic	11	9,10,11	91	46	0	0	0.08695652173913043	0.5434782608695652	0.5434782608695652	stepfinder	46
True	deepseek-8b	oat.s42	traceelephant	magentic	9	9,10,11	91	46	0	0	0.17391304347826086	0.6304347826086957	0.6304347826086957	oat	42
True	deepseek-8b	oat.s42	traceelephant	magentic	10	9,10,11	91	46	0	0	0.10869565217391304	0.717391304347826	0.717391304347826	oat	42
True	deepseek-8b	oat.s42	traceelephant	magentic	11	9,10,11	91	46	0	0	0.21739130434782608	0.6956521739130435	0.6956521739130435	oat	42
True	deepseek-8b	oat.s43	traceelephant	magentic	9	9,10,11	91	46	0	0	0.13043478260869565	0.6304347826086957	0.6304347826086957	oat	43
True	deepseek-8b	oat.s43	traceelephant	magentic	10	9,10,11	91	46	0	0	0.08695652173913043	0.6956521739130435	0.6956521739130435	oat	43
True	deepseek-8b	oat.s43	traceelephant	magentic	11	9,10,11	91	46	0	0	0.1956521739130435	0.6956521739130435	0.6956521739130435	oat	43
True	deepseek-8b	oat.s44	traceelephant	magentic	9	9,10,11	91	46	0	0	0.13043478260869565	0.6304347826086957	0.6304347826086957	oat	44
True	deepseek-8b	oat.s44	traceelephant	magentic	10	9,10,11	91	46	0	0	0.06521739130434782	0.6739130434782609	0.6739130434782609	oat	44
True	deepseek-8b	oat.s44	traceelephant	magentic	11	9,10,11	91	46	0	0	0.1956521739130435	0.6956521739130435	0.6956521739130435	oat	44
True	deepseek-8b	oat.s45	traceelephant	magentic	9	9,10,11	91	46	0	0	0.10869565217391304	0.6521739130434783	0.6521739130434783	oat	45
True	deepseek-8b	oat.s45	traceelephant	magentic	10	9,10,11	91	46	0	0	0.08695652173913043	0.6956521739130435	0.6956521739130435	oat	45
True	deepseek-8b	oat.s45	traceelephant	magentic	11	9,10,11	91	46	0	0	0.17391304347826086	0.6956521739130435	0.6956521739130435	oat	45
True	deepseek-8b	oat.s46	traceelephant	magentic	9	9,10,11	91	46	0	0	0.13043478260869565	0.6304347826086957	0.6304347826086957	oat	46
True	deepseek-8b	oat.s46	traceelephant	magentic	10	9,10,11	91	46	0	0	0.08695652173913043	0.6956521739130435	0.6956521739130435	oat	46
True	deepseek-8b	oat.s46	traceelephant	magentic	11	9,10,11	91	46	0	0	0.17391304347826086	0.717391304347826	0.717391304347826	oat	46
True	deepseek-8b	stepfinder.s42	traceelephant	magentic	9	9,10,11	91	46	0	0	0.08695652173913043	0.7391304347826086	0.7391304347826086	stepfinder	42
True	deepseek-8b	stepfinder.s42	traceelephant	magentic	10	9,10,11	91	46	0	0	0.06521739130434782	0.6086956521739131	0.6086956521739131	stepfinder	42
True	deepseek-8b	stepfinder.s42	traceelephant	magentic	11	9,10,11	91	46	0	0	0.08695652173913043	0.6521739130434783	0.6521739130434783	stepfinder	42
True	deepseek-8b	stepfinder.s43	traceelephant	magentic	9	9,10,11	91	46	0	0	0.021739130434782608	0.45652173913043476	0.45652173913043476	stepfinder	43
True	deepseek-8b	stepfinder.s43	traceelephant	magentic	10	9,10,11	91	46	0	0	0.0	0.3695652173913043	0.3695652173913043	stepfinder	43
True	deepseek-8b	stepfinder.s43	traceelephant	magentic	11	9,10,11	91	46	0	0	0.021739130434782608	0.45652173913043476	0.45652173913043476	stepfinder	43
True	deepseek-8b	stepfinder.s44	traceelephant	magentic	9	9,10,11	91	46	0	0	0.06521739130434782	0.5	0.5	stepfinder	44
True	deepseek-8b	stepfinder.s44	traceelephant	magentic	10	9,10,11	91	46	0	0	0.043478260869565216	0.45652173913043476	0.45652173913043476	stepfinder	44
True	deepseek-8b	stepfinder.s44	traceelephant	magentic	11	9,10,11	91	46	0	0	0.06521739130434782	0.6086956521739131	0.6086956521739131	stepfinder	44
True	deepseek-8b	stepfinder.s45	traceelephant	magentic	9	9,10,11	91	46	0	0	0.06521739130434782	0.43478260869565216	0.43478260869565216	stepfinder	45
True	deepseek-8b	stepfinder.s45	traceelephant	magentic	10	9,10,11	91	46	0	0	0.06521739130434782	0.5	0.5	stepfinder	45
True	deepseek-8b	stepfinder.s45	traceelephant	magentic	11	9,10,11	91	46	0	0	0.10869565217391304	0.5	0.5	stepfinder	45
True	deepseek-8b	stepfinder.s46	traceelephant	magentic	9	9,10,11	91	46	0	0	0.06521739130434782	0.45652173913043476	0.45652173913043476	stepfinder	46
True	deepseek-8b	stepfinder.s46	traceelephant	magentic	10	9,10,11	91	46	0	0	0.06521739130434782	0.41304347826086957	0.41304347826086957	stepfinder	46
True	deepseek-8b	stepfinder.s46	traceelephant	magentic	11	9,10,11	91	46	0	0	0.10869565217391304	0.4782608695652174	0.4782608695652174	stepfinder	46
True	qwen3-embedding-0.6b	stepfinder.s42	traceelephant	magentic	9	9,10,11	91	46	0	0	0.1956521739130435	0.6956521739130435	0.6956521739130435	stepfinder	42
True	qwen3-embedding-0.6b	stepfinder.s42	traceelephant	magentic	10	9,10,11	91	46	0	0	0.1956521739130435	0.7391304347826086	0.7391304347826086	stepfinder	42
True	qwen3-embedding-0.6b	stepfinder.s42	traceelephant	magentic	11	9,10,11	91	46	0	0	0.1956521739130435	0.717391304347826	0.717391304347826	stepfinder	42
True	qwen3-embedding-0.6b	stepfinder.s43	traceelephant	magentic	9	9,10,11	91	46	0	0	0.21739130434782608	0.8043478260869565	0.8043478260869565	stepfinder	43
True	qwen3-embedding-0.6b	stepfinder.s43	traceelephant	magentic	10	9,10,11	91	46	0	0	0.2608695652173913	0.782608695652174	0.782608695652174	stepfinder	43
True	qwen3-embedding-0.6b	stepfinder.s43	traceelephant	magentic	11	9,10,11	91	46	0	0	0.1956521739130435	0.7608695652173914	0.7608695652173914	stepfinder	43
True	qwen3-embedding-0.6b	stepfinder.s44	traceelephant	magentic	9	9,10,11	91	46	0	0	0.08695652173913043	0.6086956521739131	0.6086956521739131	stepfinder	44
True	qwen3-embedding-0.6b	stepfinder.s44	traceelephant	magentic	10	9,10,11	91	46	0	0	0.08695652173913043	0.6304347826086957	0.6304347826086957	stepfinder	44
True	qwen3-embedding-0.6b	stepfinder.s44	traceelephant	magentic	11	9,10,11	91	46	0	0	0.08695652173913043	0.6304347826086957	0.6304347826086957	stepfinder	44
True	qwen3-embedding-0.6b	stepfinder.s45	traceelephant	magentic	9	9,10,11	91	46	0	0	0.13043478260869565	0.6956521739130435	0.6956521739130435	stepfinder	45
True	qwen3-embedding-0.6b	stepfinder.s45	traceelephant	magentic	10	9,10,11	91	46	0	0	0.1956521739130435	0.717391304347826	0.717391304347826	stepfinder	45
True	qwen3-embedding-0.6b	stepfinder.s45	traceelephant	magentic	11	9,10,11	91	46	0	0	0.13043478260869565	0.6956521739130435	0.6956521739130435	stepfinder	45
True	qwen3-embedding-0.6b	stepfinder.s46	traceelephant	magentic	9	9,10,11	91	46	0	0	0.1956521739130435	0.717391304347826	0.717391304347826	stepfinder	46
True	qwen3-embedding-0.6b	stepfinder.s46	traceelephant	magentic	10	9,10,11	91	46	0	0	0.1956521739130435	0.7608695652173914	0.7608695652173914	stepfinder	46
True	qwen3-embedding-0.6b	stepfinder.s46	traceelephant	magentic	11	9,10,11	91	46	0	0	0.21739130434782608	0.7608695652173914	0.7608695652173914	stepfinder	46
True	qwen3.5-9b	oat.s42	traceelephant	captain	2	2,3,4	85	43	0	0	0.18604651162790697	0.5348837209302325	0.5348837209302325	oat	42
True	qwen3.5-9b	oat.s42	traceelephant	captain	3	2,3,4	85	43	0	0	0.23255813953488372	0.5813953488372093	0.5813953488372093	oat	42
True	qwen3.5-9b	oat.s42	traceelephant	captain	4	2,3,4	85	43	0	0	0.13953488372093023	0.4186046511627907	0.4186046511627907	oat	42
True	qwen3.5-9b	oat.s43	traceelephant	captain	2	2,3,4	85	43	0	0	0.13953488372093023	0.4418604651162791	0.4418604651162791	oat	43
True	qwen3.5-9b	oat.s43	traceelephant	captain	3	2,3,4	85	43	0	0	0.20930232558139536	0.5581395348837209	0.5581395348837209	oat	43
True	qwen3.5-9b	oat.s43	traceelephant	captain	4	2,3,4	85	43	0	0	0.09302325581395349	0.46511627906976744	0.46511627906976744	oat	43
True	qwen3.5-9b	oat.s44	traceelephant	captain	2	2,3,4	85	43	0	0	0.18604651162790697	0.4883720930232558	0.4883720930232558	oat	44
True	qwen3.5-9b	oat.s44	traceelephant	captain	3	2,3,4	85	43	0	0	0.2558139534883721	0.5813953488372093	0.5813953488372093	oat	44
True	qwen3.5-9b	oat.s44	traceelephant	captain	4	2,3,4	85	43	0	0	0.11627906976744186	0.4186046511627907	0.4186046511627907	oat	44
True	qwen3.5-9b	oat.s45	traceelephant	captain	2	2,3,4	85	43	0	0	0.20930232558139536	0.5116279069767442	0.5116279069767442	oat	45
True	qwen3.5-9b	oat.s45	traceelephant	captain	3	2,3,4	85	43	0	0	0.2558139534883721	0.5813953488372093	0.5813953488372093	oat	45
True	qwen3.5-9b	oat.s45	traceelephant	captain	4	2,3,4	85	43	0	0	0.09302325581395349	0.4418604651162791	0.4418604651162791	oat	45
True	qwen3.5-9b	oat.s46	traceelephant	captain	2	2,3,4	85	43	0	0	0.20930232558139536	0.5581395348837209	0.5581395348837209	oat	46
True	qwen3.5-9b	oat.s46	traceelephant	captain	3	2,3,4	85	43	0	0	0.2558139534883721	0.6046511627906976	0.6046511627906976	oat	46
True	qwen3.5-9b	oat.s46	traceelephant	captain	4	2,3,4	85	43	0	0	0.11627906976744186	0.4418604651162791	0.4418604651162791	oat	46
True	qwen3.5-9b	stepfinder.s42	traceelephant	captain	2	2,3,4	85	43	0	0	0.09302325581395349	0.3488372093023256	0.3488372093023256	stepfinder	42
True	qwen3.5-9b	stepfinder.s42	traceelephant	captain	3	2,3,4	85	43	0	0	0.11627906976744186	0.3953488372093023	0.3953488372093023	stepfinder	42
True	qwen3.5-9b	stepfinder.s42	traceelephant	captain	4	2,3,4	85	43	0	0	0.13953488372093023	0.46511627906976744	0.46511627906976744	stepfinder	42
True	qwen3.5-9b	stepfinder.s43	traceelephant	captain	2	2,3,4	85	43	0	0	0.20930232558139536	0.5116279069767442	0.5116279069767442	stepfinder	43
True	qwen3.5-9b	stepfinder.s43	traceelephant	captain	3	2,3,4	85	43	0	0	0.2558139534883721	0.5581395348837209	0.5581395348837209	stepfinder	43
True	qwen3.5-9b	stepfinder.s43	traceelephant	captain	4	2,3,4	85	43	0	0	0.046511627906976744	0.37209302325581395	0.37209302325581395	stepfinder	43
True	qwen3.5-9b	stepfinder.s44	traceelephant	captain	2	2,3,4	85	43	0	0	0.11627906976744186	0.3953488372093023	0.3953488372093023	stepfinder	44
True	qwen3.5-9b	stepfinder.s44	traceelephant	captain	3	2,3,4	85	43	0	0	0.16279069767441862	0.4883720930232558	0.4883720930232558	stepfinder	44
True	qwen3.5-9b	stepfinder.s44	traceelephant	captain	4	2,3,4	85	43	0	0	0.09302325581395349	0.3953488372093023	0.3953488372093023	stepfinder	44
True	qwen3.5-9b	stepfinder.s45	traceelephant	captain	2	2,3,4	85	43	0	0	0.16279069767441862	0.4186046511627907	0.4186046511627907	stepfinder	45
True	qwen3.5-9b	stepfinder.s45	traceelephant	captain	3	2,3,4	85	43	0	0	0.20930232558139536	0.46511627906976744	0.46511627906976744	stepfinder	45
True	qwen3.5-9b	stepfinder.s45	traceelephant	captain	4	2,3,4	85	43	0	0	0.046511627906976744	0.32558139534883723	0.32558139534883723	stepfinder	45
True	qwen3.5-9b	stepfinder.s46	traceelephant	captain	2	2,3,4	85	43	0	0	0.13953488372093023	0.37209302325581395	0.37209302325581395	stepfinder	46
True	qwen3.5-9b	stepfinder.s46	traceelephant	captain	3	2,3,4	85	43	0	0	0.20930232558139536	0.4883720930232558	0.4883720930232558	stepfinder	46
True	qwen3.5-9b	stepfinder.s46	traceelephant	captain	4	2,3,4	85	43	0	0	0.046511627906976744	0.37209302325581395	0.37209302325581395	stepfinder	46
True	deepseek-8b	oat.s42	traceelephant	captain	2	2,3,4	85	43	0	0	0.16279069767441862	0.5116279069767442	0.5116279069767442	oat	42
True	deepseek-8b	oat.s42	traceelephant	captain	3	2,3,4	85	43	0	0	0.2558139534883721	0.627906976744186	0.627906976744186	oat	42
True	deepseek-8b	oat.s42	traceelephant	captain	4	2,3,4	85	43	0	0	0.18604651162790697	0.46511627906976744	0.46511627906976744	oat	42
True	deepseek-8b	oat.s43	traceelephant	captain	2	2,3,4	85	43	0	0	0.16279069767441862	0.4883720930232558	0.4883720930232558	oat	43
True	deepseek-8b	oat.s43	traceelephant	captain	3	2,3,4	85	43	0	0	0.2558139534883721	0.627906976744186	0.627906976744186	oat	43
True	deepseek-8b	oat.s43	traceelephant	captain	4	2,3,4	85	43	0	0	0.16279069767441862	0.4418604651162791	0.4418604651162791	oat	43
True	deepseek-8b	oat.s44	traceelephant	captain	2	2,3,4	85	43	0	0	0.09302325581395349	0.46511627906976744	0.46511627906976744	oat	44
True	deepseek-8b	oat.s44	traceelephant	captain	3	2,3,4	85	43	0	0	0.20930232558139536	0.5581395348837209	0.5581395348837209	oat	44
True	deepseek-8b	oat.s44	traceelephant	captain	4	2,3,4	85	43	0	0	0.16279069767441862	0.46511627906976744	0.46511627906976744	oat	44
True	deepseek-8b	oat.s45	traceelephant	captain	2	2,3,4	85	43	0	0	0.13953488372093023	0.5581395348837209	0.5581395348837209	oat	45
True	deepseek-8b	oat.s45	traceelephant	captain	3	2,3,4	85	43	0	0	0.20930232558139536	0.5813953488372093	0.5813953488372093	oat	45
True	deepseek-8b	oat.s45	traceelephant	captain	4	2,3,4	85	43	0	0	0.13953488372093023	0.4418604651162791	0.4418604651162791	oat	45
True	deepseek-8b	oat.s46	traceelephant	captain	2	2,3,4	85	43	0	0	0.16279069767441862	0.5116279069767442	0.5116279069767442	oat	46
True	deepseek-8b	oat.s46	traceelephant	captain	3	2,3,4	85	43	0	0	0.2558139534883721	0.5813953488372093	0.5813953488372093	oat	46
True	deepseek-8b	oat.s46	traceelephant	captain	4	2,3,4	85	43	0	0	0.16279069767441862	0.4418604651162791	0.4418604651162791	oat	46
True	deepseek-8b	stepfinder.s42	traceelephant	captain	2	2,3,4	85	43	0	0	0.18604651162790697	0.5348837209302325	0.5348837209302325	stepfinder	42
True	deepseek-8b	stepfinder.s42	traceelephant	captain	3	2,3,4	85	43	0	0	0.20930232558139536	0.5581395348837209	0.5581395348837209	stepfinder	42
True	deepseek-8b	stepfinder.s42	traceelephant	captain	4	2,3,4	85	43	0	0	0.2558139534883721	0.5813953488372093	0.5813953488372093	stepfinder	42
True	deepseek-8b	stepfinder.s43	traceelephant	captain	2	2,3,4	85	43	0	0	0.09302325581395349	0.4186046511627907	0.4186046511627907	stepfinder	43
True	deepseek-8b	stepfinder.s43	traceelephant	captain	3	2,3,4	85	43	0	0	0.20930232558139536	0.5813953488372093	0.5813953488372093	stepfinder	43
True	deepseek-8b	stepfinder.s43	traceelephant	captain	4	2,3,4	85	43	0	0	0.18604651162790697	0.6046511627906976	0.6046511627906976	stepfinder	43
True	deepseek-8b	stepfinder.s44	traceelephant	captain	2	2,3,4	85	43	0	0	0.0	0.37209302325581395	0.37209302325581395	stepfinder	44
True	deepseek-8b	stepfinder.s44	traceelephant	captain	3	2,3,4	85	43	0	0	0.023255813953488372	0.23255813953488372	0.23255813953488372	stepfinder	44
True	deepseek-8b	stepfinder.s44	traceelephant	captain	4	2,3,4	85	43	0	0	0.06976744186046512	0.32558139534883723	0.32558139534883723	stepfinder	44
True	deepseek-8b	stepfinder.s45	traceelephant	captain	2	2,3,4	85	43	0	0	0.20930232558139536	0.46511627906976744	0.46511627906976744	stepfinder	45
True	deepseek-8b	stepfinder.s45	traceelephant	captain	3	2,3,4	85	43	0	0	0.23255813953488372	0.6046511627906976	0.6046511627906976	stepfinder	45
True	deepseek-8b	stepfinder.s45	traceelephant	captain	4	2,3,4	85	43	0	0	0.11627906976744186	0.4418604651162791	0.4418604651162791	stepfinder	45
True	deepseek-8b	stepfinder.s46	traceelephant	captain	2	2,3,4	85	43	0	0	0.11627906976744186	0.4883720930232558	0.4883720930232558	stepfinder	46
True	deepseek-8b	stepfinder.s46	traceelephant	captain	3	2,3,4	85	43	0	0	0.18604651162790697	0.627906976744186	0.627906976744186	stepfinder	46
True	deepseek-8b	stepfinder.s46	traceelephant	captain	4	2,3,4	85	43	0	0	0.16279069767441862	0.5813953488372093	0.5813953488372093	stepfinder	46
True	qwen3-embedding-0.6b	stepfinder.s42	traceelephant	captain	2	2,3,4	85	43	0	0	0.18604651162790697	0.4883720930232558	0.4883720930232558	stepfinder	42
True	qwen3-embedding-0.6b	stepfinder.s42	traceelephant	captain	3	2,3,4	85	43	0	0	0.20930232558139536	0.4883720930232558	0.4883720930232558	stepfinder	42
True	qwen3-embedding-0.6b	stepfinder.s42	traceelephant	captain	4	2,3,4	85	43	0	0	0.11627906976744186	0.3488372093023256	0.3488372093023256	stepfinder	42
True	qwen3-embedding-0.6b	stepfinder.s43	traceelephant	captain	2	2,3,4	85	43	0	0	0.13953488372093023	0.4418604651162791	0.4418604651162791	stepfinder	43
True	qwen3-embedding-0.6b	stepfinder.s43	traceelephant	captain	3	2,3,4	85	43	0	0	0.18604651162790697	0.6046511627906976	0.6046511627906976	stepfinder	43
True	qwen3-embedding-0.6b	stepfinder.s43	traceelephant	captain	4	2,3,4	85	43	0	0	0.16279069767441862	0.6046511627906976	0.6046511627906976	stepfinder	43
True	qwen3-embedding-0.6b	stepfinder.s44	traceelephant	captain	2	2,3,4	85	43	0	0	0.13953488372093023	0.4186046511627907	0.4186046511627907	stepfinder	44
True	qwen3-embedding-0.6b	stepfinder.s44	traceelephant	captain	3	2,3,4	85	43	0	0	0.18604651162790697	0.4883720930232558	0.4883720930232558	stepfinder	44
True	qwen3-embedding-0.6b	stepfinder.s44	traceelephant	captain	4	2,3,4	85	43	0	0	0.09302325581395349	0.4186046511627907	0.4186046511627907	stepfinder	44
True	qwen3-embedding-0.6b	stepfinder.s45	traceelephant	captain	2	2,3,4	85	43	0	0	0.13953488372093023	0.46511627906976744	0.46511627906976744	stepfinder	45
True	qwen3-embedding-0.6b	stepfinder.s45	traceelephant	captain	3	2,3,4	85	43	0	0	0.16279069767441862	0.5116279069767442	0.5116279069767442	stepfinder	45
True	qwen3-embedding-0.6b	stepfinder.s45	traceelephant	captain	4	2,3,4	85	43	0	0	0.13953488372093023	0.5116279069767442	0.5116279069767442	stepfinder	45
True	qwen3-embedding-0.6b	stepfinder.s46	traceelephant	captain	2	2,3,4	85	43	0	0	0.13953488372093023	0.4418604651162791	0.4418604651162791	stepfinder	46
True	qwen3-embedding-0.6b	stepfinder.s46	traceelephant	captain	3	2,3,4	85	43	0	0	0.13953488372093023	0.5348837209302325	0.5348837209302325	stepfinder	46
True	qwen3-embedding-0.6b	stepfinder.s46	traceelephant	captain	4	2,3,4	85	43	0	0	0.11627906976744186	0.5348837209302325	0.5348837209302325	stepfinder	46
True	qwen3.5-9b	oat.s42	correct-error	arc	17	17,18,19	304	152	0	0	0.8486842105263158	0.8552631578947368	0.8552631578947368	oat	42
True	qwen3.5-9b	oat.s42	correct-error	arc	18	17,18,19	304	152	0	0	0.8421052631578947	0.8618421052631579	0.8618421052631579	oat	42
True	qwen3.5-9b	oat.s42	correct-error	arc	19	17,18,19	304	152	0	0	0.8026315789473685	0.8092105263157895	0.8092105263157895	oat	42
True	qwen3.5-9b	oat.s43	correct-error	arc	17	17,18,19	304	152	0	0	0.8552631578947368	0.868421052631579	0.868421052631579	oat	43
True	qwen3.5-9b	oat.s43	correct-error	arc	18	17,18,19	304	152	0	0	0.8486842105263158	0.8947368421052632	0.8947368421052632	oat	43
True	qwen3.5-9b	oat.s43	correct-error	arc	19	17,18,19	304	152	0	0	0.8026315789473685	0.8157894736842105	0.8157894736842105	oat	43
True	qwen3.5-9b	oat.s44	correct-error	arc	17	17,18,19	304	152	0	0	0.8552631578947368	0.868421052631579	0.868421052631579	oat	44
True	qwen3.5-9b	oat.s44	correct-error	arc	18	17,18,19	304	152	0	0	0.8486842105263158	0.868421052631579	0.868421052631579	oat	44
True	qwen3.5-9b	oat.s44	correct-error	arc	19	17,18,19	304	152	0	0	0.8092105263157895	0.8157894736842105	0.8157894736842105	oat	44
True	qwen3.5-9b	oat.s45	correct-error	arc	17	17,18,19	304	152	0	0	0.8486842105263158	0.8552631578947368	0.8552631578947368	oat	45
True	qwen3.5-9b	oat.s45	correct-error	arc	18	17,18,19	304	152	0	0	0.8421052631578947	0.881578947368421	0.881578947368421	oat	45
True	qwen3.5-9b	oat.s45	correct-error	arc	19	17,18,19	304	152	0	0	0.8026315789473685	0.8157894736842105	0.8157894736842105	oat	45
True	qwen3.5-9b	oat.s46	correct-error	arc	17	17,18,19	304	152	0	0	0.8486842105263158	0.8618421052631579	0.8618421052631579	oat	46
True	qwen3.5-9b	oat.s46	correct-error	arc	18	17,18,19	304	152	0	0	0.8421052631578947	0.875	0.875	oat	46
True	qwen3.5-9b	oat.s46	correct-error	arc	19	17,18,19	304	152	0	0	0.8026315789473685	0.8223684210526315	0.8223684210526315	oat	46
True	qwen3.5-9b	stepfinder.s42	correct-error	arc	17	17,18,19	304	152	0	0	0.34868421052631576	0.46710526315789475	0.46710526315789475	stepfinder	42
True	qwen3.5-9b	stepfinder.s42	correct-error	arc	18	17,18,19	304	152	0	0	0.3881578947368421	0.4868421052631579	0.4868421052631579	stepfinder	42
True	qwen3.5-9b	stepfinder.s42	correct-error	arc	19	17,18,19	304	152	0	0	0.3618421052631579	0.5131578947368421	0.5131578947368421	stepfinder	42
True	qwen3.5-9b	stepfinder.s43	correct-error	arc	17	17,18,19	304	152	0	0	0.3223684210526316	0.40131578947368424	0.40131578947368424	stepfinder	43
True	qwen3.5-9b	stepfinder.s43	correct-error	arc	18	17,18,19	304	152	0	0	0.3157894736842105	0.40789473684210525	0.40789473684210525	stepfinder	43
True	qwen3.5-9b	stepfinder.s43	correct-error	arc	19	17,18,19	304	152	0	0	0.28289473684210525	0.3881578947368421	0.3881578947368421	stepfinder	43
True	qwen3.5-9b	stepfinder.s44	correct-error	arc	17	17,18,19	304	152	0	0	0.375	0.45394736842105265	0.45394736842105265	stepfinder	44
True	qwen3.5-9b	stepfinder.s44	correct-error	arc	18	17,18,19	304	152	0	0	0.3815789473684211	0.4605263157894737	0.4605263157894737	stepfinder	44
True	qwen3.5-9b	stepfinder.s44	correct-error	arc	19	17,18,19	304	152	0	0	0.34868421052631576	0.45394736842105265	0.45394736842105265	stepfinder	44
True	qwen3.5-9b	stepfinder.s45	correct-error	arc	17	17,18,19	304	152	0	0	0.35526315789473684	0.4342105263157895	0.4342105263157895	stepfinder	45
True	qwen3.5-9b	stepfinder.s45	correct-error	arc	18	17,18,19	304	152	0	0	0.35526315789473684	0.4473684210526316	0.4473684210526316	stepfinder	45
True	qwen3.5-9b	stepfinder.s45	correct-error	arc	19	17,18,19	304	152	0	0	0.3223684210526316	0.4276315789473684	0.4276315789473684	stepfinder	45
True	qwen3.5-9b	stepfinder.s46	correct-error	arc	17	17,18,19	304	152	0	0	0.3157894736842105	0.40131578947368424	0.40131578947368424	stepfinder	46
True	qwen3.5-9b	stepfinder.s46	correct-error	arc	18	17,18,19	304	152	0	0	0.3618421052631579	0.4407894736842105	0.4407894736842105	stepfinder	46
True	qwen3.5-9b	stepfinder.s46	correct-error	arc	19	17,18,19	304	152	0	0	0.34868421052631576	0.46710526315789475	0.46710526315789475	stepfinder	46
True	deepseek-8b	oat.s42	correct-error	arc	17	17,18,19	304	152	0	0	0.8618421052631579	0.8618421052631579	0.8618421052631579	oat	42
True	deepseek-8b	oat.s42	correct-error	arc	18	17,18,19	304	152	0	0	0.8421052631578947	0.8618421052631579	0.8618421052631579	oat	42
True	deepseek-8b	oat.s42	correct-error	arc	19	17,18,19	304	152	0	0	0.7828947368421053	0.7960526315789473	0.7960526315789473	oat	42
True	deepseek-8b	oat.s43	correct-error	arc	17	17,18,19	304	152	0	0	0.8618421052631579	0.868421052631579	0.868421052631579	oat	43
True	deepseek-8b	oat.s43	correct-error	arc	18	17,18,19	304	152	0	0	0.8421052631578947	0.875	0.875	oat	43
True	deepseek-8b	oat.s43	correct-error	arc	19	17,18,19	304	152	0	0	0.7894736842105263	0.8026315789473685	0.8026315789473685	oat	43
True	deepseek-8b	oat.s44	correct-error	arc	17	17,18,19	304	152	0	0	0.8618421052631579	0.8618421052631579	0.8618421052631579	oat	44
True	deepseek-8b	oat.s44	correct-error	arc	18	17,18,19	304	152	0	0	0.8421052631578947	0.868421052631579	0.868421052631579	oat	44
True	deepseek-8b	oat.s44	correct-error	arc	19	17,18,19	304	152	0	0	0.7894736842105263	0.8026315789473685	0.8026315789473685	oat	44
True	deepseek-8b	oat.s45	correct-error	arc	17	17,18,19	304	152	0	0	0.868421052631579	0.875	0.875	oat	45
True	deepseek-8b	oat.s45	correct-error	arc	18	17,18,19	304	152	0	0	0.8486842105263158	0.881578947368421	0.881578947368421	oat	45
True	deepseek-8b	oat.s45	correct-error	arc	19	17,18,19	304	152	0	0	0.8026315789473685	0.8092105263157895	0.8092105263157895	oat	45
True	deepseek-8b	oat.s46	correct-error	arc	17	17,18,19	304	152	0	0	0.8618421052631579	0.881578947368421	0.881578947368421	oat	46
True	deepseek-8b	oat.s46	correct-error	arc	18	17,18,19	304	152	0	0	0.8421052631578947	0.8881578947368421	0.8881578947368421	oat	46
True	deepseek-8b	oat.s46	correct-error	arc	19	17,18,19	304	152	0	0	0.7894736842105263	0.8026315789473685	0.8026315789473685	oat	46
True	deepseek-8b	stepfinder.s42	correct-error	arc	17	17,18,19	304	152	0	0	0.4144736842105263	0.5526315789473685	0.5526315789473685	stepfinder	42
True	deepseek-8b	stepfinder.s42	correct-error	arc	18	17,18,19	304	152	0	0	0.5197368421052632	0.6052631578947368	0.6052631578947368	stepfinder	42
True	deepseek-8b	stepfinder.s42	correct-error	arc	19	17,18,19	304	152	0	0	0.4342105263157895	0.5723684210526315	0.5723684210526315	stepfinder	42
True	deepseek-8b	stepfinder.s43	correct-error	arc	17	17,18,19	304	152	0	0	0.18421052631578946	0.2894736842105263	0.2894736842105263	stepfinder	43
True	deepseek-8b	stepfinder.s43	correct-error	arc	18	17,18,19	304	152	0	0	0.17763157894736842	0.2631578947368421	0.2631578947368421	stepfinder	43
True	deepseek-8b	stepfinder.s43	correct-error	arc	19	17,18,19	304	152	0	0	0.17105263157894737	0.28289473684210525	0.28289473684210525	stepfinder	43
True	deepseek-8b	stepfinder.s44	correct-error	arc	17	17,18,19	304	152	0	0	0.375	0.47368421052631576	0.47368421052631576	stepfinder	44
True	deepseek-8b	stepfinder.s44	correct-error	arc	18	17,18,19	304	152	0	0	0.375	0.4605263157894737	0.4605263157894737	stepfinder	44
True	deepseek-8b	stepfinder.s44	correct-error	arc	19	17,18,19	304	152	0	0	0.35526315789473684	0.4407894736842105	0.4407894736842105	stepfinder	44
True	deepseek-8b	stepfinder.s45	correct-error	arc	17	17,18,19	304	152	0	0	0.4342105263157895	0.5263157894736842	0.5263157894736842	stepfinder	45
True	deepseek-8b	stepfinder.s45	correct-error	arc	18	17,18,19	304	152	0	0	0.4342105263157895	0.5131578947368421	0.5131578947368421	stepfinder	45
True	deepseek-8b	stepfinder.s45	correct-error	arc	19	17,18,19	304	152	0	0	0.42105263157894735	0.5131578947368421	0.5131578947368421	stepfinder	45
True	deepseek-8b	stepfinder.s46	correct-error	arc	17	17,18,19	304	152	0	0	0.46710526315789475	0.6052631578947368	0.6052631578947368	stepfinder	46
True	deepseek-8b	stepfinder.s46	correct-error	arc	18	17,18,19	304	152	0	0	0.5328947368421053	0.6381578947368421	0.6381578947368421	stepfinder	46
True	deepseek-8b	stepfinder.s46	correct-error	arc	19	17,18,19	304	152	0	0	0.4934210526315789	0.6447368421052632	0.6447368421052632	stepfinder	46
True	qwen3-embedding-0.6b	stepfinder.s42	correct-error	arc	17	17,18,19	304	152	0	0	0.4407894736842105	0.5263157894736842	0.5263157894736842	stepfinder	42
True	qwen3-embedding-0.6b	stepfinder.s42	correct-error	arc	18	17,18,19	304	152	0	0	0.40789473684210525	0.5	0.5	stepfinder	42
True	qwen3-embedding-0.6b	stepfinder.s42	correct-error	arc	19	17,18,19	304	152	0	0	0.34210526315789475	0.4868421052631579	0.4868421052631579	stepfinder	42
True	qwen3-embedding-0.6b	stepfinder.s43	correct-error	arc	17	17,18,19	304	152	0	0	0.39473684210526316	0.45394736842105265	0.45394736842105265	stepfinder	43
True	qwen3-embedding-0.6b	stepfinder.s43	correct-error	arc	18	17,18,19	304	152	0	0	0.3684210526315789	0.4276315789473684	0.4276315789473684	stepfinder	43
True	qwen3-embedding-0.6b	stepfinder.s43	correct-error	arc	19	17,18,19	304	152	0	0	0.34868421052631576	0.4473684210526316	0.4473684210526316	stepfinder	43
True	qwen3-embedding-0.6b	stepfinder.s44	correct-error	arc	17	17,18,19	304	152	0	0	0.6052631578947368	0.6776315789473685	0.6776315789473685	stepfinder	44
True	qwen3-embedding-0.6b	stepfinder.s44	correct-error	arc	18	17,18,19	304	152	0	0	0.5921052631578947	0.6513157894736842	0.6513157894736842	stepfinder	44
True	qwen3-embedding-0.6b	stepfinder.s44	correct-error	arc	19	17,18,19	304	152	0	0	0.5526315789473685	0.6513157894736842	0.6513157894736842	stepfinder	44
True	qwen3-embedding-0.6b	stepfinder.s45	correct-error	arc	17	17,18,19	304	152	0	0	0.42105263157894735	0.4934210526315789	0.4934210526315789	stepfinder	45
True	qwen3-embedding-0.6b	stepfinder.s45	correct-error	arc	18	17,18,19	304	152	0	0	0.4144736842105263	0.5	0.5	stepfinder	45
True	qwen3-embedding-0.6b	stepfinder.s45	correct-error	arc	19	17,18,19	304	152	0	0	0.3881578947368421	0.4934210526315789	0.4934210526315789	stepfinder	45
True	qwen3-embedding-0.6b	stepfinder.s46	correct-error	arc	17	17,18,19	304	152	0	0	0.5592105263157895	0.6381578947368421	0.6381578947368421	stepfinder	46
True	qwen3-embedding-0.6b	stepfinder.s46	correct-error	arc	18	17,18,19	304	152	0	0	0.5131578947368421	0.5855263157894737	0.5855263157894737	stepfinder	46
True	qwen3-embedding-0.6b	stepfinder.s46	correct-error	arc	19	17,18,19	304	152	0	0	0.4276315789473684	0.5197368421052632	0.5197368421052632	stepfinder	46
True	qwen3.5-9b	oat.s42	correct-error	gaia	17	17,18,19	50	25	0	0	0.56	0.64	0.64	oat	42
True	qwen3.5-9b	oat.s42	correct-error	gaia	18	17,18,19	50	25	0	0	0.56	0.72	0.72	oat	42
True	qwen3.5-9b	oat.s42	correct-error	gaia	19	17,18,19	50	25	0	0	0.52	0.72	0.72	oat	42
True	qwen3.5-9b	oat.s43	correct-error	gaia	17	17,18,19	50	25	0	0	0.6	0.64	0.64	oat	43
True	qwen3.5-9b	oat.s43	correct-error	gaia	18	17,18,19	50	25	0	0	0.64	0.76	0.76	oat	43
True	qwen3.5-9b	oat.s43	correct-error	gaia	19	17,18,19	50	25	0	0	0.52	0.72	0.72	oat	43
True	qwen3.5-9b	oat.s44	correct-error	gaia	17	17,18,19	50	25	0	0	0.56	0.64	0.64	oat	44
True	qwen3.5-9b	oat.s44	correct-error	gaia	18	17,18,19	50	25	0	0	0.6	0.72	0.72	oat	44
True	qwen3.5-9b	oat.s44	correct-error	gaia	19	17,18,19	50	25	0	0	0.56	0.84	0.84	oat	44
True	qwen3.5-9b	oat.s45	correct-error	gaia	17	17,18,19	50	25	0	0	0.56	0.64	0.64	oat	45
True	qwen3.5-9b	oat.s45	correct-error	gaia	18	17,18,19	50	25	0	0	0.6	0.72	0.72	oat	45
True	qwen3.5-9b	oat.s45	correct-error	gaia	19	17,18,19	50	25	0	0	0.48	0.76	0.76	oat	45
True	qwen3.5-9b	oat.s46	correct-error	gaia	17	17,18,19	50	25	0	0	0.6	0.64	0.64	oat	46
True	qwen3.5-9b	oat.s46	correct-error	gaia	18	17,18,19	50	25	0	0	0.64	0.76	0.76	oat	46
True	qwen3.5-9b	oat.s46	correct-error	gaia	19	17,18,19	50	25	0	0	0.52	0.76	0.76	oat	46
True	qwen3.5-9b	stepfinder.s42	correct-error	gaia	17	17,18,19	50	25	0	0	0.4	0.6	0.6	stepfinder	42
True	qwen3.5-9b	stepfinder.s42	correct-error	gaia	18	17,18,19	50	25	0	0	0.44	0.72	0.72	stepfinder	42
True	qwen3.5-9b	stepfinder.s42	correct-error	gaia	19	17,18,19	50	25	0	0	0.28	0.56	0.56	stepfinder	42
True	qwen3.5-9b	stepfinder.s43	correct-error	gaia	17	17,18,19	50	25	0	0	0.48	0.76	0.76	stepfinder	43
True	qwen3.5-9b	stepfinder.s43	correct-error	gaia	18	17,18,19	50	25	0	0	0.4	0.76	0.76	stepfinder	43
True	qwen3.5-9b	stepfinder.s43	correct-error	gaia	19	17,18,19	50	25	0	0	0.36	0.68	0.68	stepfinder	43
True	qwen3.5-9b	stepfinder.s44	correct-error	gaia	17	17,18,19	50	25	0	0	0.6	0.68	0.68	stepfinder	44
True	qwen3.5-9b	stepfinder.s44	correct-error	gaia	18	17,18,19	50	25	0	0	0.56	0.72	0.72	stepfinder	44
True	qwen3.5-9b	stepfinder.s44	correct-error	gaia	19	17,18,19	50	25	0	0	0.48	0.72	0.72	stepfinder	44
True	qwen3.5-9b	stepfinder.s45	correct-error	gaia	17	17,18,19	50	25	0	0	0.24	0.52	0.52	stepfinder	45
True	qwen3.5-9b	stepfinder.s45	correct-error	gaia	18	17,18,19	50	25	0	0	0.2	0.6	0.6	stepfinder	45
True	qwen3.5-9b	stepfinder.s45	correct-error	gaia	19	17,18,19	50	25	0	0	0.16	0.52	0.52	stepfinder	45
True	qwen3.5-9b	stepfinder.s46	correct-error	gaia	17	17,18,19	50	25	0	0	0.4	0.64	0.64	stepfinder	46
True	qwen3.5-9b	stepfinder.s46	correct-error	gaia	18	17,18,19	50	25	0	0	0.44	0.72	0.72	stepfinder	46
True	qwen3.5-9b	stepfinder.s46	correct-error	gaia	19	17,18,19	50	25	0	0	0.36	0.64	0.64	stepfinder	46
True	deepseek-8b	oat.s42	correct-error	gaia	17	17,18,19	50	25	0	0	0.48	0.6	0.6	oat	42
True	deepseek-8b	oat.s42	correct-error	gaia	18	17,18,19	50	25	0	0	0.52	0.76	0.76	oat	42
True	deepseek-8b	oat.s42	correct-error	gaia	19	17,18,19	50	25	0	0	0.52	0.8	0.8	oat	42
True	deepseek-8b	oat.s43	correct-error	gaia	17	17,18,19	50	25	0	0	0.48	0.6	0.6	oat	43
True	deepseek-8b	oat.s43	correct-error	gaia	18	17,18,19	50	25	0	0	0.52	0.76	0.76	oat	43
True	deepseek-8b	oat.s43	correct-error	gaia	19	17,18,19	50	25	0	0	0.52	0.8	0.8	oat	43
True	deepseek-8b	oat.s44	correct-error	gaia	17	17,18,19	50	25	0	0	0.44	0.64	0.64	oat	44
True	deepseek-8b	oat.s44	correct-error	gaia	18	17,18,19	50	25	0	0	0.56	0.76	0.76	oat	44
True	deepseek-8b	oat.s44	correct-error	gaia	19	17,18,19	50	25	0	0	0.52	0.76	0.76	oat	44
True	deepseek-8b	oat.s45	correct-error	gaia	17	17,18,19	50	25	0	0	0.48	0.6	0.6	oat	45
True	deepseek-8b	oat.s45	correct-error	gaia	18	17,18,19	50	25	0	0	0.48	0.76	0.76	oat	45
True	deepseek-8b	oat.s45	correct-error	gaia	19	17,18,19	50	25	0	0	0.52	0.8	0.8	oat	45
True	deepseek-8b	oat.s46	correct-error	gaia	17	17,18,19	50	25	0	0	0.4	0.6	0.6	oat	46
True	deepseek-8b	oat.s46	correct-error	gaia	18	17,18,19	50	25	0	0	0.48	0.76	0.76	oat	46
True	deepseek-8b	oat.s46	correct-error	gaia	19	17,18,19	50	25	0	0	0.44	0.76	0.76	oat	46
True	deepseek-8b	stepfinder.s42	correct-error	gaia	17	17,18,19	50	25	0	0	0.28	0.64	0.64	stepfinder	42
True	deepseek-8b	stepfinder.s42	correct-error	gaia	18	17,18,19	50	25	0	0	0.24	0.6	0.6	stepfinder	42
True	deepseek-8b	stepfinder.s42	correct-error	gaia	19	17,18,19	50	25	0	0	0.16	0.52	0.52	stepfinder	42
True	deepseek-8b	stepfinder.s43	correct-error	gaia	17	17,18,19	50	25	0	0	0.16	0.4	0.4	stepfinder	43
True	deepseek-8b	stepfinder.s43	correct-error	gaia	18	17,18,19	50	25	0	0	0.08	0.48	0.48	stepfinder	43
True	deepseek-8b	stepfinder.s43	correct-error	gaia	19	17,18,19	50	25	0	0	0.08	0.4	0.4	stepfinder	43
True	deepseek-8b	stepfinder.s44	correct-error	gaia	17	17,18,19	50	25	0	0	0.44	0.72	0.72	stepfinder	44
True	deepseek-8b	stepfinder.s44	correct-error	gaia	18	17,18,19	50	25	0	0	0.36	0.68	0.68	stepfinder	44
True	deepseek-8b	stepfinder.s44	correct-error	gaia	19	17,18,19	50	25	0	0	0.32	0.72	0.72	stepfinder	44
True	deepseek-8b	stepfinder.s45	correct-error	gaia	17	17,18,19	50	25	0	0	0.36	0.56	0.56	stepfinder	45
True	deepseek-8b	stepfinder.s45	correct-error	gaia	18	17,18,19	50	25	0	0	0.28	0.52	0.52	stepfinder	45
True	deepseek-8b	stepfinder.s45	correct-error	gaia	19	17,18,19	50	25	0	0	0.28	0.48	0.48	stepfinder	45
True	deepseek-8b	stepfinder.s46	correct-error	gaia	17	17,18,19	50	25	0	0	0.4	0.72	0.72	stepfinder	46
True	deepseek-8b	stepfinder.s46	correct-error	gaia	18	17,18,19	50	25	0	0	0.4	0.8	0.8	stepfinder	46
True	deepseek-8b	stepfinder.s46	correct-error	gaia	19	17,18,19	50	25	0	0	0.36	0.68	0.68	stepfinder	46
True	qwen3-embedding-0.6b	stepfinder.s42	correct-error	gaia	17	17,18,19	50	25	0	0	0.4	0.64	0.64	stepfinder	42
True	qwen3-embedding-0.6b	stepfinder.s42	correct-error	gaia	18	17,18,19	50	25	0	0	0.32	0.72	0.72	stepfinder	42
True	qwen3-embedding-0.6b	stepfinder.s42	correct-error	gaia	19	17,18,19	50	25	0	0	0.32	0.6	0.6	stepfinder	42
True	qwen3-embedding-0.6b	stepfinder.s43	correct-error	gaia	17	17,18,19	50	25	0	0	0.28	0.52	0.52	stepfinder	43
True	qwen3-embedding-0.6b	stepfinder.s43	correct-error	gaia	18	17,18,19	50	25	0	0	0.24	0.6	0.6	stepfinder	43
True	qwen3-embedding-0.6b	stepfinder.s43	correct-error	gaia	19	17,18,19	50	25	0	0	0.2	0.56	0.56	stepfinder	43
True	qwen3-embedding-0.6b	stepfinder.s44	correct-error	gaia	17	17,18,19	50	25	0	0	0.32	0.72	0.72	stepfinder	44
True	qwen3-embedding-0.6b	stepfinder.s44	correct-error	gaia	18	17,18,19	50	25	0	0	0.32	0.76	0.76	stepfinder	44
True	qwen3-embedding-0.6b	stepfinder.s44	correct-error	gaia	19	17,18,19	50	25	0	0	0.36	0.68	0.68	stepfinder	44
True	qwen3-embedding-0.6b	stepfinder.s45	correct-error	gaia	17	17,18,19	50	25	0	0	0.36	0.64	0.64	stepfinder	45
True	qwen3-embedding-0.6b	stepfinder.s45	correct-error	gaia	18	17,18,19	50	25	0	0	0.4	0.72	0.72	stepfinder	45
True	qwen3-embedding-0.6b	stepfinder.s45	correct-error	gaia	19	17,18,19	50	25	0	0	0.28	0.6	0.6	stepfinder	45
True	qwen3-embedding-0.6b	stepfinder.s46	correct-error	gaia	17	17,18,19	50	25	0	0	0.32	0.68	0.68	stepfinder	46
True	qwen3-embedding-0.6b	stepfinder.s46	correct-error	gaia	18	17,18,19	50	25	0	0	0.28	0.84	0.84	stepfinder	46
True	qwen3-embedding-0.6b	stepfinder.s46	correct-error	gaia	19	17,18,19	50	25	0	0	0.28	0.68	0.68	stepfinder	46
True	qwen3.5-9b	oat.s42	correct-error	hotpot	17	17,18,19	578	289	0	0	0.44982698961937717	0.7024221453287197	0.7024221453287197	oat	42
True	qwen3.5-9b	oat.s42	correct-error	hotpot	18	17,18,19	578	289	0	0	0.4844290657439446	0.698961937716263	0.698961937716263	oat	42
True	qwen3.5-9b	oat.s42	correct-error	hotpot	19	17,18,19	578	289	0	0	0.4532871972318339	0.7093425605536332	0.7093425605536332	oat	42
True	qwen3.5-9b	oat.s43	correct-error	hotpot	17	17,18,19	578	289	0	0	0.44982698961937717	0.71280276816609	0.71280276816609	oat	43
True	qwen3.5-9b	oat.s43	correct-error	hotpot	18	17,18,19	578	289	0	0	0.47750865051903113	0.7093425605536332	0.7093425605536332	oat	43
True	qwen3.5-9b	oat.s43	correct-error	hotpot	19	17,18,19	578	289	0	0	0.4429065743944637	0.7231833910034602	0.7231833910034602	oat	43
True	qwen3.5-9b	oat.s44	correct-error	hotpot	17	17,18,19	578	289	0	0	0.42214532871972316	0.7024221453287197	0.7024221453287197	oat	44
True	qwen3.5-9b	oat.s44	correct-error	hotpot	18	17,18,19	578	289	0	0	0.45674740484429066	0.6920415224913494	0.6920415224913494	oat	44
True	qwen3.5-9b	oat.s44	correct-error	hotpot	19	17,18,19	578	289	0	0	0.4290657439446367	0.7024221453287197	0.7024221453287197	oat	44
True	qwen3.5-9b	oat.s45	correct-error	hotpot	17	17,18,19	578	289	0	0	0.43944636678200694	0.7058823529411765	0.7058823529411765	oat	45
True	qwen3.5-9b	oat.s45	correct-error	hotpot	18	17,18,19	578	289	0	0	0.4740484429065744	0.7024221453287197	0.7024221453287197	oat	45
True	qwen3.5-9b	oat.s45	correct-error	hotpot	19	17,18,19	578	289	0	0	0.4463667820069204	0.71280276816609	0.71280276816609	oat	45
True	qwen3.5-9b	oat.s46	correct-error	hotpot	17	17,18,19	578	289	0	0	0.46366782006920415	0.7058823529411765	0.7058823529411765	oat	46
True	qwen3.5-9b	oat.s46	correct-error	hotpot	18	17,18,19	578	289	0	0	0.4809688581314879	0.698961937716263	0.698961937716263	oat	46
True	qwen3.5-9b	oat.s46	correct-error	hotpot	19	17,18,19	578	289	0	0	0.46366782006920415	0.7058823529411765	0.7058823529411765	oat	46
True	qwen3.5-9b	stepfinder.s42	correct-error	hotpot	17	17,18,19	578	289	0	0	0.2768166089965398	0.6539792387543253	0.6539792387543253	stepfinder	42
True	qwen3.5-9b	stepfinder.s42	correct-error	hotpot	18	17,18,19	578	289	0	0	0.28027681660899656	0.6885813148788927	0.6885813148788927	stepfinder	42
True	qwen3.5-9b	stepfinder.s42	correct-error	hotpot	19	17,18,19	578	289	0	0	0.2560553633217993	0.7093425605536332	0.7093425605536332	stepfinder	42
True	qwen3.5-9b	stepfinder.s43	correct-error	hotpot	17	17,18,19	578	289	0	0	0.24567474048442905	0.6505190311418685	0.6505190311418685	stepfinder	43
True	qwen3.5-9b	stepfinder.s43	correct-error	hotpot	18	17,18,19	578	289	0	0	0.2560553633217993	0.6470588235294118	0.6470588235294118	stepfinder	43
True	qwen3.5-9b	stepfinder.s43	correct-error	hotpot	19	17,18,19	578	289	0	0	0.21453287197231835	0.6643598615916955	0.6643598615916955	stepfinder	43
True	qwen3.5-9b	stepfinder.s44	correct-error	hotpot	17	17,18,19	578	289	0	0	0.25951557093425603	0.629757785467128	0.629757785467128	stepfinder	44
True	qwen3.5-9b	stepfinder.s44	correct-error	hotpot	18	17,18,19	578	289	0	0	0.2837370242214533	0.6366782006920415	0.6366782006920415	stepfinder	44
True	qwen3.5-9b	stepfinder.s44	correct-error	hotpot	19	17,18,19	578	289	0	0	0.2560553633217993	0.6366782006920415	0.6366782006920415	stepfinder	44
True	qwen3.5-9b	stepfinder.s45	correct-error	hotpot	17	17,18,19	578	289	0	0	0.12802768166089964	0.6193771626297578	0.6193771626297578	stepfinder	45
True	qwen3.5-9b	stepfinder.s45	correct-error	hotpot	18	17,18,19	578	289	0	0	0.1522491349480969	0.6262975778546713	0.6262975778546713	stepfinder	45
True	qwen3.5-9b	stepfinder.s45	correct-error	hotpot	19	17,18,19	578	289	0	0	0.17301038062283736	0.6678200692041523	0.6678200692041523	stepfinder	45
True	qwen3.5-9b	stepfinder.s46	correct-error	hotpot	17	17,18,19	578	289	0	0	0.2629757785467128	0.6539792387543253	0.6539792387543253	stepfinder	46
True	qwen3.5-9b	stepfinder.s46	correct-error	hotpot	18	17,18,19	578	289	0	0	0.29411764705882354	0.6782006920415224	0.6782006920415224	stepfinder	46
True	qwen3.5-9b	stepfinder.s46	correct-error	hotpot	19	17,18,19	578	289	0	0	0.2629757785467128	0.671280276816609	0.671280276816609	stepfinder	46
True	deepseek-8b	oat.s42	correct-error	hotpot	17	17,18,19	578	289	0	0	0.39792387543252594	0.6955017301038062	0.6955017301038062	oat	42
True	deepseek-8b	oat.s42	correct-error	hotpot	18	17,18,19	578	289	0	0	0.4359861591695502	0.6885813148788927	0.6885813148788927	oat	42
True	deepseek-8b	oat.s42	correct-error	hotpot	19	17,18,19	578	289	0	0	0.40484429065743943	0.726643598615917	0.726643598615917	oat	42
True	deepseek-8b	oat.s43	correct-error	hotpot	17	17,18,19	578	289	0	0	0.39792387543252594	0.6920415224913494	0.6920415224913494	oat	43
True	deepseek-8b	oat.s43	correct-error	hotpot	18	17,18,19	578	289	0	0	0.43944636678200694	0.6920415224913494	0.6920415224913494	oat	43
True	deepseek-8b	oat.s43	correct-error	hotpot	19	17,18,19	578	289	0	0	0.40484429065743943	0.726643598615917	0.726643598615917	oat	43
True	deepseek-8b	oat.s44	correct-error	hotpot	17	17,18,19	578	289	0	0	0.3875432525951557	0.6782006920415224	0.6782006920415224	oat	44
True	deepseek-8b	oat.s44	correct-error	hotpot	18	17,18,19	578	289	0	0	0.4463667820069204	0.6955017301038062	0.6955017301038062	oat	44
True	deepseek-8b	oat.s44	correct-error	hotpot	19	17,18,19	578	289	0	0	0.4117647058823529	0.7093425605536332	0.7093425605536332	oat	44
True	deepseek-8b	oat.s45	correct-error	hotpot	17	17,18,19	578	289	0	0	0.39792387543252594	0.6955017301038062	0.6955017301038062	oat	45
True	deepseek-8b	oat.s45	correct-error	hotpot	18	17,18,19	578	289	0	0	0.4463667820069204	0.6920415224913494	0.6920415224913494	oat	45
True	deepseek-8b	oat.s45	correct-error	hotpot	19	17,18,19	578	289	0	0	0.4083044982698962	0.7197231833910035	0.7197231833910035	oat	45
True	deepseek-8b	oat.s46	correct-error	hotpot	17	17,18,19	578	289	0	0	0.39100346020761245	0.6851211072664359	0.6851211072664359	oat	46
True	deepseek-8b	oat.s46	correct-error	hotpot	18	17,18,19	578	289	0	0	0.4117647058823529	0.6782006920415224	0.6782006920415224	oat	46
True	deepseek-8b	oat.s46	correct-error	hotpot	19	17,18,19	578	289	0	0	0.39100346020761245	0.71280276816609	0.71280276816609	oat	46
True	deepseek-8b	stepfinder.s42	correct-error	hotpot	17	17,18,19	578	289	0	0	0.10726643598615918	0.6747404844290658	0.6747404844290658	stepfinder	42
True	deepseek-8b	stepfinder.s42	correct-error	hotpot	18	17,18,19	578	289	0	0	0.08996539792387544	0.6851211072664359	0.6851211072664359	stepfinder	42
True	deepseek-8b	stepfinder.s42	correct-error	hotpot	19	17,18,19	578	289	0	0	0.11764705882352941	0.7093425605536332	0.7093425605536332	stepfinder	42
True	deepseek-8b	stepfinder.s43	correct-error	hotpot	17	17,18,19	578	289	0	0	0.16262975778546712	0.5813148788927336	0.5813148788927336	stepfinder	43
True	deepseek-8b	stepfinder.s43	correct-error	hotpot	18	17,18,19	578	289	0	0	0.1522491349480969	0.5778546712802768	0.5778546712802768	stepfinder	43
True	deepseek-8b	stepfinder.s43	correct-error	hotpot	19	17,18,19	578	289	0	0	0.1972318339100346	0.615916955017301	0.615916955017301	stepfinder	43
True	deepseek-8b	stepfinder.s44	correct-error	hotpot	17	17,18,19	578	289	0	0	0.19377162629757785	0.6366782006920415	0.6366782006920415	stepfinder	44
True	deepseek-8b	stepfinder.s44	correct-error	hotpot	18	17,18,19	578	289	0	0	0.2041522491349481	0.6262975778546713	0.6262975778546713	stepfinder	44
True	deepseek-8b	stepfinder.s44	correct-error	hotpot	19	17,18,19	578	289	0	0	0.17647058823529413	0.629757785467128	0.629757785467128	stepfinder	44
True	deepseek-8b	stepfinder.s45	correct-error	hotpot	17	17,18,19	578	289	0	0	0.19377162629757785	0.6366782006920415	0.6366782006920415	stepfinder	45
True	deepseek-8b	stepfinder.s45	correct-error	hotpot	18	17,18,19	578	289	0	0	0.17993079584775087	0.6747404844290658	0.6747404844290658	stepfinder	45
True	deepseek-8b	stepfinder.s45	correct-error	hotpot	19	17,18,19	578	289	0	0	0.18339100346020762	0.7058823529411765	0.7058823529411765	stepfinder	45
True	deepseek-8b	stepfinder.s46	correct-error	hotpot	17	17,18,19	578	289	0	0	0.18685121107266436	0.6747404844290658	0.6747404844290658	stepfinder	46
True	deepseek-8b	stepfinder.s46	correct-error	hotpot	18	17,18,19	578	289	0	0	0.1695501730103806	0.6851211072664359	0.6851211072664359	stepfinder	46
True	deepseek-8b	stepfinder.s46	correct-error	hotpot	19	17,18,19	578	289	0	0	0.17993079584775087	0.7024221453287197	0.7024221453287197	stepfinder	46
True	qwen3-embedding-0.6b	stepfinder.s42	correct-error	hotpot	17	17,18,19	578	289	0	0	0.22491349480968859	0.6782006920415224	0.6782006920415224	stepfinder	42
True	qwen3-embedding-0.6b	stepfinder.s42	correct-error	hotpot	18	17,18,19	578	289	0	0	0.2179930795847751	0.6885813148788927	0.6885813148788927	stepfinder	42
True	qwen3-embedding-0.6b	stepfinder.s42	correct-error	hotpot	19	17,18,19	578	289	0	0	0.21453287197231835	0.6955017301038062	0.6955017301038062	stepfinder	42
True	qwen3-embedding-0.6b	stepfinder.s43	correct-error	hotpot	17	17,18,19	578	289	0	0	0.18685121107266436	0.6262975778546713	0.6262975778546713	stepfinder	43
True	qwen3-embedding-0.6b	stepfinder.s43	correct-error	hotpot	18	17,18,19	578	289	0	0	0.20069204152249134	0.657439446366782	0.657439446366782	stepfinder	43
True	qwen3-embedding-0.6b	stepfinder.s43	correct-error	hotpot	19	17,18,19	578	289	0	0	0.23183391003460208	0.6678200692041523	0.6678200692041523	stepfinder	43
True	qwen3-embedding-0.6b	stepfinder.s44	correct-error	hotpot	17	17,18,19	578	289	0	0	0.3217993079584775	0.6366782006920415	0.6366782006920415	stepfinder	44
True	qwen3-embedding-0.6b	stepfinder.s44	correct-error	hotpot	18	17,18,19	578	289	0	0	0.3391003460207612	0.6608996539792388	0.6608996539792388	stepfinder	44
True	qwen3-embedding-0.6b	stepfinder.s44	correct-error	hotpot	19	17,18,19	578	289	0	0	0.32525951557093424	0.6608996539792388	0.6608996539792388	stepfinder	44
True	qwen3-embedding-0.6b	stepfinder.s45	correct-error	hotpot	17	17,18,19	578	289	0	0	0.27335640138408307	0.6193771626297578	0.6193771626297578	stepfinder	45
True	qwen3-embedding-0.6b	stepfinder.s45	correct-error	hotpot	18	17,18,19	578	289	0	0	0.2975778546712803	0.6401384083044983	0.6401384083044983	stepfinder	45
True	qwen3-embedding-0.6b	stepfinder.s45	correct-error	hotpot	19	17,18,19	578	289	0	0	0.2768166089965398	0.6470588235294118	0.6470588235294118	stepfinder	45
True	qwen3-embedding-0.6b	stepfinder.s46	correct-error	hotpot	17	17,18,19	578	289	0	0	0.22837370242214533	0.6643598615916955	0.6643598615916955	stepfinder	46
True	qwen3-embedding-0.6b	stepfinder.s46	correct-error	hotpot	18	17,18,19	578	289	0	0	0.20761245674740483	0.657439446366782	0.657439446366782	stepfinder	46
True	qwen3-embedding-0.6b	stepfinder.s46	correct-error	hotpot	19	17,18,19	578	289	0	0	0.2422145328719723	0.6816608996539792	0.6816608996539792	stepfinder	46
True	qwen3.5-9b	oat.s42	correct-error	math500	17	17,18,19	157	79	0	0	0.4810126582278481	0.5063291139240507	0.5063291139240507	oat	42
True	qwen3.5-9b	oat.s42	correct-error	math500	18	17,18,19	157	79	0	0	0.5063291139240507	0.5443037974683544	0.5443037974683544	oat	42
True	qwen3.5-9b	oat.s42	correct-error	math500	19	17,18,19	157	79	0	0	0.5569620253164557	0.5063291139240507	0.5063291139240507	oat	42
True	qwen3.5-9b	oat.s43	correct-error	math500	17	17,18,19	157	79	0	0	0.45569620253164556	0.4936708860759494	0.4936708860759494	oat	43
True	qwen3.5-9b	oat.s43	correct-error	math500	18	17,18,19	157	79	0	0	0.5189873417721519	0.5443037974683544	0.5443037974683544	oat	43
True	qwen3.5-9b	oat.s43	correct-error	math500	19	17,18,19	157	79	0	0	0.5443037974683544	0.5189873417721519	0.5189873417721519	oat	43
True	qwen3.5-9b	oat.s44	correct-error	math500	17	17,18,19	157	79	0	0	0.45569620253164556	0.5189873417721519	0.5189873417721519	oat	44
True	qwen3.5-9b	oat.s44	correct-error	math500	18	17,18,19	157	79	0	0	0.5189873417721519	0.5443037974683544	0.5443037974683544	oat	44
True	qwen3.5-9b	oat.s44	correct-error	math500	19	17,18,19	157	79	0	0	0.5569620253164557	0.5443037974683544	0.5443037974683544	oat	44
True	qwen3.5-9b	oat.s45	correct-error	math500	17	17,18,19	157	79	0	0	0.4810126582278481	0.5443037974683544	0.5443037974683544	oat	45
True	qwen3.5-9b	oat.s45	correct-error	math500	18	17,18,19	157	79	0	0	0.5189873417721519	0.5822784810126582	0.5822784810126582	oat	45
True	qwen3.5-9b	oat.s45	correct-error	math500	19	17,18,19	157	79	0	0	0.5822784810126582	0.5443037974683544	0.5443037974683544	oat	45
True	qwen3.5-9b	oat.s46	correct-error	math500	17	17,18,19	157	79	0	0	0.4430379746835443	0.5063291139240507	0.5063291139240507	oat	46
True	qwen3.5-9b	oat.s46	correct-error	math500	18	17,18,19	157	79	0	0	0.4810126582278481	0.569620253164557	0.569620253164557	oat	46
True	qwen3.5-9b	oat.s46	correct-error	math500	19	17,18,19	157	79	0	0	0.5316455696202531	0.5316455696202531	0.5316455696202531	oat	46
True	qwen3.5-9b	stepfinder.s42	correct-error	math500	17	17,18,19	157	79	0	0	0.27848101265822783	0.379746835443038	0.379746835443038	stepfinder	42
True	qwen3.5-9b	stepfinder.s42	correct-error	math500	18	17,18,19	157	79	0	0	0.2911392405063291	0.43037974683544306	0.43037974683544306	stepfinder	42
True	qwen3.5-9b	stepfinder.s42	correct-error	math500	19	17,18,19	157	79	0	0	0.27848101265822783	0.31645569620253167	0.31645569620253167	stepfinder	42
True	qwen3.5-9b	stepfinder.s43	correct-error	math500	17	17,18,19	157	79	0	0	0.34177215189873417	0.43037974683544306	0.43037974683544306	stepfinder	43
True	qwen3.5-9b	stepfinder.s43	correct-error	math500	18	17,18,19	157	79	0	0	0.35443037974683544	0.5189873417721519	0.5189873417721519	stepfinder	43
True	qwen3.5-9b	stepfinder.s43	correct-error	math500	19	17,18,19	157	79	0	0	0.31645569620253167	0.379746835443038	0.379746835443038	stepfinder	43
True	qwen3.5-9b	stepfinder.s44	correct-error	math500	17	17,18,19	157	79	0	0	0.4936708860759494	0.5063291139240507	0.5063291139240507	stepfinder	44
True	qwen3.5-9b	stepfinder.s44	correct-error	math500	18	17,18,19	157	79	0	0	0.5443037974683544	0.6075949367088608	0.6075949367088608	stepfinder	44
True	qwen3.5-9b	stepfinder.s44	correct-error	math500	19	17,18,19	157	79	0	0	0.5569620253164557	0.5063291139240507	0.5063291139240507	stepfinder	44
True	qwen3.5-9b	stepfinder.s45	correct-error	math500	17	17,18,19	157	79	0	0	0.17721518987341772	0.25316455696202533	0.25316455696202533	stepfinder	45
True	qwen3.5-9b	stepfinder.s45	correct-error	math500	18	17,18,19	157	79	0	0	0.13924050632911392	0.24050632911392406	0.24050632911392406	stepfinder	45
True	qwen3.5-9b	stepfinder.s45	correct-error	math500	19	17,18,19	157	79	0	0	0.189873417721519	0.22784810126582278	0.22784810126582278	stepfinder	45
True	qwen3.5-9b	stepfinder.s46	correct-error	math500	17	17,18,19	157	79	0	0	0.5189873417721519	0.5443037974683544	0.5443037974683544	stepfinder	46
True	qwen3.5-9b	stepfinder.s46	correct-error	math500	18	17,18,19	157	79	0	0	0.5063291139240507	0.5316455696202531	0.5316455696202531	stepfinder	46
True	qwen3.5-9b	stepfinder.s46	correct-error	math500	19	17,18,19	157	79	0	0	0.45569620253164556	0.43037974683544306	0.43037974683544306	stepfinder	46
True	deepseek-8b	oat.s42	correct-error	math500	17	17,18,19	157	79	0	0	0.4430379746835443	0.4936708860759494	0.4936708860759494	oat	42
True	deepseek-8b	oat.s42	correct-error	math500	18	17,18,19	157	79	0	0	0.5189873417721519	0.5443037974683544	0.5443037974683544	oat	42
True	deepseek-8b	oat.s42	correct-error	math500	19	17,18,19	157	79	0	0	0.569620253164557	0.5316455696202531	0.5316455696202531	oat	42
True	deepseek-8b	oat.s43	correct-error	math500	17	17,18,19	157	79	0	0	0.46835443037974683	0.4936708860759494	0.4936708860759494	oat	43
True	deepseek-8b	oat.s43	correct-error	math500	18	17,18,19	157	79	0	0	0.5189873417721519	0.5316455696202531	0.5316455696202531	oat	43
True	deepseek-8b	oat.s43	correct-error	math500	19	17,18,19	157	79	0	0	0.5949367088607594	0.5443037974683544	0.5443037974683544	oat	43
True	deepseek-8b	oat.s44	correct-error	math500	17	17,18,19	157	79	0	0	0.4430379746835443	0.4810126582278481	0.4810126582278481	oat	44
True	deepseek-8b	oat.s44	correct-error	math500	18	17,18,19	157	79	0	0	0.5063291139240507	0.5189873417721519	0.5189873417721519	oat	44
True	deepseek-8b	oat.s44	correct-error	math500	19	17,18,19	157	79	0	0	0.569620253164557	0.5189873417721519	0.5189873417721519	oat	44
True	deepseek-8b	oat.s45	correct-error	math500	17	17,18,19	157	79	0	0	0.4430379746835443	0.4810126582278481	0.4810126582278481	oat	45
True	deepseek-8b	oat.s45	correct-error	math500	18	17,18,19	157	79	0	0	0.5063291139240507	0.5189873417721519	0.5189873417721519	oat	45
True	deepseek-8b	oat.s45	correct-error	math500	19	17,18,19	157	79	0	0	0.569620253164557	0.5316455696202531	0.5316455696202531	oat	45
True	deepseek-8b	oat.s46	correct-error	math500	17	17,18,19	157	79	0	0	0.4430379746835443	0.4810126582278481	0.4810126582278481	oat	46
True	deepseek-8b	oat.s46	correct-error	math500	18	17,18,19	157	79	0	0	0.5189873417721519	0.5316455696202531	0.5316455696202531	oat	46
True	deepseek-8b	oat.s46	correct-error	math500	19	17,18,19	157	79	0	0	0.569620253164557	0.5189873417721519	0.5189873417721519	oat	46
True	deepseek-8b	stepfinder.s42	correct-error	math500	17	17,18,19	157	79	0	0	0.1518987341772152	0.3037974683544304	0.3037974683544304	stepfinder	42
True	deepseek-8b	stepfinder.s42	correct-error	math500	18	17,18,19	157	79	0	0	0.12658227848101267	0.2911392405063291	0.2911392405063291	stepfinder	42
True	deepseek-8b	stepfinder.s42	correct-error	math500	19	17,18,19	157	79	0	0	0.12658227848101267	0.24050632911392406	0.24050632911392406	stepfinder	42
True	deepseek-8b	stepfinder.s43	correct-error	math500	17	17,18,19	157	79	0	0	0.17721518987341772	0.22784810126582278	0.22784810126582278	stepfinder	43
True	deepseek-8b	stepfinder.s43	correct-error	math500	18	17,18,19	157	79	0	0	0.13924050632911392	0.22784810126582278	0.22784810126582278	stepfinder	43
True	deepseek-8b	stepfinder.s43	correct-error	math500	19	17,18,19	157	79	0	0	0.20253164556962025	0.189873417721519	0.189873417721519	stepfinder	43
True	deepseek-8b	stepfinder.s44	correct-error	math500	17	17,18,19	157	79	0	0	0.379746835443038	0.45569620253164556	0.45569620253164556	stepfinder	44
True	deepseek-8b	stepfinder.s44	correct-error	math500	18	17,18,19	157	79	0	0	0.43037974683544306	0.4430379746835443	0.4430379746835443	stepfinder	44
True	deepseek-8b	stepfinder.s44	correct-error	math500	19	17,18,19	157	79	0	0	0.3670886075949367	0.4177215189873418	0.4177215189873418	stepfinder	44
True	deepseek-8b	stepfinder.s45	correct-error	math500	17	17,18,19	157	79	0	0	0.35443037974683544	0.46835443037974683	0.46835443037974683	stepfinder	45
True	deepseek-8b	stepfinder.s45	correct-error	math500	18	17,18,19	157	79	0	0	0.2911392405063291	0.4177215189873418	0.4177215189873418	stepfinder	45
True	deepseek-8b	stepfinder.s45	correct-error	math500	19	17,18,19	157	79	0	0	0.2911392405063291	0.3924050632911392	0.3924050632911392	stepfinder	45
True	deepseek-8b	stepfinder.s46	correct-error	math500	17	17,18,19	157	79	0	0	0.3291139240506329	0.4050632911392405	0.4050632911392405	stepfinder	46
True	deepseek-8b	stepfinder.s46	correct-error	math500	18	17,18,19	157	79	0	0	0.31645569620253167	0.3924050632911392	0.3924050632911392	stepfinder	46
True	deepseek-8b	stepfinder.s46	correct-error	math500	19	17,18,19	157	79	0	0	0.3291139240506329	0.379746835443038	0.379746835443038	stepfinder	46
True	qwen3-embedding-0.6b	stepfinder.s42	correct-error	math500	17	17,18,19	157	79	0	0	0.35443037974683544	0.46835443037974683	0.46835443037974683	stepfinder	42
True	qwen3-embedding-0.6b	stepfinder.s42	correct-error	math500	18	17,18,19	157	79	0	0	0.43037974683544306	0.5316455696202531	0.5316455696202531	stepfinder	42
True	qwen3-embedding-0.6b	stepfinder.s42	correct-error	math500	19	17,18,19	157	79	0	0	0.379746835443038	0.4177215189873418	0.4177215189873418	stepfinder	42
True	qwen3-embedding-0.6b	stepfinder.s43	correct-error	math500	17	17,18,19	157	79	0	0	0.25316455696202533	0.31645569620253167	0.31645569620253167	stepfinder	43
True	qwen3-embedding-0.6b	stepfinder.s43	correct-error	math500	18	17,18,19	157	79	0	0	0.26582278481012656	0.379746835443038	0.379746835443038	stepfinder	43
True	qwen3-embedding-0.6b	stepfinder.s43	correct-error	math500	19	17,18,19	157	79	0	0	0.26582278481012656	0.2911392405063291	0.2911392405063291	stepfinder	43
True	qwen3-embedding-0.6b	stepfinder.s44	correct-error	math500	17	17,18,19	157	79	0	0	0.5189873417721519	0.5443037974683544	0.5443037974683544	stepfinder	44
True	qwen3-embedding-0.6b	stepfinder.s44	correct-error	math500	18	17,18,19	157	79	0	0	0.5822784810126582	0.620253164556962	0.620253164556962	stepfinder	44
True	qwen3-embedding-0.6b	stepfinder.s44	correct-error	math500	19	17,18,19	157	79	0	0	0.5569620253164557	0.5316455696202531	0.5316455696202531	stepfinder	44
True	qwen3-embedding-0.6b	stepfinder.s45	correct-error	math500	17	17,18,19	157	79	0	0	0.4050632911392405	0.4810126582278481	0.4810126582278481	stepfinder	45
True	qwen3-embedding-0.6b	stepfinder.s45	correct-error	math500	18	17,18,19	157	79	0	0	0.4177215189873418	0.5316455696202531	0.5316455696202531	stepfinder	45
True	qwen3-embedding-0.6b	stepfinder.s45	correct-error	math500	19	17,18,19	157	79	0	0	0.4936708860759494	0.45569620253164556	0.45569620253164556	stepfinder	45
True	qwen3-embedding-0.6b	stepfinder.s46	correct-error	math500	17	17,18,19	157	79	0	0	0.5822784810126582	0.569620253164557	0.569620253164557	stepfinder	46
True	qwen3-embedding-0.6b	stepfinder.s46	correct-error	math500	18	17,18,19	157	79	0	0	0.5316455696202531	0.5949367088607594	0.5949367088607594	stepfinder	46
True	qwen3-embedding-0.6b	stepfinder.s46	correct-error	math500	19	17,18,19	157	79	0	0	0.5822784810126582	0.569620253164557	0.569620253164557	stepfinder	46
True	qwen3.5-9b	oat.s42	correct-error	mmlu_pro	17	17,18,19	92	46	0	0	0.717391304347826	0.8260869565217391	0.8260869565217391	oat	42
True	qwen3.5-9b	oat.s42	correct-error	mmlu_pro	18	17,18,19	92	46	0	0	0.6956521739130435	0.7608695652173914	0.7608695652173914	oat	42
True	qwen3.5-9b	oat.s42	correct-error	mmlu_pro	19	17,18,19	92	46	0	0	0.7608695652173914	0.782608695652174	0.782608695652174	oat	42
True	qwen3.5-9b	oat.s43	correct-error	mmlu_pro	17	17,18,19	92	46	0	0	0.717391304347826	0.8043478260869565	0.8043478260869565	oat	43
True	qwen3.5-9b	oat.s43	correct-error	mmlu_pro	18	17,18,19	92	46	0	0	0.6739130434782609	0.7391304347826086	0.7391304347826086	oat	43
True	qwen3.5-9b	oat.s43	correct-error	mmlu_pro	19	17,18,19	92	46	0	0	0.7608695652173914	0.8043478260869565	0.8043478260869565	oat	43
True	qwen3.5-9b	oat.s44	correct-error	mmlu_pro	17	17,18,19	92	46	0	0	0.6956521739130435	0.8043478260869565	0.8043478260869565	oat	44
True	qwen3.5-9b	oat.s44	correct-error	mmlu_pro	18	17,18,19	92	46	0	0	0.6739130434782609	0.782608695652174	0.782608695652174	oat	44
True	qwen3.5-9b	oat.s44	correct-error	mmlu_pro	19	17,18,19	92	46	0	0	0.782608695652174	0.8043478260869565	0.8043478260869565	oat	44
True	qwen3.5-9b	oat.s45	correct-error	mmlu_pro	17	17,18,19	92	46	0	0	0.6956521739130435	0.7608695652173914	0.7608695652173914	oat	45
True	qwen3.5-9b	oat.s45	correct-error	mmlu_pro	18	17,18,19	92	46	0	0	0.6739130434782609	0.7608695652173914	0.7608695652173914	oat	45
True	qwen3.5-9b	oat.s45	correct-error	mmlu_pro	19	17,18,19	92	46	0	0	0.7391304347826086	0.782608695652174	0.782608695652174	oat	45
True	qwen3.5-9b	oat.s46	correct-error	mmlu_pro	17	17,18,19	92	46	0	0	0.6956521739130435	0.7608695652173914	0.7608695652173914	oat	46
True	qwen3.5-9b	oat.s46	correct-error	mmlu_pro	18	17,18,19	92	46	0	0	0.6521739130434783	0.7608695652173914	0.7608695652173914	oat	46
True	qwen3.5-9b	oat.s46	correct-error	mmlu_pro	19	17,18,19	92	46	0	0	0.7608695652173914	0.782608695652174	0.782608695652174	oat	46
True	qwen3.5-9b	stepfinder.s42	correct-error	mmlu_pro	17	17,18,19	92	46	0	0	0.34782608695652173	0.5434782608695652	0.5434782608695652	stepfinder	42
True	qwen3.5-9b	stepfinder.s42	correct-error	mmlu_pro	18	17,18,19	92	46	0	0	0.34782608695652173	0.5434782608695652	0.5434782608695652	stepfinder	42
True	qwen3.5-9b	stepfinder.s42	correct-error	mmlu_pro	19	17,18,19	92	46	0	0	0.2391304347826087	0.391304347826087	0.391304347826087	stepfinder	42
True	qwen3.5-9b	stepfinder.s43	correct-error	mmlu_pro	17	17,18,19	92	46	0	0	0.30434782608695654	0.5	0.5	stepfinder	43
True	qwen3.5-9b	stepfinder.s43	correct-error	mmlu_pro	18	17,18,19	92	46	0	0	0.2826086956521739	0.45652173913043476	0.45652173913043476	stepfinder	43
True	qwen3.5-9b	stepfinder.s43	correct-error	mmlu_pro	19	17,18,19	92	46	0	0	0.2608695652173913	0.41304347826086957	0.41304347826086957	stepfinder	43
True	qwen3.5-9b	stepfinder.s44	correct-error	mmlu_pro	17	17,18,19	92	46	0	0	0.2826086956521739	0.4782608695652174	0.4782608695652174	stepfinder	44
True	qwen3.5-9b	stepfinder.s44	correct-error	mmlu_pro	18	17,18,19	92	46	0	0	0.32608695652173914	0.45652173913043476	0.45652173913043476	stepfinder	44
True	qwen3.5-9b	stepfinder.s44	correct-error	mmlu_pro	19	17,18,19	92	46	0	0	0.32608695652173914	0.45652173913043476	0.45652173913043476	stepfinder	44
True	qwen3.5-9b	stepfinder.s45	correct-error	mmlu_pro	17	17,18,19	92	46	0	0	0.21739130434782608	0.3695652173913043	0.3695652173913043	stepfinder	45
True	qwen3.5-9b	stepfinder.s45	correct-error	mmlu_pro	18	17,18,19	92	46	0	0	0.2608695652173913	0.32608695652173914	0.32608695652173914	stepfinder	45
True	qwen3.5-9b	stepfinder.s45	correct-error	mmlu_pro	19	17,18,19	92	46	0	0	0.1956521739130435	0.3695652173913043	0.3695652173913043	stepfinder	45
True	qwen3.5-9b	stepfinder.s46	correct-error	mmlu_pro	17	17,18,19	92	46	0	0	0.391304347826087	0.5	0.5	stepfinder	46
True	qwen3.5-9b	stepfinder.s46	correct-error	mmlu_pro	18	17,18,19	92	46	0	0	0.391304347826087	0.5217391304347826	0.5217391304347826	stepfinder	46
True	qwen3.5-9b	stepfinder.s46	correct-error	mmlu_pro	19	17,18,19	92	46	0	0	0.3695652173913043	0.5	0.5	stepfinder	46
True	deepseek-8b	oat.s42	correct-error	mmlu_pro	17	17,18,19	92	46	0	0	0.6956521739130435	0.8478260869565217	0.8478260869565217	oat	42
True	deepseek-8b	oat.s42	correct-error	mmlu_pro	18	17,18,19	92	46	0	0	0.6739130434782609	0.8043478260869565	0.8043478260869565	oat	42
True	deepseek-8b	oat.s42	correct-error	mmlu_pro	19	17,18,19	92	46	0	0	0.7391304347826086	0.8260869565217391	0.8260869565217391	oat	42
True	deepseek-8b	oat.s43	correct-error	mmlu_pro	17	17,18,19	92	46	0	0	0.6739130434782609	0.8260869565217391	0.8260869565217391	oat	43
True	deepseek-8b	oat.s43	correct-error	mmlu_pro	18	17,18,19	92	46	0	0	0.6304347826086957	0.782608695652174	0.782608695652174	oat	43
True	deepseek-8b	oat.s43	correct-error	mmlu_pro	19	17,18,19	92	46	0	0	0.717391304347826	0.8260869565217391	0.8260869565217391	oat	43
True	deepseek-8b	oat.s44	correct-error	mmlu_pro	17	17,18,19	92	46	0	0	0.717391304347826	0.8478260869565217	0.8478260869565217	oat	44
True	deepseek-8b	oat.s44	correct-error	mmlu_pro	18	17,18,19	92	46	0	0	0.6521739130434783	0.782608695652174	0.782608695652174	oat	44
True	deepseek-8b	oat.s44	correct-error	mmlu_pro	19	17,18,19	92	46	0	0	0.7608695652173914	0.8260869565217391	0.8260869565217391	oat	44
True	deepseek-8b	oat.s45	correct-error	mmlu_pro	17	17,18,19	92	46	0	0	0.717391304347826	0.8260869565217391	0.8260869565217391	oat	45
True	deepseek-8b	oat.s45	correct-error	mmlu_pro	18	17,18,19	92	46	0	0	0.6521739130434783	0.782608695652174	0.782608695652174	oat	45
True	deepseek-8b	oat.s45	correct-error	mmlu_pro	19	17,18,19	92	46	0	0	0.7608695652173914	0.8260869565217391	0.8260869565217391	oat	45
True	deepseek-8b	oat.s46	correct-error	mmlu_pro	17	17,18,19	92	46	0	0	0.6739130434782609	0.8260869565217391	0.8260869565217391	oat	46
True	deepseek-8b	oat.s46	correct-error	mmlu_pro	18	17,18,19	92	46	0	0	0.6521739130434783	0.782608695652174	0.782608695652174	oat	46
True	deepseek-8b	oat.s46	correct-error	mmlu_pro	19	17,18,19	92	46	0	0	0.7391304347826086	0.8260869565217391	0.8260869565217391	oat	46
True	deepseek-8b	stepfinder.s42	correct-error	mmlu_pro	17	17,18,19	92	46	0	0	0.34782608695652173	0.5869565217391305	0.5869565217391305	stepfinder	42
True	deepseek-8b	stepfinder.s42	correct-error	mmlu_pro	18	17,18,19	92	46	0	0	0.32608695652173914	0.5434782608695652	0.5434782608695652	stepfinder	42
True	deepseek-8b	stepfinder.s42	correct-error	mmlu_pro	19	17,18,19	92	46	0	0	0.43478260869565216	0.5652173913043478	0.5652173913043478	stepfinder	42
True	deepseek-8b	stepfinder.s43	correct-error	mmlu_pro	17	17,18,19	92	46	0	0	0.1956521739130435	0.41304347826086957	0.41304347826086957	stepfinder	43
True	deepseek-8b	stepfinder.s43	correct-error	mmlu_pro	18	17,18,19	92	46	0	0	0.2391304347826087	0.391304347826087	0.391304347826087	stepfinder	43
True	deepseek-8b	stepfinder.s43	correct-error	mmlu_pro	19	17,18,19	92	46	0	0	0.15217391304347827	0.30434782608695654	0.30434782608695654	stepfinder	43
True	deepseek-8b	stepfinder.s44	correct-error	mmlu_pro	17	17,18,19	92	46	0	0	0.5434782608695652	0.6521739130434783	0.6521739130434783	stepfinder	44
True	deepseek-8b	stepfinder.s44	correct-error	mmlu_pro	18	17,18,19	92	46	0	0	0.5434782608695652	0.6521739130434783	0.6521739130434783	stepfinder	44
True	deepseek-8b	stepfinder.s44	correct-error	mmlu_pro	19	17,18,19	92	46	0	0	0.5869565217391305	0.6521739130434783	0.6521739130434783	stepfinder	44
True	deepseek-8b	stepfinder.s45	correct-error	mmlu_pro	17	17,18,19	92	46	0	0	0.3695652173913043	0.43478260869565216	0.43478260869565216	stepfinder	45
True	deepseek-8b	stepfinder.s45	correct-error	mmlu_pro	18	17,18,19	92	46	0	0	0.391304347826087	0.5	0.5	stepfinder	45
True	deepseek-8b	stepfinder.s45	correct-error	mmlu_pro	19	17,18,19	92	46	0	0	0.3695652173913043	0.41304347826086957	0.41304347826086957	stepfinder	45
True	deepseek-8b	stepfinder.s46	correct-error	mmlu_pro	17	17,18,19	92	46	0	0	0.391304347826087	0.5434782608695652	0.5434782608695652	stepfinder	46
True	deepseek-8b	stepfinder.s46	correct-error	mmlu_pro	18	17,18,19	92	46	0	0	0.45652173913043476	0.6304347826086957	0.6304347826086957	stepfinder	46
True	deepseek-8b	stepfinder.s46	correct-error	mmlu_pro	19	17,18,19	92	46	0	0	0.43478260869565216	0.5434782608695652	0.5434782608695652	stepfinder	46
True	qwen3-embedding-0.6b	stepfinder.s42	correct-error	mmlu_pro	17	17,18,19	92	46	0	0	0.17391304347826086	0.41304347826086957	0.41304347826086957	stepfinder	42
True	qwen3-embedding-0.6b	stepfinder.s42	correct-error	mmlu_pro	18	17,18,19	92	46	0	0	0.2391304347826087	0.4782608695652174	0.4782608695652174	stepfinder	42
True	qwen3-embedding-0.6b	stepfinder.s42	correct-error	mmlu_pro	19	17,18,19	92	46	0	0	0.2826086956521739	0.43478260869565216	0.43478260869565216	stepfinder	42
True	qwen3-embedding-0.6b	stepfinder.s43	correct-error	mmlu_pro	17	17,18,19	92	46	0	0	0.13043478260869565	0.41304347826086957	0.41304347826086957	stepfinder	43
True	qwen3-embedding-0.6b	stepfinder.s43	correct-error	mmlu_pro	18	17,18,19	92	46	0	0	0.13043478260869565	0.30434782608695654	0.30434782608695654	stepfinder	43
True	qwen3-embedding-0.6b	stepfinder.s43	correct-error	mmlu_pro	19	17,18,19	92	46	0	0	0.15217391304347827	0.34782608695652173	0.34782608695652173	stepfinder	43
True	qwen3-embedding-0.6b	stepfinder.s44	correct-error	mmlu_pro	17	17,18,19	92	46	0	0	0.391304347826087	0.5869565217391305	0.5869565217391305	stepfinder	44
True	qwen3-embedding-0.6b	stepfinder.s44	correct-error	mmlu_pro	18	17,18,19	92	46	0	0	0.34782608695652173	0.5	0.5	stepfinder	44
True	qwen3-embedding-0.6b	stepfinder.s44	correct-error	mmlu_pro	19	17,18,19	92	46	0	0	0.41304347826086957	0.5434782608695652	0.5434782608695652	stepfinder	44
True	qwen3-embedding-0.6b	stepfinder.s45	correct-error	mmlu_pro	17	17,18,19	92	46	0	0	0.17391304347826086	0.3695652173913043	0.3695652173913043	stepfinder	45
True	qwen3-embedding-0.6b	stepfinder.s45	correct-error	mmlu_pro	18	17,18,19	92	46	0	0	0.2391304347826087	0.43478260869565216	0.43478260869565216	stepfinder	45
True	qwen3-embedding-0.6b	stepfinder.s45	correct-error	mmlu_pro	19	17,18,19	92	46	0	0	0.2608695652173913	0.391304347826087	0.391304347826087	stepfinder	45
True	qwen3-embedding-0.6b	stepfinder.s46	correct-error	mmlu_pro	17	17,18,19	92	46	0	0	0.2608695652173913	0.5	0.5	stepfinder	46
True	qwen3-embedding-0.6b	stepfinder.s46	correct-error	mmlu_pro	18	17,18,19	92	46	0	0	0.2826086956521739	0.45652173913043476	0.45652173913043476	stepfinder	46
True	qwen3-embedding-0.6b	stepfinder.s46	correct-error	mmlu_pro	19	17,18,19	92	46	0	0	0.2608695652173913	0.391304347826087	0.391304347826087	stepfinder	46
True	qwen3.5-9b	oat.s42	correct-error	musique	17	17,18,19	312	156	0	0	0.3974358974358974	0.6666666666666666	0.6666666666666666	oat	42
True	qwen3.5-9b	oat.s42	correct-error	musique	18	17,18,19	312	156	0	0	0.46153846153846156	0.7307692307692307	0.7307692307692307	oat	42
True	qwen3.5-9b	oat.s42	correct-error	musique	19	17,18,19	312	156	0	0	0.3974358974358974	0.6730769230769231	0.6730769230769231	oat	42
True	qwen3.5-9b	oat.s43	correct-error	musique	17	17,18,19	312	156	0	0	0.41025641025641024	0.6730769230769231	0.6730769230769231	oat	43
True	qwen3.5-9b	oat.s43	correct-error	musique	18	17,18,19	312	156	0	0	0.4551282051282051	0.717948717948718	0.717948717948718	oat	43
True	qwen3.5-9b	oat.s43	correct-error	musique	19	17,18,19	312	156	0	0	0.42948717948717946	0.6923076923076923	0.6923076923076923	oat	43
True	qwen3.5-9b	oat.s44	correct-error	musique	17	17,18,19	312	156	0	0	0.391025641025641	0.6666666666666666	0.6666666666666666	oat	44
True	qwen3.5-9b	oat.s44	correct-error	musique	18	17,18,19	312	156	0	0	0.47435897435897434	0.7371794871794872	0.7371794871794872	oat	44
True	qwen3.5-9b	oat.s44	correct-error	musique	19	17,18,19	312	156	0	0	0.391025641025641	0.6794871794871795	0.6794871794871795	oat	44
True	qwen3.5-9b	oat.s45	correct-error	musique	17	17,18,19	312	156	0	0	0.41025641025641024	0.6987179487179487	0.6987179487179487	oat	45
True	qwen3.5-9b	oat.s45	correct-error	musique	18	17,18,19	312	156	0	0	0.46153846153846156	0.7371794871794872	0.7371794871794872	oat	45
True	qwen3.5-9b	oat.s45	correct-error	musique	19	17,18,19	312	156	0	0	0.41025641025641024	0.6923076923076923	0.6923076923076923	oat	45
True	qwen3.5-9b	oat.s46	correct-error	musique	17	17,18,19	312	156	0	0	0.3974358974358974	0.6794871794871795	0.6794871794871795	oat	46
True	qwen3.5-9b	oat.s46	correct-error	musique	18	17,18,19	312	156	0	0	0.46153846153846156	0.75	0.75	oat	46
True	qwen3.5-9b	oat.s46	correct-error	musique	19	17,18,19	312	156	0	0	0.41025641025641024	0.6858974358974359	0.6858974358974359	oat	46
True	qwen3.5-9b	stepfinder.s42	correct-error	musique	17	17,18,19	312	156	0	0	0.1858974358974359	0.6474358974358975	0.6474358974358975	stepfinder	42
True	qwen3.5-9b	stepfinder.s42	correct-error	musique	18	17,18,19	312	156	0	0	0.27564102564102566	0.7243589743589743	0.7243589743589743	stepfinder	42
True	qwen3.5-9b	stepfinder.s42	correct-error	musique	19	17,18,19	312	156	0	0	0.21153846153846154	0.6858974358974359	0.6858974358974359	stepfinder	42
True	qwen3.5-9b	stepfinder.s43	correct-error	musique	17	17,18,19	312	156	0	0	0.15384615384615385	0.5384615384615384	0.5384615384615384	stepfinder	43
True	qwen3.5-9b	stepfinder.s43	correct-error	musique	18	17,18,19	312	156	0	0	0.1987179487179487	0.6282051282051282	0.6282051282051282	stepfinder	43
True	qwen3.5-9b	stepfinder.s43	correct-error	musique	19	17,18,19	312	156	0	0	0.1858974358974359	0.6025641025641025	0.6025641025641025	stepfinder	43
True	qwen3.5-9b	stepfinder.s44	correct-error	musique	17	17,18,19	312	156	0	0	0.16025641025641027	0.5641025641025641	0.5641025641025641	stepfinder	44
True	qwen3.5-9b	stepfinder.s44	correct-error	musique	18	17,18,19	312	156	0	0	0.2564102564102564	0.6089743589743589	0.6089743589743589	stepfinder	44
True	qwen3.5-9b	stepfinder.s44	correct-error	musique	19	17,18,19	312	156	0	0	0.20512820512820512	0.5576923076923077	0.5576923076923077	stepfinder	44
True	qwen3.5-9b	stepfinder.s45	correct-error	musique	17	17,18,19	312	156	0	0	0.0641025641025641	0.5705128205128205	0.5705128205128205	stepfinder	45
True	qwen3.5-9b	stepfinder.s45	correct-error	musique	18	17,18,19	312	156	0	0	0.07692307692307693	0.6153846153846154	0.6153846153846154	stepfinder	45
True	qwen3.5-9b	stepfinder.s45	correct-error	musique	19	17,18,19	312	156	0	0	0.07051282051282051	0.5705128205128205	0.5705128205128205	stepfinder	45
True	qwen3.5-9b	stepfinder.s46	correct-error	musique	17	17,18,19	312	156	0	0	0.21794871794871795	0.5705128205128205	0.5705128205128205	stepfinder	46
True	qwen3.5-9b	stepfinder.s46	correct-error	musique	18	17,18,19	312	156	0	0	0.30128205128205127	0.6730769230769231	0.6730769230769231	stepfinder	46
True	qwen3.5-9b	stepfinder.s46	correct-error	musique	19	17,18,19	312	156	0	0	0.26282051282051283	0.6153846153846154	0.6153846153846154	stepfinder	46
True	deepseek-8b	oat.s42	correct-error	musique	17	17,18,19	312	156	0	0	0.3269230769230769	0.6282051282051282	0.6282051282051282	oat	42
True	deepseek-8b	oat.s42	correct-error	musique	18	17,18,19	312	156	0	0	0.36538461538461536	0.717948717948718	0.717948717948718	oat	42
True	deepseek-8b	oat.s42	correct-error	musique	19	17,18,19	312	156	0	0	0.3333333333333333	0.6794871794871795	0.6794871794871795	oat	42
True	deepseek-8b	oat.s43	correct-error	musique	17	17,18,19	312	156	0	0	0.32051282051282054	0.5897435897435898	0.5897435897435898	oat	43
True	deepseek-8b	oat.s43	correct-error	musique	18	17,18,19	312	156	0	0	0.38461538461538464	0.7051282051282052	0.7051282051282052	oat	43
True	deepseek-8b	oat.s43	correct-error	musique	19	17,18,19	312	156	0	0	0.3525641025641026	0.6410256410256411	0.6410256410256411	oat	43
True	deepseek-8b	oat.s44	correct-error	musique	17	17,18,19	312	156	0	0	0.3525641025641026	0.6474358974358975	0.6474358974358975	oat	44
True	deepseek-8b	oat.s44	correct-error	musique	18	17,18,19	312	156	0	0	0.4166666666666667	0.75	0.75	oat	44
True	deepseek-8b	oat.s44	correct-error	musique	19	17,18,19	312	156	0	0	0.36538461538461536	0.6666666666666666	0.6666666666666666	oat	44
True	deepseek-8b	oat.s45	correct-error	musique	17	17,18,19	312	156	0	0	0.32051282051282054	0.6346153846153846	0.6346153846153846	oat	45
True	deepseek-8b	oat.s45	correct-error	musique	18	17,18,19	312	156	0	0	0.3717948717948718	0.7243589743589743	0.7243589743589743	oat	45
True	deepseek-8b	oat.s45	correct-error	musique	19	17,18,19	312	156	0	0	0.33974358974358976	0.6602564102564102	0.6602564102564102	oat	45
True	deepseek-8b	oat.s46	correct-error	musique	17	17,18,19	312	156	0	0	0.33974358974358976	0.6217948717948718	0.6217948717948718	oat	46
True	deepseek-8b	oat.s46	correct-error	musique	18	17,18,19	312	156	0	0	0.3974358974358974	0.7243589743589743	0.7243589743589743	oat	46
True	deepseek-8b	oat.s46	correct-error	musique	19	17,18,19	312	156	0	0	0.358974358974359	0.6666666666666666	0.6666666666666666	oat	46
True	deepseek-8b	stepfinder.s42	correct-error	musique	17	17,18,19	312	156	0	0	0.10256410256410256	0.6923076923076923	0.6923076923076923	stepfinder	42
True	deepseek-8b	stepfinder.s42	correct-error	musique	18	17,18,19	312	156	0	0	0.09615384615384616	0.717948717948718	0.717948717948718	stepfinder	42
True	deepseek-8b	stepfinder.s42	correct-error	musique	19	17,18,19	312	156	0	0	0.08333333333333333	0.6794871794871795	0.6794871794871795	stepfinder	42
True	deepseek-8b	stepfinder.s43	correct-error	musique	17	17,18,19	312	156	0	0	0.19230769230769232	0.5769230769230769	0.5769230769230769	stepfinder	43
True	deepseek-8b	stepfinder.s43	correct-error	musique	18	17,18,19	312	156	0	0	0.15384615384615385	0.5897435897435898	0.5897435897435898	stepfinder	43
True	deepseek-8b	stepfinder.s43	correct-error	musique	19	17,18,19	312	156	0	0	0.1794871794871795	0.5641025641025641	0.5641025641025641	stepfinder	43
True	deepseek-8b	stepfinder.s44	correct-error	musique	17	17,18,19	312	156	0	0	0.14743589743589744	0.5512820512820513	0.5512820512820513	stepfinder	44
True	deepseek-8b	stepfinder.s44	correct-error	musique	18	17,18,19	312	156	0	0	0.1794871794871795	0.6025641025641025	0.6025641025641025	stepfinder	44
True	deepseek-8b	stepfinder.s44	correct-error	musique	19	17,18,19	312	156	0	0	0.14743589743589744	0.5384615384615384	0.5384615384615384	stepfinder	44
True	deepseek-8b	stepfinder.s45	correct-error	musique	17	17,18,19	312	156	0	0	0.14102564102564102	0.6474358974358975	0.6474358974358975	stepfinder	45
True	deepseek-8b	stepfinder.s45	correct-error	musique	18	17,18,19	312	156	0	0	0.19230769230769232	0.6987179487179487	0.6987179487179487	stepfinder	45
True	deepseek-8b	stepfinder.s45	correct-error	musique	19	17,18,19	312	156	0	0	0.14743589743589744	0.6602564102564102	0.6602564102564102	stepfinder	45
True	deepseek-8b	stepfinder.s46	correct-error	musique	17	17,18,19	312	156	0	0	0.1282051282051282	0.6666666666666666	0.6666666666666666	stepfinder	46
True	deepseek-8b	stepfinder.s46	correct-error	musique	18	17,18,19	312	156	0	0	0.16025641025641027	0.6987179487179487	0.6987179487179487	stepfinder	46
True	deepseek-8b	stepfinder.s46	correct-error	musique	19	17,18,19	312	156	0	0	0.14743589743589744	0.6474358974358975	0.6474358974358975	stepfinder	46
True	qwen3-embedding-0.6b	stepfinder.s42	correct-error	musique	17	17,18,19	312	156	0	0	0.17307692307692307	0.6794871794871795	0.6794871794871795	stepfinder	42
True	qwen3-embedding-0.6b	stepfinder.s42	correct-error	musique	18	17,18,19	312	156	0	0	0.1858974358974359	0.717948717948718	0.717948717948718	stepfinder	42
True	qwen3-embedding-0.6b	stepfinder.s42	correct-error	musique	19	17,18,19	312	156	0	0	0.16025641025641027	0.6858974358974359	0.6858974358974359	stepfinder	42
True	qwen3-embedding-0.6b	stepfinder.s43	correct-error	musique	17	17,18,19	312	156	0	0	0.1346153846153846	0.5897435897435898	0.5897435897435898	stepfinder	43
True	qwen3-embedding-0.6b	stepfinder.s43	correct-error	musique	18	17,18,19	312	156	0	0	0.1858974358974359	0.6410256410256411	0.6410256410256411	stepfinder	43
True	qwen3-embedding-0.6b	stepfinder.s43	correct-error	musique	19	17,18,19	312	156	0	0	0.15384615384615385	0.6410256410256411	0.6410256410256411	stepfinder	43
True	qwen3-embedding-0.6b	stepfinder.s44	correct-error	musique	17	17,18,19	312	156	0	0	0.25	0.6346153846153846	0.6346153846153846	stepfinder	44
True	qwen3-embedding-0.6b	stepfinder.s44	correct-error	musique	18	17,18,19	312	156	0	0	0.30128205128205127	0.6987179487179487	0.6987179487179487	stepfinder	44
True	qwen3-embedding-0.6b	stepfinder.s44	correct-error	musique	19	17,18,19	312	156	0	0	0.2564102564102564	0.6602564102564102	0.6602564102564102	stepfinder	44
True	qwen3-embedding-0.6b	stepfinder.s45	correct-error	musique	17	17,18,19	312	156	0	0	0.24358974358974358	0.6666666666666666	0.6666666666666666	stepfinder	45
True	qwen3-embedding-0.6b	stepfinder.s45	correct-error	musique	18	17,18,19	312	156	0	0	0.28205128205128205	0.6794871794871795	0.6794871794871795	stepfinder	45
True	qwen3-embedding-0.6b	stepfinder.s45	correct-error	musique	19	17,18,19	312	156	0	0	0.26282051282051283	0.6987179487179487	0.6987179487179487	stepfinder	45
True	qwen3-embedding-0.6b	stepfinder.s46	correct-error	musique	17	17,18,19	312	156	0	0	0.17307692307692307	0.6730769230769231	0.6730769230769231	stepfinder	46
True	qwen3-embedding-0.6b	stepfinder.s46	correct-error	musique	18	17,18,19	312	156	0	0	0.17307692307692307	0.6987179487179487	0.6987179487179487	stepfinder	46
True	qwen3-embedding-0.6b	stepfinder.s46	correct-error	musique	19	17,18,19	312	156	0	0	0.14102564102564102	0.6987179487179487	0.6987179487179487	stepfinder	46
True	qwen3.5-9b	oat.s42	correct-error	wikimqa	17	17,18,19	733	367	0	0	0.42779291553133514	0.6267029972752044	0.6267029972752044	oat	42
True	qwen3.5-9b	oat.s42	correct-error	wikimqa	18	17,18,19	733	367	0	0	0.45231607629427795	0.6485013623978202	0.6485013623978202	oat	42
True	qwen3.5-9b	oat.s42	correct-error	wikimqa	19	17,18,19	733	367	0	0	0.42779291553133514	0.6403269754768393	0.6403269754768393	oat	42
True	qwen3.5-9b	oat.s43	correct-error	wikimqa	17	17,18,19	733	367	0	0	0.4223433242506812	0.6239782016348774	0.6239782016348774	oat	43
True	qwen3.5-9b	oat.s43	correct-error	wikimqa	18	17,18,19	733	367	0	0	0.4359673024523161	0.6457765667574932	0.6457765667574932	oat	43
True	qwen3.5-9b	oat.s43	correct-error	wikimqa	19	17,18,19	733	367	0	0	0.4114441416893733	0.6321525885558583	0.6321525885558583	oat	43
True	qwen3.5-9b	oat.s44	correct-error	wikimqa	17	17,18,19	733	367	0	0	0.42779291553133514	0.6212534059945504	0.6212534059945504	oat	44
True	qwen3.5-9b	oat.s44	correct-error	wikimqa	18	17,18,19	733	367	0	0	0.44959128065395093	0.6512261580381471	0.6512261580381471	oat	44
True	qwen3.5-9b	oat.s44	correct-error	wikimqa	19	17,18,19	733	367	0	0	0.41689373297002724	0.6348773841961853	0.6348773841961853	oat	44
True	qwen3.5-9b	oat.s45	correct-error	wikimqa	17	17,18,19	733	367	0	0	0.44141689373297005	0.6130790190735694	0.6130790190735694	oat	45
True	qwen3.5-9b	oat.s45	correct-error	wikimqa	18	17,18,19	733	367	0	0	0.44959128065395093	0.6512261580381471	0.6512261580381471	oat	45
True	qwen3.5-9b	oat.s45	correct-error	wikimqa	19	17,18,19	733	367	0	0	0.4250681198910082	0.6185286103542235	0.6185286103542235	oat	45
True	qwen3.5-9b	oat.s46	correct-error	wikimqa	17	17,18,19	733	367	0	0	0.4250681198910082	0.6212534059945504	0.6212534059945504	oat	46
True	qwen3.5-9b	oat.s46	correct-error	wikimqa	18	17,18,19	733	367	0	0	0.44141689373297005	0.6539509536784741	0.6539509536784741	oat	46
True	qwen3.5-9b	oat.s46	correct-error	wikimqa	19	17,18,19	733	367	0	0	0.4196185286103542	0.6348773841961853	0.6348773841961853	oat	46
True	qwen3.5-9b	stepfinder.s42	correct-error	wikimqa	17	17,18,19	733	367	0	0	0.2125340599455041	0.6948228882833788	0.6948228882833788	stepfinder	42
True	qwen3.5-9b	stepfinder.s42	correct-error	wikimqa	18	17,18,19	733	367	0	0	0.20708446866485014	0.6784741144414169	0.6784741144414169	stepfinder	42
True	qwen3.5-9b	stepfinder.s42	correct-error	wikimqa	19	17,18,19	733	367	0	0	0.2125340599455041	0.6866485013623979	0.6866485013623979	stepfinder	42
True	qwen3.5-9b	stepfinder.s43	correct-error	wikimqa	17	17,18,19	733	367	0	0	0.14986376021798364	0.6784741144414169	0.6784741144414169	stepfinder	43
True	qwen3.5-9b	stepfinder.s43	correct-error	wikimqa	18	17,18,19	733	367	0	0	0.16621253405994552	0.6893732970027248	0.6893732970027248	stepfinder	43
True	qwen3.5-9b	stepfinder.s43	correct-error	wikimqa	19	17,18,19	733	367	0	0	0.15258855585831063	0.6948228882833788	0.6948228882833788	stepfinder	43
True	qwen3.5-9b	stepfinder.s44	correct-error	wikimqa	17	17,18,19	733	367	0	0	0.19346049046321526	0.662125340599455	0.662125340599455	stepfinder	44
True	qwen3.5-9b	stepfinder.s44	correct-error	wikimqa	18	17,18,19	733	367	0	0	0.1989100817438692	0.6839237057220708	0.6839237057220708	stepfinder	44
True	qwen3.5-9b	stepfinder.s44	correct-error	wikimqa	19	17,18,19	733	367	0	0	0.19346049046321526	0.7002724795640327	0.7002724795640327	stepfinder	44
True	qwen3.5-9b	stepfinder.s45	correct-error	wikimqa	17	17,18,19	733	367	0	0	0.07084468664850137	0.6839237057220708	0.6839237057220708	stepfinder	45
True	qwen3.5-9b	stepfinder.s45	correct-error	wikimqa	18	17,18,19	733	367	0	0	0.07084468664850137	0.659400544959128	0.659400544959128	stepfinder	45
True	qwen3.5-9b	stepfinder.s45	correct-error	wikimqa	19	17,18,19	733	367	0	0	0.07084468664850137	0.662125340599455	0.662125340599455	stepfinder	45
True	qwen3.5-9b	stepfinder.s46	correct-error	wikimqa	17	17,18,19	733	367	0	0	0.2098092643051771	0.6839237057220708	0.6839237057220708	stepfinder	46
True	qwen3.5-9b	stepfinder.s46	correct-error	wikimqa	18	17,18,19	733	367	0	0	0.22070844686648503	0.7111716621253406	0.7111716621253406	stepfinder	46
True	qwen3.5-9b	stepfinder.s46	correct-error	wikimqa	19	17,18,19	733	367	0	0	0.21525885558583105	0.7029972752043597	0.7029972752043597	stepfinder	46
True	deepseek-8b	oat.s42	correct-error	wikimqa	17	17,18,19	733	367	0	0	0.36239782016348776	0.5940054495912807	0.5940054495912807	oat	42
True	deepseek-8b	oat.s42	correct-error	wikimqa	18	17,18,19	733	367	0	0	0.3787465940054496	0.6049046321525886	0.6049046321525886	oat	42
True	deepseek-8b	oat.s42	correct-error	wikimqa	19	17,18,19	733	367	0	0	0.3569482288828338	0.5912806539509536	0.5912806539509536	oat	42
True	deepseek-8b	oat.s43	correct-error	wikimqa	17	17,18,19	733	367	0	0	0.37057220708446864	0.5885558583106267	0.5885558583106267	oat	43
True	deepseek-8b	oat.s43	correct-error	wikimqa	18	17,18,19	733	367	0	0	0.3814713896457766	0.5912806539509536	0.5912806539509536	oat	43
True	deepseek-8b	oat.s43	correct-error	wikimqa	19	17,18,19	733	367	0	0	0.3651226158038147	0.5912806539509536	0.5912806539509536	oat	43
True	deepseek-8b	oat.s44	correct-error	wikimqa	17	17,18,19	733	367	0	0	0.37057220708446864	0.5994550408719346	0.5994550408719346	oat	44
True	deepseek-8b	oat.s44	correct-error	wikimqa	18	17,18,19	733	367	0	0	0.3923705722070845	0.6103542234332425	0.6103542234332425	oat	44
True	deepseek-8b	oat.s44	correct-error	wikimqa	19	17,18,19	733	367	0	0	0.37329700272479566	0.6021798365122616	0.6021798365122616	oat	44
True	deepseek-8b	oat.s45	correct-error	wikimqa	17	17,18,19	733	367	0	0	0.3542234332425068	0.5776566757493188	0.5776566757493188	oat	45
True	deepseek-8b	oat.s45	correct-error	wikimqa	18	17,18,19	733	367	0	0	0.3678474114441417	0.5831062670299727	0.5831062670299727	oat	45
True	deepseek-8b	oat.s45	correct-error	wikimqa	19	17,18,19	733	367	0	0	0.33787465940054495	0.5803814713896458	0.5803814713896458	oat	45
True	deepseek-8b	oat.s46	correct-error	wikimqa	17	17,18,19	733	367	0	0	0.36239782016348776	0.5831062670299727	0.5831062670299727	oat	46
True	deepseek-8b	oat.s46	correct-error	wikimqa	18	17,18,19	733	367	0	0	0.3760217983651226	0.5885558583106267	0.5885558583106267	oat	46
True	deepseek-8b	oat.s46	correct-error	wikimqa	19	17,18,19	733	367	0	0	0.3569482288828338	0.5722070844686649	0.5722070844686649	oat	46
True	deepseek-8b	stepfinder.s42	correct-error	wikimqa	17	17,18,19	733	367	0	0	0.05722070844686648	0.7084468664850136	0.7084468664850136	stepfinder	42
True	deepseek-8b	stepfinder.s42	correct-error	wikimqa	18	17,18,19	733	367	0	0	0.06267029972752043	0.6784741144414169	0.6784741144414169	stepfinder	42
True	deepseek-8b	stepfinder.s42	correct-error	wikimqa	19	17,18,19	733	367	0	0	0.04904632152588556	0.662125340599455	0.662125340599455	stepfinder	42
True	deepseek-8b	stepfinder.s43	correct-error	wikimqa	17	17,18,19	733	367	0	0	0.12806539509536785	0.6485013623978202	0.6485013623978202	stepfinder	43
True	deepseek-8b	stepfinder.s43	correct-error	wikimqa	18	17,18,19	733	367	0	0	0.1335149863760218	0.5885558583106267	0.5885558583106267	stepfinder	43
True	deepseek-8b	stepfinder.s43	correct-error	wikimqa	19	17,18,19	733	367	0	0	0.11171662125340599	0.5994550408719346	0.5994550408719346	stepfinder	43
True	deepseek-8b	stepfinder.s44	correct-error	wikimqa	17	17,18,19	733	367	0	0	0.13896457765667575	0.6839237057220708	0.6839237057220708	stepfinder	44
True	deepseek-8b	stepfinder.s44	correct-error	wikimqa	18	17,18,19	733	367	0	0	0.15258855585831063	0.667574931880109	0.667574931880109	stepfinder	44
True	deepseek-8b	stepfinder.s44	correct-error	wikimqa	19	17,18,19	733	367	0	0	0.13896457765667575	0.6730245231607629	0.6730245231607629	stepfinder	44
True	deepseek-8b	stepfinder.s45	correct-error	wikimqa	17	17,18,19	733	367	0	0	0.14168937329700274	0.6811989100817438	0.6811989100817438	stepfinder	45
True	deepseek-8b	stepfinder.s45	correct-error	wikimqa	18	17,18,19	733	367	0	0	0.14713896457765668	0.6430517711171662	0.6430517711171662	stepfinder	45
True	deepseek-8b	stepfinder.s45	correct-error	wikimqa	19	17,18,19	733	367	0	0	0.11716621253405994	0.6648501362397821	0.6648501362397821	stepfinder	45
True	deepseek-8b	stepfinder.s46	correct-error	wikimqa	17	17,18,19	733	367	0	0	0.11989100817438691	0.7057220708446866	0.7057220708446866	stepfinder	46
True	deepseek-8b	stepfinder.s46	correct-error	wikimqa	18	17,18,19	733	367	0	0	0.13896457765667575	0.6730245231607629	0.6730245231607629	stepfinder	46
True	deepseek-8b	stepfinder.s46	correct-error	wikimqa	19	17,18,19	733	367	0	0	0.12534059945504086	0.6566757493188011	0.6566757493188011	stepfinder	46
True	qwen3-embedding-0.6b	stepfinder.s42	correct-error	wikimqa	17	17,18,19	733	367	0	0	0.14713896457765668	0.662125340599455	0.662125340599455	stepfinder	42
True	qwen3-embedding-0.6b	stepfinder.s42	correct-error	wikimqa	18	17,18,19	733	367	0	0	0.16348773841961853	0.6730245231607629	0.6730245231607629	stepfinder	42
True	qwen3-embedding-0.6b	stepfinder.s42	correct-error	wikimqa	19	17,18,19	733	367	0	0	0.14986376021798364	0.662125340599455	0.662125340599455	stepfinder	42
True	qwen3-embedding-0.6b	stepfinder.s43	correct-error	wikimqa	17	17,18,19	733	367	0	0	0.1307901907356948	0.6539509536784741	0.6539509536784741	stepfinder	43
True	qwen3-embedding-0.6b	stepfinder.s43	correct-error	wikimqa	18	17,18,19	733	367	0	0	0.11171662125340599	0.6212534059945504	0.6212534059945504	stepfinder	43
True	qwen3-embedding-0.6b	stepfinder.s43	correct-error	wikimqa	19	17,18,19	733	367	0	0	0.11444141689373297	0.5940054495912807	0.5940054495912807	stepfinder	43
True	qwen3-embedding-0.6b	stepfinder.s44	correct-error	wikimqa	17	17,18,19	733	367	0	0	0.26975476839237056	0.6811989100817438	0.6811989100817438	stepfinder	44
True	qwen3-embedding-0.6b	stepfinder.s44	correct-error	wikimqa	18	17,18,19	733	367	0	0	0.2997275204359673	0.6784741144414169	0.6784741144414169	stepfinder	44
True	qwen3-embedding-0.6b	stepfinder.s44	correct-error	wikimqa	19	17,18,19	733	367	0	0	0.26430517711171664	0.6512261580381471	0.6512261580381471	stepfinder	44
True	qwen3-embedding-0.6b	stepfinder.s45	correct-error	wikimqa	17	17,18,19	733	367	0	0	0.22888283378746593	0.6648501362397821	0.6648501362397821	stepfinder	45
True	qwen3-embedding-0.6b	stepfinder.s45	correct-error	wikimqa	18	17,18,19	733	367	0	0	0.2724795640326976	0.6730245231607629	0.6730245231607629	stepfinder	45
True	qwen3-embedding-0.6b	stepfinder.s45	correct-error	wikimqa	19	17,18,19	733	367	0	0	0.23160762942779292	0.6485013623978202	0.6485013623978202	stepfinder	45
True	qwen3-embedding-0.6b	stepfinder.s46	correct-error	wikimqa	17	17,18,19	733	367	0	0	0.16621253405994552	0.6430517711171662	0.6430517711171662	stepfinder	46
True	qwen3-embedding-0.6b	stepfinder.s46	correct-error	wikimqa	18	17,18,19	733	367	0	0	0.18256130790190736	0.6376021798365122	0.6376021798365122	stepfinder	46
True	qwen3-embedding-0.6b	stepfinder.s46	correct-error	wikimqa	19	17,18,19	733	367	0	0	0.14986376021798364	0.6239782016348774	0.6239782016348774	stepfinder	46
