position	pooling	method	c_begin	c_end	centered	weighted	direction	k	step_acc_val	agent_acc_val	step_acc_test	agent_acc_test
act/31_normed	mean	proj	0	1	False	True	asc	1	0.1724137931034483	0.5172413793103449	0.3448275862068966	0.6896551724137931
act/31_normed	mean	proj	0	1	False	False	asc	1	0.1724137931034483	0.5172413793103449	0.3448275862068966	0.6896551724137931
act/31_normed	mean	proj	0	7	False	True	asc	1	0.1724137931034483	0.5172413793103449	0.3103448275862069	0.6206896551724138
act/31_normed	mean	proj	0	6	False	False	asc	1	0.1724137931034483	0.5517241379310345	0.3103448275862069	0.6206896551724138
act/31_normed	mean	proj	0	14	False	False	asc	1	0.1724137931034483	0.4482758620689655	0.3103448275862069	0.6206896551724138
act/31_normed	mean	proj	0	15	False	True	asc	1	0.1724137931034483	0.5172413793103449	0.3103448275862069	0.6206896551724138
act/31_normed	mean	proj	0	3	False	True	asc	1	0.1724137931034483	0.4827586206896552	0.3103448275862069	0.6206896551724138
act/31_normed	mean	proj	0	14	False	True	asc	1	0.1724137931034483	0.5172413793103449	0.3103448275862069	0.6206896551724138
act/31_normed	mean	proj	0	13	False	False	asc	1	0.1724137931034483	0.4482758620689655	0.3103448275862069	0.6206896551724138
act/31_normed	mean	proj	0	13	False	True	asc	1	0.1724137931034483	0.5172413793103449	0.3103448275862069	0.6206896551724138
act/31_normed	mean	proj	0	6	False	True	asc	1	0.1724137931034483	0.5172413793103449	0.3103448275862069	0.6206896551724138
act/31_normed	mean	proj	0	4	False	True	asc	1	0.1724137931034483	0.5172413793103449	0.3103448275862069	0.6206896551724138
act/31_normed	mean	proj	0	16	False	False	asc	1	0.1724137931034483	0.4827586206896552	0.3103448275862069	0.6206896551724138
act/31_normed	mean	proj	0	7	False	False	asc	1	0.1724137931034483	0.5517241379310345	0.3103448275862069	0.6206896551724138
act/31_normed	mean	proj	0	15	False	False	asc	1	0.1724137931034483	0.4827586206896552	0.3103448275862069	0.6206896551724138
act/31_normed	mean	proj	0	16	False	True	asc	1	0.1724137931034483	0.5172413793103449	0.3103448275862069	0.6206896551724138
act/31_normed	mean	proj	0	8	False	True	asc	1	0.1724137931034483	0.5172413793103449	0.3103448275862069	0.6206896551724138
act/31	mean	proj	0	20	False	True	asc	1	0.20689655172413793	0.6551724137931034	0.3103448275862069	0.6551724137931034
act/31_normed	mean	proj	0	9	False	False	asc	1	0.1724137931034483	0.5172413793103449	0.3103448275862069	0.6206896551724138
act/31_normed	mean	proj	0	9	False	True	asc	1	0.1724137931034483	0.5172413793103449	0.3103448275862069	0.6206896551724138
act/31	mean	proj	0	16	False	True	asc	1	0.20689655172413793	0.6551724137931034	0.3103448275862069	0.6551724137931034
act/31_normed	mean	proj	0	5	False	True	asc	1	0.1724137931034483	0.5172413793103449	0.3103448275862069	0.6206896551724138
act/31	mean	proj	0	19	False	True	asc	1	0.20689655172413793	0.6551724137931034	0.3103448275862069	0.6551724137931034
act/31	mean	proj	0	17	False	True	asc	1	0.20689655172413793	0.6551724137931034	0.3103448275862069	0.6551724137931034
act/31_normed	mean	proj	0	2	False	True	asc	1	0.1724137931034483	0.4827586206896552	0.3103448275862069	0.6206896551724138
act/31	mean	proj	0	6	False	False	asc	1	0.1724137931034483	0.5517241379310345	0.3103448275862069	0.6896551724137931
act/31	mean	proj	0	1	False	False	asc	1	0.1724137931034483	0.6551724137931034	0.3103448275862069	0.6206896551724138
act/31	mean	proj	0	1	False	True	asc	1	0.1724137931034483	0.6551724137931034	0.3103448275862069	0.6206896551724138
act/31	mean	proj	0	5	False	True	asc	1	0.20689655172413793	0.6551724137931034	0.3103448275862069	0.6551724137931034
act/31	mean	proj	0	14	False	True	asc	1	0.20689655172413793	0.6551724137931034	0.3103448275862069	0.6551724137931034
act/31	mean	proj	0	7	False	False	asc	1	0.1724137931034483	0.5862068965517241	0.3103448275862069	0.6896551724137931
act/31	mean	proj	0	7	False	True	asc	1	0.20689655172413793	0.6551724137931034	0.3103448275862069	0.6551724137931034
act/31	mean	proj	0	9	False	True	asc	1	0.20689655172413793	0.6551724137931034	0.3103448275862069	0.6551724137931034
act/31	mean	proj	0	11	False	True	asc	1	0.20689655172413793	0.6551724137931034	0.3103448275862069	0.6551724137931034
act/31	mean	proj	0	13	False	True	asc	1	0.20689655172413793	0.6551724137931034	0.3103448275862069	0.6551724137931034
act/31	mean	proj	0	12	False	True	asc	1	0.20689655172413793	0.6551724137931034	0.3103448275862069	0.6551724137931034
act/31	mean	proj	0	3	False	False	asc	1	0.1724137931034483	0.4827586206896552	0.3103448275862069	0.6551724137931034
act/31	mean	proj	0	4	False	True	asc	1	0.20689655172413793	0.6551724137931034	0.3103448275862069	0.6551724137931034
act/31	mean	proj	0	9	False	False	asc	1	0.20689655172413793	0.6206896551724138	0.3103448275862069	0.6896551724137931
act/31	mean	proj	0	8	False	True	asc	1	0.20689655172413793	0.6551724137931034	0.3103448275862069	0.6551724137931034
act/31	mean	proj	0	10	False	True	asc	1	0.20689655172413793	0.6551724137931034	0.3103448275862069	0.6551724137931034
act/31	mean	proj	0	3	False	True	asc	1	0.20689655172413793	0.6551724137931034	0.3103448275862069	0.6551724137931034
act/31	mean	proj	0	15	False	True	asc	1	0.20689655172413793	0.6551724137931034	0.3103448275862069	0.6551724137931034
act/31	mean	proj	0	18	False	True	asc	1	0.20689655172413793	0.6551724137931034	0.3103448275862069	0.6551724137931034
act/31_normed	mean	proj	0	18	False	False	asc	1	0.1724137931034483	0.4827586206896552	0.3103448275862069	0.6206896551724138
act/31_normed	mean	proj	0	19	False	True	asc	1	0.1724137931034483	0.5172413793103449	0.3103448275862069	0.6206896551724138
act/31_normed	mean	proj	0	19	False	False	asc	1	0.1724137931034483	0.4827586206896552	0.3103448275862069	0.6551724137931034
act/31_normed	mean	proj	0	20	False	True	asc	1	0.1724137931034483	0.5172413793103449	0.3103448275862069	0.6206896551724138
act/31_normed	mean	proj	0	20	False	False	asc	1	0.1724137931034483	0.4827586206896552	0.3103448275862069	0.5862068965517241
act/31_normed	mean	proj	0	17	False	True	asc	1	0.1724137931034483	0.5172413793103449	0.3103448275862069	0.6206896551724138
act/31_normed	mean	proj	0	17	False	False	asc	1	0.1724137931034483	0.4827586206896552	0.3103448275862069	0.6206896551724138
act/31_normed	mean	proj	0	10	False	True	asc	1	0.1724137931034483	0.5172413793103449	0.3103448275862069	0.6206896551724138
act/31_normed	mean	proj	0	10	False	False	asc	1	0.1724137931034483	0.4827586206896552	0.3103448275862069	0.6206896551724138
act/31_normed	mean	proj	0	11	False	True	asc	1	0.1724137931034483	0.5172413793103449	0.3103448275862069	0.6206896551724138
act/31_normed	mean	proj	0	11	False	False	asc	1	0.1724137931034483	0.4827586206896552	0.3103448275862069	0.5517241379310345
act/31_normed	mean	proj	0	12	False	True	asc	1	0.1724137931034483	0.5172413793103449	0.3103448275862069	0.6206896551724138
act/31_normed	mean	proj	0	18	False	True	asc	1	0.1724137931034483	0.5172413793103449	0.3103448275862069	0.6206896551724138
act/31	mean	proj	0	6	False	True	asc	1	0.20689655172413793	0.6551724137931034	0.3103448275862069	0.6551724137931034
act/31	mean	proj	0	5	False	False	asc	1	0.1724137931034483	0.5862068965517241	0.3103448275862069	0.6551724137931034
act/31_normed	mean	proj	0	12	False	False	asc	1	0.1724137931034483	0.4482758620689655	0.3103448275862069	0.6206896551724138
act/31	mean	proj	0	2	False	True	asc	1	0.1724137931034483	0.6206896551724138	0.3103448275862069	0.6896551724137931
act/23	mean	proj	7	9	True	False	asc	1	0.10344827586206896	0.4827586206896552	0.27586206896551724	0.5862068965517241
act/23	mean	proj	7	9	True	True	asc	1	0.10344827586206896	0.4827586206896552	0.27586206896551724	0.5862068965517241
act/23	mean	proj	7	10	True	True	asc	1	0.10344827586206896	0.3793103448275862	0.27586206896551724	0.5862068965517241
act/31	mean	proj	0	11	False	False	asc	1	0.20689655172413793	0.5862068965517241	0.27586206896551724	0.7241379310344828
act/23	mean	proj	7	10	True	False	asc	1	0.10344827586206896	0.41379310344827586	0.27586206896551724	0.5862068965517241
act/31	mean	proj	0	2	False	False	asc	1	0.1724137931034483	0.5862068965517241	0.27586206896551724	0.6206896551724138
act/31	mean	proj	0	13	False	False	asc	1	0.20689655172413793	0.5862068965517241	0.27586206896551724	0.7241379310344828
act/31	mean	proj	0	10	False	False	asc	1	0.20689655172413793	0.5862068965517241	0.27586206896551724	0.6896551724137931
act/31	mean	proj	0	14	False	False	asc	1	0.20689655172413793	0.5862068965517241	0.27586206896551724	0.7241379310344828
act/31	mean	proj	0	12	False	False	asc	1	0.20689655172413793	0.5862068965517241	0.27586206896551724	0.7241379310344828
act/31	mean	proj	0	4	False	False	asc	1	0.1724137931034483	0.5862068965517241	0.27586206896551724	0.6551724137931034
act/23	mean	proj	7	11	True	True	asc	1	0.10344827586206896	0.41379310344827586	0.27586206896551724	0.5517241379310345
act/31	mean	proj	0	15	False	False	asc	1	0.20689655172413793	0.5862068965517241	0.27586206896551724	0.7241379310344828
act/31	mean	proj	0	8	False	False	asc	1	0.1724137931034483	0.5862068965517241	0.27586206896551724	0.6896551724137931
act/31	mean	proj	0	18	False	False	asc	1	0.20689655172413793	0.5517241379310345	0.27586206896551724	0.7241379310344828
act/23	mean	proj	5	8	True	True	asc	1	0.06896551724137931	0.3793103448275862	0.27586206896551724	0.6206896551724138
act/31_normed	mean	proj	0	8	False	False	asc	1	0.1724137931034483	0.5172413793103449	0.27586206896551724	0.6206896551724138
act/23	mean	proj	5	8	True	False	asc	1	0.06896551724137931	0.3448275862068966	0.27586206896551724	0.6206896551724138
act/23	mean	proj	7	11	True	False	asc	1	0.10344827586206896	0.3793103448275862	0.27586206896551724	0.5517241379310345
act/31	mean	proj	0	17	False	False	asc	1	0.20689655172413793	0.5862068965517241	0.27586206896551724	0.7241379310344828
act/31	mean	proj	0	20	False	False	asc	1	0.20689655172413793	0.5862068965517241	0.27586206896551724	0.7241379310344828
act/31	mean	proj	0	16	False	False	asc	1	0.20689655172413793	0.5517241379310345	0.27586206896551724	0.7241379310344828
act/31	mean	proj	0	19	False	False	asc	1	0.20689655172413793	0.5862068965517241	0.27586206896551724	0.7241379310344828
act/31_normed	mean	proj	0	3	False	False	asc	1	0.1724137931034483	0.4827586206896552	0.27586206896551724	0.6206896551724138
act/31_normed	mean	proj	0	2	False	False	asc	1	0.1724137931034483	0.4827586206896552	0.27586206896551724	0.6206896551724138
act/31_normed	mean	proj	0	5	False	False	asc	1	0.1724137931034483	0.5172413793103449	0.27586206896551724	0.6206896551724138
act/19	mean	proj	14	16	False	True	asc	1	0.10344827586206896	0.5172413793103449	0.2413793103448276	0.6551724137931034
act/23	mean	proj	7	12	False	True	asc	1	0.13793103448275862	0.3448275862068966	0.2413793103448276	0.6551724137931034
act/31_normed	mean	proj	0	4	False	False	asc	1	0.1724137931034483	0.5862068965517241	0.2413793103448276	0.6206896551724138
act/23	mean	proj	5	10	True	False	asc	1	0.13793103448275862	0.4482758620689655	0.2413793103448276	0.6206896551724138
act/23	mean	proj	5	9	True	False	asc	1	0.13793103448275862	0.4482758620689655	0.2413793103448276	0.6206896551724138
act/23	mean	proj	6	10	False	False	asc	1	0.13793103448275862	0.4482758620689655	0.2413793103448276	0.5862068965517241
act/23	mean	proj	8	10	True	True	asc	1	0.06896551724137931	0.4482758620689655	0.2413793103448276	0.6206896551724138
act/31_normed	mean	norm_l2	0	0	False	False	asc	1	0.2413793103448276	0.5862068965517241	0.2413793103448276	0.5862068965517241
act/23	mean	proj	8	10	True	False	asc	1	0.06896551724137931	0.4482758620689655	0.2413793103448276	0.6206896551724138
act/23	mean	proj	16	19	False	False	asc	1	0.13793103448275862	0.4827586206896552	0.2413793103448276	0.6551724137931034
act/23	mean	proj	7	12	True	True	asc	1	0.1724137931034483	0.41379310344827586	0.2413793103448276	0.5862068965517241
act/19	mean	proj	7	11	True	False	asc	1	0.10344827586206896	0.3793103448275862	0.2413793103448276	0.5862068965517241
act/23	mean	proj	7	12	True	False	asc	1	0.13793103448275862	0.41379310344827586	0.2413793103448276	0.6206896551724138
act/23	mean	proj	6	11	True	False	asc	1	0.10344827586206896	0.4482758620689655	0.2413793103448276	0.6551724137931034
act/23	mean	proj	6	10	False	True	asc	1	0.13793103448275862	0.4482758620689655	0.2413793103448276	0.5862068965517241
act/23	mean	proj	6	9	True	False	asc	1	0.13793103448275862	0.4482758620689655	0.2413793103448276	0.5517241379310345
act/23	mean	proj	5	10	True	True	asc	1	0.10344827586206896	0.41379310344827586	0.2413793103448276	0.6551724137931034
act/23	mean	proj	6	11	True	True	asc	1	0.10344827586206896	0.4482758620689655	0.2413793103448276	0.6551724137931034
act/23	mean	proj	6	10	True	False	asc	1	0.13793103448275862	0.4482758620689655	0.2413793103448276	0.5517241379310345
act/23	mean	proj	6	10	True	True	asc	1	0.10344827586206896	0.4482758620689655	0.2413793103448276	0.5862068965517241
act/23	mean	proj	5	9	True	True	asc	1	0.13793103448275862	0.4482758620689655	0.2413793103448276	0.6206896551724138
act/23	mean	proj	7	16	True	False	asc	1	0.10344827586206896	0.4827586206896552	0.2413793103448276	0.7241379310344828
act/19	mean	proj	7	11	True	True	asc	1	0.13793103448275862	0.41379310344827586	0.2413793103448276	0.5862068965517241
act/23	mean	proj	6	9	True	True	asc	1	0.1724137931034483	0.4827586206896552	0.2413793103448276	0.5517241379310345
act/23	mean	proj	6	8	True	True	asc	1	0.10344827586206896	0.3103448275862069	0.2413793103448276	0.5517241379310345
act/23	mean	proj	16	19	False	True	asc	1	0.13793103448275862	0.4827586206896552	0.2413793103448276	0.6551724137931034
embed	mean	proj	16	20	True	False	asc	1	0.10344827586206896	0.4482758620689655	0.2413793103448276	0.5517241379310345
act/23	mean	proj	13	17	False	True	asc	1	0.13793103448275862	0.4482758620689655	0.2413793103448276	0.6551724137931034
act/23	mean	proj	13	17	False	False	asc	1	0.13793103448275862	0.4482758620689655	0.2413793103448276	0.6551724137931034
embed	mean	proj	16	20	True	True	asc	1	0.10344827586206896	0.4482758620689655	0.2413793103448276	0.5517241379310345
act/23	mean	proj	6	8	True	False	asc	1	0.10344827586206896	0.3103448275862069	0.2413793103448276	0.5517241379310345
act/19	mean	proj	14	17	False	True	asc	1	0.10344827586206896	0.5517241379310345	0.2413793103448276	0.6551724137931034
act/23	mean	proj	7	16	True	True	asc	1	0.10344827586206896	0.4827586206896552	0.2413793103448276	0.6896551724137931
act/19	mean	proj	14	17	False	False	asc	1	0.10344827586206896	0.5517241379310345	0.2413793103448276	0.6551724137931034
act/23	mean	proj	8	20	False	True	asc	1	0.10344827586206896	0.3793103448275862	0.2413793103448276	0.6551724137931034
act/23	mean	proj	7	15	True	True	asc	1	0.10344827586206896	0.4482758620689655	0.2413793103448276	0.6896551724137931
act/23	mean	proj	8	15	True	True	asc	1	0.06896551724137931	0.4482758620689655	0.20689655172413793	0.6896551724137931
act/19	mean	proj	10	20	True	False	asc	1	0.034482758620689655	0.4482758620689655	0.20689655172413793	0.5862068965517241
act/27	mean	proj	18	20	False	True	asc	1	0.13793103448275862	0.4482758620689655	0.20689655172413793	0.5862068965517241
act/19	mean	proj	8	17	False	True	asc	1	0.034482758620689655	0.4482758620689655	0.20689655172413793	0.6551724137931034
act/23	mean	proj	7	13	False	True	asc	1	0.10344827586206896	0.3793103448275862	0.20689655172413793	0.6206896551724138
act/23	mean	proj	8	12	True	False	asc	1	0.06896551724137931	0.3793103448275862	0.20689655172413793	0.6551724137931034
act/23	mean	proj	8	12	True	True	asc	1	0.06896551724137931	0.3793103448275862	0.20689655172413793	0.6551724137931034
act/31_normed	mean	norm_l1	0	0	False	False	asc	1	0.20689655172413793	0.4827586206896552	0.20689655172413793	0.6206896551724138
act/23	mean	proj	8	20	True	True	asc	1	0.034482758620689655	0.4827586206896552	0.20689655172413793	0.6551724137931034
act/15	mean	proj	13	17	True	False	asc	1	0.0	0.4482758620689655	0.20689655172413793	0.5862068965517241
act/23	mean	proj	5	11	True	True	asc	1	0.13793103448275862	0.3793103448275862	0.20689655172413793	0.6896551724137931
act/23	mean	proj	5	11	True	False	asc	1	0.10344827586206896	0.3793103448275862	0.20689655172413793	0.6896551724137931
act/15	mean	proj	13	15	True	True	asc	1	0.06896551724137931	0.4482758620689655	0.20689655172413793	0.7241379310344828
act/15	mean	proj	13	15	True	False	asc	1	0.06896551724137931	0.4482758620689655	0.20689655172413793	0.7241379310344828
act/23	mean	proj	6	11	False	False	asc	1	0.10344827586206896	0.4482758620689655	0.20689655172413793	0.6206896551724138
act/23	mean	proj	7	12	False	False	asc	1	0.10344827586206896	0.3448275862068966	0.20689655172413793	0.6551724137931034
act/23	mean	proj	6	12	False	False	asc	1	0.10344827586206896	0.3448275862068966	0.20689655172413793	0.6551724137931034
act/23	mean	proj	6	12	True	True	asc	1	0.13793103448275862	0.4827586206896552	0.20689655172413793	0.6551724137931034
act/23	mean	proj	9	18	True	True	asc	1	0.10344827586206896	0.3793103448275862	0.20689655172413793	0.6551724137931034
act/19	mean	proj	6	9	False	True	asc	1	0.06896551724137931	0.4827586206896552	0.20689655172413793	0.6551724137931034
act/27	mean	proj	9	17	False	False	asc	1	0.10344827586206896	0.41379310344827586	0.20689655172413793	0.6896551724137931
act/31	mean	proj	9	12	False	True	asc	1	0.06896551724137931	0.3448275862068966	0.20689655172413793	0.6551724137931034
act/27	mean	proj	10	17	False	True	asc	1	0.034482758620689655	0.41379310344827586	0.20689655172413793	0.7586206896551724
act/27	mean	proj	9	16	False	True	asc	1	0.10344827586206896	0.41379310344827586	0.20689655172413793	0.6896551724137931
act/27	mean	proj	9	16	False	False	asc	1	0.10344827586206896	0.41379310344827586	0.20689655172413793	0.7241379310344828
act/31	mean	proj	15	17	False	True	asc	1	0.10344827586206896	0.3448275862068966	0.20689655172413793	0.5862068965517241
act/31	mean	norm_l2	0	0	False	False	asc	1	0.2413793103448276	0.5862068965517241	0.20689655172413793	0.6551724137931034
act/27	mean	proj	9	17	False	True	asc	1	0.10344827586206896	0.41379310344827586	0.20689655172413793	0.6551724137931034
act/31	mean	proj	15	17	False	False	asc	1	0.13793103448275862	0.3793103448275862	0.20689655172413793	0.5862068965517241
act/23	mean	proj	6	12	True	False	asc	1	0.13793103448275862	0.4827586206896552	0.20689655172413793	0.6551724137931034
act/27	mean	proj	8	15	True	True	asc	1	0.034482758620689655	0.4827586206896552	0.20689655172413793	0.6896551724137931
act/27	mean	proj	8	15	True	False	asc	1	0.034482758620689655	0.4827586206896552	0.20689655172413793	0.7241379310344828
act/19	mean	proj	6	9	False	False	asc	1	0.06896551724137931	0.4827586206896552	0.20689655172413793	0.6551724137931034
act/19	mean	proj	8	11	True	False	asc	1	0.10344827586206896	0.4482758620689655	0.20689655172413793	0.5172413793103449
embed	mean	proj	14	16	False	True	asc	1	0.13793103448275862	0.41379310344827586	0.20689655172413793	0.6551724137931034
act/27	mean	proj	6	19	True	True	asc	1	0.06896551724137931	0.4827586206896552	0.20689655172413793	0.6896551724137931
act/19	mean	proj	8	16	False	False	asc	1	0.034482758620689655	0.3793103448275862	0.20689655172413793	0.6896551724137931
act/27	mean	proj	18	20	False	False	asc	1	0.13793103448275862	0.4482758620689655	0.20689655172413793	0.5862068965517241
act/19	mean	proj	8	17	False	False	asc	1	0.034482758620689655	0.4827586206896552	0.20689655172413793	0.6551724137931034
act/31_normed	mean	proj	2	3	True	False	asc	1	0.0	0.5862068965517241	0.20689655172413793	0.5862068965517241
act/31_normed	mean	proj	2	3	True	True	asc	1	0.0	0.5862068965517241	0.20689655172413793	0.5862068965517241
act/19	mean	proj	5	10	True	False	asc	1	0.10344827586206896	0.3793103448275862	0.20689655172413793	0.6551724137931034
act/27	mean	proj	6	20	True	False	asc	1	0.06896551724137931	0.4827586206896552	0.20689655172413793	0.6551724137931034
act/19	mean	proj	12	16	False	False	asc	1	0.10344827586206896	0.4827586206896552	0.20689655172413793	0.6551724137931034
act/23	mean	proj	7	20	True	True	asc	1	0.10344827586206896	0.4827586206896552	0.20689655172413793	0.6206896551724138
act/23	mean	proj	7	20	True	False	asc	1	0.06896551724137931	0.4827586206896552	0.20689655172413793	0.6206896551724138
act/23	mean	proj	7	16	False	False	asc	1	0.10344827586206896	0.4827586206896552	0.20689655172413793	0.7241379310344828
act/23	mean	proj	7	14	False	True	asc	1	0.13793103448275862	0.3793103448275862	0.20689655172413793	0.6206896551724138
act/23	mean	proj	5	14	True	False	asc	1	0.10344827586206896	0.5172413793103449	0.20689655172413793	0.7241379310344828
act/31_normed	mean	proj	10	11	False	False	asc	1	0.034482758620689655	0.27586206896551724	0.20689655172413793	0.6551724137931034
act/19	mean	proj	9	19	True	False	asc	1	0.10344827586206896	0.41379310344827586	0.20689655172413793	0.5862068965517241
act/23	mean	proj	8	13	True	False	asc	1	0.06896551724137931	0.3793103448275862	0.20689655172413793	0.6896551724137931
act/23	mean	proj	10	19	False	False	asc	1	0.10344827586206896	0.41379310344827586	0.20689655172413793	0.6206896551724138
act/19	mean	proj	13	18	False	False	asc	1	0.10344827586206896	0.5172413793103449	0.20689655172413793	0.6551724137931034
act/23	mean	proj	8	13	True	True	asc	1	0.06896551724137931	0.3793103448275862	0.20689655172413793	0.6896551724137931
act/23	mean	proj	5	16	True	False	asc	1	0.10344827586206896	0.4827586206896552	0.20689655172413793	0.7241379310344828
act/23	mean	proj	5	15	True	False	asc	1	0.10344827586206896	0.4827586206896552	0.20689655172413793	0.7241379310344828
act/23	mean	proj	10	18	False	False	asc	1	0.10344827586206896	0.41379310344827586	0.20689655172413793	0.6206896551724138
act/23	mean	proj	10	18	False	True	asc	1	0.13793103448275862	0.3448275862068966	0.20689655172413793	0.6206896551724138
act/23	mean	proj	10	19	False	True	asc	1	0.13793103448275862	0.41379310344827586	0.20689655172413793	0.6206896551724138
act/23	mean	proj	8	15	False	False	asc	1	0.06896551724137931	0.4827586206896552	0.20689655172413793	0.6896551724137931
act/23	mean	proj	7	19	False	False	asc	1	0.10344827586206896	0.4827586206896552	0.20689655172413793	0.6551724137931034
act/19	mean	proj	13	18	False	True	asc	1	0.10344827586206896	0.5172413793103449	0.20689655172413793	0.6551724137931034
act/23	mean	proj	7	18	True	False	asc	1	0.10344827586206896	0.5172413793103449	0.20689655172413793	0.6896551724137931
act/23	mean	proj	7	13	True	False	asc	1	0.13793103448275862	0.41379310344827586	0.20689655172413793	0.6551724137931034
act/23	mean	proj	7	18	False	False	asc	1	0.10344827586206896	0.41379310344827586	0.20689655172413793	0.6896551724137931
act/23	mean	proj	7	17	False	True	asc	1	0.13793103448275862	0.41379310344827586	0.20689655172413793	0.6896551724137931
act/23	mean	proj	7	10	False	True	asc	1	0.13793103448275862	0.4482758620689655	0.20689655172413793	0.6206896551724138
act/23	mean	proj	7	16	False	True	asc	1	0.10344827586206896	0.41379310344827586	0.20689655172413793	0.6896551724137931
act/23	mean	proj	6	14	True	True	asc	1	0.10344827586206896	0.5172413793103449	0.20689655172413793	0.6896551724137931
act/23	mean	proj	6	15	True	True	asc	1	0.10344827586206896	0.4827586206896552	0.20689655172413793	0.7241379310344828
act/23	mean	proj	6	15	True	False	asc	1	0.10344827586206896	0.4827586206896552	0.20689655172413793	0.7241379310344828
act/31_normed	mean	proj	10	11	False	True	asc	1	0.034482758620689655	0.27586206896551724	0.20689655172413793	0.6551724137931034
act/15	mean	proj	13	17	True	True	asc	1	0.0	0.4482758620689655	0.20689655172413793	0.5862068965517241
act/23	mean	proj	7	14	True	True	asc	1	0.10344827586206896	0.41379310344827586	0.20689655172413793	0.6206896551724138
act/23	mean	proj	8	15	False	True	asc	1	0.06896551724137931	0.4827586206896552	0.20689655172413793	0.6896551724137931
act/23	mean	proj	7	10	False	False	asc	1	0.13793103448275862	0.4482758620689655	0.20689655172413793	0.6206896551724138
act/23	mean	proj	7	20	False	True	asc	1	0.10344827586206896	0.3793103448275862	0.20689655172413793	0.6551724137931034
act/23	mean	proj	7	19	False	True	asc	1	0.10344827586206896	0.4482758620689655	0.20689655172413793	0.6551724137931034
act/23	mean	proj	7	13	True	True	asc	1	0.13793103448275862	0.41379310344827586	0.20689655172413793	0.6206896551724138
act/23	mean	proj	7	19	True	True	asc	1	0.06896551724137931	0.4827586206896552	0.20689655172413793	0.6206896551724138
embed	mean	proj	13	14	True	False	asc	1	0.06896551724137931	0.4482758620689655	0.20689655172413793	0.5862068965517241
act/31_normed	mean	proj	15	17	False	False	asc	1	0.06896551724137931	0.3448275862068966	0.20689655172413793	0.5517241379310345
act/31_normed	mean	proj	15	17	False	True	asc	1	0.06896551724137931	0.3448275862068966	0.20689655172413793	0.5517241379310345
act/23	mean	proj	6	20	True	False	asc	1	0.06896551724137931	0.4827586206896552	0.20689655172413793	0.6206896551724138
act/23	mean	proj	6	20	True	True	asc	1	0.13793103448275862	0.4827586206896552	0.20689655172413793	0.6551724137931034
act/23	mean	proj	6	19	True	False	asc	1	0.06896551724137931	0.4827586206896552	0.20689655172413793	0.6206896551724138
act/23	mean	proj	8	16	True	False	asc	1	0.10344827586206896	0.5172413793103449	0.20689655172413793	0.6896551724137931
act/23	mean	proj	8	16	True	True	asc	1	0.10344827586206896	0.5172413793103449	0.20689655172413793	0.6896551724137931
act/23	mean	proj	6	19	True	True	asc	1	0.13793103448275862	0.4827586206896552	0.20689655172413793	0.6551724137931034
act/23	mean	proj	6	16	True	False	asc	1	0.10344827586206896	0.4827586206896552	0.20689655172413793	0.7241379310344828
act/23	mean	proj	6	16	True	True	asc	1	0.10344827586206896	0.4827586206896552	0.20689655172413793	0.6896551724137931
act/23	mean	proj	7	18	False	True	asc	1	0.13793103448275862	0.41379310344827586	0.20689655172413793	0.6896551724137931
act/23	mean	proj	7	17	False	False	asc	1	0.13793103448275862	0.4482758620689655	0.20689655172413793	0.6896551724137931
act/23	mean	proj	7	18	True	True	asc	1	0.10344827586206896	0.5172413793103449	0.20689655172413793	0.6896551724137931
act/23	mean	proj	7	17	True	True	asc	1	0.10344827586206896	0.5172413793103449	0.20689655172413793	0.6551724137931034
act/19	mean	proj	14	16	False	False	asc	1	0.10344827586206896	0.5172413793103449	0.20689655172413793	0.6206896551724138
act/23	mean	proj	7	19	True	False	asc	1	0.034482758620689655	0.4827586206896552	0.20689655172413793	0.6206896551724138
act/23	mean	proj	7	15	True	False	asc	1	0.10344827586206896	0.4482758620689655	0.20689655172413793	0.6896551724137931
act/23	mean	proj	8	19	True	True	asc	1	0.034482758620689655	0.4827586206896552	0.20689655172413793	0.6206896551724138
act/27	mean	proj	8	16	True	True	asc	1	0.06896551724137931	0.4827586206896552	0.20689655172413793	0.6896551724137931
act/27	mean	proj	8	16	True	False	asc	1	0.034482758620689655	0.4827586206896552	0.20689655172413793	0.6896551724137931
act/27	mean	proj	10	16	False	True	asc	1	0.034482758620689655	0.3793103448275862	0.20689655172413793	0.7586206896551724
act/19	mean	proj	6	11	True	True	asc	1	0.10344827586206896	0.4482758620689655	0.20689655172413793	0.6896551724137931
act/19	mean	proj	6	11	True	False	asc	1	0.13793103448275862	0.4482758620689655	0.20689655172413793	0.6896551724137931
act/19	mean	proj	9	20	True	False	asc	1	0.06896551724137931	0.41379310344827586	0.20689655172413793	0.5862068965517241
embed	mean	proj	13	14	True	True	asc	1	0.06896551724137931	0.4482758620689655	0.20689655172413793	0.5862068965517241
act/23	mean	proj	5	12	True	False	asc	1	0.10344827586206896	0.4482758620689655	0.20689655172413793	0.6896551724137931
act/31	mean	proj	9	12	False	False	asc	1	0.06896551724137931	0.3448275862068966	0.20689655172413793	0.6551724137931034
act/19	mean	proj	8	11	True	True	asc	1	0.10344827586206896	0.41379310344827586	0.20689655172413793	0.5172413793103449
embed	mean	proj	14	16	False	False	asc	1	0.13793103448275862	0.41379310344827586	0.20689655172413793	0.6551724137931034
embed	mean	proj	16	18	False	False	asc	1	0.06896551724137931	0.4482758620689655	0.20689655172413793	0.6206896551724138
embed	mean	proj	16	18	False	True	asc	1	0.06896551724137931	0.4482758620689655	0.20689655172413793	0.6206896551724138
act/19	mean	proj	6	8	True	False	asc	1	0.10344827586206896	0.4827586206896552	0.1724137931034483	0.6206896551724138
embed	mean	proj	15	18	False	False	asc	1	0.13793103448275862	0.6206896551724138	0.1724137931034483	0.5172413793103449
act/27	mean	proj	11	13	True	True	asc	1	0.034482758620689655	0.4482758620689655	0.1724137931034483	0.6551724137931034
embed	mean	proj	14	17	False	False	asc	1	0.1724137931034483	0.5517241379310345	0.1724137931034483	0.6206896551724138
embed	mean	proj	14	17	False	True	asc	1	0.1724137931034483	0.5517241379310345	0.1724137931034483	0.6206896551724138
act/27	mean	proj	10	14	True	True	asc	1	0.034482758620689655	0.5172413793103449	0.1724137931034483	0.7241379310344828
act/27	mean	proj	10	13	True	False	asc	1	0.034482758620689655	0.4482758620689655	0.1724137931034483	0.6896551724137931
embed	mean	proj	14	18	False	True	asc	1	0.1724137931034483	0.5862068965517241	0.1724137931034483	0.5862068965517241
act/23	mean	proj	3	12	True	False	asc	1	0.10344827586206896	0.4482758620689655	0.1724137931034483	0.6896551724137931
act/23	mean	proj	3	14	True	False	asc	1	0.10344827586206896	0.4827586206896552	0.1724137931034483	0.7241379310344828
act/23	mean	proj	5	12	True	True	asc	1	0.10344827586206896	0.41379310344827586	0.1724137931034483	0.6551724137931034
act/23	mean	proj	3	11	True	False	asc	1	0.10344827586206896	0.4827586206896552	0.1724137931034483	0.6551724137931034
embed	mean	proj	5	7	False	True	asc	1	0.10344827586206896	0.4827586206896552	0.1724137931034483	0.5172413793103449
act/27	mean	proj	10	20	False	True	asc	1	0.10344827586206896	0.4482758620689655	0.1724137931034483	0.7241379310344828
act/27	mean	proj	10	20	False	False	asc	1	0.10344827586206896	0.4827586206896552	0.1724137931034483	0.6896551724137931
act/27	mean	proj	11	15	False	True	asc	1	0.06896551724137931	0.4482758620689655	0.1724137931034483	0.6551724137931034
act/27	mean	proj	10	18	False	False	asc	1	0.06896551724137931	0.41379310344827586	0.1724137931034483	0.6206896551724138
act/27	mean	proj	10	19	False	True	asc	1	0.10344827586206896	0.4482758620689655	0.1724137931034483	0.7586206896551724
act/31	mean	proj	10	13	False	True	asc	1	0.10344827586206896	0.4482758620689655	0.1724137931034483	0.5862068965517241
act/31	mean	proj	10	13	False	False	asc	1	0.10344827586206896	0.4482758620689655	0.1724137931034483	0.5862068965517241
act/27	mean	proj	8	17	True	False	asc	1	0.034482758620689655	0.4827586206896552	0.1724137931034483	0.6896551724137931
act/27	mean	proj	8	18	True	False	asc	1	0.06896551724137931	0.4827586206896552	0.1724137931034483	0.6551724137931034
act/27	mean	proj	8	20	True	True	asc	1	0.034482758620689655	0.4827586206896552	0.1724137931034483	0.6551724137931034
act/19	mean	proj	7	17	True	True	asc	1	0.06896551724137931	0.4482758620689655	0.1724137931034483	0.6206896551724138
act/19	mean	proj	7	20	True	True	asc	1	0.034482758620689655	0.4482758620689655	0.1724137931034483	0.5517241379310345
act/27	mean	proj	11	13	True	False	asc	1	0.034482758620689655	0.4482758620689655	0.1724137931034483	0.6551724137931034
act/19	mean	proj	7	20	True	False	asc	1	0.06896551724137931	0.4482758620689655	0.1724137931034483	0.5517241379310345
embed	mean	proj	12	18	False	False	asc	1	0.13793103448275862	0.6206896551724138	0.1724137931034483	0.41379310344827586
act/27	mean	proj	9	13	True	False	asc	1	0.034482758620689655	0.4827586206896552	0.1724137931034483	0.7241379310344828
act/27	mean	proj	8	17	True	True	asc	1	0.06896551724137931	0.4827586206896552	0.1724137931034483	0.6896551724137931
act/27	mean	proj	8	20	True	False	asc	1	0.034482758620689655	0.4827586206896552	0.1724137931034483	0.6551724137931034
act/27	mean	proj	7	20	True	False	asc	1	0.06896551724137931	0.5172413793103449	0.1724137931034483	0.6551724137931034
act/19	mean	proj	7	9	False	True	asc	1	0.06896551724137931	0.4482758620689655	0.1724137931034483	0.6551724137931034
act/19	mean	proj	7	9	False	False	asc	1	0.034482758620689655	0.4482758620689655	0.1724137931034483	0.6551724137931034
act/19	mean	proj	7	12	False	False	asc	1	0.10344827586206896	0.3103448275862069	0.1724137931034483	0.5862068965517241
act/23	mean	proj	0	17	False	False	asc	1	0.13793103448275862	0.5172413793103449	0.1724137931034483	0.5517241379310345
act/19	mean	proj	6	11	False	False	asc	1	0.10344827586206896	0.3793103448275862	0.1724137931034483	0.5862068965517241
act/19	mean	proj	8	19	False	True	asc	1	0.034482758620689655	0.4482758620689655	0.1724137931034483	0.6206896551724138
act/19	mean	proj	8	19	False	False	asc	1	0.06896551724137931	0.4482758620689655	0.1724137931034483	0.5862068965517241
act/27	mean	proj	7	15	True	True	asc	1	0.06896551724137931	0.41379310344827586	0.1724137931034483	0.6896551724137931
act/27	mean	proj	7	15	True	False	asc	1	0.06896551724137931	0.41379310344827586	0.1724137931034483	0.6896551724137931
act/11	mean	proj	6	10	True	False	asc	1	0.034482758620689655	0.3103448275862069	0.1724137931034483	0.3793103448275862
act/27	mean	proj	8	14	True	True	asc	1	0.06896551724137931	0.5172413793103449	0.1724137931034483	0.6206896551724138
act/27	mean	proj	8	14	True	False	asc	1	0.06896551724137931	0.5172413793103449	0.1724137931034483	0.6206896551724138
act/27	mean	proj	10	16	False	False	asc	1	0.06896551724137931	0.3793103448275862	0.1724137931034483	0.7241379310344828
act/11	mean	proj	5	9	False	True	asc	1	0.034482758620689655	0.5172413793103449	0.1724137931034483	0.6551724137931034
act/11	mean	proj	5	9	False	False	asc	1	0.034482758620689655	0.5172413793103449	0.1724137931034483	0.6896551724137931
embed	mean	proj	4	6	True	True	asc	1	0.13793103448275862	0.5517241379310345	0.1724137931034483	0.5517241379310345
act/31	mean	proj	8	12	False	True	asc	1	0.10344827586206896	0.2413793103448276	0.1724137931034483	0.5172413793103449
act/31	mean	proj	8	12	False	False	asc	1	0.10344827586206896	0.2413793103448276	0.1724137931034483	0.5517241379310345
act/7	mean	proj	6	9	False	True	asc	1	0.0	0.27586206896551724	0.1724137931034483	0.5862068965517241
act/7	mean	proj	6	9	False	False	asc	1	0.0	0.27586206896551724	0.1724137931034483	0.5862068965517241
act/19	mean	proj	10	20	False	False	asc	1	0.10344827586206896	0.41379310344827586	0.1724137931034483	0.5517241379310345
act/31_normed	mean	proj	1	3	True	False	asc	1	0.06896551724137931	0.4827586206896552	0.1724137931034483	0.4827586206896552
act/7	mean	proj	7	9	False	True	asc	1	0.10344827586206896	0.5172413793103449	0.1724137931034483	0.5517241379310345
act/7	mean	proj	7	9	False	False	asc	1	0.10344827586206896	0.5172413793103449	0.1724137931034483	0.5517241379310345
act/11	mean	proj	8	9	False	True	asc	1	0.06896551724137931	0.27586206896551724	0.1724137931034483	0.4482758620689655
act/11	mean	proj	8	9	False	False	asc	1	0.06896551724137931	0.27586206896551724	0.1724137931034483	0.4482758620689655
act/27	mean	proj	10	17	False	False	asc	1	0.06896551724137931	0.41379310344827586	0.1724137931034483	0.6551724137931034
act/27	mean	proj	9	18	False	True	asc	1	0.10344827586206896	0.41379310344827586	0.1724137931034483	0.6206896551724138
act/31_normed	mean	proj	16	17	False	True	asc	1	0.13793103448275862	0.3793103448275862	0.1724137931034483	0.5172413793103449
act/31_normed	mean	proj	16	17	False	False	asc	1	0.13793103448275862	0.3793103448275862	0.1724137931034483	0.5172413793103449
act/31_normed	mean	proj	10	15	True	False	asc	1	0.034482758620689655	0.3448275862068966	0.1724137931034483	0.6896551724137931
act/23	mean	proj	7	17	True	False	asc	1	0.10344827586206896	0.5172413793103449	0.1724137931034483	0.6896551724137931
act/23	mean	proj	8	19	True	False	asc	1	0.034482758620689655	0.4827586206896552	0.1724137931034483	0.6551724137931034
act/23	mean	proj	8	14	True	True	asc	1	0.06896551724137931	0.41379310344827586	0.1724137931034483	0.6896551724137931
embed	mean	proj	12	17	True	True	asc	1	0.13793103448275862	0.5862068965517241	0.1724137931034483	0.41379310344827586
act/27	mean	proj	17	19	True	False	asc	1	0.20689655172413793	0.4827586206896552	0.1724137931034483	0.5862068965517241
act/19	mean	proj	11	16	False	False	asc	1	0.10344827586206896	0.41379310344827586	0.1724137931034483	0.6206896551724138
act/19	mean	proj	11	17	False	True	asc	1	0.10344827586206896	0.4482758620689655	0.1724137931034483	0.5172413793103449
act/19	mean	proj	11	17	False	False	asc	1	0.10344827586206896	0.4482758620689655	0.1724137931034483	0.5517241379310345
act/19	mean	proj	11	18	False	True	asc	1	0.13793103448275862	0.41379310344827586	0.1724137931034483	0.5862068965517241
act/19	mean	proj	11	18	False	False	asc	1	0.10344827586206896	0.41379310344827586	0.1724137931034483	0.5862068965517241
act/23	mean	proj	10	17	False	False	asc	1	0.13793103448275862	0.3793103448275862	0.1724137931034483	0.6896551724137931
act/23	mean	proj	10	16	False	True	asc	1	0.10344827586206896	0.27586206896551724	0.1724137931034483	0.6551724137931034
act/23	mean	proj	10	16	False	False	asc	1	0.10344827586206896	0.27586206896551724	0.1724137931034483	0.6551724137931034
act/23	mean	proj	9	18	False	True	asc	1	0.10344827586206896	0.4827586206896552	0.1724137931034483	0.6551724137931034
act/23	mean	proj	6	17	True	True	asc	1	0.10344827586206896	0.5172413793103449	0.1724137931034483	0.6896551724137931
act/23	mean	proj	6	17	True	False	asc	1	0.10344827586206896	0.5172413793103449	0.1724137931034483	0.6896551724137931
act/23	mean	proj	6	18	True	True	asc	1	0.10344827586206896	0.5172413793103449	0.1724137931034483	0.6206896551724138
act/19	mean	proj	13	17	False	True	asc	1	0.034482758620689655	0.5172413793103449	0.1724137931034483	0.6551724137931034
act/19	mean	proj	13	17	False	False	asc	1	0.034482758620689655	0.5172413793103449	0.1724137931034483	0.6551724137931034
act/23	mean	proj	6	18	True	False	asc	1	0.10344827586206896	0.5172413793103449	0.1724137931034483	0.6551724137931034
act/31_normed	mean	proj	10	15	True	True	asc	1	0.034482758620689655	0.3448275862068966	0.1724137931034483	0.6896551724137931
act/23	mean	proj	9	10	False	True	asc	1	0.13793103448275862	0.4827586206896552	0.1724137931034483	0.6896551724137931
act/23	mean	proj	9	10	False	False	asc	1	0.13793103448275862	0.4827586206896552	0.1724137931034483	0.6896551724137931
embed	mean	proj	13	17	True	True	asc	1	0.10344827586206896	0.5172413793103449	0.1724137931034483	0.6206896551724138
embed	mean	proj	13	17	True	False	asc	1	0.10344827586206896	0.5172413793103449	0.1724137931034483	0.6206896551724138
embed	mean	proj	12	14	True	True	asc	1	0.20689655172413793	0.4827586206896552	0.1724137931034483	0.5172413793103449
embed	mean	proj	12	14	True	False	asc	1	0.20689655172413793	0.4827586206896552	0.1724137931034483	0.5517241379310345
act/23	mean	proj	11	19	False	True	asc	1	0.10344827586206896	0.3103448275862069	0.1724137931034483	0.6206896551724138
act/23	mean	proj	11	19	False	False	asc	1	0.10344827586206896	0.3448275862068966	0.1724137931034483	0.6551724137931034
act/23	mean	proj	8	19	False	True	asc	1	0.06896551724137931	0.5172413793103449	0.1724137931034483	0.6551724137931034
act/23	mean	proj	8	19	False	False	asc	1	0.10344827586206896	0.5172413793103449	0.1724137931034483	0.6551724137931034
act/23	mean	proj	9	19	False	True	asc	1	0.10344827586206896	0.5172413793103449	0.1724137931034483	0.6551724137931034
act/23	mean	proj	8	17	False	True	asc	1	0.06896551724137931	0.4827586206896552	0.1724137931034483	0.6896551724137931
act/23	mean	proj	8	17	False	False	asc	1	0.10344827586206896	0.4827586206896552	0.1724137931034483	0.6896551724137931
act/23	mean	proj	8	16	False	True	asc	1	0.06896551724137931	0.4827586206896552	0.1724137931034483	0.6896551724137931
act/23	mean	proj	8	16	False	False	asc	1	0.06896551724137931	0.4827586206896552	0.1724137931034483	0.6896551724137931
act/23	mean	proj	11	15	False	True	asc	1	0.10344827586206896	0.3448275862068966	0.1724137931034483	0.6896551724137931
act/23	mean	proj	10	15	False	True	asc	1	0.10344827586206896	0.3448275862068966	0.1724137931034483	0.6551724137931034
act/23	mean	proj	10	15	False	False	asc	1	0.10344827586206896	0.3448275862068966	0.1724137931034483	0.6896551724137931
act/19	mean	proj	13	17	True	True	asc	1	0.10344827586206896	0.3448275862068966	0.1724137931034483	0.5862068965517241
embed	mean	proj	13	16	True	True	asc	1	0.06896551724137931	0.5517241379310345	0.1724137931034483	0.6206896551724138
embed	mean	proj	13	16	True	False	asc	1	0.10344827586206896	0.5517241379310345	0.1724137931034483	0.6206896551724138
embed	mean	proj	11	17	True	False	asc	1	0.13793103448275862	0.6206896551724138	0.1724137931034483	0.41379310344827586
act/23	mean	proj	8	18	False	True	asc	1	0.10344827586206896	0.4827586206896552	0.1724137931034483	0.6551724137931034
act/23	mean	proj	8	18	False	False	asc	1	0.10344827586206896	0.4827586206896552	0.1724137931034483	0.6551724137931034
act/19	mean	proj	14	18	False	False	asc	1	0.10344827586206896	0.5172413793103449	0.1724137931034483	0.6206896551724138
act/23	mean	proj	5	18	True	False	asc	1	0.10344827586206896	0.5172413793103449	0.1724137931034483	0.6551724137931034
act/23	mean	proj	5	19	True	True	asc	1	0.10344827586206896	0.4827586206896552	0.1724137931034483	0.6551724137931034
act/23	mean	proj	5	14	True	True	asc	1	0.10344827586206896	0.5172413793103449	0.1724137931034483	0.7241379310344828
act/19	mean	proj	13	20	False	True	asc	1	0.06896551724137931	0.5517241379310345	0.1724137931034483	0.6551724137931034
act/19	mean	proj	14	18	False	True	asc	1	0.10344827586206896	0.5172413793103449	0.1724137931034483	0.6206896551724138
act/23	mean	proj	14	19	False	True	asc	1	0.10344827586206896	0.4482758620689655	0.1724137931034483	0.6206896551724138
act/23	mean	proj	10	17	False	True	asc	1	0.13793103448275862	0.3448275862068966	0.1724137931034483	0.6896551724137931
act/19	mean	proj	8	18	True	True	asc	1	0.06896551724137931	0.41379310344827586	0.1724137931034483	0.5862068965517241
act/19	mean	proj	8	18	True	False	asc	1	0.06896551724137931	0.41379310344827586	0.1724137931034483	0.5862068965517241
act/23	mean	proj	5	19	True	False	asc	1	0.06896551724137931	0.4827586206896552	0.1724137931034483	0.6206896551724138
act/23	mean	proj	5	20	True	True	asc	1	0.13793103448275862	0.4827586206896552	0.1724137931034483	0.6551724137931034
act/23	mean	proj	5	20	True	False	asc	1	0.10344827586206896	0.4827586206896552	0.1724137931034483	0.6206896551724138
act/23	mean	proj	5	16	True	True	asc	1	0.10344827586206896	0.5172413793103449	0.1724137931034483	0.7241379310344828
act/23	mean	proj	5	17	True	False	asc	1	0.10344827586206896	0.5172413793103449	0.1724137931034483	0.6896551724137931
act/23	mean	proj	7	14	True	False	asc	1	0.10344827586206896	0.3793103448275862	0.1724137931034483	0.6206896551724138
act/19	mean	proj	8	19	True	False	asc	1	0.06896551724137931	0.4482758620689655	0.1724137931034483	0.5862068965517241
act/19	mean	proj	8	20	True	True	asc	1	0.034482758620689655	0.41379310344827586	0.1724137931034483	0.5517241379310345
act/19	mean	proj	8	20	True	False	asc	1	0.06896551724137931	0.4482758620689655	0.1724137931034483	0.5517241379310345
act/19	mean	proj	8	13	True	True	asc	1	0.06896551724137931	0.27586206896551724	0.1724137931034483	0.6206896551724138
act/27	mean	proj	17	19	True	True	asc	1	0.20689655172413793	0.4827586206896552	0.1724137931034483	0.5862068965517241
act/19	mean	proj	11	16	False	True	asc	1	0.10344827586206896	0.3793103448275862	0.1724137931034483	0.6551724137931034
act/19	mean	proj	11	14	False	True	asc	1	0.06896551724137931	0.1724137931034483	0.1724137931034483	0.6206896551724138
act/19	mean	proj	11	14	False	False	asc	1	0.06896551724137931	0.1724137931034483	0.1724137931034483	0.6206896551724138
act/19	mean	norm_l1	0	0	False	False	asc	1	0.1724137931034483	0.4482758620689655	0.1724137931034483	0.6551724137931034
act/19	mean	proj	9	11	True	True	asc	1	0.10344827586206896	0.5172413793103449	0.1724137931034483	0.5172413793103449
act/19	mean	proj	9	11	True	False	asc	1	0.06896551724137931	0.4827586206896552	0.1724137931034483	0.5172413793103449
act/19	mean	proj	8	15	True	True	asc	1	0.20689655172413793	0.3448275862068966	0.1724137931034483	0.6206896551724138
act/19	mean	proj	8	19	True	True	asc	1	0.06896551724137931	0.4482758620689655	0.1724137931034483	0.5862068965517241
act/19	mean	proj	9	16	True	False	asc	1	0.06896551724137931	0.3793103448275862	0.1724137931034483	0.6206896551724138
act/31	mean	proj	12	13	True	True	asc	1	0.06896551724137931	0.4482758620689655	0.1724137931034483	0.5172413793103449
act/31	mean	proj	12	13	True	False	asc	1	0.06896551724137931	0.4482758620689655	0.1724137931034483	0.5172413793103449
act/19	mean	proj	0	4	False	False	asc	1	0.13793103448275862	0.4827586206896552	0.1724137931034483	0.6896551724137931
act/19	mean	proj	0	5	False	False	asc	1	0.13793103448275862	0.4827586206896552	0.1724137931034483	0.6896551724137931
act/19	mean	proj	0	6	False	False	asc	1	0.13793103448275862	0.4827586206896552	0.1724137931034483	0.6896551724137931
act/23	mean	proj	9	19	False	False	asc	1	0.10344827586206896	0.5172413793103449	0.1724137931034483	0.6551724137931034
act/23	mean	proj	6	14	True	False	asc	1	0.10344827586206896	0.4827586206896552	0.1724137931034483	0.6551724137931034
act/31_normed	mean	proj	9	12	False	True	asc	1	0.034482758620689655	0.20689655172413793	0.1724137931034483	0.5862068965517241
act/31_normed	mean	proj	9	12	False	False	asc	1	0.034482758620689655	0.1724137931034483	0.1724137931034483	0.5862068965517241
act/23	mean	proj	6	13	True	False	asc	1	0.10344827586206896	0.4482758620689655	0.1724137931034483	0.6551724137931034
embed	mean	proj	12	16	True	False	asc	1	0.1724137931034483	0.5172413793103449	0.1724137931034483	0.4482758620689655
act/23	mean	proj	7	11	False	True	asc	1	0.13793103448275862	0.41379310344827586	0.1724137931034483	0.6206896551724138
act/23	mean	proj	7	11	False	False	asc	1	0.13793103448275862	0.4482758620689655	0.1724137931034483	0.6206896551724138
act/23	mean	proj	8	14	False	True	asc	1	0.06896551724137931	0.3103448275862069	0.1724137931034483	0.6551724137931034
act/23	mean	proj	8	14	False	False	asc	1	0.06896551724137931	0.3448275862068966	0.1724137931034483	0.6551724137931034
act/19	mean	proj	13	17	True	False	asc	1	0.10344827586206896	0.3793103448275862	0.1724137931034483	0.5862068965517241
act/23	mean	proj	6	20	False	True	asc	1	0.10344827586206896	0.3793103448275862	0.1724137931034483	0.6206896551724138
act/23	mean	proj	7	9	False	False	asc	1	0.034482758620689655	0.41379310344827586	0.1724137931034483	0.6551724137931034
act/19	mean	proj	8	13	True	False	asc	1	0.06896551724137931	0.27586206896551724	0.1724137931034483	0.6206896551724138
act/19	mean	proj	10	16	True	True	asc	1	0.06896551724137931	0.3793103448275862	0.1724137931034483	0.5517241379310345
act/19	mean	proj	5	17	True	True	asc	1	0.06896551724137931	0.4482758620689655	0.1724137931034483	0.6551724137931034
act/19	mean	proj	5	15	True	False	asc	1	0.06896551724137931	0.4482758620689655	0.1724137931034483	0.6896551724137931
act/19	mean	proj	5	8	True	True	asc	1	0.06896551724137931	0.4827586206896552	0.1724137931034483	0.6551724137931034
act/19	mean	proj	5	8	True	False	asc	1	0.06896551724137931	0.4827586206896552	0.1724137931034483	0.6551724137931034
act/19	mean	proj	5	9	True	False	asc	1	0.06896551724137931	0.41379310344827586	0.1724137931034483	0.6206896551724138
act/23	mean	proj	5	15	True	True	asc	1	0.10344827586206896	0.5172413793103449	0.1724137931034483	0.7241379310344828
act/31	mean	proj	6	7	False	False	asc	1	0.13793103448275862	0.4482758620689655	0.1724137931034483	0.5517241379310345
act/23	mean	proj	5	13	True	False	asc	1	0.10344827586206896	0.4482758620689655	0.1724137931034483	0.6896551724137931
act/15	mean	proj	13	16	True	True	asc	1	0.06896551724137931	0.4827586206896552	0.1724137931034483	0.6896551724137931
act/3	mean	proj	3	5	True	True	asc	1	0.10344827586206896	0.3448275862068966	0.1724137931034483	0.4827586206896552
act/3	mean	proj	3	5	True	False	asc	1	0.10344827586206896	0.3448275862068966	0.1724137931034483	0.4482758620689655
act/3	mean	proj	3	7	True	False	asc	1	0.10344827586206896	0.3103448275862069	0.1724137931034483	0.5517241379310345
act/11	mean	proj	7	8	True	True	asc	1	0.06896551724137931	0.3103448275862069	0.1724137931034483	0.6551724137931034
act/11	mean	proj	7	8	True	False	asc	1	0.06896551724137931	0.3103448275862069	0.1724137931034483	0.6551724137931034
act/23	mean	proj	8	11	True	True	asc	1	0.10344827586206896	0.4482758620689655	0.1724137931034483	0.5862068965517241
act/23	mean	proj	8	11	True	False	asc	1	0.10344827586206896	0.4482758620689655	0.1724137931034483	0.5862068965517241
act/23	mean	proj	8	20	True	False	asc	1	0.034482758620689655	0.4827586206896552	0.1724137931034483	0.6551724137931034
act/7	mean	proj	8	9	True	False	asc	1	0.1724137931034483	0.41379310344827586	0.1724137931034483	0.5862068965517241
act/23	mean	proj	6	9	False	False	asc	1	0.06896551724137931	0.3793103448275862	0.1724137931034483	0.5862068965517241
act/23	mean	proj	6	11	False	True	asc	1	0.13793103448275862	0.4482758620689655	0.1724137931034483	0.5862068965517241
act/23	mean	proj	6	12	False	True	asc	1	0.10344827586206896	0.3448275862068966	0.1724137931034483	0.6551724137931034
embed	mean	proj	4	6	True	False	asc	1	0.13793103448275862	0.5517241379310345	0.1724137931034483	0.5517241379310345
act/23	mean	proj	9	10	True	True	asc	1	0.06896551724137931	0.41379310344827586	0.1724137931034483	0.5172413793103449
act/23	mean	proj	9	10	True	False	asc	1	0.06896551724137931	0.41379310344827586	0.1724137931034483	0.5172413793103449
act/23	mean	proj	8	15	True	False	asc	1	0.06896551724137931	0.4482758620689655	0.1724137931034483	0.6896551724137931
act/23	mean	proj	9	20	True	True	asc	1	0.06896551724137931	0.3793103448275862	0.1724137931034483	0.6896551724137931
act/23	mean	proj	8	17	True	True	asc	1	0.10344827586206896	0.4827586206896552	0.1724137931034483	0.6551724137931034
act/23	mean	proj	8	17	True	False	asc	1	0.10344827586206896	0.4827586206896552	0.1724137931034483	0.6896551724137931
act/23	mean	proj	8	18	True	True	asc	1	0.10344827586206896	0.4827586206896552	0.1724137931034483	0.6551724137931034
act/23	mean	proj	8	18	True	False	asc	1	0.10344827586206896	0.4827586206896552	0.1724137931034483	0.6551724137931034
act/23	mean	proj	9	16	True	True	asc	1	0.10344827586206896	0.3448275862068966	0.1724137931034483	0.6551724137931034
act/23	mean	proj	9	17	True	True	asc	1	0.13793103448275862	0.3793103448275862	0.1724137931034483	0.6551724137931034
act/23	mean	proj	9	18	True	False	asc	1	0.10344827586206896	0.4482758620689655	0.1724137931034483	0.6206896551724138
act/23	mean	proj	9	19	True	True	asc	1	0.06896551724137931	0.3448275862068966	0.1724137931034483	0.6896551724137931
act/23	mean	proj	9	12	True	True	asc	1	0.10344827586206896	0.4827586206896552	0.1724137931034483	0.5862068965517241
act/23	mean	proj	9	12	True	False	asc	1	0.06896551724137931	0.4482758620689655	0.1724137931034483	0.5862068965517241
act/23	mean	proj	9	16	True	False	asc	1	0.10344827586206896	0.3448275862068966	0.1724137931034483	0.6551724137931034
act/11	mean	proj	5	10	False	True	asc	1	0.06896551724137931	0.4482758620689655	0.1724137931034483	0.6551724137931034
act/19	mean	proj	9	16	False	True	asc	1	0.10344827586206896	0.3793103448275862	0.1724137931034483	0.6206896551724138
act/19	mean	proj	9	16	False	False	asc	1	0.10344827586206896	0.3793103448275862	0.1724137931034483	0.6206896551724138
act/19	mean	proj	9	17	False	True	asc	1	0.06896551724137931	0.3793103448275862	0.1724137931034483	0.5862068965517241
act/19	mean	proj	9	17	False	False	asc	1	0.10344827586206896	0.41379310344827586	0.1724137931034483	0.5517241379310345
act/19	mean	proj	9	18	False	True	asc	1	0.10344827586206896	0.3448275862068966	0.1724137931034483	0.6206896551724138
act/19	mean	proj	9	18	False	False	asc	1	0.10344827586206896	0.3448275862068966	0.1724137931034483	0.6206896551724138
act/23	mean	proj	10	12	True	True	asc	1	0.06896551724137931	0.4827586206896552	0.1724137931034483	0.5172413793103449
act/23	mean	proj	10	12	True	False	asc	1	0.06896551724137931	0.4827586206896552	0.1724137931034483	0.5517241379310345
act/23	mean	proj	7	15	False	True	asc	1	0.10344827586206896	0.41379310344827586	0.1724137931034483	0.6551724137931034
act/23	mean	proj	7	9	False	True	asc	1	0.034482758620689655	0.41379310344827586	0.1724137931034483	0.6551724137931034
act/23	mean	proj	9	20	True	False	asc	1	0.06896551724137931	0.41379310344827586	0.1724137931034483	0.6551724137931034
act/7	mean	proj	8	9	True	True	asc	1	0.1724137931034483	0.41379310344827586	0.1724137931034483	0.5862068965517241
act/19	mean	proj	10	16	False	True	asc	1	0.06896551724137931	0.3793103448275862	0.1724137931034483	0.5862068965517241
act/19	mean	proj	10	16	False	False	asc	1	0.06896551724137931	0.3793103448275862	0.1724137931034483	0.6206896551724138
act/19	mean	proj	10	17	False	True	asc	1	0.06896551724137931	0.41379310344827586	0.1724137931034483	0.5517241379310345
act/19	mean	proj	10	17	False	False	asc	1	0.06896551724137931	0.41379310344827586	0.1724137931034483	0.5517241379310345
act/15	mean	proj	13	16	True	False	asc	1	0.06896551724137931	0.4827586206896552	0.1724137931034483	0.6896551724137931
act/3	mean	proj	3	6	True	False	asc	1	0.13793103448275862	0.3793103448275862	0.1724137931034483	0.4827586206896552
act/3	mean	proj	3	7	True	True	asc	1	0.10344827586206896	0.3103448275862069	0.1724137931034483	0.5172413793103449
act/23	mean	proj	7	13	False	False	asc	1	0.10344827586206896	0.3448275862068966	0.1724137931034483	0.6206896551724138
act/23	mean	proj	7	15	False	False	asc	1	0.10344827586206896	0.4827586206896552	0.1724137931034483	0.6551724137931034
act/23	mean	proj	6	9	False	True	asc	1	0.06896551724137931	0.3793103448275862	0.1724137931034483	0.5862068965517241
act/31	mean	proj	6	7	False	True	asc	1	0.13793103448275862	0.4482758620689655	0.1724137931034483	0.5517241379310345
act/23	mean	proj	7	14	False	False	asc	1	0.13793103448275862	0.3793103448275862	0.1724137931034483	0.6551724137931034
act/27	mean	proj	6	19	True	False	asc	1	0.06896551724137931	0.4827586206896552	0.1724137931034483	0.6896551724137931
act/27	mean	proj	6	20	True	True	asc	1	0.06896551724137931	0.4482758620689655	0.1724137931034483	0.6206896551724138
act/27	mean	proj	6	15	True	False	asc	1	0.06896551724137931	0.3793103448275862	0.1724137931034483	0.6896551724137931
act/11	mean	proj	6	8	True	False	asc	1	0.034482758620689655	0.27586206896551724	0.1724137931034483	0.5862068965517241
act/23	mean	proj	6	13	True	True	asc	1	0.10344827586206896	0.4482758620689655	0.1724137931034483	0.6551724137931034
act/19	mean	proj	10	18	False	True	asc	1	0.10344827586206896	0.3793103448275862	0.1724137931034483	0.5862068965517241
act/19	mean	proj	10	18	False	False	asc	1	0.10344827586206896	0.3793103448275862	0.1724137931034483	0.5862068965517241
act/23	mean	proj	0	16	False	False	asc	1	0.13793103448275862	0.5172413793103449	0.1724137931034483	0.5517241379310345
act/19	mean	proj	6	15	True	False	asc	1	0.06896551724137931	0.4827586206896552	0.1724137931034483	0.6896551724137931
act/19	mean	proj	7	16	True	False	asc	1	0.034482758620689655	0.4482758620689655	0.1724137931034483	0.6206896551724138
act/27	mean	proj	9	14	True	True	asc	1	0.06896551724137931	0.5172413793103449	0.1724137931034483	0.6896551724137931
act/27	mean	proj	9	14	True	False	asc	1	0.06896551724137931	0.4827586206896552	0.1724137931034483	0.6896551724137931
embed	mean	proj	5	7	False	False	asc	1	0.06896551724137931	0.4827586206896552	0.1724137931034483	0.5172413793103449
act/19	mean	proj	5	15	True	True	asc	1	0.06896551724137931	0.4482758620689655	0.1724137931034483	0.6896551724137931
act/27	mean	proj	5	19	True	False	asc	1	0.10344827586206896	0.4827586206896552	0.1724137931034483	0.6896551724137931
act/11	mean	proj	6	8	True	True	asc	1	0.034482758620689655	0.27586206896551724	0.1724137931034483	0.5862068965517241
act/19	mean	proj	8	12	False	True	asc	1	0.10344827586206896	0.3448275862068966	0.1724137931034483	0.5172413793103449
act/19	mean	proj	8	12	False	False	asc	1	0.10344827586206896	0.3448275862068966	0.1724137931034483	0.5862068965517241
act/19	mean	proj	12	16	False	True	asc	1	0.10344827586206896	0.4827586206896552	0.1724137931034483	0.6206896551724138
act/19	mean	proj	7	15	True	False	asc	1	0.10344827586206896	0.41379310344827586	0.1724137931034483	0.6551724137931034
act/19	mean	proj	7	16	True	True	asc	1	0.034482758620689655	0.4482758620689655	0.1724137931034483	0.6551724137931034
act/19	mean	proj	5	18	True	True	asc	1	0.06896551724137931	0.4827586206896552	0.1724137931034483	0.6206896551724138
act/19	mean	proj	9	16	True	True	asc	1	0.06896551724137931	0.3793103448275862	0.1724137931034483	0.6206896551724138
act/19	mean	proj	5	14	True	True	asc	1	0.06896551724137931	0.3793103448275862	0.1724137931034483	0.6896551724137931
act/27	mean	proj	8	16	False	True	asc	1	0.10344827586206896	0.3448275862068966	0.1724137931034483	0.6896551724137931
act/27	mean	proj	8	16	False	False	asc	1	0.10344827586206896	0.3103448275862069	0.1724137931034483	0.6896551724137931
act/3	mean	proj	18	20	False	True	asc	1	0.13793103448275862	0.5517241379310345	0.1724137931034483	0.6551724137931034
act/3	mean	proj	18	20	False	False	asc	1	0.13793103448275862	0.5517241379310345	0.1724137931034483	0.6551724137931034
act/19	mean	proj	0	7	False	False	asc	1	0.13793103448275862	0.4827586206896552	0.1724137931034483	0.7241379310344828
act/19	mean	proj	8	16	False	True	asc	1	0.034482758620689655	0.3793103448275862	0.1724137931034483	0.6896551724137931
act/19	mean	proj	8	18	False	True	asc	1	0.034482758620689655	0.41379310344827586	0.1724137931034483	0.6551724137931034
act/19	mean	proj	8	18	False	False	asc	1	0.06896551724137931	0.41379310344827586	0.1724137931034483	0.5862068965517241
act/11	mean	proj	5	12	False	True	asc	1	0.06896551724137931	0.41379310344827586	0.1724137931034483	0.6551724137931034
act/11	mean	proj	5	12	False	False	asc	1	0.06896551724137931	0.4482758620689655	0.1724137931034483	0.5862068965517241
act/19	mean	proj	7	14	True	True	asc	1	0.06896551724137931	0.3793103448275862	0.1724137931034483	0.6551724137931034
act/19	mean	proj	7	15	True	True	asc	1	0.10344827586206896	0.41379310344827586	0.1724137931034483	0.6551724137931034
embed	mean	proj	16	19	False	True	asc	1	0.10344827586206896	0.3103448275862069	0.1724137931034483	0.4827586206896552
embed	mean	proj	15	18	False	True	asc	1	0.13793103448275862	0.6206896551724138	0.1724137931034483	0.5172413793103449
act/27	mean	proj	10	14	True	False	asc	1	0.034482758620689655	0.5172413793103449	0.1724137931034483	0.7241379310344828
embed	mean	proj	16	19	False	False	asc	1	0.10344827586206896	0.3103448275862069	0.1724137931034483	0.4827586206896552
act/15	mean	proj	8	9	False	False	asc	1	0.1724137931034483	0.4482758620689655	0.1724137931034483	0.5862068965517241
act/19	mean	proj	6	10	False	True	asc	1	0.10344827586206896	0.3448275862068966	0.1724137931034483	0.6206896551724138
act/19	mean	proj	6	19	False	True	asc	1	0.06896551724137931	0.3793103448275862	0.1724137931034483	0.6206896551724138
act/19	mean	proj	6	19	False	False	asc	1	0.06896551724137931	0.41379310344827586	0.1724137931034483	0.5862068965517241
act/27	mean	proj	10	18	False	True	asc	1	0.034482758620689655	0.41379310344827586	0.1724137931034483	0.6551724137931034
act/11	mean	proj	5	10	False	False	asc	1	0.06896551724137931	0.41379310344827586	0.1724137931034483	0.6551724137931034
act/11	mean	proj	5	11	False	True	asc	1	0.06896551724137931	0.4482758620689655	0.1724137931034483	0.6551724137931034
act/11	mean	proj	5	11	False	False	asc	1	0.06896551724137931	0.4482758620689655	0.1724137931034483	0.6206896551724138
act/11	mean	proj	7	12	False	True	asc	1	0.034482758620689655	0.4827586206896552	0.1724137931034483	0.4482758620689655
act/19	mean	proj	6	10	False	False	asc	1	0.10344827586206896	0.3448275862068966	0.1724137931034483	0.5862068965517241
act/19	mean	proj	6	11	False	True	asc	1	0.10344827586206896	0.3793103448275862	0.1724137931034483	0.6206896551724138
act/7	mean	proj	13	18	False	True	asc	1	0.13793103448275862	0.5862068965517241	0.1724137931034483	0.5517241379310345
act/7	mean	proj	13	18	False	False	asc	1	0.13793103448275862	0.5862068965517241	0.1724137931034483	0.5517241379310345
act/7	mean	proj	14	18	False	False	asc	1	0.13793103448275862	0.5862068965517241	0.1724137931034483	0.4482758620689655
act/11	mean	proj	7	12	False	False	asc	1	0.034482758620689655	0.4827586206896552	0.1724137931034483	0.4482758620689655
act/15	mean	proj	8	9	False	True	asc	1	0.1724137931034483	0.4482758620689655	0.1724137931034483	0.5862068965517241
act/23	mean	proj	0	18	False	False	asc	1	0.13793103448275862	0.5172413793103449	0.1724137931034483	0.5517241379310345
act/23	mean	proj	0	19	False	False	asc	1	0.13793103448275862	0.5172413793103449	0.1724137931034483	0.5517241379310345
act/7	mean	proj	14	18	False	True	asc	1	0.13793103448275862	0.5862068965517241	0.1724137931034483	0.4482758620689655
act/23	mean	proj	0	20	False	False	asc	1	0.13793103448275862	0.5172413793103449	0.1724137931034483	0.5517241379310345
act/19	mean	proj	9	15	False	True	asc	1	0.10344827586206896	0.2413793103448276	0.1724137931034483	0.6551724137931034
act/19	mean	proj	7	12	False	True	asc	1	0.10344827586206896	0.3103448275862069	0.1724137931034483	0.5862068965517241
act/11	mean	proj	7	11	False	True	asc	1	0.034482758620689655	0.4827586206896552	0.1724137931034483	0.4827586206896552
act/11	mean	proj	7	11	False	False	asc	1	0.034482758620689655	0.4827586206896552	0.1724137931034483	0.4827586206896552
act/19	mean	proj	12	20	True	True	asc	1	0.034482758620689655	0.41379310344827586	0.1724137931034483	0.6551724137931034
act/19	mean	proj	8	16	True	False	asc	1	0.10344827586206896	0.41379310344827586	0.1724137931034483	0.6206896551724138
act/23	mean	proj	9	16	False	True	asc	1	0.06896551724137931	0.4827586206896552	0.1724137931034483	0.7241379310344828
act/23	mean	proj	9	16	False	False	asc	1	0.06896551724137931	0.4827586206896552	0.1724137931034483	0.7241379310344828
act/23	mean	proj	9	17	False	True	asc	1	0.10344827586206896	0.4827586206896552	0.1724137931034483	0.6896551724137931
act/23	mean	proj	9	17	False	False	asc	1	0.10344827586206896	0.4827586206896552	0.1724137931034483	0.6896551724137931
act/23	mean	proj	9	18	False	False	asc	1	0.10344827586206896	0.4827586206896552	0.1724137931034483	0.6896551724137931
act/23	mean	proj	11	15	False	False	asc	1	0.10344827586206896	0.3448275862068966	0.1724137931034483	0.6896551724137931
act/19	mean	proj	10	20	True	True	asc	1	0.06896551724137931	0.41379310344827586	0.1724137931034483	0.6551724137931034
act/19	mean	proj	9	18	True	True	asc	1	0.10344827586206896	0.41379310344827586	0.1724137931034483	0.5862068965517241
act/19	mean	proj	9	18	True	False	asc	1	0.10344827586206896	0.3793103448275862	0.1724137931034483	0.5862068965517241
act/19	mean	proj	9	19	True	True	asc	1	0.10344827586206896	0.41379310344827586	0.1724137931034483	0.5862068965517241
act/19	mean	proj	10	16	True	False	asc	1	0.06896551724137931	0.3448275862068966	0.1724137931034483	0.6206896551724138
act/19	mean	proj	9	20	True	True	asc	1	0.06896551724137931	0.3793103448275862	0.1724137931034483	0.5862068965517241
act/19	mean	proj	12	19	True	True	asc	1	0.034482758620689655	0.3793103448275862	0.1724137931034483	0.6206896551724138
act/19	mean	proj	12	19	True	False	asc	1	0.06896551724137931	0.3793103448275862	0.1724137931034483	0.6551724137931034
act/19	mean	proj	7	19	True	True	asc	1	0.06896551724137931	0.4482758620689655	0.1724137931034483	0.5862068965517241
act/19	mean	proj	6	8	True	True	asc	1	0.06896551724137931	0.5517241379310345	0.1724137931034483	0.6206896551724138
embed	mean	proj	12	17	True	False	asc	1	0.13793103448275862	0.5862068965517241	0.1724137931034483	0.41379310344827586
act/19	mean	proj	10	19	True	True	asc	1	0.06896551724137931	0.41379310344827586	0.1724137931034483	0.6551724137931034
act/19	mean	proj	10	19	True	False	asc	1	0.06896551724137931	0.41379310344827586	0.1724137931034483	0.6551724137931034
act/19	mean	proj	8	15	True	False	asc	1	0.1724137931034483	0.3793103448275862	0.1724137931034483	0.6206896551724138
act/19	mean	proj	8	16	True	True	asc	1	0.10344827586206896	0.41379310344827586	0.1724137931034483	0.6206896551724138
act/19	mean	proj	12	20	True	False	asc	1	0.034482758620689655	0.41379310344827586	0.1724137931034483	0.6551724137931034
embed	mean	proj	14	18	False	False	asc	1	0.1724137931034483	0.5862068965517241	0.1724137931034483	0.5862068965517241
embed	mean	proj	14	15	False	True	asc	1	0.034482758620689655	0.3793103448275862	0.1724137931034483	0.6206896551724138
embed	mean	proj	14	15	False	False	asc	1	0.034482758620689655	0.3793103448275862	0.1724137931034483	0.6206896551724138
act/19	mean	proj	6	17	True	False	asc	1	0.06896551724137931	0.4482758620689655	0.1724137931034483	0.5862068965517241
act/19	mean	proj	6	10	True	False	asc	1	0.13793103448275862	0.4482758620689655	0.1724137931034483	0.6551724137931034
act/19	mean	proj	7	17	True	False	asc	1	0.06896551724137931	0.4482758620689655	0.1724137931034483	0.5862068965517241
act/19	mean	proj	7	18	True	True	asc	1	0.06896551724137931	0.4482758620689655	0.1724137931034483	0.5862068965517241
act/19	mean	proj	7	18	True	False	asc	1	0.06896551724137931	0.4482758620689655	0.1724137931034483	0.5862068965517241
act/27	mean	proj	10	13	True	True	asc	1	0.034482758620689655	0.41379310344827586	0.13793103448275862	0.6896551724137931
act/27	mean	proj	11	19	True	True	asc	1	0.06896551724137931	0.4827586206896552	0.13793103448275862	0.6206896551724138
embed	mean	proj	13	16	False	True	asc	1	0.13793103448275862	0.4482758620689655	0.13793103448275862	0.5172413793103449
embed	mean	proj	13	16	False	False	asc	1	0.13793103448275862	0.41379310344827586	0.13793103448275862	0.5172413793103449
embed	mean	proj	13	17	False	True	asc	1	0.1724137931034483	0.5517241379310345	0.13793103448275862	0.4482758620689655
embed	mean	proj	13	17	False	False	asc	1	0.1724137931034483	0.5517241379310345	0.13793103448275862	0.4827586206896552
embed	mean	proj	13	18	False	True	asc	1	0.13793103448275862	0.5517241379310345	0.13793103448275862	0.41379310344827586
act/19	mean	proj	6	9	True	True	asc	1	0.13793103448275862	0.4482758620689655	0.13793103448275862	0.5862068965517241
act/19	mean	proj	7	13	True	False	asc	1	0.06896551724137931	0.3448275862068966	0.13793103448275862	0.6206896551724138
act/19	mean	proj	7	14	True	False	asc	1	0.06896551724137931	0.3793103448275862	0.13793103448275862	0.6551724137931034
act/19	mean	proj	8	12	True	True	asc	1	0.06896551724137931	0.3793103448275862	0.13793103448275862	0.5517241379310345
act/19	mean	proj	5	20	True	False	asc	1	0.06896551724137931	0.4827586206896552	0.13793103448275862	0.5517241379310345
act/19	mean	proj	6	9	True	False	asc	1	0.13793103448275862	0.4482758620689655	0.13793103448275862	0.6206896551724138
act/19	mean	proj	6	10	True	True	asc	1	0.13793103448275862	0.4827586206896552	0.13793103448275862	0.5862068965517241
act/15	mean	proj	7	9	True	False	asc	1	0.06896551724137931	0.3103448275862069	0.13793103448275862	0.4482758620689655
embed	mean	proj	12	17	False	False	asc	1	0.1724137931034483	0.5862068965517241	0.13793103448275862	0.41379310344827586
embed	mean	proj	12	18	False	True	asc	1	0.13793103448275862	0.5862068965517241	0.13793103448275862	0.41379310344827586
embed	mean	proj	5	8	False	True	asc	1	0.10344827586206896	0.4482758620689655	0.13793103448275862	0.5517241379310345
embed	mean	proj	5	8	False	False	asc	1	0.06896551724137931	0.4482758620689655	0.13793103448275862	0.5517241379310345
embed	mean	proj	8	10	False	False	asc	1	0.10344827586206896	0.3793103448275862	0.13793103448275862	0.5172413793103449
act/27	mean	proj	7	18	True	False	asc	1	0.06896551724137931	0.4827586206896552	0.13793103448275862	0.6206896551724138
act/27	mean	proj	7	19	True	True	asc	1	0.06896551724137931	0.4827586206896552	0.13793103448275862	0.6896551724137931
act/27	mean	proj	7	19	True	False	asc	1	0.06896551724137931	0.4827586206896552	0.13793103448275862	0.6896551724137931
act/27	mean	proj	8	13	True	True	asc	1	0.06896551724137931	0.5172413793103449	0.13793103448275862	0.6206896551724138
act/27	mean	proj	7	17	True	True	asc	1	0.10344827586206896	0.4482758620689655	0.13793103448275862	0.6896551724137931
act/31_normed	mean	proj	6	7	False	False	asc	1	0.06896551724137931	0.4482758620689655	0.13793103448275862	0.5517241379310345
act/23	mean	proj	3	14	True	True	asc	1	0.10344827586206896	0.4827586206896552	0.13793103448275862	0.6896551724137931
act/27	mean	proj	7	16	True	True	asc	1	0.10344827586206896	0.4482758620689655	0.13793103448275862	0.6551724137931034
act/27	mean	proj	7	16	True	False	asc	1	0.06896551724137931	0.4482758620689655	0.13793103448275862	0.6551724137931034
act/27	mean	proj	7	20	True	True	asc	1	0.06896551724137931	0.4827586206896552	0.13793103448275862	0.6551724137931034
embed	mean	proj	8	10	False	True	asc	1	0.10344827586206896	0.3793103448275862	0.13793103448275862	0.5172413793103449
act/11	mean	proj	3	5	True	True	asc	1	0.034482758620689655	0.3793103448275862	0.13793103448275862	0.5517241379310345
act/11	mean	proj	3	5	True	False	asc	1	0.034482758620689655	0.3793103448275862	0.13793103448275862	0.5517241379310345
act/19	mean	proj	5	10	True	True	asc	1	0.06896551724137931	0.41379310344827586	0.13793103448275862	0.6551724137931034
act/19	mean	proj	5	11	True	False	asc	1	0.10344827586206896	0.4482758620689655	0.13793103448275862	0.6896551724137931
act/19	mean	proj	5	18	True	False	asc	1	0.06896551724137931	0.4482758620689655	0.13793103448275862	0.5862068965517241
act/19	mean	proj	7	12	True	False	asc	1	0.13793103448275862	0.4482758620689655	0.13793103448275862	0.6206896551724138
act/19	mean	proj	9	15	True	True	asc	1	0.10344827586206896	0.3103448275862069	0.13793103448275862	0.6206896551724138
act/19	mean	proj	9	15	True	False	asc	1	0.10344827586206896	0.3103448275862069	0.13793103448275862	0.5862068965517241
act/15	mean	proj	14	16	True	True	asc	1	0.06896551724137931	0.4482758620689655	0.13793103448275862	0.5172413793103449
act/31_normed	mean	proj	6	7	False	True	asc	1	0.06896551724137931	0.4482758620689655	0.13793103448275862	0.5517241379310345
act/19	mean	proj	6	17	True	True	asc	1	0.06896551724137931	0.5172413793103449	0.13793103448275862	0.6206896551724138
act/19	mean	proj	6	18	True	True	asc	1	0.06896551724137931	0.5172413793103449	0.13793103448275862	0.5862068965517241
act/19	mean	proj	6	18	True	False	asc	1	0.06896551724137931	0.4482758620689655	0.13793103448275862	0.5517241379310345
act/19	mean	proj	6	19	True	True	asc	1	0.06896551724137931	0.5172413793103449	0.13793103448275862	0.5517241379310345
act/19	mean	proj	6	19	True	False	asc	1	0.06896551724137931	0.4482758620689655	0.13793103448275862	0.5517241379310345
act/19	mean	proj	6	20	True	True	asc	1	0.034482758620689655	0.4827586206896552	0.13793103448275862	0.5517241379310345
act/19	mean	proj	6	20	True	False	asc	1	0.06896551724137931	0.4827586206896552	0.13793103448275862	0.5517241379310345
act/19	mean	proj	5	14	True	False	asc	1	0.06896551724137931	0.41379310344827586	0.13793103448275862	0.6551724137931034
act/19	mean	proj	9	13	False	True	asc	1	0.034482758620689655	0.3103448275862069	0.13793103448275862	0.5172413793103449
act/19	mean	proj	9	13	False	False	asc	1	0.034482758620689655	0.3103448275862069	0.13793103448275862	0.5172413793103449
act/19	mean	proj	9	14	False	True	asc	1	0.06896551724137931	0.1724137931034483	0.13793103448275862	0.5517241379310345
act/19	mean	proj	9	14	False	False	asc	1	0.06896551724137931	0.20689655172413793	0.13793103448275862	0.5172413793103449
act/23	mean	proj	0	1	False	True	asc	1	0.1724137931034483	0.5517241379310345	0.13793103448275862	0.5517241379310345
act/23	mean	proj	0	1	False	False	asc	1	0.1724137931034483	0.5517241379310345	0.13793103448275862	0.5517241379310345
act/23	mean	proj	0	2	False	False	asc	1	0.1724137931034483	0.5517241379310345	0.13793103448275862	0.5517241379310345
act/23	mean	proj	0	3	False	True	asc	1	0.1724137931034483	0.5517241379310345	0.13793103448275862	0.5517241379310345
act/11	mean	proj	6	9	False	False	asc	1	0.034482758620689655	0.4482758620689655	0.13793103448275862	0.7241379310344828
act/19	mean	proj	6	12	False	False	asc	1	0.13793103448275862	0.3793103448275862	0.13793103448275862	0.6551724137931034
act/19	mean	proj	6	13	False	False	asc	1	0.10344827586206896	0.27586206896551724	0.13793103448275862	0.5862068965517241
act/31	mean	proj	10	16	False	False	asc	1	0.06896551724137931	0.3793103448275862	0.13793103448275862	0.6551724137931034
act/31	mean	proj	12	17	False	True	asc	1	0.06896551724137931	0.3103448275862069	0.13793103448275862	0.4827586206896552
act/31	mean	proj	12	17	False	False	asc	1	0.10344827586206896	0.3103448275862069	0.13793103448275862	0.4482758620689655
act/31	mean	proj	12	18	False	True	asc	1	0.06896551724137931	0.3793103448275862	0.13793103448275862	0.5517241379310345
act/31	mean	proj	10	16	False	True	asc	1	0.06896551724137931	0.41379310344827586	0.13793103448275862	0.6551724137931034
act/19	mean	proj	6	18	False	False	asc	1	0.06896551724137931	0.4482758620689655	0.13793103448275862	0.6206896551724138
act/19	mean	proj	6	12	False	True	asc	1	0.10344827586206896	0.3793103448275862	0.13793103448275862	0.6551724137931034
act/3	mean	proj	14	18	False	True	asc	1	0.10344827586206896	0.4482758620689655	0.13793103448275862	0.5862068965517241
act/3	mean	proj	14	18	False	False	asc	1	0.10344827586206896	0.4482758620689655	0.13793103448275862	0.5862068965517241
act/11	mean	proj	7	10	False	True	asc	1	0.06896551724137931	0.4482758620689655	0.13793103448275862	0.5517241379310345
act/23	mean	proj	0	17	False	True	asc	1	0.1724137931034483	0.5517241379310345	0.13793103448275862	0.5517241379310345
act/7	mean	proj	15	18	False	True	asc	1	0.20689655172413793	0.5862068965517241	0.13793103448275862	0.5172413793103449
act/11	mean	proj	6	9	False	True	asc	1	0.034482758620689655	0.4482758620689655	0.13793103448275862	0.7241379310344828
act/27	mean	proj	11	15	False	False	asc	1	0.06896551724137931	0.4482758620689655	0.13793103448275862	0.6206896551724138
act/27	mean	proj	9	19	False	True	asc	1	0.06896551724137931	0.41379310344827586	0.13793103448275862	0.6551724137931034
act/15	mean	proj	8	10	False	True	asc	1	0.06896551724137931	0.3448275862068966	0.13793103448275862	0.4827586206896552
act/15	mean	proj	8	10	False	False	asc	1	0.06896551724137931	0.3448275862068966	0.13793103448275862	0.4827586206896552
act/19	mean	proj	6	16	False	False	asc	1	0.034482758620689655	0.4827586206896552	0.13793103448275862	0.6896551724137931
act/19	mean	proj	6	17	False	True	asc	1	0.10344827586206896	0.4482758620689655	0.13793103448275862	0.6551724137931034
act/19	mean	proj	6	17	False	False	asc	1	0.10344827586206896	0.5172413793103449	0.13793103448275862	0.6551724137931034
act/19	mean	proj	6	18	False	True	asc	1	0.06896551724137931	0.3793103448275862	0.13793103448275862	0.6896551724137931
act/19	mean	proj	7	19	False	True	asc	1	0.06896551724137931	0.3793103448275862	0.13793103448275862	0.5862068965517241
act/19	mean	proj	7	19	False	False	asc	1	0.06896551724137931	0.41379310344827586	0.13793103448275862	0.5517241379310345
act/19	mean	proj	7	20	False	False	asc	1	0.06896551724137931	0.41379310344827586	0.13793103448275862	0.5517241379310345
act/19	mean	proj	9	15	False	False	asc	1	0.10344827586206896	0.2413793103448276	0.13793103448275862	0.5862068965517241
act/19	mean	proj	8	20	False	True	asc	1	0.034482758620689655	0.4482758620689655	0.13793103448275862	0.5862068965517241
act/19	mean	proj	8	20	False	False	asc	1	0.06896551724137931	0.4482758620689655	0.13793103448275862	0.5517241379310345
act/23	mean	proj	0	10	False	True	asc	1	0.1724137931034483	0.5517241379310345	0.13793103448275862	0.5517241379310345
act/7	mean	proj	19	20	True	False	asc	1	0.06896551724137931	0.3793103448275862	0.13793103448275862	0.6206896551724138
act/23	mean	proj	0	19	False	True	asc	1	0.1724137931034483	0.5517241379310345	0.13793103448275862	0.5517241379310345
act/23	mean	proj	0	20	False	True	asc	1	0.1724137931034483	0.5517241379310345	0.13793103448275862	0.5517241379310345
act/19	mean	proj	6	20	False	True	asc	1	0.06896551724137931	0.41379310344827586	0.13793103448275862	0.5862068965517241
act/19	mean	proj	6	20	False	False	asc	1	0.06896551724137931	0.4482758620689655	0.13793103448275862	0.5517241379310345
act/19	mean	proj	7	17	False	False	asc	1	0.034482758620689655	0.4827586206896552	0.13793103448275862	0.6551724137931034
act/3	mean	proj	7	9	False	True	asc	1	0.034482758620689655	0.5172413793103449	0.13793103448275862	0.5172413793103449
act/3	mean	proj	7	9	False	False	asc	1	0.034482758620689655	0.5172413793103449	0.13793103448275862	0.5172413793103449
act/19	mean	proj	7	16	False	False	asc	1	0.034482758620689655	0.4482758620689655	0.13793103448275862	0.6551724137931034
act/27	mean	proj	11	14	False	True	asc	1	0.13793103448275862	0.4827586206896552	0.13793103448275862	0.6206896551724138
act/23	mean	proj	0	2	False	True	asc	1	0.1724137931034483	0.5517241379310345	0.13793103448275862	0.5517241379310345
act/23	mean	proj	0	10	False	False	asc	1	0.13793103448275862	0.5172413793103449	0.13793103448275862	0.5862068965517241
act/23	mean	proj	0	11	False	True	asc	1	0.1724137931034483	0.5517241379310345	0.13793103448275862	0.5517241379310345
act/23	mean	proj	0	11	False	False	asc	1	0.13793103448275862	0.5172413793103449	0.13793103448275862	0.5862068965517241
act/23	mean	proj	0	12	False	True	asc	1	0.1724137931034483	0.5517241379310345	0.13793103448275862	0.5517241379310345
act/11	mean	proj	7	10	False	False	asc	1	0.06896551724137931	0.41379310344827586	0.13793103448275862	0.5517241379310345
act/23	mean	proj	0	18	False	True	asc	1	0.1724137931034483	0.5517241379310345	0.13793103448275862	0.5517241379310345
act/23	mean	proj	0	5	False	True	asc	1	0.1724137931034483	0.5517241379310345	0.13793103448275862	0.5517241379310345
act/23	mean	proj	0	5	False	False	asc	1	0.1724137931034483	0.5172413793103449	0.13793103448275862	0.5517241379310345
act/23	mean	proj	0	4	False	False	asc	1	0.1724137931034483	0.5517241379310345	0.13793103448275862	0.5517241379310345
act/23	mean	proj	0	6	False	False	asc	1	0.1724137931034483	0.5172413793103449	0.13793103448275862	0.5517241379310345
act/23	mean	proj	0	7	False	True	asc	1	0.1724137931034483	0.5517241379310345	0.13793103448275862	0.5517241379310345
act/23	mean	proj	0	7	False	False	asc	1	0.1724137931034483	0.5172413793103449	0.13793103448275862	0.5517241379310345
act/23	mean	proj	0	8	False	True	asc	1	0.1724137931034483	0.5517241379310345	0.13793103448275862	0.5517241379310345
act/23	mean	proj	0	8	False	False	asc	1	0.1724137931034483	0.5172413793103449	0.13793103448275862	0.5517241379310345
act/7	mean	proj	19	20	True	True	asc	1	0.06896551724137931	0.3793103448275862	0.13793103448275862	0.6206896551724138
act/23	mean	proj	0	3	False	False	asc	1	0.1724137931034483	0.5517241379310345	0.13793103448275862	0.5517241379310345
act/23	mean	proj	0	4	False	True	asc	1	0.1724137931034483	0.5517241379310345	0.13793103448275862	0.5517241379310345
act/23	mean	proj	17	18	True	True	asc	1	0.034482758620689655	0.3448275862068966	0.13793103448275862	0.41379310344827586
act/23	mean	proj	17	18	True	False	asc	1	0.034482758620689655	0.3448275862068966	0.13793103448275862	0.41379310344827586
act/27	mean	proj	11	18	False	False	asc	1	0.06896551724137931	0.4482758620689655	0.13793103448275862	0.6551724137931034
act/27	mean	proj	11	19	False	True	asc	1	0.06896551724137931	0.4482758620689655	0.13793103448275862	0.6551724137931034
act/27	mean	proj	11	19	False	False	asc	1	0.06896551724137931	0.4482758620689655	0.13793103448275862	0.6551724137931034
act/27	mean	proj	8	18	False	True	asc	1	0.10344827586206896	0.27586206896551724	0.13793103448275862	0.5862068965517241
act/27	mean	proj	8	18	False	False	asc	1	0.10344827586206896	0.3103448275862069	0.13793103448275862	0.5862068965517241
act/11	mean	proj	4	8	False	True	asc	1	0.034482758620689655	0.27586206896551724	0.13793103448275862	0.5172413793103449
act/11	mean	proj	4	8	False	False	asc	1	0.034482758620689655	0.27586206896551724	0.13793103448275862	0.5517241379310345
act/3	mean	proj	15	18	False	False	asc	1	0.10344827586206896	0.4827586206896552	0.13793103448275862	0.4827586206896552
act/7	mean	proj	12	18	False	False	asc	1	0.06896551724137931	0.4827586206896552	0.13793103448275862	0.5172413793103449
act/7	mean	proj	17	20	True	True	asc	1	0.10344827586206896	0.3448275862068966	0.13793103448275862	0.5172413793103449
act/7	mean	proj	17	20	True	False	asc	1	0.10344827586206896	0.3448275862068966	0.13793103448275862	0.5172413793103449
act/31	mean	proj	9	13	False	False	asc	1	0.13793103448275862	0.41379310344827586	0.13793103448275862	0.6551724137931034
act/27	mean	proj	9	15	False	False	asc	1	0.06896551724137931	0.4827586206896552	0.13793103448275862	0.6206896551724138
act/27	mean	proj	8	19	False	True	asc	1	0.06896551724137931	0.3448275862068966	0.13793103448275862	0.5517241379310345
act/27	mean	proj	8	19	False	False	asc	1	0.06896551724137931	0.3448275862068966	0.13793103448275862	0.5517241379310345
act/27	mean	proj	8	20	False	True	asc	1	0.10344827586206896	0.4482758620689655	0.13793103448275862	0.6206896551724138
act/27	mean	proj	8	20	False	False	asc	1	0.06896551724137931	0.4482758620689655	0.13793103448275862	0.6551724137931034
act/27	mean	proj	9	20	False	False	asc	1	0.06896551724137931	0.4827586206896552	0.13793103448275862	0.6551724137931034
act/27	mean	proj	9	20	False	True	asc	1	0.13793103448275862	0.4482758620689655	0.13793103448275862	0.6206896551724138
act/7	mean	proj	7	10	False	True	asc	1	0.06896551724137931	0.4482758620689655	0.13793103448275862	0.5172413793103449
act/7	mean	proj	7	10	False	False	asc	1	0.034482758620689655	0.3793103448275862	0.13793103448275862	0.5172413793103449
act/7	mean	proj	8	9	False	True	asc	1	0.034482758620689655	0.3793103448275862	0.13793103448275862	0.6206896551724138
act/7	mean	proj	8	9	False	False	asc	1	0.034482758620689655	0.3793103448275862	0.13793103448275862	0.6206896551724138
act/11	mean	proj	6	12	False	True	asc	1	0.06896551724137931	0.41379310344827586	0.13793103448275862	0.5517241379310345
act/11	mean	proj	6	12	False	False	asc	1	0.06896551724137931	0.4482758620689655	0.13793103448275862	0.5517241379310345
act/31	mean	proj	10	12	False	True	asc	1	0.034482758620689655	0.3793103448275862	0.13793103448275862	0.6206896551724138
act/31	mean	proj	9	13	False	True	asc	1	0.06896551724137931	0.3793103448275862	0.13793103448275862	0.6551724137931034
act/23	mean	proj	13	18	True	False	asc	1	0.13793103448275862	0.4827586206896552	0.13793103448275862	0.5517241379310345
act/27	mean	norm_l2	0	0	False	False	asc	1	0.1724137931034483	0.6206896551724138	0.13793103448275862	0.5517241379310345
act/27	mean	norm_l1	0	0	False	False	asc	1	0.1724137931034483	0.5517241379310345	0.13793103448275862	0.6206896551724138
act/27	mean	proj	17	20	False	True	asc	1	0.2413793103448276	0.5517241379310345	0.13793103448275862	0.5172413793103449
act/23	mean	proj	11	13	True	True	asc	1	0.13793103448275862	0.3793103448275862	0.13793103448275862	0.5862068965517241
act/19	mean	proj	0	17	False	True	asc	1	0.13793103448275862	0.5517241379310345	0.13793103448275862	0.6551724137931034
act/31	mean	proj	2	10	False	True	asc	1	0.10344827586206896	0.27586206896551724	0.13793103448275862	0.41379310344827586
act/31	mean	proj	2	3	True	True	asc	1	0.034482758620689655	0.5172413793103449	0.13793103448275862	0.5172413793103449
act/19	mean	proj	10	19	False	False	asc	1	0.13793103448275862	0.3793103448275862	0.13793103448275862	0.4827586206896552
act/19	mean	proj	10	20	False	True	asc	1	0.10344827586206896	0.41379310344827586	0.13793103448275862	0.5517241379310345
act/19	mean	proj	8	13	False	True	asc	1	0.10344827586206896	0.3448275862068966	0.13793103448275862	0.5172413793103449
act/19	mean	proj	8	15	False	True	asc	1	0.034482758620689655	0.3448275862068966	0.13793103448275862	0.6206896551724138
act/19	mean	proj	8	15	False	False	asc	1	0.034482758620689655	0.3448275862068966	0.13793103448275862	0.6206896551724138
act/19	mean	proj	11	20	False	False	asc	1	0.10344827586206896	0.4482758620689655	0.13793103448275862	0.5862068965517241
act/19	mean	proj	12	17	False	False	asc	1	0.06896551724137931	0.3793103448275862	0.13793103448275862	0.5517241379310345
act/23	mean	proj	11	13	True	False	asc	1	0.13793103448275862	0.3793103448275862	0.13793103448275862	0.5862068965517241
act/23	mean	proj	0	15	False	False	asc	1	0.13793103448275862	0.5172413793103449	0.13793103448275862	0.5862068965517241
act/23	mean	proj	0	16	False	True	asc	1	0.1724137931034483	0.5517241379310345	0.13793103448275862	0.5517241379310345
act/19	mean	proj	9	12	False	True	asc	1	0.034482758620689655	0.3448275862068966	0.13793103448275862	0.5862068965517241
act/19	mean	proj	9	12	False	False	asc	1	0.034482758620689655	0.3103448275862069	0.13793103448275862	0.5862068965517241
act/19	mean	proj	8	13	False	False	asc	1	0.06896551724137931	0.3448275862068966	0.13793103448275862	0.5517241379310345
act/19	mean	proj	8	14	False	True	asc	1	0.034482758620689655	0.3103448275862069	0.13793103448275862	0.5517241379310345
act/19	mean	proj	8	14	False	False	asc	1	0.034482758620689655	0.3448275862068966	0.13793103448275862	0.5862068965517241
act/19	mean	proj	10	19	False	True	asc	1	0.13793103448275862	0.3793103448275862	0.13793103448275862	0.5172413793103449
act/27	mean	proj	12	20	False	True	asc	1	0.06896551724137931	0.4482758620689655	0.13793103448275862	0.6206896551724138
act/27	mean	proj	12	15	False	True	asc	1	0.06896551724137931	0.4827586206896552	0.13793103448275862	0.6206896551724138
act/27	mean	proj	12	15	False	False	asc	1	0.034482758620689655	0.4827586206896552	0.13793103448275862	0.6551724137931034
act/23	mean	proj	0	9	False	True	asc	1	0.1724137931034483	0.5517241379310345	0.13793103448275862	0.5517241379310345
act/23	mean	proj	0	9	False	False	asc	1	0.1724137931034483	0.5172413793103449	0.13793103448275862	0.5517241379310345
act/23	mean	proj	0	6	False	True	asc	1	0.1724137931034483	0.5517241379310345	0.13793103448275862	0.5517241379310345
act/23	mean	proj	0	14	False	False	asc	1	0.13793103448275862	0.5172413793103449	0.13793103448275862	0.5862068965517241
act/23	mean	proj	0	15	False	True	asc	1	0.1724137931034483	0.5517241379310345	0.13793103448275862	0.5517241379310345
act/23	mean	proj	10	18	True	False	asc	1	0.13793103448275862	0.5517241379310345	0.13793103448275862	0.5862068965517241
act/7	mean	proj	12	17	True	True	asc	1	0.13793103448275862	0.6206896551724138	0.13793103448275862	0.4827586206896552
act/7	mean	proj	12	17	True	False	asc	1	0.13793103448275862	0.6206896551724138	0.13793103448275862	0.5172413793103449
act/27	mean	proj	11	20	False	True	asc	1	0.06896551724137931	0.4482758620689655	0.13793103448275862	0.6896551724137931
act/27	mean	proj	11	20	False	False	asc	1	0.06896551724137931	0.4827586206896552	0.13793103448275862	0.6896551724137931
act/23	mean	proj	0	13	False	True	asc	1	0.1724137931034483	0.5517241379310345	0.13793103448275862	0.5517241379310345
act/23	mean	proj	9	13	True	True	asc	1	0.10344827586206896	0.3793103448275862	0.13793103448275862	0.5862068965517241
act/11	mean	proj	17	19	False	True	asc	1	0.06896551724137931	0.5172413793103449	0.13793103448275862	0.4482758620689655
act/27	mean	proj	8	17	False	True	asc	1	0.10344827586206896	0.27586206896551724	0.13793103448275862	0.6206896551724138
act/27	mean	proj	8	17	False	False	asc	1	0.10344827586206896	0.3448275862068966	0.13793103448275862	0.6206896551724138
act/27	mean	proj	8	14	False	True	asc	1	0.06896551724137931	0.3448275862068966	0.13793103448275862	0.5862068965517241
act/27	mean	proj	8	14	False	False	asc	1	0.06896551724137931	0.3448275862068966	0.13793103448275862	0.6206896551724138
act/27	mean	proj	8	15	False	True	asc	1	0.10344827586206896	0.41379310344827586	0.13793103448275862	0.6206896551724138
act/27	mean	proj	8	15	False	False	asc	1	0.10344827586206896	0.3793103448275862	0.13793103448275862	0.6206896551724138
act/23	mean	proj	0	14	False	True	asc	1	0.1724137931034483	0.5517241379310345	0.13793103448275862	0.5517241379310345
act/23	mean	proj	10	18	True	True	asc	1	0.13793103448275862	0.5517241379310345	0.13793103448275862	0.5862068965517241
act/19	mean	proj	0	10	False	False	asc	1	0.13793103448275862	0.5172413793103449	0.13793103448275862	0.6206896551724138
act/19	mean	proj	0	14	False	False	asc	1	0.13793103448275862	0.4482758620689655	0.13793103448275862	0.7241379310344828
act/19	mean	proj	0	7	False	True	asc	1	0.13793103448275862	0.5517241379310345	0.13793103448275862	0.6206896551724138
act/19	mean	proj	0	8	False	True	asc	1	0.13793103448275862	0.5517241379310345	0.13793103448275862	0.6206896551724138
act/19	mean	proj	0	8	False	False	asc	1	0.13793103448275862	0.4482758620689655	0.13793103448275862	0.6206896551724138
act/19	mean	proj	0	9	False	True	asc	1	0.13793103448275862	0.5517241379310345	0.13793103448275862	0.6206896551724138
act/19	mean	proj	4	5	False	True	asc	1	0.1724137931034483	0.6206896551724138	0.13793103448275862	0.5517241379310345
act/19	mean	proj	4	5	False	False	asc	1	0.1724137931034483	0.6206896551724138	0.13793103448275862	0.5517241379310345
act/31	mean	proj	2	3	True	False	asc	1	0.034482758620689655	0.5172413793103449	0.13793103448275862	0.5172413793103449
act/19	mean	proj	0	13	False	False	asc	1	0.13793103448275862	0.4482758620689655	0.13793103448275862	0.7241379310344828
act/19	mean	proj	0	14	False	True	asc	1	0.13793103448275862	0.5517241379310345	0.13793103448275862	0.6206896551724138
act/31	mean	proj	5	6	True	True	asc	1	0.13793103448275862	0.3793103448275862	0.13793103448275862	0.5862068965517241
act/31	mean	proj	5	6	True	False	asc	1	0.13793103448275862	0.3793103448275862	0.13793103448275862	0.5862068965517241
act/19	mean	proj	0	18	False	True	asc	1	0.13793103448275862	0.5517241379310345	0.13793103448275862	0.6551724137931034
act/19	mean	proj	0	9	False	False	asc	1	0.13793103448275862	0.5172413793103449	0.13793103448275862	0.6206896551724138
act/19	mean	proj	0	10	False	True	asc	1	0.13793103448275862	0.5517241379310345	0.13793103448275862	0.6206896551724138
act/19	mean	proj	15	18	False	True	asc	1	0.10344827586206896	0.5862068965517241	0.13793103448275862	0.6551724137931034
act/19	mean	proj	15	18	False	False	asc	1	0.10344827586206896	0.5862068965517241	0.13793103448275862	0.6551724137931034
act/31_normed	mean	proj	9	14	True	True	asc	1	0.034482758620689655	0.4482758620689655	0.13793103448275862	0.7241379310344828
act/23	mean	proj	6	16	False	True	asc	1	0.10344827586206896	0.3793103448275862	0.13793103448275862	0.5862068965517241
act/23	mean	proj	6	16	False	False	asc	1	0.10344827586206896	0.41379310344827586	0.13793103448275862	0.6551724137931034
act/23	mean	proj	6	17	False	True	asc	1	0.13793103448275862	0.41379310344827586	0.13793103448275862	0.5862068965517241
act/19	mean	proj	17	20	True	True	asc	1	0.13793103448275862	0.6206896551724138	0.13793103448275862	0.4482758620689655
act/19	mean	proj	17	20	True	False	asc	1	0.13793103448275862	0.6206896551724138	0.13793103448275862	0.4482758620689655
act/31	mean	norm_l1	0	0	False	False	asc	1	0.20689655172413793	0.5517241379310345	0.13793103448275862	0.6206896551724138
act/19	mean	proj	12	17	False	True	asc	1	0.10344827586206896	0.3793103448275862	0.13793103448275862	0.5862068965517241
act/19	mean	proj	9	20	False	False	asc	1	0.10344827586206896	0.41379310344827586	0.13793103448275862	0.5862068965517241
act/31_normed	mean	proj	9	14	True	False	asc	1	0.034482758620689655	0.4482758620689655	0.13793103448275862	0.7586206896551724
act/19	mean	proj	10	15	False	True	asc	1	0.06896551724137931	0.3103448275862069	0.13793103448275862	0.5517241379310345
act/19	mean	proj	10	15	False	False	asc	1	0.06896551724137931	0.3103448275862069	0.13793103448275862	0.5862068965517241
act/19	mean	proj	15	17	False	True	asc	1	0.10344827586206896	0.5172413793103449	0.13793103448275862	0.5172413793103449
act/19	mean	proj	15	17	False	False	asc	1	0.06896551724137931	0.5172413793103449	0.13793103448275862	0.5172413793103449
act/23	mean	proj	10	13	True	False	asc	1	0.10344827586206896	0.3793103448275862	0.13793103448275862	0.5517241379310345
act/27	mean	proj	17	20	False	False	asc	1	0.2413793103448276	0.5517241379310345	0.13793103448275862	0.5172413793103449
act/27	mean	proj	12	20	False	False	asc	1	0.06896551724137931	0.4827586206896552	0.13793103448275862	0.5862068965517241
act/27	mean	proj	13	20	False	True	asc	1	0.06896551724137931	0.4827586206896552	0.13793103448275862	0.5862068965517241
act/27	mean	proj	13	20	False	False	asc	1	0.06896551724137931	0.4827586206896552	0.13793103448275862	0.5862068965517241
act/19	mean	proj	9	19	False	True	asc	1	0.13793103448275862	0.3793103448275862	0.13793103448275862	0.5517241379310345
act/19	mean	proj	9	19	False	False	asc	1	0.13793103448275862	0.3793103448275862	0.13793103448275862	0.5517241379310345
act/19	mean	proj	9	20	False	True	asc	1	0.06896551724137931	0.41379310344827586	0.13793103448275862	0.6206896551724138
act/11	mean	proj	17	19	False	False	asc	1	0.06896551724137931	0.5172413793103449	0.13793103448275862	0.4827586206896552
act/23	mean	proj	9	14	True	True	asc	1	0.10344827586206896	0.2413793103448276	0.13793103448275862	0.5862068965517241
act/23	mean	proj	9	14	True	False	asc	1	0.10344827586206896	0.2413793103448276	0.13793103448275862	0.5862068965517241
act/23	mean	proj	9	15	True	True	asc	1	0.13793103448275862	0.27586206896551724	0.13793103448275862	0.5517241379310345
act/23	mean	proj	11	18	True	False	asc	1	0.1724137931034483	0.5517241379310345	0.13793103448275862	0.6551724137931034
act/23	mean	proj	9	19	True	False	asc	1	0.06896551724137931	0.3793103448275862	0.13793103448275862	0.6551724137931034
act/23	mean	proj	9	13	True	False	asc	1	0.10344827586206896	0.3793103448275862	0.13793103448275862	0.5862068965517241
act/23	mean	proj	10	13	True	True	asc	1	0.06896551724137931	0.3448275862068966	0.13793103448275862	0.5517241379310345
act/19	mean	proj	0	3	False	True	asc	1	0.13793103448275862	0.5517241379310345	0.13793103448275862	0.6206896551724138
act/19	mean	proj	0	3	False	False	asc	1	0.13793103448275862	0.5172413793103449	0.13793103448275862	0.6896551724137931
act/19	mean	proj	0	4	False	True	asc	1	0.13793103448275862	0.5517241379310345	0.13793103448275862	0.6206896551724138
act/19	mean	proj	14	17	True	True	asc	1	0.13793103448275862	0.4827586206896552	0.13793103448275862	0.5517241379310345
act/19	mean	proj	14	17	True	False	asc	1	0.13793103448275862	0.4827586206896552	0.13793103448275862	0.5517241379310345
act/23	mean	proj	6	13	False	True	asc	1	0.10344827586206896	0.3448275862068966	0.13793103448275862	0.6206896551724138
act/23	mean	proj	6	8	False	True	asc	1	0.13793103448275862	0.4827586206896552	0.13793103448275862	0.5517241379310345
act/23	mean	proj	6	8	False	False	asc	1	0.13793103448275862	0.4827586206896552	0.13793103448275862	0.5517241379310345
act/19	mean	proj	0	12	False	True	asc	1	0.13793103448275862	0.5517241379310345	0.13793103448275862	0.6206896551724138
act/19	mean	proj	0	12	False	False	asc	1	0.10344827586206896	0.4827586206896552	0.13793103448275862	0.7241379310344828
act/19	mean	proj	0	13	False	True	asc	1	0.13793103448275862	0.5517241379310345	0.13793103448275862	0.6206896551724138
embed	mean	proj	8	15	True	True	asc	1	0.13793103448275862	0.4482758620689655	0.13793103448275862	0.4827586206896552
act/19	mean	proj	0	15	False	True	asc	1	0.13793103448275862	0.5517241379310345	0.13793103448275862	0.6551724137931034
act/19	mean	proj	0	16	False	True	asc	1	0.13793103448275862	0.5517241379310345	0.13793103448275862	0.6551724137931034
act/19	mean	proj	13	16	True	True	asc	1	0.10344827586206896	0.3448275862068966	0.13793103448275862	0.5517241379310345
act/19	mean	proj	13	16	True	False	asc	1	0.10344827586206896	0.3448275862068966	0.13793103448275862	0.5517241379310345
act/19	mean	proj	18	19	True	False	asc	1	0.034482758620689655	0.3103448275862069	0.13793103448275862	0.5172413793103449
act/19	mean	proj	19	20	True	False	asc	1	0.10344827586206896	0.41379310344827586	0.13793103448275862	0.5172413793103449
act/19	mean	proj	0	1	False	True	asc	1	0.13793103448275862	0.5517241379310345	0.13793103448275862	0.6206896551724138
act/19	mean	proj	0	1	False	False	asc	1	0.13793103448275862	0.5517241379310345	0.13793103448275862	0.6206896551724138
act/19	mean	proj	0	2	False	True	asc	1	0.13793103448275862	0.5517241379310345	0.13793103448275862	0.6206896551724138
act/19	mean	proj	0	19	False	True	asc	1	0.13793103448275862	0.5517241379310345	0.13793103448275862	0.6551724137931034
act/19	mean	proj	0	11	False	True	asc	1	0.13793103448275862	0.5517241379310345	0.13793103448275862	0.6206896551724138
act/19	mean	proj	0	11	False	False	asc	1	0.13793103448275862	0.5172413793103449	0.13793103448275862	0.6206896551724138
act/31	mean	proj	2	9	False	True	asc	1	0.10344827586206896	0.3448275862068966	0.13793103448275862	0.41379310344827586
act/31	mean	proj	2	4	False	True	asc	1	0.10344827586206896	0.5517241379310345	0.13793103448275862	0.5862068965517241
act/31	mean	proj	2	4	False	False	asc	1	0.06896551724137931	0.5517241379310345	0.13793103448275862	0.6206896551724138
act/19	mean	proj	0	2	False	False	asc	1	0.13793103448275862	0.5172413793103449	0.13793103448275862	0.6206896551724138
act/19	mean	proj	17	19	True	True	asc	1	0.13793103448275862	0.4827586206896552	0.13793103448275862	0.3793103448275862
act/19	mean	proj	17	19	True	False	asc	1	0.13793103448275862	0.4827586206896552	0.13793103448275862	0.3793103448275862
act/19	mean	proj	0	20	False	True	asc	1	0.13793103448275862	0.5517241379310345	0.13793103448275862	0.6206896551724138
act/19	mean	proj	18	19	True	True	asc	1	0.034482758620689655	0.3103448275862069	0.13793103448275862	0.5172413793103449
act/23	mean	proj	7	20	False	False	asc	1	0.06896551724137931	0.41379310344827586	0.13793103448275862	0.6551724137931034
act/23	mean	proj	8	9	False	True	asc	1	0.034482758620689655	0.5172413793103449	0.13793103448275862	0.6551724137931034
act/23	mean	proj	12	14	False	False	asc	1	0.06896551724137931	0.27586206896551724	0.13793103448275862	0.5517241379310345
act/11	mean	proj	14	16	True	True	asc	1	0.034482758620689655	0.27586206896551724	0.13793103448275862	0.3793103448275862
act/11	mean	proj	14	16	True	False	asc	1	0.034482758620689655	0.27586206896551724	0.13793103448275862	0.3793103448275862
embed	mean	proj	12	15	True	True	asc	1	0.1724137931034483	0.41379310344827586	0.13793103448275862	0.4827586206896552
embed	mean	proj	12	15	True	False	asc	1	0.1724137931034483	0.4482758620689655	0.13793103448275862	0.4827586206896552
embed	mean	proj	12	16	True	True	asc	1	0.1724137931034483	0.5172413793103449	0.13793103448275862	0.41379310344827586
act/19	mean	proj	19	20	True	True	asc	1	0.10344827586206896	0.41379310344827586	0.13793103448275862	0.5172413793103449
act/23	mean	proj	6	19	False	True	asc	1	0.10344827586206896	0.4482758620689655	0.13793103448275862	0.6206896551724138
act/23	mean	proj	6	19	False	False	asc	1	0.10344827586206896	0.4482758620689655	0.13793103448275862	0.6206896551724138
act/23	mean	proj	6	20	False	False	asc	1	0.06896551724137931	0.41379310344827586	0.13793103448275862	0.6206896551724138
embed	mean	proj	8	15	True	False	asc	1	0.1724137931034483	0.4827586206896552	0.13793103448275862	0.4482758620689655
act/23	mean	proj	8	10	False	False	asc	1	0.034482758620689655	0.5172413793103449	0.13793103448275862	0.6896551724137931
act/23	mean	proj	8	13	False	True	asc	1	0.06896551724137931	0.3103448275862069	0.13793103448275862	0.6551724137931034
embed	mean	proj	12	13	True	True	asc	1	0.10344827586206896	0.3448275862068966	0.13793103448275862	0.6896551724137931
act/19	mean	proj	11	20	False	True	asc	1	0.13793103448275862	0.4482758620689655	0.13793103448275862	0.5862068965517241
act/23	mean	proj	9	20	False	True	asc	1	0.034482758620689655	0.4482758620689655	0.13793103448275862	0.6896551724137931
act/23	mean	proj	9	20	False	False	asc	1	0.034482758620689655	0.4827586206896552	0.13793103448275862	0.6896551724137931
act/19	mean	proj	11	15	True	False	asc	1	0.13793103448275862	0.2413793103448276	0.13793103448275862	0.5862068965517241
act/19	mean	proj	11	20	True	False	asc	1	0.034482758620689655	0.3793103448275862	0.13793103448275862	0.6206896551724138
act/19	mean	proj	11	15	True	True	asc	1	0.13793103448275862	0.27586206896551724	0.13793103448275862	0.5862068965517241
act/19	mean	proj	0	5	False	True	asc	1	0.13793103448275862	0.5517241379310345	0.13793103448275862	0.6206896551724138
act/19	mean	proj	0	6	False	True	asc	1	0.13793103448275862	0.5517241379310345	0.13793103448275862	0.6206896551724138
act/23	mean	proj	9	15	True	False	asc	1	0.13793103448275862	0.27586206896551724	0.13793103448275862	0.6551724137931034
act/23	mean	proj	11	18	True	True	asc	1	0.1724137931034483	0.5517241379310345	0.13793103448275862	0.6551724137931034
act/23	mean	proj	9	17	True	False	asc	1	0.13793103448275862	0.4482758620689655	0.13793103448275862	0.6206896551724138
act/23	mean	proj	10	16	True	True	asc	1	0.06896551724137931	0.3793103448275862	0.13793103448275862	0.6551724137931034
act/23	mean	proj	10	16	True	False	asc	1	0.06896551724137931	0.3793103448275862	0.13793103448275862	0.6551724137931034
act/19	mean	proj	11	15	False	False	asc	1	0.06896551724137931	0.27586206896551724	0.13793103448275862	0.6206896551724138
act/31_normed	mean	proj	9	19	True	False	asc	1	0.06896551724137931	0.3793103448275862	0.13793103448275862	0.6206896551724138
act/19	mean	proj	11	19	False	False	asc	1	0.13793103448275862	0.41379310344827586	0.13793103448275862	0.4827586206896552
embed	mean	proj	12	13	True	False	asc	1	0.10344827586206896	0.3448275862068966	0.13793103448275862	0.6896551724137931
act/23	mean	proj	12	14	False	True	asc	1	0.06896551724137931	0.27586206896551724	0.13793103448275862	0.5517241379310345
act/23	mean	proj	9	15	False	True	asc	1	0.06896551724137931	0.4827586206896552	0.13793103448275862	0.6896551724137931
act/23	mean	proj	9	15	False	False	asc	1	0.06896551724137931	0.4827586206896552	0.13793103448275862	0.6896551724137931
embed	mean	proj	13	15	True	True	asc	1	0.13793103448275862	0.3448275862068966	0.13793103448275862	0.5862068965517241
act/23	mean	proj	11	18	False	True	asc	1	0.10344827586206896	0.3103448275862069	0.13793103448275862	0.5517241379310345
act/23	mean	proj	11	18	False	False	asc	1	0.10344827586206896	0.3448275862068966	0.13793103448275862	0.5517241379310345
act/23	mean	norm_l1	0	0	False	False	asc	1	0.13793103448275862	0.5517241379310345	0.13793103448275862	0.6551724137931034
embed	mean	proj	15	18	True	False	asc	1	0.06896551724137931	0.27586206896551724	0.13793103448275862	0.41379310344827586
embed	mean	proj	14	17	True	True	asc	1	0.10344827586206896	0.5517241379310345	0.13793103448275862	0.4482758620689655
embed	mean	proj	14	17	True	False	asc	1	0.10344827586206896	0.5517241379310345	0.13793103448275862	0.4482758620689655
act/11	mean	proj	18	20	True	False	asc	1	0.1724137931034483	0.4482758620689655	0.13793103448275862	0.6206896551724138
act/23	mean	proj	13	19	False	True	asc	1	0.1724137931034483	0.5172413793103449	0.13793103448275862	0.5862068965517241
act/23	mean	proj	13	19	False	False	asc	1	0.1724137931034483	0.5172413793103449	0.13793103448275862	0.5862068965517241
embed	mean	proj	15	20	True	True	asc	1	0.06896551724137931	0.3103448275862069	0.13793103448275862	0.3448275862068966
embed	mean	proj	15	20	True	False	asc	1	0.06896551724137931	0.3448275862068966	0.13793103448275862	0.3448275862068966
act/31_normed	mean	proj	10	14	True	False	asc	1	0.034482758620689655	0.27586206896551724	0.13793103448275862	0.6896551724137931
act/19	mean	proj	11	19	False	True	asc	1	0.13793103448275862	0.3793103448275862	0.13793103448275862	0.5172413793103449
act/31_normed	mean	proj	10	12	True	True	asc	1	0.10344827586206896	0.3448275862068966	0.13793103448275862	0.5862068965517241
act/31_normed	mean	proj	10	12	True	False	asc	1	0.10344827586206896	0.3448275862068966	0.13793103448275862	0.5862068965517241
act/31_normed	mean	proj	10	14	True	True	asc	1	0.034482758620689655	0.27586206896551724	0.13793103448275862	0.6896551724137931
act/31_normed	mean	proj	15	18	False	True	asc	1	0.06896551724137931	0.3448275862068966	0.13793103448275862	0.5517241379310345
act/31_normed	mean	proj	15	18	False	False	asc	1	0.06896551724137931	0.3448275862068966	0.13793103448275862	0.5517241379310345
embed	mean	proj	13	15	True	False	asc	1	0.13793103448275862	0.3448275862068966	0.13793103448275862	0.5862068965517241
act/23	mean	proj	6	15	False	True	asc	1	0.06896551724137931	0.41379310344827586	0.13793103448275862	0.5862068965517241
embed	mean	proj	11	16	True	False	asc	1	0.1724137931034483	0.5517241379310345	0.13793103448275862	0.4482758620689655
act/23	mean	proj	8	20	False	False	asc	1	0.10344827586206896	0.41379310344827586	0.13793103448275862	0.6551724137931034
embed	mean	proj	11	17	True	True	asc	1	0.13793103448275862	0.6206896551724138	0.13793103448275862	0.41379310344827586
act/23	mean	proj	8	9	False	False	asc	1	0.034482758620689655	0.5172413793103449	0.13793103448275862	0.6551724137931034
act/23	mean	proj	8	10	False	True	asc	1	0.034482758620689655	0.5172413793103449	0.13793103448275862	0.6896551724137931
act/23	mean	proj	10	13	False	False	asc	1	0.10344827586206896	0.3103448275862069	0.13793103448275862	0.5862068965517241
act/19	mean	proj	11	15	False	True	asc	1	0.06896551724137931	0.27586206896551724	0.13793103448275862	0.6206896551724138
act/27	mean	proj	3	19	True	False	asc	1	0.10344827586206896	0.4827586206896552	0.13793103448275862	0.6896551724137931
act/23	mean	proj	11	17	False	True	asc	1	0.10344827586206896	0.3103448275862069	0.13793103448275862	0.5517241379310345
act/23	mean	proj	11	17	False	False	asc	1	0.10344827586206896	0.3103448275862069	0.13793103448275862	0.5517241379310345
act/23	mean	proj	11	14	False	True	asc	1	0.10344827586206896	0.3793103448275862	0.13793103448275862	0.5517241379310345
act/23	mean	proj	14	19	False	False	asc	1	0.13793103448275862	0.4827586206896552	0.13793103448275862	0.5862068965517241
act/23	mean	proj	11	16	False	True	asc	1	0.06896551724137931	0.27586206896551724	0.13793103448275862	0.5862068965517241
act/23	mean	proj	11	16	False	False	asc	1	0.06896551724137931	0.27586206896551724	0.13793103448275862	0.6206896551724138
act/23	mean	proj	16	17	False	True	asc	1	0.10344827586206896	0.4827586206896552	0.13793103448275862	0.5862068965517241
act/19	mean	proj	15	16	False	True	asc	1	0.13793103448275862	0.5172413793103449	0.13793103448275862	0.5862068965517241
act/23	mean	proj	13	18	False	False	asc	1	0.10344827586206896	0.4482758620689655	0.13793103448275862	0.6551724137931034
act/23	mean	proj	16	17	False	False	asc	1	0.10344827586206896	0.4827586206896552	0.13793103448275862	0.5862068965517241
act/23	mean	proj	12	15	False	False	asc	1	0.1724137931034483	0.3448275862068966	0.13793103448275862	0.6551724137931034
act/27	mean	proj	4	5	True	True	asc	1	0.06896551724137931	0.3103448275862069	0.13793103448275862	0.5172413793103449
act/27	mean	proj	4	5	True	False	asc	1	0.06896551724137931	0.3103448275862069	0.13793103448275862	0.5172413793103449
act/23	mean	proj	12	15	False	True	asc	1	0.1724137931034483	0.3448275862068966	0.13793103448275862	0.6551724137931034
act/27	mean	proj	3	18	True	False	asc	1	0.10344827586206896	0.4827586206896552	0.13793103448275862	0.6896551724137931
act/15	mean	proj	4	5	True	True	asc	1	0.10344827586206896	0.4827586206896552	0.13793103448275862	0.7241379310344828
act/15	mean	proj	4	5	True	False	asc	1	0.10344827586206896	0.4827586206896552	0.13793103448275862	0.7241379310344828
act/31_normed	mean	proj	12	18	False	True	asc	1	0.06896551724137931	0.3448275862068966	0.13793103448275862	0.5172413793103449
act/31_normed	mean	proj	12	18	False	False	asc	1	0.034482758620689655	0.3103448275862069	0.13793103448275862	0.5172413793103449
act/15	mean	proj	3	4	True	False	asc	1	0.10344827586206896	0.4827586206896552	0.13793103448275862	0.5862068965517241
act/15	mean	proj	3	4	True	True	asc	1	0.10344827586206896	0.4827586206896552	0.13793103448275862	0.5862068965517241
act/19	mean	proj	13	16	False	True	asc	1	0.034482758620689655	0.5172413793103449	0.13793103448275862	0.6551724137931034
act/19	mean	proj	13	16	False	False	asc	1	0.034482758620689655	0.5172413793103449	0.13793103448275862	0.6551724137931034
act/19	mean	proj	10	18	True	True	asc	1	0.06896551724137931	0.3793103448275862	0.13793103448275862	0.5517241379310345
act/19	mean	proj	10	18	True	False	asc	1	0.034482758620689655	0.3793103448275862	0.13793103448275862	0.5517241379310345
act/19	mean	proj	13	15	True	True	asc	1	0.10344827586206896	0.3103448275862069	0.13793103448275862	0.5172413793103449
act/19	mean	proj	13	15	True	False	asc	1	0.10344827586206896	0.3103448275862069	0.13793103448275862	0.5172413793103449
embed	mean	proj	15	18	True	True	asc	1	0.06896551724137931	0.27586206896551724	0.13793103448275862	0.41379310344827586
act/23	mean	proj	8	14	True	False	asc	1	0.06896551724137931	0.41379310344827586	0.13793103448275862	0.6896551724137931
act/31_normed	mean	proj	12	17	False	True	asc	1	0.06896551724137931	0.27586206896551724	0.13793103448275862	0.4482758620689655
act/31_normed	mean	proj	12	17	False	False	asc	1	0.06896551724137931	0.27586206896551724	0.13793103448275862	0.4482758620689655
act/23	mean	proj	15	19	False	False	asc	1	0.10344827586206896	0.41379310344827586	0.13793103448275862	0.5517241379310345
act/23	mean	proj	13	18	False	True	asc	1	0.10344827586206896	0.4482758620689655	0.13793103448275862	0.6551724137931034
act/3	mean	proj	13	16	True	True	asc	1	0.13793103448275862	0.5517241379310345	0.13793103448275862	0.5517241379310345
act/3	mean	proj	14	16	True	True	asc	1	0.27586206896551724	0.6551724137931034	0.13793103448275862	0.5517241379310345
act/3	mean	proj	14	16	True	False	asc	1	0.27586206896551724	0.6551724137931034	0.13793103448275862	0.5517241379310345
act/3	mean	proj	14	17	True	True	asc	1	0.13793103448275862	0.5172413793103449	0.13793103448275862	0.5517241379310345
act/3	mean	proj	14	17	True	False	asc	1	0.13793103448275862	0.5172413793103449	0.13793103448275862	0.5862068965517241
act/15	mean	proj	14	16	True	False	asc	1	0.06896551724137931	0.4482758620689655	0.13793103448275862	0.5172413793103449
act/19	mean	proj	7	12	True	True	asc	1	0.13793103448275862	0.4482758620689655	0.13793103448275862	0.6206896551724138
act/19	mean	proj	9	13	True	True	asc	1	0.06896551724137931	0.2413793103448276	0.13793103448275862	0.6896551724137931
act/19	mean	proj	9	13	True	False	asc	1	0.06896551724137931	0.27586206896551724	0.13793103448275862	0.6896551724137931
act/19	mean	proj	9	17	True	True	asc	1	0.06896551724137931	0.27586206896551724	0.13793103448275862	0.5862068965517241
act/19	mean	proj	9	17	True	False	asc	1	0.10344827586206896	0.3103448275862069	0.13793103448275862	0.5862068965517241
act/19	mean	proj	10	13	True	True	asc	1	0.10344827586206896	0.3103448275862069	0.13793103448275862	0.5517241379310345
act/19	mean	proj	10	13	True	False	asc	1	0.10344827586206896	0.27586206896551724	0.13793103448275862	0.5517241379310345
act/23	mean	proj	15	19	False	True	asc	1	0.10344827586206896	0.41379310344827586	0.13793103448275862	0.5517241379310345
act/23	mean	proj	5	17	True	True	asc	1	0.10344827586206896	0.5172413793103449	0.13793103448275862	0.6896551724137931
act/23	mean	proj	5	18	True	True	asc	1	0.10344827586206896	0.5172413793103449	0.13793103448275862	0.6551724137931034
act/23	mean	proj	6	7	True	True	asc	1	0.0	0.41379310344827586	0.13793103448275862	0.5517241379310345
act/23	mean	proj	6	7	True	False	asc	1	0.0	0.41379310344827586	0.13793103448275862	0.5517241379310345
act/27	mean	proj	0	18	False	False	asc	1	0.1724137931034483	0.6206896551724138	0.13793103448275862	0.5517241379310345
act/27	mean	proj	0	19	False	False	asc	1	0.1724137931034483	0.6206896551724138	0.13793103448275862	0.5517241379310345
act/27	mean	proj	0	20	False	False	asc	1	0.1724137931034483	0.6206896551724138	0.13793103448275862	0.5517241379310345
act/11	mean	proj	6	9	True	False	asc	1	0.034482758620689655	0.20689655172413793	0.13793103448275862	0.5172413793103449
act/23	mean	proj	18	20	False	True	asc	1	0.10344827586206896	0.4482758620689655	0.13793103448275862	0.5517241379310345
act/23	mean	proj	18	20	False	False	asc	1	0.10344827586206896	0.4482758620689655	0.13793103448275862	0.5517241379310345
act/23	mean	norm_l2	0	0	False	False	asc	1	0.10344827586206896	0.5172413793103449	0.13793103448275862	0.6206896551724138
act/19	mean	proj	15	16	False	False	asc	1	0.13793103448275862	0.5172413793103449	0.13793103448275862	0.5862068965517241
act/19	mean	proj	13	20	False	False	asc	1	0.10344827586206896	0.5862068965517241	0.13793103448275862	0.6206896551724138
act/19	mean	proj	13	14	False	True	asc	1	0.034482758620689655	0.4482758620689655	0.13793103448275862	0.3448275862068966
act/19	mean	proj	13	14	False	False	asc	1	0.034482758620689655	0.4482758620689655	0.13793103448275862	0.3448275862068966
act/31_normed	mean	proj	10	16	False	True	asc	1	0.10344827586206896	0.3448275862068966	0.13793103448275862	0.6896551724137931
act/27	mean	proj	0	14	False	False	asc	1	0.1724137931034483	0.6206896551724138	0.13793103448275862	0.5517241379310345
act/27	mean	proj	0	17	False	False	asc	1	0.1724137931034483	0.6206896551724138	0.13793103448275862	0.5517241379310345
act/3	mean	proj	3	6	True	True	asc	1	0.13793103448275862	0.3793103448275862	0.13793103448275862	0.5172413793103449
act/31_normed	mean	proj	12	19	True	False	asc	1	0.1724137931034483	0.4482758620689655	0.13793103448275862	0.4827586206896552
act/31_normed	mean	proj	11	19	True	False	asc	1	0.13793103448275862	0.41379310344827586	0.13793103448275862	0.4827586206896552
act/31_normed	mean	proj	2	14	False	False	asc	1	0.06896551724137931	0.20689655172413793	0.13793103448275862	0.4827586206896552
act/23	mean	proj	5	13	True	True	asc	1	0.10344827586206896	0.4482758620689655	0.13793103448275862	0.6551724137931034
act/23	mean	proj	5	7	True	True	asc	1	0.06896551724137931	0.41379310344827586	0.13793103448275862	0.6896551724137931
act/31	mean	proj	11	12	True	True	asc	1	0.10344827586206896	0.3448275862068966	0.13793103448275862	0.4827586206896552
act/31	mean	proj	11	12	True	False	asc	1	0.10344827586206896	0.3448275862068966	0.13793103448275862	0.4827586206896552
act/27	mean	proj	0	15	False	False	asc	1	0.1724137931034483	0.6206896551724138	0.13793103448275862	0.5517241379310345
act/27	mean	proj	0	16	False	False	asc	1	0.1724137931034483	0.6206896551724138	0.13793103448275862	0.5517241379310345
act/27	mean	proj	2	3	True	False	asc	1	0.10344827586206896	0.4482758620689655	0.13793103448275862	0.5862068965517241
act/27	mean	proj	2	3	True	True	asc	1	0.10344827586206896	0.4482758620689655	0.13793103448275862	0.5862068965517241
act/27	mean	proj	0	12	False	False	asc	1	0.1724137931034483	0.5862068965517241	0.13793103448275862	0.5517241379310345
act/27	mean	proj	0	13	False	False	asc	1	0.1724137931034483	0.5862068965517241	0.13793103448275862	0.5517241379310345
act/19	mean	proj	5	13	True	True	asc	1	0.06896551724137931	0.4482758620689655	0.13793103448275862	0.6551724137931034
act/19	mean	proj	5	13	True	False	asc	1	0.06896551724137931	0.3793103448275862	0.13793103448275862	0.6551724137931034
act/19	mean	proj	5	16	True	True	asc	1	0.034482758620689655	0.41379310344827586	0.13793103448275862	0.6896551724137931
act/19	mean	proj	5	16	True	False	asc	1	0.06896551724137931	0.41379310344827586	0.13793103448275862	0.6206896551724138
act/19	mean	proj	5	17	True	False	asc	1	0.06896551724137931	0.4482758620689655	0.13793103448275862	0.6206896551724138
act/31	mean	proj	11	13	True	True	asc	1	0.034482758620689655	0.3103448275862069	0.13793103448275862	0.5172413793103449
act/31	mean	proj	11	13	True	False	asc	1	0.034482758620689655	0.3103448275862069	0.13793103448275862	0.5172413793103449
act/19	mean	proj	8	14	True	True	asc	1	0.13793103448275862	0.3448275862068966	0.13793103448275862	0.6896551724137931
act/15	mean	proj	14	17	True	True	asc	1	0.0	0.4827586206896552	0.13793103448275862	0.5517241379310345
act/15	mean	proj	14	17	True	False	asc	1	0.0	0.4827586206896552	0.13793103448275862	0.5517241379310345
act/31_normed	mean	proj	10	16	False	False	asc	1	0.10344827586206896	0.3793103448275862	0.13793103448275862	0.6896551724137931
act/31_normed	mean	proj	10	19	False	True	asc	1	0.10344827586206896	0.41379310344827586	0.13793103448275862	0.7241379310344828
act/19	mean	proj	5	9	True	True	asc	1	0.06896551724137931	0.41379310344827586	0.13793103448275862	0.6551724137931034
act/19	mean	proj	5	19	True	True	asc	1	0.06896551724137931	0.4482758620689655	0.13793103448275862	0.5862068965517241
act/19	mean	proj	5	19	True	False	asc	1	0.06896551724137931	0.4482758620689655	0.13793103448275862	0.5517241379310345
act/19	mean	proj	5	12	True	False	asc	1	0.10344827586206896	0.4482758620689655	0.13793103448275862	0.6551724137931034
act/27	mean	proj	9	15	True	True	asc	1	0.06896551724137931	0.27586206896551724	0.13793103448275862	0.5862068965517241
act/27	mean	proj	9	15	True	False	asc	1	0.034482758620689655	0.2413793103448276	0.13793103448275862	0.5862068965517241
act/27	mean	proj	9	16	True	True	asc	1	0.06896551724137931	0.3103448275862069	0.13793103448275862	0.5862068965517241
act/27	mean	proj	7	14	True	False	asc	1	0.10344827586206896	0.4827586206896552	0.13793103448275862	0.5862068965517241
act/19	mean	proj	5	20	True	True	asc	1	0.06896551724137931	0.4482758620689655	0.13793103448275862	0.5517241379310345
act/19	mean	proj	6	15	True	True	asc	1	0.06896551724137931	0.4827586206896552	0.13793103448275862	0.6896551724137931
act/19	mean	proj	6	16	True	True	asc	1	0.034482758620689655	0.5172413793103449	0.13793103448275862	0.6206896551724138
act/19	mean	proj	6	16	True	False	asc	1	0.034482758620689655	0.4482758620689655	0.13793103448275862	0.6206896551724138
act/27	mean	proj	8	11	True	False	asc	1	0.06896551724137931	0.4482758620689655	0.13793103448275862	0.6206896551724138
act/27	mean	proj	3	17	True	False	asc	1	0.10344827586206896	0.4482758620689655	0.13793103448275862	0.6896551724137931
act/11	mean	proj	5	10	True	False	asc	1	0.034482758620689655	0.3448275862068966	0.13793103448275862	0.4482758620689655
act/27	mean	proj	16	19	True	True	asc	1	0.27586206896551724	0.6206896551724138	0.13793103448275862	0.6206896551724138
act/27	mean	proj	3	13	True	False	asc	1	0.10344827586206896	0.4827586206896552	0.13793103448275862	0.7241379310344828
act/27	mean	proj	6	16	True	False	asc	1	0.06896551724137931	0.41379310344827586	0.13793103448275862	0.6551724137931034
act/11	mean	proj	5	8	True	True	asc	1	0.0	0.41379310344827586	0.13793103448275862	0.6896551724137931
act/11	mean	proj	5	8	True	False	asc	1	0.0	0.4482758620689655	0.13793103448275862	0.7241379310344828
act/27	mean	proj	6	18	True	True	asc	1	0.06896551724137931	0.41379310344827586	0.13793103448275862	0.5862068965517241
act/27	mean	proj	6	18	True	False	asc	1	0.06896551724137931	0.4482758620689655	0.13793103448275862	0.6206896551724138
act/27	mean	proj	8	12	True	True	asc	1	0.10344827586206896	0.4482758620689655	0.13793103448275862	0.6206896551724138
act/27	mean	proj	8	12	True	False	asc	1	0.10344827586206896	0.4482758620689655	0.13793103448275862	0.6551724137931034
act/27	mean	proj	6	14	True	False	asc	1	0.10344827586206896	0.4827586206896552	0.13793103448275862	0.5862068965517241
act/27	mean	proj	7	13	True	True	asc	1	0.13793103448275862	0.4482758620689655	0.13793103448275862	0.5862068965517241
act/27	mean	proj	7	14	True	True	asc	1	0.10344827586206896	0.4827586206896552	0.13793103448275862	0.5862068965517241
act/27	mean	proj	8	11	True	True	asc	1	0.06896551724137931	0.4482758620689655	0.13793103448275862	0.6206896551724138
act/23	mean	proj	5	7	True	False	asc	1	0.06896551724137931	0.41379310344827586	0.13793103448275862	0.6896551724137931
act/31_normed	mean	proj	2	12	False	False	asc	1	0.10344827586206896	0.20689655172413793	0.13793103448275862	0.4827586206896552
act/31_normed	mean	proj	9	11	False	True	asc	1	0.034482758620689655	0.20689655172413793	0.13793103448275862	0.5862068965517241
act/31_normed	mean	proj	9	11	False	False	asc	1	0.034482758620689655	0.20689655172413793	0.13793103448275862	0.5862068965517241
act/27	mean	proj	16	19	True	False	asc	1	0.27586206896551724	0.6206896551724138	0.13793103448275862	0.6206896551724138
act/27	mean	proj	6	16	True	True	asc	1	0.06896551724137931	0.41379310344827586	0.13793103448275862	0.6206896551724138
act/11	mean	proj	6	9	True	True	asc	1	0.034482758620689655	0.20689655172413793	0.13793103448275862	0.5172413793103449
act/27	mean	proj	6	17	True	False	asc	1	0.06896551724137931	0.41379310344827586	0.13793103448275862	0.6551724137931034
act/27	mean	proj	9	13	True	True	asc	1	0.034482758620689655	0.4482758620689655	0.13793103448275862	0.6896551724137931
embed	mean	proj	16	17	False	False	asc	1	0.034482758620689655	0.27586206896551724	0.13793103448275862	0.4827586206896552
embed	mean	norm_l2	0	0	False	False	asc	1	0.10344827586206896	0.5517241379310345	0.13793103448275862	0.6551724137931034
embed	mean	proj	12	16	False	False	asc	1	0.1724137931034483	0.4482758620689655	0.13793103448275862	0.4827586206896552
act/27	mean	proj	12	19	True	True	asc	1	0.13793103448275862	0.5172413793103449	0.13793103448275862	0.5517241379310345
act/27	mean	proj	12	19	True	False	asc	1	0.13793103448275862	0.5172413793103449	0.13793103448275862	0.6206896551724138
act/27	mean	proj	10	19	True	False	asc	1	0.13793103448275862	0.5172413793103449	0.13793103448275862	0.5517241379310345
embed	mean	proj	13	18	False	False	asc	1	0.13793103448275862	0.5517241379310345	0.13793103448275862	0.41379310344827586
act/31_normed	mean	proj	2	8	False	True	asc	1	0.10344827586206896	0.27586206896551724	0.13793103448275862	0.4482758620689655
act/31_normed	mean	proj	2	9	False	True	asc	1	0.10344827586206896	0.27586206896551724	0.13793103448275862	0.4482758620689655
act/31_normed	mean	proj	2	10	False	True	asc	1	0.10344827586206896	0.1724137931034483	0.13793103448275862	0.41379310344827586
embed	mean	proj	16	17	False	True	asc	1	0.034482758620689655	0.27586206896551724	0.13793103448275862	0.4827586206896552
act/27	mean	proj	9	11	True	True	asc	1	0.06896551724137931	0.41379310344827586	0.13793103448275862	0.6551724137931034
act/27	mean	proj	9	11	True	False	asc	1	0.06896551724137931	0.41379310344827586	0.13793103448275862	0.6551724137931034
act/27	mean	proj	9	12	True	True	asc	1	0.034482758620689655	0.41379310344827586	0.13793103448275862	0.6551724137931034
act/27	mean	proj	9	12	True	False	asc	1	0.034482758620689655	0.3793103448275862	0.13793103448275862	0.6551724137931034
act/31_normed	mean	proj	8	11	False	False	asc	1	0.06896551724137931	0.27586206896551724	0.13793103448275862	0.4827586206896552
act/15	mean	proj	9	12	True	True	asc	1	0.06896551724137931	0.3448275862068966	0.13793103448275862	0.6206896551724138
act/15	mean	proj	9	12	True	False	asc	1	0.06896551724137931	0.3448275862068966	0.13793103448275862	0.6206896551724138
act/3	mean	proj	3	8	True	True	asc	1	0.10344827586206896	0.3448275862068966	0.13793103448275862	0.5172413793103449
act/3	mean	proj	3	8	True	False	asc	1	0.10344827586206896	0.3103448275862069	0.13793103448275862	0.5517241379310345
act/31_normed	mean	proj	2	4	False	False	asc	1	0.10344827586206896	0.5517241379310345	0.13793103448275862	0.6206896551724138
act/31_normed	mean	proj	2	4	False	True	asc	1	0.13793103448275862	0.5172413793103449	0.13793103448275862	0.5862068965517241
act/31_normed	mean	proj	2	15	False	False	asc	1	0.06896551724137931	0.2413793103448276	0.13793103448275862	0.5172413793103449
act/27	mean	proj	7	17	True	False	asc	1	0.06896551724137931	0.4482758620689655	0.13793103448275862	0.6896551724137931
act/27	mean	proj	7	18	True	True	asc	1	0.06896551724137931	0.4482758620689655	0.13793103448275862	0.6896551724137931
act/27	mean	proj	8	13	True	False	asc	1	0.06896551724137931	0.5172413793103449	0.13793103448275862	0.6206896551724138
act/11	mean	proj	6	11	True	True	asc	1	0.034482758620689655	0.1724137931034483	0.13793103448275862	0.5517241379310345
act/11	mean	proj	6	11	True	False	asc	1	0.034482758620689655	0.13793103448275862	0.13793103448275862	0.5862068965517241
act/11	mean	proj	6	10	True	True	asc	1	0.034482758620689655	0.27586206896551724	0.13793103448275862	0.4482758620689655
act/23	mean	proj	3	13	True	False	asc	1	0.10344827586206896	0.4482758620689655	0.13793103448275862	0.6551724137931034
act/31_normed	mean	proj	8	11	False	True	asc	1	0.06896551724137931	0.3103448275862069	0.13793103448275862	0.4482758620689655
act/19	mean	proj	6	16	False	True	asc	1	0.10344827586206896	0.4482758620689655	0.13793103448275862	0.6896551724137931
act/11	mean	proj	6	10	False	False	asc	1	0.06896551724137931	0.3448275862068966	0.13793103448275862	0.5517241379310345
act/11	mean	proj	6	11	False	True	asc	1	0.06896551724137931	0.41379310344827586	0.13793103448275862	0.5517241379310345
act/11	mean	proj	6	11	False	False	asc	1	0.06896551724137931	0.41379310344827586	0.13793103448275862	0.5172413793103449
act/11	mean	proj	6	10	False	True	asc	1	0.06896551724137931	0.3448275862068966	0.13793103448275862	0.5517241379310345
act/27	mean	proj	10	19	False	False	asc	1	0.10344827586206896	0.4482758620689655	0.13793103448275862	0.6896551724137931
act/27	mean	proj	9	15	False	True	asc	1	0.06896551724137931	0.4827586206896552	0.13793103448275862	0.6206896551724138
act/27	mean	proj	11	14	False	False	asc	1	0.13793103448275862	0.4827586206896552	0.13793103448275862	0.6206896551724138
act/27	mean	proj	8	19	True	False	asc	1	0.06896551724137931	0.4827586206896552	0.13793103448275862	0.6551724137931034
act/27	mean	proj	11	19	True	False	asc	1	0.06896551724137931	0.4827586206896552	0.13793103448275862	0.6551724137931034
act/31	mean	proj	10	12	False	False	asc	1	0.06896551724137931	0.41379310344827586	0.13793103448275862	0.6206896551724138
act/3	mean	proj	15	18	False	True	asc	1	0.10344827586206896	0.4827586206896552	0.13793103448275862	0.5517241379310345
act/3	mean	proj	16	18	False	True	asc	1	0.034482758620689655	0.3793103448275862	0.13793103448275862	0.4827586206896552
act/3	mean	proj	16	18	False	False	asc	1	0.034482758620689655	0.3448275862068966	0.13793103448275862	0.4827586206896552
act/3	mean	proj	15	17	False	True	asc	1	0.1724137931034483	0.6206896551724138	0.13793103448275862	0.4482758620689655
act/3	mean	proj	15	17	False	False	asc	1	0.1724137931034483	0.6206896551724138	0.13793103448275862	0.4482758620689655
embed	mean	proj	13	15	False	False	asc	1	0.13793103448275862	0.4827586206896552	0.13793103448275862	0.4827586206896552
act/19	mean	proj	8	12	True	False	asc	1	0.06896551724137931	0.3103448275862069	0.13793103448275862	0.5862068965517241
act/19	mean	proj	7	19	True	False	asc	1	0.06896551724137931	0.4482758620689655	0.13793103448275862	0.5862068965517241
act/27	mean	proj	9	16	True	False	asc	1	0.06896551724137931	0.3103448275862069	0.13793103448275862	0.5862068965517241
act/11	mean	proj	2	3	True	True	asc	1	0.06896551724137931	0.3448275862068966	0.13793103448275862	0.6206896551724138
act/11	mean	proj	2	3	True	False	asc	1	0.06896551724137931	0.3448275862068966	0.13793103448275862	0.6206896551724138
act/27	mean	proj	8	18	True	True	asc	1	0.06896551724137931	0.4827586206896552	0.13793103448275862	0.6551724137931034
act/27	mean	proj	8	19	True	True	asc	1	0.06896551724137931	0.4827586206896552	0.13793103448275862	0.6551724137931034
embed	mean	proj	12	16	False	True	asc	1	0.1724137931034483	0.4482758620689655	0.13793103448275862	0.4827586206896552
embed	mean	proj	11	14	False	True	asc	1	0.10344827586206896	0.41379310344827586	0.13793103448275862	0.6206896551724138
embed	mean	proj	11	14	False	False	asc	1	0.10344827586206896	0.41379310344827586	0.13793103448275862	0.6206896551724138
embed	mean	proj	12	17	False	True	asc	1	0.1724137931034483	0.5517241379310345	0.13793103448275862	0.41379310344827586
act/19	mean	proj	7	13	True	True	asc	1	0.10344827586206896	0.3793103448275862	0.13793103448275862	0.6551724137931034
embed	mean	proj	13	14	False	True	asc	1	0.10344827586206896	0.3448275862068966	0.13793103448275862	0.6551724137931034
embed	mean	proj	13	14	False	False	asc	1	0.10344827586206896	0.3448275862068966	0.13793103448275862	0.6551724137931034
embed	mean	proj	13	15	False	True	asc	1	0.13793103448275862	0.4827586206896552	0.13793103448275862	0.4827586206896552
embed	mean	proj	19	20	False	False	asc	1	0.1724137931034483	0.3448275862068966	0.10344827586206896	0.41379310344827586
act/27	mean	proj	10	19	True	True	asc	1	0.10344827586206896	0.4827586206896552	0.10344827586206896	0.5172413793103449
act/27	mean	proj	9	17	True	False	asc	1	0.06896551724137931	0.3448275862068966	0.10344827586206896	0.5862068965517241
act/11	mean	proj	5	11	True	True	asc	1	0.034482758620689655	0.20689655172413793	0.10344827586206896	0.5172413793103449
act/11	mean	proj	5	11	True	False	asc	1	0.034482758620689655	0.20689655172413793	0.10344827586206896	0.5172413793103449
embed	mean	proj	5	6	False	True	asc	1	0.06896551724137931	0.5172413793103449	0.10344827586206896	0.5517241379310345
embed	mean	proj	5	6	False	False	asc	1	0.06896551724137931	0.5172413793103449	0.10344827586206896	0.5517241379310345
act/27	mean	proj	15	18	True	True	asc	1	0.1724137931034483	0.41379310344827586	0.10344827586206896	0.4827586206896552
act/27	mean	proj	15	18	True	False	asc	1	0.1724137931034483	0.41379310344827586	0.10344827586206896	0.4827586206896552
act/27	mean	proj	15	19	True	True	asc	1	0.1724137931034483	0.5172413793103449	0.10344827586206896	0.6206896551724138
act/27	mean	proj	15	19	True	False	asc	1	0.1724137931034483	0.5172413793103449	0.10344827586206896	0.6206896551724138
act/19	mean	proj	9	14	True	True	asc	1	0.10344827586206896	0.27586206896551724	0.10344827586206896	0.6206896551724138
act/19	mean	proj	9	14	True	False	asc	1	0.10344827586206896	0.27586206896551724	0.10344827586206896	0.6551724137931034
act/19	mean	proj	5	11	True	True	asc	1	0.06896551724137931	0.4482758620689655	0.10344827586206896	0.6896551724137931
act/19	mean	proj	7	9	True	True	asc	1	0.10344827586206896	0.3448275862068966	0.10344827586206896	0.4482758620689655
act/19	mean	proj	7	8	True	True	asc	1	0.06896551724137931	0.41379310344827586	0.10344827586206896	0.5517241379310345
act/19	mean	proj	7	8	True	False	asc	1	0.06896551724137931	0.41379310344827586	0.10344827586206896	0.5517241379310345
embed	mean	proj	8	9	False	True	asc	1	0.13793103448275862	0.3793103448275862	0.10344827586206896	0.4482758620689655
embed	mean	proj	8	9	False	False	asc	1	0.13793103448275862	0.3793103448275862	0.10344827586206896	0.4482758620689655
act/27	mean	proj	6	14	True	True	asc	1	0.10344827586206896	0.4482758620689655	0.10344827586206896	0.5862068965517241
embed	mean	proj	2	13	False	False	asc	1	0.06896551724137931	0.4827586206896552	0.10344827586206896	0.4827586206896552
embed	mean	proj	2	12	False	False	asc	1	0.034482758620689655	0.4482758620689655	0.10344827586206896	0.4827586206896552
act/27	mean	proj	6	10	True	True	asc	1	0.06896551724137931	0.3448275862068966	0.10344827586206896	0.5517241379310345
act/27	mean	proj	6	10	True	False	asc	1	0.034482758620689655	0.3448275862068966	0.10344827586206896	0.4827586206896552
act/27	mean	proj	6	12	True	False	asc	1	0.13793103448275862	0.3793103448275862	0.10344827586206896	0.5517241379310345
act/27	mean	proj	6	13	True	False	asc	1	0.10344827586206896	0.41379310344827586	0.10344827586206896	0.5862068965517241
act/27	mean	proj	6	15	True	True	asc	1	0.06896551724137931	0.3793103448275862	0.10344827586206896	0.6551724137931034
act/27	mean	proj	4	19	True	False	asc	1	0.06896551724137931	0.4827586206896552	0.10344827586206896	0.6206896551724138
act/27	mean	proj	5	11	True	True	asc	1	0.06896551724137931	0.3103448275862069	0.10344827586206896	0.5517241379310345
act/27	mean	proj	5	18	True	False	asc	1	0.10344827586206896	0.41379310344827586	0.10344827586206896	0.5517241379310345
act/27	mean	proj	5	19	True	True	asc	1	0.10344827586206896	0.41379310344827586	0.10344827586206896	0.6206896551724138
act/27	mean	proj	5	20	True	False	asc	1	0.06896551724137931	0.4482758620689655	0.10344827586206896	0.6206896551724138
act/27	mean	proj	0	2	False	False	asc	1	0.1724137931034483	0.6206896551724138	0.10344827586206896	0.4827586206896552
act/27	mean	proj	7	13	True	False	asc	1	0.10344827586206896	0.4482758620689655	0.10344827586206896	0.5862068965517241
act/27	mean	proj	8	10	True	False	asc	1	0.0	0.3793103448275862	0.10344827586206896	0.5517241379310345
act/31_normed	mean	proj	8	17	False	False	asc	1	0.06896551724137931	0.27586206896551724	0.10344827586206896	0.4482758620689655
act/31_normed	mean	proj	8	13	False	False	asc	1	0.13793103448275862	0.3103448275862069	0.10344827586206896	0.5172413793103449
act/23	mean	proj	4	14	True	False	asc	1	0.10344827586206896	0.4482758620689655	0.10344827586206896	0.6551724137931034
act/23	mean	proj	4	16	True	False	asc	1	0.10344827586206896	0.4482758620689655	0.10344827586206896	0.6206896551724138
act/23	mean	proj	3	16	True	True	asc	1	0.10344827586206896	0.4827586206896552	0.10344827586206896	0.6551724137931034
act/3	mean	proj	0	19	True	True	asc	1	0.13793103448275862	0.6206896551724138	0.10344827586206896	0.5862068965517241
act/3	mean	proj	0	20	True	True	asc	1	0.13793103448275862	0.6206896551724138	0.10344827586206896	0.5862068965517241
act/3	mean	proj	0	15	True	True	asc	1	0.13793103448275862	0.6206896551724138	0.10344827586206896	0.5862068965517241
act/15	mean	proj	13	18	True	False	asc	1	0.034482758620689655	0.4827586206896552	0.10344827586206896	0.5172413793103449
act/23	mean	proj	2	16	True	False	asc	1	0.13793103448275862	0.3448275862068966	0.10344827586206896	0.6551724137931034
act/23	mean	proj	4	11	True	False	asc	1	0.06896551724137931	0.3103448275862069	0.10344827586206896	0.6206896551724138
act/23	mean	proj	3	4	True	True	asc	1	0.06896551724137931	0.4482758620689655	0.10344827586206896	0.4482758620689655
act/23	mean	proj	3	4	True	False	asc	1	0.06896551724137931	0.4482758620689655	0.10344827586206896	0.4482758620689655
act/23	mean	proj	2	14	True	False	asc	1	0.13793103448275862	0.3448275862068966	0.10344827586206896	0.6551724137931034
act/31_normed	mean	proj	8	12	False	True	asc	1	0.06896551724137931	0.2413793103448276	0.10344827586206896	0.4827586206896552
act/31_normed	mean	proj	8	16	False	False	asc	1	0.034482758620689655	0.2413793103448276	0.10344827586206896	0.4827586206896552
act/23	mean	proj	4	5	True	True	asc	1	0.06896551724137931	0.3793103448275862	0.10344827586206896	0.41379310344827586
act/23	mean	proj	4	5	True	False	asc	1	0.06896551724137931	0.3793103448275862	0.10344827586206896	0.41379310344827586
act/23	mean	proj	3	17	True	True	asc	1	0.10344827586206896	0.4827586206896552	0.10344827586206896	0.6206896551724138
act/23	mean	proj	3	18	True	True	asc	1	0.10344827586206896	0.4827586206896552	0.10344827586206896	0.6206896551724138
act/3	mean	proj	3	4	True	True	asc	1	0.10344827586206896	0.4482758620689655	0.10344827586206896	0.6206896551724138
act/3	mean	proj	3	4	True	False	asc	1	0.10344827586206896	0.4482758620689655	0.10344827586206896	0.6206896551724138
act/23	mean	proj	3	9	True	False	asc	1	0.10344827586206896	0.5172413793103449	0.10344827586206896	0.6551724137931034
act/15	mean	proj	13	18	True	True	asc	1	0.034482758620689655	0.4827586206896552	0.10344827586206896	0.5517241379310345
act/15	mean	proj	9	13	True	True	asc	1	0.034482758620689655	0.27586206896551724	0.10344827586206896	0.5862068965517241
act/15	mean	proj	9	13	True	False	asc	1	0.034482758620689655	0.27586206896551724	0.10344827586206896	0.5862068965517241
act/31_normed	mean	proj	2	3	False	True	asc	1	0.06896551724137931	0.2413793103448276	0.10344827586206896	0.4482758620689655
act/31_normed	mean	proj	2	3	False	False	asc	1	0.06896551724137931	0.2413793103448276	0.10344827586206896	0.4482758620689655
act/31_normed	mean	proj	2	11	False	False	asc	1	0.10344827586206896	0.13793103448275862	0.10344827586206896	0.41379310344827586
act/31_normed	mean	proj	2	6	False	True	asc	1	0.13793103448275862	0.4827586206896552	0.10344827586206896	0.41379310344827586
act/23	mean	proj	3	15	True	True	asc	1	0.10344827586206896	0.4827586206896552	0.10344827586206896	0.6551724137931034
act/23	mean	proj	4	12	True	False	asc	1	0.06896551724137931	0.27586206896551724	0.10344827586206896	0.6206896551724138
act/31_normed	mean	proj	2	13	False	False	asc	1	0.10344827586206896	0.20689655172413793	0.10344827586206896	0.4827586206896552
act/31_normed	mean	proj	2	14	False	True	asc	1	0.10344827586206896	0.2413793103448276	0.10344827586206896	0.4482758620689655
act/31_normed	mean	proj	2	15	False	True	asc	1	0.10344827586206896	0.27586206896551724	0.10344827586206896	0.4482758620689655
act/23	mean	proj	4	17	True	False	asc	1	0.10344827586206896	0.4482758620689655	0.10344827586206896	0.6551724137931034
act/23	mean	proj	4	18	True	False	asc	1	0.10344827586206896	0.4482758620689655	0.10344827586206896	0.6551724137931034
act/31_normed	mean	proj	16	19	True	True	asc	1	0.13793103448275862	0.4827586206896552	0.10344827586206896	0.5862068965517241
act/31_normed	mean	proj	16	19	True	False	asc	1	0.13793103448275862	0.4827586206896552	0.10344827586206896	0.5862068965517241
act/31_normed	mean	proj	17	18	True	True	asc	1	0.06896551724137931	0.41379310344827586	0.10344827586206896	0.5172413793103449
act/31_normed	mean	proj	14	19	True	False	asc	1	0.1724137931034483	0.4827586206896552	0.10344827586206896	0.5172413793103449
act/31_normed	mean	proj	13	18	True	True	asc	1	0.20689655172413793	0.4482758620689655	0.10344827586206896	0.4827586206896552
act/31_normed	mean	proj	13	18	True	False	asc	1	0.20689655172413793	0.4482758620689655	0.10344827586206896	0.5172413793103449
act/31_normed	mean	proj	13	19	True	True	asc	1	0.1724137931034483	0.4827586206896552	0.10344827586206896	0.5862068965517241
act/31_normed	mean	proj	14	15	True	False	asc	1	0.20689655172413793	0.5172413793103449	0.10344827586206896	0.4827586206896552
act/31_normed	mean	proj	2	19	False	False	asc	1	0.06896551724137931	0.27586206896551724	0.10344827586206896	0.5172413793103449
act/31_normed	mean	proj	2	12	False	True	asc	1	0.10344827586206896	0.20689655172413793	0.10344827586206896	0.4482758620689655
act/31_normed	mean	proj	2	13	False	True	asc	1	0.10344827586206896	0.20689655172413793	0.10344827586206896	0.4482758620689655
act/23	mean	proj	3	15	True	False	asc	1	0.10344827586206896	0.4827586206896552	0.10344827586206896	0.5862068965517241
act/31_normed	mean	proj	2	20	False	True	asc	1	0.10344827586206896	0.2413793103448276	0.10344827586206896	0.5517241379310345
act/15	mean	proj	7	8	True	True	asc	1	0.13793103448275862	0.6206896551724138	0.10344827586206896	0.5862068965517241
act/15	mean	proj	7	8	True	False	asc	1	0.13793103448275862	0.6206896551724138	0.10344827586206896	0.5862068965517241
act/15	mean	proj	7	9	True	True	asc	1	0.06896551724137931	0.3103448275862069	0.10344827586206896	0.4482758620689655
act/15	mean	proj	17	19	True	True	asc	1	0.10344827586206896	0.41379310344827586	0.10344827586206896	0.5862068965517241
act/15	mean	proj	17	19	True	False	asc	1	0.10344827586206896	0.41379310344827586	0.10344827586206896	0.5862068965517241
act/31_normed	mean	proj	14	19	True	True	asc	1	0.1724137931034483	0.4827586206896552	0.10344827586206896	0.5172413793103449
act/3	mean	proj	0	16	True	True	asc	1	0.13793103448275862	0.6206896551724138	0.10344827586206896	0.5862068965517241
act/15	mean	proj	7	10	True	False	asc	1	0.034482758620689655	0.3793103448275862	0.10344827586206896	0.4827586206896552
act/3	mean	proj	0	17	True	True	asc	1	0.13793103448275862	0.6206896551724138	0.10344827586206896	0.5862068965517241
act/3	mean	proj	0	18	True	True	asc	1	0.13793103448275862	0.6206896551724138	0.10344827586206896	0.5862068965517241
act/3	mean	proj	0	11	True	True	asc	1	0.13793103448275862	0.6206896551724138	0.10344827586206896	0.5172413793103449
act/3	mean	proj	0	12	True	True	asc	1	0.13793103448275862	0.6206896551724138	0.10344827586206896	0.4827586206896552
act/3	mean	proj	0	13	True	True	asc	1	0.13793103448275862	0.5862068965517241	0.10344827586206896	0.5172413793103449
act/3	mean	proj	0	14	True	True	asc	1	0.13793103448275862	0.6206896551724138	0.10344827586206896	0.5172413793103449
act/23	mean	proj	1	8	True	True	asc	1	0.13793103448275862	0.4827586206896552	0.10344827586206896	0.5862068965517241
act/23	mean	proj	1	12	True	True	asc	1	0.13793103448275862	0.4482758620689655	0.10344827586206896	0.5862068965517241
act/3	mean	proj	9	13	True	True	asc	1	0.06896551724137931	0.3793103448275862	0.10344827586206896	0.5172413793103449
act/3	mean	proj	9	13	True	False	asc	1	0.06896551724137931	0.3448275862068966	0.10344827586206896	0.5172413793103449
act/31_normed	mean	proj	10	18	True	True	asc	1	0.10344827586206896	0.3103448275862069	0.10344827586206896	0.4827586206896552
act/31_normed	mean	proj	10	18	True	False	asc	1	0.13793103448275862	0.3793103448275862	0.10344827586206896	0.4827586206896552
act/23	mean	proj	1	9	True	False	asc	1	0.1724137931034483	0.4827586206896552	0.10344827586206896	0.5862068965517241
act/23	mean	proj	1	10	True	True	asc	1	0.13793103448275862	0.4482758620689655	0.10344827586206896	0.5862068965517241
act/31_normed	mean	proj	14	15	True	True	asc	1	0.20689655172413793	0.5172413793103449	0.10344827586206896	0.4827586206896552
act/31_normed	mean	proj	15	19	True	False	asc	1	0.10344827586206896	0.5172413793103449	0.10344827586206896	0.6551724137931034
act/31_normed	mean	proj	16	17	True	True	asc	1	0.034482758620689655	0.3103448275862069	0.10344827586206896	0.4482758620689655
act/31_normed	mean	proj	16	17	True	False	asc	1	0.034482758620689655	0.3103448275862069	0.10344827586206896	0.4482758620689655
act/31_normed	mean	proj	14	16	True	True	asc	1	0.1724137931034483	0.4827586206896552	0.10344827586206896	0.5172413793103449
act/31_normed	mean	proj	14	16	True	False	asc	1	0.1724137931034483	0.4827586206896552	0.10344827586206896	0.5172413793103449
act/23	mean	proj	1	14	True	True	asc	1	0.13793103448275862	0.4482758620689655	0.10344827586206896	0.5862068965517241
act/23	mean	proj	1	15	True	True	asc	1	0.13793103448275862	0.4482758620689655	0.10344827586206896	0.5517241379310345
act/3	mean	proj	5	8	True	False	asc	1	0.034482758620689655	0.2413793103448276	0.10344827586206896	0.41379310344827586
act/23	mean	proj	1	16	True	True	asc	1	0.13793103448275862	0.4482758620689655	0.10344827586206896	0.5517241379310345
act/23	mean	proj	1	16	True	False	asc	1	0.20689655172413793	0.4827586206896552	0.10344827586206896	0.5517241379310345
act/23	mean	proj	1	19	True	True	asc	1	0.13793103448275862	0.4827586206896552	0.10344827586206896	0.5862068965517241
act/23	mean	proj	1	20	True	True	asc	1	0.13793103448275862	0.4827586206896552	0.10344827586206896	0.5862068965517241
act/15	mean	proj	0	9	False	True	asc	1	0.10344827586206896	0.3793103448275862	0.10344827586206896	0.3448275862068966
act/31_normed	mean	proj	15	19	True	True	asc	1	0.06896551724137931	0.4482758620689655	0.10344827586206896	0.6551724137931034
act/31_normed	mean	proj	13	19	True	False	asc	1	0.1724137931034483	0.4827586206896552	0.10344827586206896	0.5862068965517241
act/31_normed	mean	proj	17	18	True	False	asc	1	0.06896551724137931	0.41379310344827586	0.10344827586206896	0.5172413793103449
act/15	mean	proj	0	10	False	True	asc	1	0.10344827586206896	0.3793103448275862	0.10344827586206896	0.3448275862068966
act/15	mean	proj	0	11	False	True	asc	1	0.10344827586206896	0.3793103448275862	0.10344827586206896	0.3448275862068966
act/15	mean	proj	0	12	False	True	asc	1	0.10344827586206896	0.3793103448275862	0.10344827586206896	0.3448275862068966
act/31_normed	mean	proj	12	15	True	False	asc	1	0.06896551724137931	0.3448275862068966	0.10344827586206896	0.6551724137931034
act/31_normed	mean	proj	11	19	True	True	asc	1	0.13793103448275862	0.41379310344827586	0.10344827586206896	0.4827586206896552
act/31_normed	mean	proj	12	19	True	True	asc	1	0.1724137931034483	0.4482758620689655	0.10344827586206896	0.4482758620689655
act/3	mean	proj	5	8	True	True	asc	1	0.034482758620689655	0.2413793103448276	0.10344827586206896	0.4482758620689655
act/31_normed	mean	proj	9	13	False	True	asc	1	0.10344827586206896	0.27586206896551724	0.10344827586206896	0.5862068965517241
act/31_normed	mean	proj	9	13	False	False	asc	1	0.10344827586206896	0.27586206896551724	0.10344827586206896	0.5862068965517241
act/31_normed	mean	proj	9	14	False	True	asc	1	0.10344827586206896	0.3103448275862069	0.10344827586206896	0.5862068965517241
act/31_normed	mean	proj	9	14	False	False	asc	1	0.10344827586206896	0.3103448275862069	0.10344827586206896	0.5862068965517241
act/31_normed	mean	proj	9	15	False	True	asc	1	0.10344827586206896	0.3103448275862069	0.10344827586206896	0.5862068965517241
act/31_normed	mean	proj	9	15	False	False	asc	1	0.10344827586206896	0.3103448275862069	0.10344827586206896	0.5862068965517241
act/31_normed	mean	proj	9	17	False	False	asc	1	0.06896551724137931	0.3103448275862069	0.10344827586206896	0.5172413793103449
act/23	mean	proj	1	8	True	False	asc	1	0.1724137931034483	0.4482758620689655	0.10344827586206896	0.6206896551724138
act/31_normed	mean	proj	10	19	False	False	asc	1	0.10344827586206896	0.41379310344827586	0.10344827586206896	0.6206896551724138
act/31_normed	mean	proj	10	12	False	True	asc	1	0.034482758620689655	0.4482758620689655	0.10344827586206896	0.5172413793103449
act/31_normed	mean	proj	9	16	False	True	asc	1	0.10344827586206896	0.3103448275862069	0.10344827586206896	0.5862068965517241
act/31_normed	mean	proj	9	16	False	False	asc	1	0.06896551724137931	0.3103448275862069	0.10344827586206896	0.5862068965517241
act/31_normed	mean	proj	9	17	False	True	asc	1	0.10344827586206896	0.3448275862068966	0.10344827586206896	0.5172413793103449
act/31_normed	mean	proj	8	12	False	False	asc	1	0.06896551724137931	0.20689655172413793	0.10344827586206896	0.4827586206896552
act/15	mean	proj	7	11	True	True	asc	1	0.034482758620689655	0.27586206896551724	0.10344827586206896	0.4827586206896552
act/15	mean	proj	7	11	True	False	asc	1	0.034482758620689655	0.27586206896551724	0.10344827586206896	0.4827586206896552
act/23	mean	proj	1	6	True	False	asc	1	0.1724137931034483	0.4827586206896552	0.10344827586206896	0.5862068965517241
act/23	mean	proj	1	7	True	True	asc	1	0.13793103448275862	0.4827586206896552	0.10344827586206896	0.5862068965517241
act/23	mean	proj	1	7	True	False	asc	1	0.1724137931034483	0.5172413793103449	0.10344827586206896	0.6206896551724138
act/3	mean	proj	8	9	True	True	asc	1	0.06896551724137931	0.41379310344827586	0.10344827586206896	0.4827586206896552
act/31_normed	mean	proj	10	14	False	False	asc	1	0.034482758620689655	0.3793103448275862	0.10344827586206896	0.5517241379310345
act/31_normed	mean	proj	10	15	False	True	asc	1	0.06896551724137931	0.3103448275862069	0.10344827586206896	0.6896551724137931
act/31_normed	mean	proj	10	15	False	False	asc	1	0.06896551724137931	0.3448275862068966	0.10344827586206896	0.6551724137931034
act/31_normed	mean	proj	10	17	False	True	asc	1	0.10344827586206896	0.3448275862068966	0.10344827586206896	0.6896551724137931
act/23	mean	proj	1	10	True	False	asc	1	0.1724137931034483	0.4827586206896552	0.10344827586206896	0.5862068965517241
act/23	mean	proj	1	11	True	True	asc	1	0.13793103448275862	0.4482758620689655	0.10344827586206896	0.5862068965517241
act/23	mean	proj	1	11	True	False	asc	1	0.13793103448275862	0.4827586206896552	0.10344827586206896	0.5862068965517241
act/23	mean	proj	1	12	True	False	asc	1	0.1724137931034483	0.4827586206896552	0.10344827586206896	0.5862068965517241
act/23	mean	proj	1	13	True	True	asc	1	0.13793103448275862	0.4482758620689655	0.10344827586206896	0.5862068965517241
act/23	mean	proj	1	13	True	False	asc	1	0.1724137931034483	0.4827586206896552	0.10344827586206896	0.5862068965517241
act/23	mean	proj	1	5	True	False	asc	1	0.10344827586206896	0.4827586206896552	0.10344827586206896	0.5862068965517241
act/23	mean	proj	1	6	True	True	asc	1	0.13793103448275862	0.4827586206896552	0.10344827586206896	0.5862068965517241
act/15	mean	proj	4	7	True	False	asc	1	0.10344827586206896	0.3793103448275862	0.10344827586206896	0.6551724137931034
act/15	mean	proj	4	8	True	True	asc	1	0.13793103448275862	0.41379310344827586	0.10344827586206896	0.5862068965517241
act/15	mean	proj	4	8	True	False	asc	1	0.13793103448275862	0.4482758620689655	0.10344827586206896	0.5862068965517241
act/15	mean	proj	0	1	False	True	asc	1	0.10344827586206896	0.3793103448275862	0.10344827586206896	0.3448275862068966
act/3	mean	proj	13	16	True	False	asc	1	0.13793103448275862	0.5517241379310345	0.10344827586206896	0.5172413793103449
act/31_normed	mean	proj	10	19	True	True	asc	1	0.13793103448275862	0.4827586206896552	0.10344827586206896	0.5517241379310345
act/31_normed	mean	proj	10	19	True	False	asc	1	0.13793103448275862	0.4827586206896552	0.10344827586206896	0.5172413793103449
act/15	mean	proj	18	20	True	True	asc	1	0.06896551724137931	0.3793103448275862	0.10344827586206896	0.4482758620689655
act/15	mean	proj	0	4	False	True	asc	1	0.10344827586206896	0.3793103448275862	0.10344827586206896	0.3448275862068966
act/15	mean	proj	0	5	False	True	asc	1	0.10344827586206896	0.3793103448275862	0.10344827586206896	0.3448275862068966
act/15	mean	proj	0	6	False	True	asc	1	0.10344827586206896	0.3793103448275862	0.10344827586206896	0.3448275862068966
act/15	mean	proj	0	6	False	False	asc	1	0.10344827586206896	0.3793103448275862	0.10344827586206896	0.3448275862068966
act/15	mean	proj	0	7	False	True	asc	1	0.10344827586206896	0.3793103448275862	0.10344827586206896	0.3448275862068966
act/15	mean	proj	0	8	False	True	asc	1	0.10344827586206896	0.3793103448275862	0.10344827586206896	0.3448275862068966
act/31_normed	mean	proj	11	17	False	False	asc	1	0.10344827586206896	0.3793103448275862	0.10344827586206896	0.5172413793103449
act/31_normed	mean	proj	10	12	False	False	asc	1	0.034482758620689655	0.4482758620689655	0.10344827586206896	0.5172413793103449
act/15	mean	proj	0	20	False	True	asc	1	0.10344827586206896	0.3793103448275862	0.10344827586206896	0.3448275862068966
act/15	mean	proj	0	13	False	True	asc	1	0.10344827586206896	0.3793103448275862	0.10344827586206896	0.3448275862068966
act/15	mean	proj	0	14	False	True	asc	1	0.10344827586206896	0.3793103448275862	0.10344827586206896	0.3448275862068966
act/15	mean	proj	0	15	False	True	asc	1	0.10344827586206896	0.3793103448275862	0.10344827586206896	0.3448275862068966
act/15	mean	proj	0	17	False	True	asc	1	0.10344827586206896	0.3793103448275862	0.10344827586206896	0.3448275862068966
act/15	mean	proj	0	18	False	True	asc	1	0.10344827586206896	0.3793103448275862	0.10344827586206896	0.3448275862068966
act/3	mean	proj	11	12	True	True	asc	1	0.06896551724137931	0.3448275862068966	0.10344827586206896	0.4482758620689655
act/3	mean	proj	11	12	True	False	asc	1	0.06896551724137931	0.3448275862068966	0.10344827586206896	0.4482758620689655
act/23	mean	proj	1	9	True	True	asc	1	0.13793103448275862	0.4482758620689655	0.10344827586206896	0.5862068965517241
act/31_normed	mean	proj	12	15	True	True	asc	1	0.06896551724137931	0.3448275862068966	0.10344827586206896	0.6551724137931034
act/15	mean	proj	14	18	True	True	asc	1	0.0	0.3793103448275862	0.10344827586206896	0.41379310344827586
act/15	mean	proj	14	18	True	False	asc	1	0.0	0.3793103448275862	0.10344827586206896	0.41379310344827586
act/3	mean	proj	8	9	True	False	asc	1	0.06896551724137931	0.41379310344827586	0.10344827586206896	0.4827586206896552
act/23	mean	proj	1	5	True	True	asc	1	0.13793103448275862	0.4827586206896552	0.10344827586206896	0.5517241379310345
act/19	mean	proj	17	18	False	True	asc	1	0.10344827586206896	0.5517241379310345	0.10344827586206896	0.4827586206896552
act/19	mean	proj	17	18	False	False	asc	1	0.10344827586206896	0.5517241379310345	0.10344827586206896	0.4827586206896552
act/31_normed	mean	proj	11	16	False	True	asc	1	0.034482758620689655	0.3448275862068966	0.10344827586206896	0.5517241379310345
act/31_normed	mean	proj	11	16	False	False	asc	1	0.034482758620689655	0.3448275862068966	0.10344827586206896	0.5517241379310345
act/31_normed	mean	proj	11	17	False	True	asc	1	0.10344827586206896	0.3793103448275862	0.10344827586206896	0.5172413793103449
act/15	mean	proj	2	3	True	True	asc	1	0.10344827586206896	0.5517241379310345	0.10344827586206896	0.5172413793103449
act/15	mean	proj	2	4	True	False	asc	1	0.13793103448275862	0.5172413793103449	0.10344827586206896	0.4482758620689655
act/31_normed	mean	proj	15	19	False	True	asc	1	0.06896551724137931	0.41379310344827586	0.10344827586206896	0.5862068965517241
act/15	mean	proj	0	19	False	True	asc	1	0.10344827586206896	0.3793103448275862	0.10344827586206896	0.3448275862068966
act/31_normed	mean	proj	10	13	True	True	asc	1	0.06896551724137931	0.41379310344827586	0.10344827586206896	0.7586206896551724
act/15	mean	proj	2	3	True	False	asc	1	0.10344827586206896	0.5517241379310345	0.10344827586206896	0.5172413793103449
act/15	mean	proj	2	4	True	True	asc	1	0.13793103448275862	0.5172413793103449	0.10344827586206896	0.41379310344827586
act/31_normed	mean	proj	12	19	False	True	asc	1	0.06896551724137931	0.41379310344827586	0.10344827586206896	0.5517241379310345
act/31_normed	mean	proj	12	19	False	False	asc	1	0.06896551724137931	0.4482758620689655	0.10344827586206896	0.5517241379310345
act/31_normed	mean	proj	10	13	False	True	asc	1	0.10344827586206896	0.4827586206896552	0.10344827586206896	0.5517241379310345
act/31_normed	mean	proj	10	13	False	False	asc	1	0.10344827586206896	0.4827586206896552	0.10344827586206896	0.5517241379310345
act/31_normed	mean	proj	10	14	False	True	asc	1	0.034482758620689655	0.3793103448275862	0.10344827586206896	0.5517241379310345
act/15	mean	proj	4	7	True	True	asc	1	0.10344827586206896	0.3793103448275862	0.10344827586206896	0.6206896551724138
act/31_normed	mean	proj	10	16	True	True	asc	1	0.10344827586206896	0.3448275862068966	0.10344827586206896	0.5172413793103449
act/31_normed	mean	proj	10	16	True	False	asc	1	0.10344827586206896	0.3448275862068966	0.10344827586206896	0.5172413793103449
act/19	mean	proj	13	15	False	False	asc	1	0.034482758620689655	0.3793103448275862	0.10344827586206896	0.5862068965517241
act/15	mean	proj	3	8	True	True	asc	1	0.10344827586206896	0.41379310344827586	0.10344827586206896	0.5172413793103449
act/15	mean	proj	3	8	True	False	asc	1	0.13793103448275862	0.41379310344827586	0.10344827586206896	0.5172413793103449
act/31_normed	mean	proj	15	19	False	False	asc	1	0.06896551724137931	0.41379310344827586	0.10344827586206896	0.5862068965517241
act/31_normed	mean	proj	14	17	False	True	asc	1	0.06896551724137931	0.27586206896551724	0.10344827586206896	0.4482758620689655
act/31_normed	mean	proj	14	17	False	False	asc	1	0.06896551724137931	0.27586206896551724	0.10344827586206896	0.4482758620689655
act/15	mean	proj	18	20	True	False	asc	1	0.06896551724137931	0.3793103448275862	0.10344827586206896	0.4482758620689655
act/15	mean	proj	0	1	False	False	asc	1	0.10344827586206896	0.3793103448275862	0.10344827586206896	0.3448275862068966
act/15	mean	proj	0	2	False	True	asc	1	0.10344827586206896	0.3793103448275862	0.10344827586206896	0.3448275862068966
act/15	mean	proj	0	2	False	False	asc	1	0.10344827586206896	0.3793103448275862	0.10344827586206896	0.3448275862068966
act/15	mean	proj	0	3	False	True	asc	1	0.10344827586206896	0.3793103448275862	0.10344827586206896	0.3448275862068966
act/19	mean	norm_l1	0	0	True	False	asc	1	0.10344827586206896	0.3793103448275862	0.10344827586206896	0.6206896551724138
act/19	mean	norm_l2	0	0	False	False	asc	1	0.13793103448275862	0.4827586206896552	0.10344827586206896	0.5862068965517241
act/19	mean	proj	13	15	False	True	asc	1	0.034482758620689655	0.3793103448275862	0.10344827586206896	0.5517241379310345
act/7	mean	proj	12	14	True	True	asc	1	0.06896551724137931	0.3793103448275862	0.10344827586206896	0.4482758620689655
act/11	mean	proj	15	17	False	True	asc	1	0.10344827586206896	0.3793103448275862	0.10344827586206896	0.4827586206896552
act/11	mean	proj	15	18	False	True	asc	1	0.06896551724137931	0.3448275862068966	0.10344827586206896	0.4482758620689655
act/11	mean	proj	15	18	False	False	asc	1	0.06896551724137931	0.3448275862068966	0.10344827586206896	0.4482758620689655
act/11	mean	proj	16	17	False	True	asc	1	0.10344827586206896	0.4827586206896552	0.10344827586206896	0.4482758620689655
act/11	mean	proj	16	17	False	False	asc	1	0.10344827586206896	0.4827586206896552	0.10344827586206896	0.4482758620689655
act/11	mean	proj	17	18	False	True	asc	1	0.034482758620689655	0.2413793103448276	0.10344827586206896	0.4827586206896552
act/23	mean	proj	8	9	True	True	asc	1	0.06896551724137931	0.5172413793103449	0.10344827586206896	0.5862068965517241
act/31_normed	mean	proj	17	20	False	False	asc	1	0.0	0.3793103448275862	0.10344827586206896	0.6206896551724138
act/7	mean	proj	7	11	True	True	asc	1	0.10344827586206896	0.41379310344827586	0.10344827586206896	0.3793103448275862
act/7	mean	proj	6	7	True	True	asc	1	0.034482758620689655	0.3448275862068966	0.10344827586206896	0.4827586206896552
act/7	mean	proj	6	7	True	False	asc	1	0.034482758620689655	0.3448275862068966	0.10344827586206896	0.4827586206896552
act/15	mean	proj	3	7	True	True	asc	1	0.06896551724137931	0.3793103448275862	0.10344827586206896	0.5517241379310345
act/15	mean	proj	3	7	True	False	asc	1	0.06896551724137931	0.3793103448275862	0.10344827586206896	0.5517241379310345
act/31_normed	mean	norm_l1	0	0	True	False	asc	1	0.10344827586206896	0.41379310344827586	0.10344827586206896	0.5862068965517241
act/7	mean	proj	12	13	True	False	asc	1	0.06896551724137931	0.41379310344827586	0.10344827586206896	0.5517241379310345
act/31_normed	mean	proj	9	13	True	False	asc	1	0.034482758620689655	0.3793103448275862	0.10344827586206896	0.7241379310344828
act/7	mean	proj	10	11	True	False	asc	1	0.034482758620689655	0.4827586206896552	0.10344827586206896	0.4482758620689655
act/7	mean	proj	11	14	True	True	asc	1	0.06896551724137931	0.41379310344827586	0.10344827586206896	0.3448275862068966
act/23	mean	proj	10	15	True	True	asc	1	0.10344827586206896	0.3103448275862069	0.10344827586206896	0.6206896551724138
act/23	mean	proj	10	15	True	False	asc	1	0.10344827586206896	0.3103448275862069	0.10344827586206896	0.5862068965517241
act/23	mean	proj	10	17	True	True	asc	1	0.10344827586206896	0.4482758620689655	0.10344827586206896	0.5517241379310345
act/23	mean	proj	10	17	True	False	asc	1	0.10344827586206896	0.4827586206896552	0.10344827586206896	0.5517241379310345
act/31_normed	mean	proj	17	20	False	True	asc	1	0.0	0.3793103448275862	0.10344827586206896	0.6206896551724138
act/31_normed	mean	proj	10	13	True	False	asc	1	0.06896551724137931	0.41379310344827586	0.10344827586206896	0.7586206896551724
act/15	mean	proj	0	16	False	True	asc	1	0.10344827586206896	0.3793103448275862	0.10344827586206896	0.3448275862068966
act/3	mean	proj	19	20	True	True	asc	1	0.034482758620689655	0.4482758620689655	0.10344827586206896	0.5172413793103449
act/3	mean	proj	19	20	True	False	asc	1	0.034482758620689655	0.4482758620689655	0.10344827586206896	0.5172413793103449
act/31_normed	mean	proj	9	19	True	True	asc	1	0.06896551724137931	0.3793103448275862	0.10344827586206896	0.6206896551724138
act/31_normed	mean	proj	9	12	True	True	asc	1	0.06896551724137931	0.3793103448275862	0.10344827586206896	0.7241379310344828
act/31_normed	mean	proj	9	12	True	False	asc	1	0.10344827586206896	0.3793103448275862	0.10344827586206896	0.7241379310344828
act/31_normed	mean	proj	9	13	True	True	asc	1	0.034482758620689655	0.3793103448275862	0.10344827586206896	0.7586206896551724
act/7	mean	proj	17	18	True	False	asc	1	0.1724137931034483	0.5517241379310345	0.10344827586206896	0.6206896551724138
act/23	mean	proj	16	18	True	True	asc	1	0.13793103448275862	0.4482758620689655	0.10344827586206896	0.5517241379310345
act/23	mean	proj	16	18	True	False	asc	1	0.13793103448275862	0.4482758620689655	0.10344827586206896	0.5517241379310345
act/23	mean	proj	15	18	True	True	asc	1	0.10344827586206896	0.4827586206896552	0.10344827586206896	0.5862068965517241
act/23	mean	proj	15	18	True	False	asc	1	0.10344827586206896	0.4827586206896552	0.10344827586206896	0.6551724137931034
act/23	mean	proj	0	13	False	False	asc	1	0.13793103448275862	0.5172413793103449	0.10344827586206896	0.5517241379310345
act/23	mean	proj	11	15	True	False	asc	1	0.10344827586206896	0.3793103448275862	0.10344827586206896	0.6206896551724138
act/7	mean	proj	12	18	True	True	asc	1	0.1724137931034483	0.6896551724137931	0.10344827586206896	0.5172413793103449
act/19	mean	proj	10	12	False	False	asc	1	0.034482758620689655	0.41379310344827586	0.10344827586206896	0.5862068965517241
act/19	mean	proj	10	14	False	False	asc	1	0.10344827586206896	0.27586206896551724	0.10344827586206896	0.5517241379310345
act/27	mean	proj	13	19	False	False	asc	1	0.06896551724137931	0.5172413793103449	0.10344827586206896	0.5172413793103449
act/27	mean	proj	13	19	False	True	asc	1	0.06896551724137931	0.5172413793103449	0.10344827586206896	0.5517241379310345
act/23	mean	proj	14	18	True	True	asc	1	0.10344827586206896	0.4482758620689655	0.10344827586206896	0.5862068965517241
act/23	mean	proj	14	18	True	False	asc	1	0.10344827586206896	0.4482758620689655	0.10344827586206896	0.5862068965517241
act/23	mean	proj	13	18	True	True	asc	1	0.13793103448275862	0.4827586206896552	0.10344827586206896	0.5172413793103449
act/11	mean	proj	17	18	False	False	asc	1	0.034482758620689655	0.2413793103448276	0.10344827586206896	0.4827586206896552
act/7	mean	proj	11	18	True	True	asc	1	0.10344827586206896	0.4482758620689655	0.10344827586206896	0.5172413793103449
act/15	mean	proj	0	1	True	True	asc	1	0.06896551724137931	0.3103448275862069	0.10344827586206896	0.4482758620689655
act/15	mean	proj	0	1	True	False	asc	1	0.06896551724137931	0.3103448275862069	0.10344827586206896	0.4482758620689655
act/7	mean	proj	10	11	True	True	asc	1	0.034482758620689655	0.4827586206896552	0.10344827586206896	0.4482758620689655
act/31_normed	mean	proj	9	16	True	True	asc	1	0.13793103448275862	0.3793103448275862	0.10344827586206896	0.6206896551724138
act/31_normed	mean	proj	9	16	True	False	asc	1	0.13793103448275862	0.3793103448275862	0.10344827586206896	0.5862068965517241
act/31_normed	mean	proj	9	18	True	False	asc	1	0.13793103448275862	0.4482758620689655	0.10344827586206896	0.5517241379310345
act/19	mean	proj	10	12	False	True	asc	1	0.034482758620689655	0.41379310344827586	0.10344827586206896	0.5862068965517241
act/23	mean	proj	8	9	True	False	asc	1	0.06896551724137931	0.5172413793103449	0.10344827586206896	0.5862068965517241
act/23	mean	proj	10	14	True	True	asc	1	0.10344827586206896	0.3448275862068966	0.10344827586206896	0.7241379310344828
act/23	mean	proj	10	14	True	False	asc	1	0.10344827586206896	0.3448275862068966	0.10344827586206896	0.7241379310344828
act/7	mean	proj	11	14	True	False	asc	1	0.06896551724137931	0.41379310344827586	0.10344827586206896	0.3793103448275862
act/7	mean	proj	11	16	True	True	asc	1	0.06896551724137931	0.5172413793103449	0.10344827586206896	0.4827586206896552
act/7	mean	proj	11	16	True	False	asc	1	0.06896551724137931	0.5172413793103449	0.10344827586206896	0.4827586206896552
act/7	mean	proj	11	17	True	True	asc	1	0.06896551724137931	0.5172413793103449	0.10344827586206896	0.4482758620689655
act/7	mean	proj	11	17	True	False	asc	1	0.06896551724137931	0.4827586206896552	0.10344827586206896	0.4482758620689655
act/15	mean	proj	5	8	False	False	asc	1	0.10344827586206896	0.3448275862068966	0.10344827586206896	0.6551724137931034
act/15	mean	proj	5	9	False	True	asc	1	0.13793103448275862	0.41379310344827586	0.10344827586206896	0.6551724137931034
act/15	mean	proj	5	9	False	False	asc	1	0.13793103448275862	0.3793103448275862	0.10344827586206896	0.6551724137931034
act/31	mean	proj	15	18	False	False	asc	1	0.10344827586206896	0.4482758620689655	0.10344827586206896	0.5517241379310345
act/31	mean	proj	14	17	False	True	asc	1	0.06896551724137931	0.27586206896551724	0.10344827586206896	0.4827586206896552
act/31	mean	proj	14	17	False	False	asc	1	0.06896551724137931	0.27586206896551724	0.10344827586206896	0.4827586206896552
act/31	mean	proj	16	17	False	True	asc	1	0.1724137931034483	0.5862068965517241	0.10344827586206896	0.4827586206896552
act/15	mean	proj	4	7	False	False	asc	1	0.034482758620689655	0.41379310344827586	0.10344827586206896	0.41379310344827586
act/19	mean	proj	8	11	False	False	asc	1	0.10344827586206896	0.3103448275862069	0.10344827586206896	0.4482758620689655
act/19	mean	proj	10	14	False	True	asc	1	0.10344827586206896	0.27586206896551724	0.10344827586206896	0.5517241379310345
act/31_normed	mean	proj	1	3	True	True	asc	1	0.1724137931034483	0.5862068965517241	0.10344827586206896	0.5517241379310345
act/31_normed	mean	proj	1	4	True	True	asc	1	0.13793103448275862	0.5172413793103449	0.10344827586206896	0.4827586206896552
act/31_normed	mean	proj	1	5	True	True	asc	1	0.10344827586206896	0.4482758620689655	0.10344827586206896	0.41379310344827586
act/31_normed	mean	proj	1	5	True	False	asc	1	0.06896551724137931	0.4482758620689655	0.10344827586206896	0.4827586206896552
act/31_normed	mean	proj	1	6	True	True	asc	1	0.06896551724137931	0.4827586206896552	0.10344827586206896	0.4482758620689655
act/31_normed	mean	proj	1	6	True	False	asc	1	0.034482758620689655	0.4827586206896552	0.10344827586206896	0.5172413793103449
act/27	mean	proj	17	19	False	False	asc	1	0.20689655172413793	0.4482758620689655	0.10344827586206896	0.5172413793103449
act/3	mean	proj	5	9	False	True	asc	1	0.0	0.2413793103448276	0.10344827586206896	0.3448275862068966
act/3	mean	proj	5	9	False	False	asc	1	0.0	0.2413793103448276	0.10344827586206896	0.3448275862068966
act/31_normed	mean	proj	5	6	True	True	asc	1	0.10344827586206896	0.3793103448275862	0.10344827586206896	0.5517241379310345
act/31_normed	mean	proj	5	6	True	False	asc	1	0.10344827586206896	0.3793103448275862	0.10344827586206896	0.5517241379310345
act/19	mean	proj	12	19	False	True	asc	1	0.20689655172413793	0.41379310344827586	0.10344827586206896	0.5517241379310345
act/19	mean	proj	9	11	False	False	asc	1	0.06896551724137931	0.3103448275862069	0.10344827586206896	0.4482758620689655
act/19	mean	proj	8	11	False	True	asc	1	0.10344827586206896	0.3103448275862069	0.10344827586206896	0.4482758620689655
act/7	mean	proj	12	18	True	False	asc	1	0.1724137931034483	0.6896551724137931	0.10344827586206896	0.5172413793103449
act/7	mean	proj	12	13	True	True	asc	1	0.06896551724137931	0.41379310344827586	0.10344827586206896	0.5517241379310345
act/23	mean	proj	10	19	True	True	asc	1	0.10344827586206896	0.41379310344827586	0.10344827586206896	0.5517241379310345
act/23	mean	proj	10	20	True	True	asc	1	0.10344827586206896	0.3793103448275862	0.10344827586206896	0.5862068965517241
act/23	mean	proj	11	12	True	True	asc	1	0.06896551724137931	0.3103448275862069	0.10344827586206896	0.5517241379310345
act/23	mean	proj	11	12	True	False	asc	1	0.06896551724137931	0.3103448275862069	0.10344827586206896	0.5517241379310345
act/23	mean	proj	11	15	True	True	asc	1	0.10344827586206896	0.3793103448275862	0.10344827586206896	0.6206896551724138
act/27	mean	proj	17	19	False	True	asc	1	0.20689655172413793	0.4482758620689655	0.10344827586206896	0.5172413793103449
act/11	mean	proj	8	11	False	False	asc	1	0.06896551724137931	0.41379310344827586	0.10344827586206896	0.4482758620689655
act/7	mean	proj	13	17	False	False	asc	1	0.13793103448275862	0.6551724137931034	0.10344827586206896	0.5862068965517241
act/7	mean	proj	12	17	False	True	asc	1	0.06896551724137931	0.4482758620689655	0.10344827586206896	0.5172413793103449
act/7	mean	proj	12	17	False	False	asc	1	0.06896551724137931	0.4827586206896552	0.10344827586206896	0.4827586206896552
act/7	mean	proj	12	18	False	True	asc	1	0.06896551724137931	0.4482758620689655	0.10344827586206896	0.4827586206896552
act/7	mean	proj	9	12	False	True	asc	1	0.034482758620689655	0.3103448275862069	0.10344827586206896	0.4827586206896552
act/7	mean	proj	9	12	False	False	asc	1	0.034482758620689655	0.3103448275862069	0.10344827586206896	0.4827586206896552
act/7	mean	proj	18	20	True	False	asc	1	0.13793103448275862	0.3103448275862069	0.10344827586206896	0.5517241379310345
act/27	mean	proj	12	19	False	False	asc	1	0.06896551724137931	0.4827586206896552	0.10344827586206896	0.5862068965517241
act/27	mean	proj	12	14	False	True	asc	1	0.06896551724137931	0.4482758620689655	0.10344827586206896	0.5862068965517241
act/27	mean	proj	12	14	False	False	asc	1	0.06896551724137931	0.41379310344827586	0.10344827586206896	0.5862068965517241
act/27	mean	proj	11	17	False	True	asc	1	0.034482758620689655	0.41379310344827586	0.10344827586206896	0.7241379310344828
act/27	mean	proj	11	17	False	False	asc	1	0.06896551724137931	0.41379310344827586	0.10344827586206896	0.7241379310344828
act/27	mean	proj	11	18	False	True	asc	1	0.034482758620689655	0.4482758620689655	0.10344827586206896	0.6896551724137931
act/11	mean	proj	18	19	False	True	asc	1	0.13793103448275862	0.3793103448275862	0.10344827586206896	0.5172413793103449
act/23	mean	proj	17	19	True	True	asc	1	0.13793103448275862	0.5862068965517241	0.10344827586206896	0.5517241379310345
act/31	mean	proj	17	18	False	True	asc	1	0.06896551724137931	0.3103448275862069	0.10344827586206896	0.5862068965517241
act/31	mean	proj	17	18	False	False	asc	1	0.06896551724137931	0.3103448275862069	0.10344827586206896	0.5862068965517241
act/11	mean	proj	18	19	False	False	asc	1	0.13793103448275862	0.3793103448275862	0.10344827586206896	0.5172413793103449
act/11	mean	proj	14	15	False	True	asc	1	0.06896551724137931	0.27586206896551724	0.10344827586206896	0.5517241379310345
act/11	mean	proj	14	15	False	False	asc	1	0.06896551724137931	0.27586206896551724	0.10344827586206896	0.5517241379310345
act/11	mean	proj	13	15	False	True	asc	1	0.06896551724137931	0.3103448275862069	0.10344827586206896	0.5517241379310345
act/11	mean	proj	13	15	False	False	asc	1	0.06896551724137931	0.3103448275862069	0.10344827586206896	0.5517241379310345
act/27	mean	proj	12	19	False	True	asc	1	0.06896551724137931	0.4827586206896552	0.10344827586206896	0.5862068965517241
act/15	mean	proj	4	8	False	True	asc	1	0.06896551724137931	0.27586206896551724	0.10344827586206896	0.5517241379310345
act/15	mean	proj	4	8	False	False	asc	1	0.06896551724137931	0.3103448275862069	0.10344827586206896	0.5862068965517241
act/15	mean	proj	4	9	False	True	asc	1	0.06896551724137931	0.27586206896551724	0.10344827586206896	0.5862068965517241
act/15	mean	proj	4	9	False	False	asc	1	0.06896551724137931	0.27586206896551724	0.10344827586206896	0.5862068965517241
act/15	mean	proj	4	7	False	True	asc	1	0.034482758620689655	0.41379310344827586	0.10344827586206896	0.41379310344827586
act/15	mean	proj	5	8	False	True	asc	1	0.10344827586206896	0.3448275862068966	0.10344827586206896	0.6551724137931034
act/31	mean	proj	15	16	False	False	asc	1	0.034482758620689655	0.3103448275862069	0.10344827586206896	0.5172413793103449
act/31	mean	proj	15	18	False	True	asc	1	0.10344827586206896	0.4482758620689655	0.10344827586206896	0.5517241379310345
act/7	mean	proj	13	14	False	True	asc	1	0.10344827586206896	0.41379310344827586	0.10344827586206896	0.4482758620689655
act/7	mean	proj	13	14	False	False	asc	1	0.10344827586206896	0.41379310344827586	0.10344827586206896	0.4482758620689655
act/7	mean	proj	13	17	False	True	asc	1	0.13793103448275862	0.6206896551724138	0.10344827586206896	0.5862068965517241
act/19	mean	proj	7	18	False	False	asc	1	0.06896551724137931	0.4482758620689655	0.10344827586206896	0.5517241379310345
act/19	mean	proj	7	13	False	False	asc	1	0.06896551724137931	0.27586206896551724	0.10344827586206896	0.5862068965517241
act/19	mean	proj	7	14	False	True	asc	1	0.034482758620689655	0.27586206896551724	0.10344827586206896	0.5862068965517241
act/19	mean	proj	7	14	False	False	asc	1	0.034482758620689655	0.27586206896551724	0.10344827586206896	0.6206896551724138
act/31	mean	proj	13	17	False	True	asc	1	0.06896551724137931	0.27586206896551724	0.10344827586206896	0.4827586206896552
act/19	mean	proj	8	9	False	False	asc	1	0.13793103448275862	0.6206896551724138	0.10344827586206896	0.5862068965517241
act/19	mean	proj	7	16	False	True	asc	1	0.034482758620689655	0.3793103448275862	0.10344827586206896	0.6206896551724138
act/19	mean	proj	7	17	False	True	asc	1	0.034482758620689655	0.4482758620689655	0.10344827586206896	0.6206896551724138
act/3	mean	proj	6	9	False	True	asc	1	0.034482758620689655	0.20689655172413793	0.10344827586206896	0.3793103448275862
act/3	mean	proj	6	9	False	False	asc	1	0.034482758620689655	0.20689655172413793	0.10344827586206896	0.3793103448275862
act/19	mean	proj	7	18	False	True	asc	1	0.06896551724137931	0.4482758620689655	0.10344827586206896	0.5862068965517241
act/23	mean	proj	0	12	False	False	asc	1	0.13793103448275862	0.5172413793103449	0.10344827586206896	0.5517241379310345
act/11	mean	proj	9	11	False	True	asc	1	0.06896551724137931	0.3793103448275862	0.10344827586206896	0.3793103448275862
act/31	mean	proj	15	19	False	True	asc	1	0.06896551724137931	0.3793103448275862	0.10344827586206896	0.5172413793103449
act/31	mean	proj	15	19	False	False	asc	1	0.06896551724137931	0.3793103448275862	0.10344827586206896	0.5172413793103449
act/19	mean	proj	9	11	False	True	asc	1	0.06896551724137931	0.3103448275862069	0.10344827586206896	0.4482758620689655
act/31	mean	proj	16	17	False	False	asc	1	0.1724137931034483	0.5862068965517241	0.10344827586206896	0.4827586206896552
act/31	mean	proj	15	16	False	True	asc	1	0.034482758620689655	0.3103448275862069	0.10344827586206896	0.5172413793103449
act/19	mean	proj	7	20	False	True	asc	1	0.06896551724137931	0.3793103448275862	0.10344827586206896	0.5862068965517241
act/19	mean	proj	8	9	False	True	asc	1	0.13793103448275862	0.6206896551724138	0.10344827586206896	0.5862068965517241
act/19	mean	proj	7	13	False	True	asc	1	0.06896551724137931	0.27586206896551724	0.10344827586206896	0.5517241379310345
act/7	mean	proj	17	18	True	True	asc	1	0.1724137931034483	0.5517241379310345	0.10344827586206896	0.6206896551724138
act/7	mean	proj	8	10	False	True	asc	1	0.034482758620689655	0.3448275862068966	0.10344827586206896	0.4827586206896552
act/7	mean	proj	8	10	False	False	asc	1	0.034482758620689655	0.3448275862068966	0.10344827586206896	0.4827586206896552
act/7	mean	proj	7	12	False	True	asc	1	0.06896551724137931	0.3793103448275862	0.10344827586206896	0.3793103448275862
act/7	mean	proj	11	12	False	False	asc	1	0.06896551724137931	0.41379310344827586	0.10344827586206896	0.4827586206896552
act/7	mean	proj	6	10	False	True	asc	1	0.0	0.2413793103448276	0.10344827586206896	0.41379310344827586
act/7	mean	proj	6	10	False	False	asc	1	0.0	0.27586206896551724	0.10344827586206896	0.41379310344827586
act/7	mean	proj	7	12	False	False	asc	1	0.06896551724137931	0.3448275862068966	0.10344827586206896	0.3448275862068966
act/11	mean	proj	9	11	False	False	asc	1	0.06896551724137931	0.3793103448275862	0.10344827586206896	0.41379310344827586
act/11	mean	proj	8	11	False	True	asc	1	0.06896551724137931	0.41379310344827586	0.10344827586206896	0.41379310344827586
act/7	mean	proj	14	19	False	True	asc	1	0.13793103448275862	0.6206896551724138	0.10344827586206896	0.41379310344827586
act/11	mean	proj	7	13	False	True	asc	1	0.034482758620689655	0.3103448275862069	0.10344827586206896	0.5172413793103449
act/11	mean	proj	7	13	False	False	asc	1	0.034482758620689655	0.3103448275862069	0.10344827586206896	0.3793103448275862
act/11	mean	proj	7	9	False	True	asc	1	0.06896551724137931	0.5172413793103449	0.10344827586206896	0.6551724137931034
act/11	mean	proj	7	9	False	False	asc	1	0.06896551724137931	0.5172413793103449	0.10344827586206896	0.6206896551724138
act/7	mean	proj	14	19	False	False	asc	1	0.13793103448275862	0.6206896551724138	0.10344827586206896	0.41379310344827586
act/7	mean	proj	16	18	False	True	asc	1	0.10344827586206896	0.3103448275862069	0.10344827586206896	0.4827586206896552
act/7	mean	proj	16	18	False	False	asc	1	0.10344827586206896	0.3103448275862069	0.10344827586206896	0.4827586206896552
act/7	mean	proj	18	19	False	True	asc	1	0.06896551724137931	0.4482758620689655	0.10344827586206896	0.4482758620689655
act/7	mean	proj	18	19	False	False	asc	1	0.06896551724137931	0.4482758620689655	0.10344827586206896	0.4482758620689655
act/7	mean	proj	16	19	False	True	asc	1	0.06896551724137931	0.3103448275862069	0.10344827586206896	0.5172413793103449
act/7	mean	proj	16	19	False	False	asc	1	0.06896551724137931	0.3103448275862069	0.10344827586206896	0.5517241379310345
act/7	mean	proj	15	18	False	False	asc	1	0.20689655172413793	0.5862068965517241	0.10344827586206896	0.5172413793103449
act/7	mean	proj	11	12	False	True	asc	1	0.06896551724137931	0.41379310344827586	0.10344827586206896	0.4827586206896552
act/31	mean	proj	13	14	False	True	asc	1	0.13793103448275862	0.3793103448275862	0.10344827586206896	0.5517241379310345
act/31	mean	proj	13	14	False	False	asc	1	0.13793103448275862	0.3793103448275862	0.10344827586206896	0.5517241379310345
act/19	mean	proj	6	13	False	True	asc	1	0.10344827586206896	0.3103448275862069	0.10344827586206896	0.6206896551724138
act/19	mean	proj	6	14	False	True	asc	1	0.06896551724137931	0.3448275862068966	0.10344827586206896	0.6551724137931034
act/19	mean	proj	6	14	False	False	asc	1	0.034482758620689655	0.3103448275862069	0.10344827586206896	0.6551724137931034
act/19	mean	proj	6	15	False	True	asc	1	0.10344827586206896	0.3448275862068966	0.10344827586206896	0.6551724137931034
act/7	mean	proj	15	19	False	True	asc	1	0.13793103448275862	0.4482758620689655	0.10344827586206896	0.41379310344827586
act/7	mean	proj	15	19	False	False	asc	1	0.13793103448275862	0.4482758620689655	0.10344827586206896	0.41379310344827586
act/31	mean	proj	10	14	False	True	asc	1	0.10344827586206896	0.41379310344827586	0.10344827586206896	0.5517241379310345
act/31	mean	proj	10	14	False	False	asc	1	0.10344827586206896	0.41379310344827586	0.10344827586206896	0.5517241379310345
act/31	mean	proj	10	15	False	True	asc	1	0.06896551724137931	0.3103448275862069	0.10344827586206896	0.6206896551724138
act/31	mean	proj	10	15	False	False	asc	1	0.06896551724137931	0.3448275862068966	0.10344827586206896	0.6206896551724138
act/31	mean	proj	10	17	False	True	asc	1	0.13793103448275862	0.3448275862068966	0.10344827586206896	0.6206896551724138
act/31	mean	proj	12	18	False	False	asc	1	0.06896551724137931	0.3793103448275862	0.10344827586206896	0.4827586206896552
act/31	mean	proj	12	19	False	True	asc	1	0.06896551724137931	0.3793103448275862	0.10344827586206896	0.5172413793103449
act/31	mean	proj	12	19	False	False	asc	1	0.06896551724137931	0.41379310344827586	0.10344827586206896	0.5172413793103449
act/11	mean	proj	6	7	False	False	asc	1	0.034482758620689655	0.3793103448275862	0.10344827586206896	0.3448275862068966
act/11	mean	proj	6	13	False	True	asc	1	0.034482758620689655	0.3103448275862069	0.10344827586206896	0.5172413793103449
act/3	mean	proj	8	9	False	False	asc	1	0.034482758620689655	0.5517241379310345	0.10344827586206896	0.3793103448275862
act/31	mean	proj	10	17	False	False	asc	1	0.13793103448275862	0.3448275862068966	0.10344827586206896	0.6551724137931034
act/31	mean	proj	10	18	False	False	asc	1	0.10344827586206896	0.3448275862068966	0.10344827586206896	0.6206896551724138
act/31	mean	proj	10	19	False	True	asc	1	0.10344827586206896	0.3793103448275862	0.10344827586206896	0.6896551724137931
act/31	mean	proj	10	19	False	False	asc	1	0.10344827586206896	0.3793103448275862	0.10344827586206896	0.6551724137931034
act/31	mean	proj	11	17	False	True	asc	1	0.13793103448275862	0.41379310344827586	0.10344827586206896	0.5172413793103449
act/27	mean	proj	9	14	False	True	asc	1	0.06896551724137931	0.4482758620689655	0.10344827586206896	0.6206896551724138
act/27	mean	proj	9	14	False	False	asc	1	0.06896551724137931	0.4482758620689655	0.10344827586206896	0.6206896551724138
act/27	mean	proj	11	16	False	True	asc	1	0.034482758620689655	0.3793103448275862	0.10344827586206896	0.6896551724137931
act/27	mean	proj	10	14	False	True	asc	1	0.034482758620689655	0.4482758620689655	0.10344827586206896	0.6206896551724138
act/27	mean	proj	10	14	False	False	asc	1	0.034482758620689655	0.4482758620689655	0.10344827586206896	0.6206896551724138
act/27	mean	proj	10	15	False	True	asc	1	0.034482758620689655	0.4827586206896552	0.10344827586206896	0.6551724137931034
act/27	mean	proj	10	15	False	False	asc	1	0.034482758620689655	0.4827586206896552	0.10344827586206896	0.6551724137931034
act/11	mean	proj	6	7	False	True	asc	1	0.034482758620689655	0.3793103448275862	0.10344827586206896	0.3448275862068966
act/3	mean	proj	13	17	False	False	asc	1	0.13793103448275862	0.5862068965517241	0.10344827586206896	0.5517241379310345
act/3	mean	proj	8	9	False	True	asc	1	0.034482758620689655	0.5517241379310345	0.10344827586206896	0.3793103448275862
act/3	mean	proj	13	18	False	False	asc	1	0.10344827586206896	0.5517241379310345	0.10344827586206896	0.6206896551724138
act/31	mean	proj	11	19	False	True	asc	1	0.10344827586206896	0.3448275862068966	0.10344827586206896	0.5862068965517241
act/31	mean	proj	11	19	False	False	asc	1	0.10344827586206896	0.3793103448275862	0.10344827586206896	0.5862068965517241
act/15	mean	proj	8	11	False	True	asc	1	0.034482758620689655	0.27586206896551724	0.10344827586206896	0.41379310344827586
act/15	mean	proj	8	11	False	False	asc	1	0.034482758620689655	0.27586206896551724	0.10344827586206896	0.41379310344827586
act/27	mean	proj	9	18	False	False	asc	1	0.10344827586206896	0.41379310344827586	0.10344827586206896	0.6206896551724138
act/7	mean	proj	13	19	False	True	asc	1	0.1724137931034483	0.6896551724137931	0.10344827586206896	0.5172413793103449
act/7	mean	proj	13	19	False	False	asc	1	0.1724137931034483	0.6551724137931034	0.10344827586206896	0.4827586206896552
act/19	mean	proj	6	15	False	False	asc	1	0.06896551724137931	0.3448275862068966	0.10344827586206896	0.6551724137931034
act/3	mean	proj	12	13	False	True	asc	1	0.034482758620689655	0.3448275862068966	0.10344827586206896	0.5172413793103449
act/3	mean	proj	12	13	False	False	asc	1	0.034482758620689655	0.3448275862068966	0.10344827586206896	0.5172413793103449
act/3	mean	proj	14	17	False	True	asc	1	0.10344827586206896	0.5517241379310345	0.10344827586206896	0.41379310344827586
act/3	mean	proj	14	17	False	False	asc	1	0.10344827586206896	0.5517241379310345	0.10344827586206896	0.41379310344827586
act/3	mean	proj	13	17	False	True	asc	1	0.13793103448275862	0.5862068965517241	0.10344827586206896	0.5172413793103449
act/27	mean	proj	9	13	False	True	asc	1	0.06896551724137931	0.3448275862068966	0.10344827586206896	0.5862068965517241
act/27	mean	proj	9	13	False	False	asc	1	0.06896551724137931	0.3103448275862069	0.10344827586206896	0.5862068965517241
act/27	mean	proj	10	13	False	False	asc	1	0.034482758620689655	0.3448275862068966	0.10344827586206896	0.6206896551724138
act/31	mean	proj	10	11	False	False	asc	1	0.034482758620689655	0.1724137931034483	0.10344827586206896	0.6551724137931034
act/31	mean	proj	9	14	False	False	asc	1	0.06896551724137931	0.3448275862068966	0.10344827586206896	0.6206896551724138
act/31	mean	proj	9	15	False	True	asc	1	0.034482758620689655	0.27586206896551724	0.10344827586206896	0.6551724137931034
act/31	mean	proj	9	15	False	False	asc	1	0.034482758620689655	0.27586206896551724	0.10344827586206896	0.6551724137931034
act/31	mean	proj	9	11	False	True	asc	1	0.034482758620689655	0.1724137931034483	0.10344827586206896	0.5862068965517241
act/11	mean	proj	4	5	False	True	asc	1	0.06896551724137931	0.27586206896551724	0.10344827586206896	0.41379310344827586
act/11	mean	proj	4	5	False	False	asc	1	0.06896551724137931	0.27586206896551724	0.10344827586206896	0.41379310344827586
act/11	mean	proj	4	7	False	False	asc	1	0.034482758620689655	0.2413793103448276	0.10344827586206896	0.5517241379310345
embed	mean	proj	1	12	True	False	asc	1	0.06896551724137931	0.5172413793103449	0.10344827586206896	0.41379310344827586
act/27	mean	proj	10	13	False	True	asc	1	0.034482758620689655	0.3448275862068966	0.10344827586206896	0.6206896551724138
act/27	mean	proj	9	19	False	False	asc	1	0.06896551724137931	0.41379310344827586	0.10344827586206896	0.6551724137931034
act/27	mean	proj	9	12	False	True	asc	1	0.06896551724137931	0.41379310344827586	0.10344827586206896	0.5172413793103449
act/27	mean	proj	9	12	False	False	asc	1	0.06896551724137931	0.41379310344827586	0.10344827586206896	0.5172413793103449
act/31	mean	proj	9	16	False	False	asc	1	0.034482758620689655	0.3448275862068966	0.10344827586206896	0.6551724137931034
act/19	mean	proj	5	6	False	True	asc	1	0.034482758620689655	0.3448275862068966	0.10344827586206896	0.41379310344827586
act/31	mean	proj	9	18	False	False	asc	1	0.06896551724137931	0.3448275862068966	0.10344827586206896	0.6206896551724138
act/31	mean	proj	9	19	False	True	asc	1	0.06896551724137931	0.3103448275862069	0.10344827586206896	0.6206896551724138
act/31	mean	proj	9	19	False	False	asc	1	0.06896551724137931	0.3103448275862069	0.10344827586206896	0.5862068965517241
act/31	mean	proj	10	11	False	True	asc	1	0.034482758620689655	0.1724137931034483	0.10344827586206896	0.6551724137931034
embed	mean	proj	1	9	True	False	asc	1	0.034482758620689655	0.4482758620689655	0.10344827586206896	0.41379310344827586
embed	mean	proj	1	10	True	False	asc	1	0.034482758620689655	0.4482758620689655	0.10344827586206896	0.41379310344827586
act/31	mean	proj	11	17	False	False	asc	1	0.13793103448275862	0.41379310344827586	0.10344827586206896	0.5172413793103449
act/31	mean	proj	11	18	False	True	asc	1	0.10344827586206896	0.3448275862068966	0.10344827586206896	0.5862068965517241
act/31	mean	proj	11	18	False	False	asc	1	0.10344827586206896	0.3448275862068966	0.10344827586206896	0.5862068965517241
act/19	mean	proj	5	6	False	False	asc	1	0.034482758620689655	0.3448275862068966	0.10344827586206896	0.41379310344827586
act/3	mean	proj	19	20	False	True	asc	1	0.1724137931034483	0.5862068965517241	0.10344827586206896	0.6206896551724138
act/3	mean	proj	19	20	False	False	asc	1	0.1724137931034483	0.5862068965517241	0.10344827586206896	0.6206896551724138
act/3	mean	proj	16	17	False	True	asc	1	0.034482758620689655	0.4482758620689655	0.10344827586206896	0.41379310344827586
act/31	mean	proj	9	16	False	True	asc	1	0.034482758620689655	0.3103448275862069	0.10344827586206896	0.6206896551724138
embed	mean	proj	5	6	True	True	asc	1	0.034482758620689655	0.1724137931034483	0.10344827586206896	0.41379310344827586
embed	mean	proj	5	6	True	False	asc	1	0.034482758620689655	0.1724137931034483	0.10344827586206896	0.41379310344827586
act/27	mean	proj	5	6	False	True	asc	1	0.10344827586206896	0.27586206896551724	0.10344827586206896	0.4482758620689655
act/27	mean	proj	5	6	False	False	asc	1	0.10344827586206896	0.27586206896551724	0.10344827586206896	0.4482758620689655
act/27	mean	proj	6	13	False	True	asc	1	0.034482758620689655	0.20689655172413793	0.10344827586206896	0.6551724137931034
embed	mean	proj	0	6	True	False	asc	1	0.034482758620689655	0.5172413793103449	0.10344827586206896	0.5517241379310345
act/11	mean	proj	5	8	False	False	asc	1	0.06896551724137931	0.3448275862068966	0.10344827586206896	0.5517241379310345
embed	mean	proj	0	13	True	False	asc	1	0.034482758620689655	0.4827586206896552	0.10344827586206896	0.5172413793103449
act/15	mean	proj	10	13	False	True	asc	1	0.034482758620689655	0.3103448275862069	0.10344827586206896	0.4827586206896552
act/15	mean	proj	10	13	False	False	asc	1	0.034482758620689655	0.3103448275862069	0.10344827586206896	0.4827586206896552
act/31	mean	proj	8	13	False	False	asc	1	0.13793103448275862	0.27586206896551724	0.10344827586206896	0.5862068965517241
act/31	mean	proj	8	14	False	True	asc	1	0.06896551724137931	0.27586206896551724	0.10344827586206896	0.5862068965517241
act/31	mean	proj	8	14	False	False	asc	1	0.10344827586206896	0.27586206896551724	0.10344827586206896	0.5517241379310345
act/31	mean	proj	8	15	False	True	asc	1	0.10344827586206896	0.27586206896551724	0.10344827586206896	0.5517241379310345
act/27	mean	proj	6	16	False	False	asc	1	0.06896551724137931	0.3103448275862069	0.10344827586206896	0.5862068965517241
act/23	mean	proj	4	19	False	False	asc	1	0.10344827586206896	0.41379310344827586	0.10344827586206896	0.6896551724137931
act/15	mean	proj	13	15	False	False	asc	1	0.13793103448275862	0.4827586206896552	0.10344827586206896	0.5172413793103449
act/31	mean	proj	1	3	True	False	asc	1	0.06896551724137931	0.4827586206896552	0.10344827586206896	0.4827586206896552
act/31	mean	proj	8	16	False	False	asc	1	0.10344827586206896	0.27586206896551724	0.10344827586206896	0.4827586206896552
act/31	mean	proj	8	17	False	True	asc	1	0.13793103448275862	0.27586206896551724	0.10344827586206896	0.4827586206896552
act/31	mean	proj	8	17	False	False	asc	1	0.13793103448275862	0.27586206896551724	0.10344827586206896	0.4827586206896552
act/31	mean	proj	9	11	False	False	asc	1	0.034482758620689655	0.1724137931034483	0.10344827586206896	0.5862068965517241
act/15	mean	proj	11	13	False	True	asc	1	0.034482758620689655	0.41379310344827586	0.10344827586206896	0.41379310344827586
act/15	mean	proj	11	13	False	False	asc	1	0.034482758620689655	0.41379310344827586	0.10344827586206896	0.41379310344827586
act/31	mean	proj	9	17	False	True	asc	1	0.06896551724137931	0.3448275862068966	0.10344827586206896	0.6206896551724138
act/31	mean	proj	9	17	False	False	asc	1	0.06896551724137931	0.3448275862068966	0.10344827586206896	0.6206896551724138
act/31	mean	proj	7	12	False	True	asc	1	0.034482758620689655	0.2413793103448276	0.10344827586206896	0.4482758620689655
act/31	mean	proj	7	12	False	False	asc	1	0.034482758620689655	0.2413793103448276	0.10344827586206896	0.41379310344827586
act/31	mean	proj	7	13	False	False	asc	1	0.06896551724137931	0.27586206896551724	0.10344827586206896	0.4482758620689655
act/31	mean	proj	7	8	False	True	asc	1	0.034482758620689655	0.27586206896551724	0.10344827586206896	0.41379310344827586
act/31	mean	proj	7	8	False	False	asc	1	0.034482758620689655	0.27586206896551724	0.10344827586206896	0.41379310344827586
act/15	mean	proj	13	15	False	True	asc	1	0.13793103448275862	0.4827586206896552	0.10344827586206896	0.5517241379310345
act/31	mean	proj	1	3	True	True	asc	1	0.06896551724137931	0.4827586206896552	0.10344827586206896	0.4482758620689655
act/19	mean	proj	2	18	False	False	asc	1	0.034482758620689655	0.4482758620689655	0.10344827586206896	0.6551724137931034
act/19	mean	proj	2	19	False	False	asc	1	0.034482758620689655	0.4482758620689655	0.10344827586206896	0.6551724137931034
act/19	mean	proj	2	20	False	False	asc	1	0.06896551724137931	0.41379310344827586	0.10344827586206896	0.6551724137931034
act/31	mean	proj	2	11	False	False	asc	1	0.06896551724137931	0.1724137931034483	0.10344827586206896	0.41379310344827586
act/31	mean	proj	2	19	False	True	asc	1	0.10344827586206896	0.3103448275862069	0.10344827586206896	0.41379310344827586
act/31	mean	proj	2	19	False	False	asc	1	0.10344827586206896	0.2413793103448276	0.10344827586206896	0.5172413793103449
act/31	mean	proj	2	20	False	True	asc	1	0.10344827586206896	0.3103448275862069	0.10344827586206896	0.4482758620689655
act/19	mean	proj	2	5	False	False	asc	1	0.034482758620689655	0.3103448275862069	0.10344827586206896	0.3793103448275862
act/19	mean	proj	2	12	False	False	asc	1	0.034482758620689655	0.3448275862068966	0.10344827586206896	0.6551724137931034
act/19	mean	proj	2	13	False	False	asc	1	0.06896551724137931	0.41379310344827586	0.10344827586206896	0.6551724137931034
act/19	mean	proj	2	16	False	False	asc	1	0.06896551724137931	0.4482758620689655	0.10344827586206896	0.5862068965517241
act/19	mean	proj	2	17	False	False	asc	1	0.034482758620689655	0.4482758620689655	0.10344827586206896	0.6206896551724138
act/19	mean	proj	2	14	False	False	asc	1	0.034482758620689655	0.3448275862068966	0.10344827586206896	0.6551724137931034
act/31	mean	proj	1	5	True	False	asc	1	0.06896551724137931	0.4482758620689655	0.10344827586206896	0.5172413793103449
act/31	mean	proj	1	6	True	False	asc	1	0.06896551724137931	0.4827586206896552	0.10344827586206896	0.5172413793103449
act/3	mean	proj	16	17	False	False	asc	1	0.034482758620689655	0.4482758620689655	0.10344827586206896	0.41379310344827586
act/19	mean	proj	4	6	False	True	asc	1	0.034482758620689655	0.3448275862068966	0.10344827586206896	0.41379310344827586
act/31	mean	proj	8	11	False	True	asc	1	0.10344827586206896	0.3448275862068966	0.10344827586206896	0.5517241379310345
act/31	mean	proj	8	11	False	False	asc	1	0.10344827586206896	0.3448275862068966	0.10344827586206896	0.5517241379310345
act/19	mean	proj	0	17	False	False	asc	1	0.13793103448275862	0.4482758620689655	0.10344827586206896	0.6551724137931034
act/19	mean	proj	2	15	False	False	asc	1	0.06896551724137931	0.3793103448275862	0.10344827586206896	0.6551724137931034
act/31	mean	proj	7	13	True	False	asc	1	0.034482758620689655	0.3103448275862069	0.10344827586206896	0.5172413793103449
act/19	mean	proj	1	4	False	False	asc	1	0.1724137931034483	0.27586206896551724	0.10344827586206896	0.3793103448275862
act/27	mean	proj	9	11	False	True	asc	1	0.06896551724137931	0.4482758620689655	0.10344827586206896	0.5172413793103449
act/27	mean	proj	9	11	False	False	asc	1	0.06896551724137931	0.3793103448275862	0.10344827586206896	0.5172413793103449
act/27	mean	proj	7	19	False	True	asc	1	0.06896551724137931	0.3103448275862069	0.10344827586206896	0.5517241379310345
act/27	mean	proj	7	19	False	False	asc	1	0.06896551724137931	0.3103448275862069	0.10344827586206896	0.5862068965517241
act/27	mean	proj	7	20	False	True	asc	1	0.06896551724137931	0.3103448275862069	0.10344827586206896	0.5862068965517241
act/27	mean	proj	7	20	False	False	asc	1	0.06896551724137931	0.3793103448275862	0.10344827586206896	0.6206896551724138
act/31	mean	proj	8	15	False	False	asc	1	0.10344827586206896	0.27586206896551724	0.10344827586206896	0.5517241379310345
act/31	mean	proj	8	16	False	True	asc	1	0.10344827586206896	0.27586206896551724	0.10344827586206896	0.5172413793103449
act/27	mean	proj	7	16	False	True	asc	1	0.06896551724137931	0.3103448275862069	0.10344827586206896	0.5517241379310345
act/27	mean	proj	7	16	False	False	asc	1	0.06896551724137931	0.3103448275862069	0.10344827586206896	0.5517241379310345
act/27	mean	proj	7	17	False	True	asc	1	0.06896551724137931	0.3103448275862069	0.10344827586206896	0.5517241379310345
act/27	mean	proj	7	17	False	False	asc	1	0.06896551724137931	0.3103448275862069	0.10344827586206896	0.5517241379310345
embed	mean	proj	1	11	True	False	asc	1	0.034482758620689655	0.4482758620689655	0.10344827586206896	0.41379310344827586
act/27	mean	proj	7	14	False	True	asc	1	0.034482758620689655	0.2413793103448276	0.10344827586206896	0.5862068965517241
act/27	mean	proj	7	14	False	False	asc	1	0.06896551724137931	0.27586206896551724	0.10344827586206896	0.5862068965517241
act/23	mean	proj	4	5	False	True	asc	1	0.10344827586206896	0.3448275862068966	0.10344827586206896	0.3793103448275862
act/11	mean	proj	3	4	False	True	asc	1	0.034482758620689655	0.3448275862068966	0.10344827586206896	0.5862068965517241
act/11	mean	proj	3	4	False	False	asc	1	0.034482758620689655	0.3448275862068966	0.10344827586206896	0.5862068965517241
embed	mean	proj	7	14	True	True	asc	1	0.034482758620689655	0.27586206896551724	0.10344827586206896	0.5172413793103449
embed	mean	proj	7	14	True	False	asc	1	0.034482758620689655	0.27586206896551724	0.10344827586206896	0.5172413793103449
embed	mean	proj	7	9	True	True	asc	1	0.034482758620689655	0.3103448275862069	0.10344827586206896	0.3448275862068966
act/27	mean	proj	7	13	False	False	asc	1	0.034482758620689655	0.2413793103448276	0.10344827586206896	0.6206896551724138
act/27	mean	proj	7	15	False	True	asc	1	0.06896551724137931	0.3103448275862069	0.10344827586206896	0.5517241379310345
act/27	mean	proj	7	15	False	False	asc	1	0.06896551724137931	0.3448275862068966	0.10344827586206896	0.6206896551724138
act/31	mean	proj	2	17	False	True	asc	1	0.06896551724137931	0.27586206896551724	0.10344827586206896	0.41379310344827586
act/31	mean	proj	2	10	False	False	asc	1	0.06896551724137931	0.1724137931034483	0.10344827586206896	0.3448275862068966
act/31	mean	proj	2	11	False	True	asc	1	0.06896551724137931	0.27586206896551724	0.10344827586206896	0.41379310344827586
act/19	mean	proj	0	20	False	False	asc	1	0.13793103448275862	0.4482758620689655	0.10344827586206896	0.6896551724137931
act/19	mean	proj	0	15	False	False	asc	1	0.13793103448275862	0.4482758620689655	0.10344827586206896	0.6896551724137931
act/19	mean	proj	0	16	False	False	asc	1	0.13793103448275862	0.4482758620689655	0.10344827586206896	0.6896551724137931
embed	mean	proj	8	18	True	True	asc	1	0.1724137931034483	0.5172413793103449	0.10344827586206896	0.41379310344827586
embed	mean	proj	8	20	True	False	asc	1	0.13793103448275862	0.4482758620689655	0.10344827586206896	0.4482758620689655
act/31	mean	proj	2	14	False	True	asc	1	0.06896551724137931	0.27586206896551724	0.10344827586206896	0.41379310344827586
act/31	mean	proj	2	14	False	False	asc	1	0.06896551724137931	0.1724137931034483	0.10344827586206896	0.4482758620689655
act/31	mean	proj	2	15	False	True	asc	1	0.06896551724137931	0.27586206896551724	0.10344827586206896	0.41379310344827586
act/31	mean	proj	2	15	False	False	asc	1	0.06896551724137931	0.13793103448275862	0.10344827586206896	0.41379310344827586
act/31	mean	proj	2	12	False	False	asc	1	0.06896551724137931	0.1724137931034483	0.10344827586206896	0.41379310344827586
act/31	mean	proj	2	13	False	True	asc	1	0.06896551724137931	0.27586206896551724	0.10344827586206896	0.41379310344827586
act/31	mean	proj	2	13	False	False	asc	1	0.06896551724137931	0.1724137931034483	0.10344827586206896	0.41379310344827586
act/31	mean	proj	2	16	False	True	asc	1	0.06896551724137931	0.27586206896551724	0.10344827586206896	0.41379310344827586
act/23	mean	proj	6	18	False	True	asc	1	0.13793103448275862	0.41379310344827586	0.10344827586206896	0.5862068965517241
act/23	mean	proj	6	13	False	False	asc	1	0.10344827586206896	0.3448275862068966	0.10344827586206896	0.6206896551724138
embed	mean	proj	4	7	True	True	asc	1	0.10344827586206896	0.5172413793103449	0.10344827586206896	0.5517241379310345
embed	mean	proj	4	7	True	False	asc	1	0.06896551724137931	0.5172413793103449	0.10344827586206896	0.5517241379310345
embed	mean	proj	4	5	True	True	asc	1	0.06896551724137931	0.4827586206896552	0.10344827586206896	0.5517241379310345
embed	mean	proj	4	5	True	False	asc	1	0.06896551724137931	0.4827586206896552	0.10344827586206896	0.5517241379310345
embed	mean	proj	7	9	True	False	asc	1	0.034482758620689655	0.3103448275862069	0.10344827586206896	0.3448275862068966
embed	mean	proj	7	17	True	True	asc	1	0.10344827586206896	0.4482758620689655	0.10344827586206896	0.5172413793103449
act/31	mean	proj	2	7	False	True	asc	1	0.10344827586206896	0.4827586206896552	0.10344827586206896	0.4482758620689655
act/31	mean	proj	8	13	True	True	asc	1	0.06896551724137931	0.3448275862068966	0.10344827586206896	0.6206896551724138
act/31	mean	proj	8	13	True	False	asc	1	0.06896551724137931	0.3448275862068966	0.10344827586206896	0.6206896551724138
act/31	mean	proj	2	8	False	True	asc	1	0.10344827586206896	0.3793103448275862	0.10344827586206896	0.4482758620689655
act/31	mean	proj	2	3	False	True	asc	1	0.06896551724137931	0.3793103448275862	0.10344827586206896	0.4827586206896552
act/31	mean	proj	2	3	False	False	asc	1	0.06896551724137931	0.3793103448275862	0.10344827586206896	0.4827586206896552
act/23	mean	proj	6	15	False	False	asc	1	0.06896551724137931	0.4482758620689655	0.10344827586206896	0.5862068965517241
act/23	mean	proj	6	17	False	False	asc	1	0.13793103448275862	0.4482758620689655	0.10344827586206896	0.6206896551724138
act/27	mean	proj	6	15	False	True	asc	1	0.06896551724137931	0.27586206896551724	0.10344827586206896	0.5517241379310345
act/27	mean	proj	6	15	False	False	asc	1	0.06896551724137931	0.3448275862068966	0.10344827586206896	0.5862068965517241
act/27	mean	proj	6	16	False	True	asc	1	0.06896551724137931	0.3103448275862069	0.10344827586206896	0.5862068965517241
act/31	mean	proj	2	12	False	True	asc	1	0.10344827586206896	0.3103448275862069	0.10344827586206896	0.41379310344827586
act/19	mean	proj	0	18	False	False	asc	1	0.13793103448275862	0.4482758620689655	0.10344827586206896	0.6551724137931034
act/19	mean	proj	0	19	False	False	asc	1	0.13793103448275862	0.4482758620689655	0.10344827586206896	0.6551724137931034
act/31	mean	proj	2	6	False	True	asc	1	0.10344827586206896	0.4827586206896552	0.10344827586206896	0.4482758620689655
act/31	mean	proj	2	6	False	False	asc	1	0.06896551724137931	0.4482758620689655	0.10344827586206896	0.4482758620689655
act/23	mean	proj	4	5	False	False	asc	1	0.10344827586206896	0.3448275862068966	0.10344827586206896	0.3793103448275862
act/27	mean	proj	7	18	False	True	asc	1	0.06896551724137931	0.3103448275862069	0.10344827586206896	0.5172413793103449
act/27	mean	proj	7	18	False	False	asc	1	0.06896551724137931	0.3103448275862069	0.10344827586206896	0.5517241379310345
act/27	mean	proj	7	11	False	False	asc	1	0.034482758620689655	0.27586206896551724	0.10344827586206896	0.6206896551724138
act/27	mean	proj	7	13	False	True	asc	1	0.034482758620689655	0.2413793103448276	0.10344827586206896	0.6551724137931034
act/27	mean	proj	6	13	False	False	asc	1	0.034482758620689655	0.20689655172413793	0.10344827586206896	0.6206896551724138
act/27	mean	proj	6	14	False	True	asc	1	0.034482758620689655	0.2413793103448276	0.10344827586206896	0.5862068965517241
act/27	mean	proj	6	14	False	False	asc	1	0.034482758620689655	0.2413793103448276	0.10344827586206896	0.5862068965517241
embed	mean	proj	8	12	True	False	asc	1	0.034482758620689655	0.2413793103448276	0.10344827586206896	0.5172413793103449
embed	mean	proj	8	14	True	True	asc	1	0.10344827586206896	0.3793103448275862	0.10344827586206896	0.4482758620689655
embed	mean	proj	8	14	True	False	asc	1	0.10344827586206896	0.3448275862068966	0.10344827586206896	0.41379310344827586
embed	mean	proj	7	19	True	True	asc	1	0.10344827586206896	0.4482758620689655	0.10344827586206896	0.5517241379310345
embed	mean	proj	7	20	True	True	asc	1	0.10344827586206896	0.3793103448275862	0.10344827586206896	0.5517241379310345
embed	mean	proj	7	20	True	False	asc	1	0.10344827586206896	0.3793103448275862	0.10344827586206896	0.5517241379310345
embed	mean	proj	7	15	True	True	asc	1	0.06896551724137931	0.3793103448275862	0.10344827586206896	0.5172413793103449
act/23	mean	proj	6	18	False	False	asc	1	0.10344827586206896	0.41379310344827586	0.10344827586206896	0.6206896551724138
embed	mean	proj	8	20	True	True	asc	1	0.13793103448275862	0.4827586206896552	0.10344827586206896	0.41379310344827586
act/23	mean	proj	8	11	False	True	asc	1	0.06896551724137931	0.5172413793103449	0.10344827586206896	0.6551724137931034
act/23	mean	proj	8	11	False	False	asc	1	0.06896551724137931	0.5172413793103449	0.10344827586206896	0.6551724137931034
act/23	mean	proj	8	12	False	True	asc	1	0.06896551724137931	0.27586206896551724	0.10344827586206896	0.6551724137931034
act/23	mean	proj	8	12	False	False	asc	1	0.06896551724137931	0.27586206896551724	0.10344827586206896	0.6551724137931034
embed	mean	proj	7	15	True	False	asc	1	0.10344827586206896	0.3793103448275862	0.10344827586206896	0.5172413793103449
embed	mean	proj	7	16	True	True	asc	1	0.034482758620689655	0.3793103448275862	0.10344827586206896	0.5172413793103449
embed	mean	proj	8	12	True	True	asc	1	0.034482758620689655	0.2413793103448276	0.10344827586206896	0.5172413793103449
act/31	mean	proj	2	7	False	False	asc	1	0.06896551724137931	0.4827586206896552	0.10344827586206896	0.4482758620689655
act/19	mean	proj	13	20	True	False	asc	1	0.06896551724137931	0.3793103448275862	0.10344827586206896	0.6896551724137931
act/19	mean	proj	13	19	True	True	asc	1	0.10344827586206896	0.4482758620689655	0.10344827586206896	0.6551724137931034
act/19	mean	proj	1	19	True	True	asc	1	0.20689655172413793	0.4827586206896552	0.10344827586206896	0.6206896551724138
act/19	mean	proj	1	19	True	False	asc	1	0.1724137931034483	0.4827586206896552	0.10344827586206896	0.6206896551724138
act/19	mean	proj	1	20	True	True	asc	1	0.20689655172413793	0.4827586206896552	0.10344827586206896	0.6206896551724138
act/19	mean	proj	1	20	True	False	asc	1	0.13793103448275862	0.4827586206896552	0.10344827586206896	0.6206896551724138
embed	mean	proj	8	19	True	False	asc	1	0.1724137931034483	0.5172413793103449	0.10344827586206896	0.41379310344827586
embed	mean	proj	7	18	True	True	asc	1	0.06896551724137931	0.3793103448275862	0.10344827586206896	0.5172413793103449
act/15	mean	norm_l1	0	0	True	False	asc	1	0.06896551724137931	0.1724137931034483	0.10344827586206896	0.4482758620689655
act/15	mean	proj	17	20	False	True	asc	1	0.10344827586206896	0.3448275862068966	0.10344827586206896	0.3448275862068966
act/31	mean	proj	2	18	False	True	asc	1	0.10344827586206896	0.3103448275862069	0.10344827586206896	0.41379310344827586
act/31	mean	proj	2	18	False	False	asc	1	0.10344827586206896	0.20689655172413793	0.10344827586206896	0.5517241379310345
act/19	mean	proj	1	3	True	False	asc	1	0.13793103448275862	0.4827586206896552	0.10344827586206896	0.5862068965517241
act/19	mean	proj	1	5	True	True	asc	1	0.1724137931034483	0.4827586206896552	0.10344827586206896	0.6206896551724138
act/19	mean	proj	1	5	True	False	asc	1	0.10344827586206896	0.5172413793103449	0.10344827586206896	0.5862068965517241
embed	mean	proj	9	12	True	True	asc	1	0.10344827586206896	0.3793103448275862	0.10344827586206896	0.5862068965517241
embed	mean	proj	9	12	True	False	asc	1	0.06896551724137931	0.3448275862068966	0.10344827586206896	0.5862068965517241
embed	mean	proj	10	13	True	True	asc	1	0.10344827586206896	0.3793103448275862	0.10344827586206896	0.5517241379310345
embed	mean	proj	10	13	True	False	asc	1	0.10344827586206896	0.3793103448275862	0.10344827586206896	0.5517241379310345
embed	mean	proj	10	14	True	True	asc	1	0.13793103448275862	0.4482758620689655	0.10344827586206896	0.41379310344827586
embed	mean	proj	10	14	True	False	asc	1	0.13793103448275862	0.4482758620689655	0.10344827586206896	0.41379310344827586
embed	mean	proj	9	14	True	False	asc	1	0.10344827586206896	0.3448275862068966	0.10344827586206896	0.4482758620689655
embed	mean	proj	8	19	True	True	asc	1	0.1724137931034483	0.5172413793103449	0.10344827586206896	0.41379310344827586
act/19	mean	proj	1	8	True	True	asc	1	0.20689655172413793	0.4482758620689655	0.10344827586206896	0.6206896551724138
act/19	mean	proj	1	8	True	False	asc	1	0.1724137931034483	0.4827586206896552	0.10344827586206896	0.6206896551724138
act/19	mean	proj	1	9	True	True	asc	1	0.20689655172413793	0.4482758620689655	0.10344827586206896	0.6206896551724138
act/11	mean	proj	16	20	True	True	asc	1	0.10344827586206896	0.3448275862068966	0.10344827586206896	0.6206896551724138
act/11	mean	proj	16	20	True	False	asc	1	0.10344827586206896	0.3448275862068966	0.10344827586206896	0.6206896551724138
embed	mean	proj	11	15	True	False	asc	1	0.1724137931034483	0.3448275862068966	0.10344827586206896	0.4482758620689655
embed	mean	proj	11	16	True	True	asc	1	0.1724137931034483	0.5517241379310345	0.10344827586206896	0.4482758620689655
act/23	mean	proj	6	14	False	True	asc	1	0.10344827586206896	0.3448275862068966	0.10344827586206896	0.5862068965517241
act/19	mean	proj	1	11	True	False	asc	1	0.13793103448275862	0.4827586206896552	0.10344827586206896	0.6206896551724138
act/19	mean	proj	1	12	True	True	asc	1	0.20689655172413793	0.4827586206896552	0.10344827586206896	0.6206896551724138
act/19	mean	proj	1	16	True	True	asc	1	0.1724137931034483	0.4827586206896552	0.10344827586206896	0.6206896551724138
act/31	mean	proj	9	19	True	True	asc	1	0.10344827586206896	0.41379310344827586	0.10344827586206896	0.5517241379310345
act/31	mean	proj	9	19	True	False	asc	1	0.13793103448275862	0.4482758620689655	0.10344827586206896	0.5517241379310345
act/31	mean	proj	9	17	True	True	asc	1	0.10344827586206896	0.4482758620689655	0.10344827586206896	0.5517241379310345
act/31	mean	proj	9	17	True	False	asc	1	0.10344827586206896	0.4482758620689655	0.10344827586206896	0.5517241379310345
act/19	mean	proj	1	6	True	False	asc	1	0.10344827586206896	0.4482758620689655	0.10344827586206896	0.6206896551724138
act/31	mean	proj	10	13	True	True	asc	1	0.10344827586206896	0.4482758620689655	0.10344827586206896	0.6206896551724138
act/31	mean	proj	10	13	True	False	asc	1	0.10344827586206896	0.4482758620689655	0.10344827586206896	0.6206896551724138
act/31	mean	proj	10	15	True	True	asc	1	0.06896551724137931	0.3793103448275862	0.10344827586206896	0.7586206896551724
act/31	mean	proj	10	15	True	False	asc	1	0.06896551724137931	0.3793103448275862	0.10344827586206896	0.7241379310344828
act/19	mean	proj	12	18	True	True	asc	1	0.034482758620689655	0.3448275862068966	0.10344827586206896	0.5172413793103449
act/19	mean	proj	12	18	True	False	asc	1	0.10344827586206896	0.41379310344827586	0.10344827586206896	0.5172413793103449
act/19	mean	proj	1	10	True	False	asc	1	0.13793103448275862	0.4827586206896552	0.10344827586206896	0.6206896551724138
act/19	mean	proj	1	11	True	True	asc	1	0.20689655172413793	0.4482758620689655	0.10344827586206896	0.6206896551724138
act/23	mean	proj	9	14	False	False	asc	1	0.06896551724137931	0.3103448275862069	0.10344827586206896	0.6551724137931034
act/23	mean	proj	14	15	False	True	asc	1	0.06896551724137931	0.27586206896551724	0.10344827586206896	0.4482758620689655
act/23	mean	proj	14	15	False	False	asc	1	0.06896551724137931	0.27586206896551724	0.10344827586206896	0.4482758620689655
embed	mean	proj	15	19	True	False	asc	1	0.10344827586206896	0.3448275862068966	0.10344827586206896	0.3103448275862069
embed	mean	proj	15	16	True	True	asc	1	0.0	0.41379310344827586	0.10344827586206896	0.3448275862068966
embed	mean	proj	15	16	True	False	asc	1	0.0	0.41379310344827586	0.10344827586206896	0.3448275862068966
embed	mean	proj	16	19	True	True	asc	1	0.10344827586206896	0.4827586206896552	0.10344827586206896	0.3793103448275862
act/11	mean	proj	13	14	True	False	asc	1	0.034482758620689655	0.4482758620689655	0.10344827586206896	0.3793103448275862
act/31	mean	proj	9	16	True	False	asc	1	0.06896551724137931	0.3793103448275862	0.10344827586206896	0.6206896551724138
act/31	mean	proj	16	19	True	True	asc	1	0.06896551724137931	0.3793103448275862	0.10344827586206896	0.6206896551724138
act/23	mean	proj	11	13	False	True	asc	1	0.06896551724137931	0.27586206896551724	0.10344827586206896	0.4827586206896552
act/23	mean	proj	11	13	False	False	asc	1	0.06896551724137931	0.27586206896551724	0.10344827586206896	0.4827586206896552
act/23	mean	proj	9	12	False	True	asc	1	0.06896551724137931	0.3103448275862069	0.10344827586206896	0.5862068965517241
act/23	mean	proj	9	12	False	False	asc	1	0.06896551724137931	0.3103448275862069	0.10344827586206896	0.5862068965517241
act/23	mean	proj	9	13	False	True	asc	1	0.06896551724137931	0.3103448275862069	0.10344827586206896	0.6206896551724138
act/23	mean	proj	9	14	False	True	asc	1	0.06896551724137931	0.3103448275862069	0.10344827586206896	0.6551724137931034
act/19	mean	proj	1	9	True	False	asc	1	0.13793103448275862	0.4482758620689655	0.10344827586206896	0.6206896551724138
act/19	mean	proj	1	10	True	True	asc	1	0.20689655172413793	0.4482758620689655	0.10344827586206896	0.6206896551724138
act/19	mean	proj	14	19	True	True	asc	1	0.10344827586206896	0.4482758620689655	0.10344827586206896	0.5172413793103449
act/19	mean	proj	14	20	True	True	asc	1	0.06896551724137931	0.4482758620689655	0.10344827586206896	0.4827586206896552
act/19	mean	proj	14	20	True	False	asc	1	0.06896551724137931	0.4482758620689655	0.10344827586206896	0.4827586206896552
act/19	mean	proj	13	20	True	True	asc	1	0.06896551724137931	0.3793103448275862	0.10344827586206896	0.6896551724137931
act/31	mean	proj	9	15	True	False	asc	1	0.034482758620689655	0.3793103448275862	0.10344827586206896	0.7241379310344828
act/31	mean	proj	9	16	True	True	asc	1	0.06896551724137931	0.41379310344827586	0.10344827586206896	0.6206896551724138
act/11	mean	proj	13	14	True	True	asc	1	0.034482758620689655	0.4482758620689655	0.10344827586206896	0.3793103448275862
act/23	mean	proj	10	13	False	True	asc	1	0.10344827586206896	0.3103448275862069	0.10344827586206896	0.5862068965517241
act/23	mean	proj	10	14	False	False	asc	1	0.06896551724137931	0.3103448275862069	0.10344827586206896	0.5517241379310345
embed	mean	proj	11	15	True	True	asc	1	0.1724137931034483	0.3103448275862069	0.10344827586206896	0.4482758620689655
act/11	mean	proj	16	18	True	True	asc	1	0.0	0.3448275862068966	0.10344827586206896	0.4827586206896552
act/11	mean	proj	16	18	True	False	asc	1	0.0	0.3448275862068966	0.10344827586206896	0.4827586206896552
act/11	mean	proj	16	19	True	True	asc	1	0.13793103448275862	0.4482758620689655	0.10344827586206896	0.5862068965517241
act/11	mean	proj	16	19	True	False	asc	1	0.13793103448275862	0.4482758620689655	0.10344827586206896	0.5862068965517241
embed	mean	proj	15	19	True	True	asc	1	0.10344827586206896	0.3448275862068966	0.10344827586206896	0.3103448275862069
embed	mean	proj	18	19	True	True	asc	1	0.1724137931034483	0.41379310344827586	0.10344827586206896	0.5172413793103449
embed	mean	proj	18	19	True	False	asc	1	0.1724137931034483	0.41379310344827586	0.10344827586206896	0.5172413793103449
embed	mean	proj	2	11	False	False	asc	1	0.034482758620689655	0.4482758620689655	0.10344827586206896	0.4482758620689655
act/11	mean	proj	7	10	True	True	asc	1	0.034482758620689655	0.41379310344827586	0.10344827586206896	0.4482758620689655
act/27	mean	proj	3	11	True	True	asc	1	0.10344827586206896	0.4827586206896552	0.10344827586206896	0.5862068965517241
act/27	mean	proj	3	11	True	False	asc	1	0.10344827586206896	0.41379310344827586	0.10344827586206896	0.6551724137931034
act/27	mean	proj	3	12	True	True	asc	1	0.10344827586206896	0.4827586206896552	0.10344827586206896	0.6206896551724138
act/19	mean	proj	10	12	True	False	asc	1	0.06896551724137931	0.41379310344827586	0.10344827586206896	0.4827586206896552
act/23	mean	proj	18	19	False	False	asc	1	0.10344827586206896	0.5862068965517241	0.10344827586206896	0.41379310344827586
act/27	mean	proj	1	2	True	True	asc	1	0.06896551724137931	0.41379310344827586	0.10344827586206896	0.4827586206896552
act/27	mean	proj	1	2	True	False	asc	1	0.06896551724137931	0.41379310344827586	0.10344827586206896	0.4827586206896552
act/23	mean	proj	14	17	False	True	asc	1	0.06896551724137931	0.3793103448275862	0.10344827586206896	0.5517241379310345
act/23	mean	proj	14	17	False	False	asc	1	0.06896551724137931	0.3793103448275862	0.10344827586206896	0.5517241379310345
act/23	mean	proj	11	14	False	False	asc	1	0.10344827586206896	0.3793103448275862	0.10344827586206896	0.5517241379310345
embed	mean	proj	16	19	True	False	asc	1	0.10344827586206896	0.4827586206896552	0.10344827586206896	0.3793103448275862
embed	mean	proj	15	17	True	False	asc	1	0.06896551724137931	0.41379310344827586	0.10344827586206896	0.5517241379310345
embed	mean	proj	12	18	True	True	asc	1	0.13793103448275862	0.41379310344827586	0.10344827586206896	0.3793103448275862
embed	mean	proj	12	18	True	False	asc	1	0.13793103448275862	0.41379310344827586	0.10344827586206896	0.3793103448275862
embed	mean	proj	13	18	True	True	asc	1	0.1724137931034483	0.5172413793103449	0.10344827586206896	0.4482758620689655
act/19	mean	proj	10	12	True	True	asc	1	0.06896551724137931	0.41379310344827586	0.10344827586206896	0.4827586206896552
act/19	mean	proj	10	15	True	True	asc	1	0.06896551724137931	0.2413793103448276	0.10344827586206896	0.5862068965517241
act/19	mean	proj	10	15	True	False	asc	1	0.06896551724137931	0.2413793103448276	0.10344827586206896	0.5862068965517241
act/19	mean	proj	10	17	True	True	asc	1	0.06896551724137931	0.27586206896551724	0.10344827586206896	0.5862068965517241
act/11	mean	proj	18	20	True	True	asc	1	0.1724137931034483	0.4482758620689655	0.10344827586206896	0.6206896551724138
act/11	mean	proj	14	20	True	True	asc	1	0.13793103448275862	0.5517241379310345	0.10344827586206896	0.5862068965517241
act/11	mean	proj	14	20	True	False	asc	1	0.13793103448275862	0.5517241379310345	0.10344827586206896	0.5862068965517241
embed	mean	proj	14	18	True	True	asc	1	0.1724137931034483	0.4482758620689655	0.10344827586206896	0.4482758620689655
embed	mean	proj	14	18	True	False	asc	1	0.1724137931034483	0.4482758620689655	0.10344827586206896	0.4482758620689655
act/11	mean	proj	11	13	True	True	asc	1	0.10344827586206896	0.3793103448275862	0.10344827586206896	0.5172413793103449
act/11	mean	proj	11	13	True	False	asc	1	0.13793103448275862	0.41379310344827586	0.10344827586206896	0.5172413793103449
embed	mean	proj	15	17	True	True	asc	1	0.06896551724137931	0.41379310344827586	0.10344827586206896	0.5517241379310345
act/27	mean	proj	7	11	True	True	asc	1	0.10344827586206896	0.3793103448275862	0.10344827586206896	0.5172413793103449
act/27	mean	proj	7	11	True	False	asc	1	0.06896551724137931	0.3793103448275862	0.10344827586206896	0.5172413793103449
act/27	mean	proj	7	12	True	True	asc	1	0.13793103448275862	0.4482758620689655	0.10344827586206896	0.5862068965517241
act/27	mean	proj	7	12	True	False	asc	1	0.13793103448275862	0.41379310344827586	0.10344827586206896	0.5862068965517241
act/27	mean	proj	5	14	True	False	asc	1	0.10344827586206896	0.41379310344827586	0.10344827586206896	0.5862068965517241
act/27	mean	proj	2	3	False	True	asc	1	0.13793103448275862	0.27586206896551724	0.10344827586206896	0.3103448275862069
act/27	mean	proj	2	3	False	False	asc	1	0.13793103448275862	0.27586206896551724	0.10344827586206896	0.3103448275862069
act/11	mean	proj	7	10	True	False	asc	1	0.06896551724137931	0.4482758620689655	0.10344827586206896	0.4482758620689655
act/19	mean	proj	3	4	True	False	asc	1	0.06896551724137931	0.5172413793103449	0.10344827586206896	0.5517241379310345
act/19	mean	proj	3	5	True	True	asc	1	0.034482758620689655	0.4827586206896552	0.10344827586206896	0.5172413793103449
act/19	mean	proj	3	5	True	False	asc	1	0.034482758620689655	0.4482758620689655	0.10344827586206896	0.5172413793103449
act/19	mean	proj	8	14	True	False	asc	1	0.10344827586206896	0.3448275862068966	0.10344827586206896	0.6551724137931034
act/19	mean	proj	8	17	True	True	asc	1	0.06896551724137931	0.3448275862068966	0.10344827586206896	0.5172413793103449
act/19	mean	proj	8	17	True	False	asc	1	0.10344827586206896	0.3448275862068966	0.10344827586206896	0.5172413793103449
act/27	mean	proj	7	10	True	True	asc	1	0.06896551724137931	0.3103448275862069	0.10344827586206896	0.5172413793103449
act/27	mean	proj	7	10	True	False	asc	1	0.034482758620689655	0.3103448275862069	0.10344827586206896	0.5172413793103449
act/23	mean	proj	12	18	False	True	asc	1	0.06896551724137931	0.3793103448275862	0.10344827586206896	0.5862068965517241
act/23	mean	proj	15	18	False	True	asc	1	0.06896551724137931	0.4482758620689655	0.10344827586206896	0.5172413793103449
act/23	mean	proj	15	18	False	False	asc	1	0.06896551724137931	0.4482758620689655	0.10344827586206896	0.4827586206896552
act/23	mean	proj	18	19	False	True	asc	1	0.10344827586206896	0.5862068965517241	0.10344827586206896	0.41379310344827586
act/31	mean	proj	16	19	True	False	asc	1	0.06896551724137931	0.3793103448275862	0.10344827586206896	0.6206896551724138
act/31	mean	proj	15	19	True	True	asc	1	0.10344827586206896	0.3793103448275862	0.10344827586206896	0.6896551724137931
act/31	mean	proj	15	19	True	False	asc	1	0.10344827586206896	0.3793103448275862	0.10344827586206896	0.6896551724137931
act/19	mean	proj	3	4	True	True	asc	1	0.06896551724137931	0.5172413793103449	0.10344827586206896	0.5517241379310345
act/27	mean	proj	3	20	True	False	asc	1	0.10344827586206896	0.4827586206896552	0.10344827586206896	0.6551724137931034
act/23	mean	proj	12	18	False	False	asc	1	0.06896551724137931	0.3793103448275862	0.10344827586206896	0.5862068965517241
act/23	mean	proj	12	19	False	True	asc	1	0.13793103448275862	0.4827586206896552	0.10344827586206896	0.5172413793103449
act/23	mean	proj	12	19	False	False	asc	1	0.13793103448275862	0.4827586206896552	0.10344827586206896	0.5172413793103449
act/23	mean	proj	16	18	False	True	asc	1	0.13793103448275862	0.4827586206896552	0.10344827586206896	0.5862068965517241
act/23	mean	proj	16	18	False	False	asc	1	0.13793103448275862	0.4827586206896552	0.10344827586206896	0.5862068965517241
act/23	mean	proj	12	17	False	True	asc	1	0.10344827586206896	0.3448275862068966	0.10344827586206896	0.6206896551724138
act/23	mean	proj	12	17	False	False	asc	1	0.10344827586206896	0.3448275862068966	0.10344827586206896	0.6551724137931034
act/27	mean	proj	3	16	True	False	asc	1	0.10344827586206896	0.4482758620689655	0.10344827586206896	0.6551724137931034
act/27	mean	proj	18	20	True	True	asc	1	0.13793103448275862	0.4482758620689655	0.10344827586206896	0.3103448275862069
act/27	mean	proj	18	20	True	False	asc	1	0.13793103448275862	0.4482758620689655	0.10344827586206896	0.3103448275862069
act/27	mean	proj	0	10	False	False	asc	1	0.1724137931034483	0.5862068965517241	0.10344827586206896	0.4827586206896552
act/27	mean	proj	0	3	False	False	asc	1	0.1724137931034483	0.5862068965517241	0.10344827586206896	0.4827586206896552
act/27	mean	proj	0	8	False	False	asc	1	0.1724137931034483	0.5862068965517241	0.10344827586206896	0.4827586206896552
act/27	mean	proj	3	10	True	False	asc	1	0.10344827586206896	0.3793103448275862	0.10344827586206896	0.5517241379310345
act/27	mean	proj	4	19	True	True	asc	1	0.10344827586206896	0.3793103448275862	0.10344827586206896	0.6896551724137931
act/11	mean	proj	5	9	True	True	asc	1	0.0	0.27586206896551724	0.10344827586206896	0.5862068965517241
act/11	mean	proj	5	9	True	False	asc	1	0.0	0.27586206896551724	0.10344827586206896	0.6206896551724138
act/11	mean	proj	5	10	True	True	asc	1	0.034482758620689655	0.3448275862068966	0.10344827586206896	0.4827586206896552
act/27	mean	proj	4	20	True	False	asc	1	0.10344827586206896	0.41379310344827586	0.10344827586206896	0.6206896551724138
act/27	mean	proj	3	13	True	True	asc	1	0.10344827586206896	0.4827586206896552	0.10344827586206896	0.5517241379310345
act/27	mean	proj	3	14	True	True	asc	1	0.10344827586206896	0.4827586206896552	0.10344827586206896	0.5517241379310345
act/27	mean	proj	3	14	True	False	asc	1	0.10344827586206896	0.4827586206896552	0.10344827586206896	0.6896551724137931
act/27	mean	proj	3	10	True	True	asc	1	0.10344827586206896	0.4482758620689655	0.10344827586206896	0.5517241379310345
act/31	mean	proj	12	15	True	True	asc	1	0.06896551724137931	0.3793103448275862	0.10344827586206896	0.6206896551724138
act/31	mean	proj	12	15	True	False	asc	1	0.06896551724137931	0.3793103448275862	0.10344827586206896	0.6206896551724138
act/31	mean	proj	10	16	True	True	asc	1	0.13793103448275862	0.3793103448275862	0.10344827586206896	0.5862068965517241
act/31	mean	proj	10	16	True	False	asc	1	0.13793103448275862	0.3793103448275862	0.10344827586206896	0.5862068965517241
act/19	mean	proj	5	12	True	True	asc	1	0.10344827586206896	0.4482758620689655	0.10344827586206896	0.6551724137931034
act/31	mean	proj	10	19	True	True	asc	1	0.13793103448275862	0.5172413793103449	0.10344827586206896	0.4482758620689655
act/31	mean	proj	10	19	True	False	asc	1	0.13793103448275862	0.5172413793103449	0.10344827586206896	0.4482758620689655
act/27	mean	proj	6	17	True	True	asc	1	0.06896551724137931	0.41379310344827586	0.10344827586206896	0.6206896551724138
act/27	mean	proj	0	11	False	False	asc	1	0.1724137931034483	0.5862068965517241	0.10344827586206896	0.4827586206896552
act/27	mean	proj	3	19	True	True	asc	1	0.10344827586206896	0.4827586206896552	0.10344827586206896	0.6206896551724138
act/27	mean	proj	3	15	True	False	asc	1	0.10344827586206896	0.4482758620689655	0.10344827586206896	0.6206896551724138
embed	mean	proj	1	14	False	False	asc	1	0.034482758620689655	0.4827586206896552	0.10344827586206896	0.5172413793103449
embed	mean	proj	1	15	False	False	asc	1	0.06896551724137931	0.5862068965517241	0.10344827586206896	0.5172413793103449
embed	mean	proj	2	10	False	False	asc	1	0.034482758620689655	0.4482758620689655	0.10344827586206896	0.4482758620689655
act/31	mean	proj	12	14	True	True	asc	1	0.06896551724137931	0.3793103448275862	0.10344827586206896	0.5517241379310345
act/31	mean	proj	12	14	True	False	asc	1	0.06896551724137931	0.3793103448275862	0.10344827586206896	0.5517241379310345
embed	mean	proj	15	19	False	True	asc	1	0.1724137931034483	0.4827586206896552	0.10344827586206896	0.4482758620689655
embed	mean	proj	15	19	False	False	asc	1	0.1724137931034483	0.4827586206896552	0.10344827586206896	0.4482758620689655
embed	mean	proj	17	18	False	True	asc	1	0.06896551724137931	0.3448275862068966	0.10344827586206896	0.5517241379310345
embed	mean	proj	17	18	False	False	asc	1	0.06896551724137931	0.3448275862068966	0.10344827586206896	0.5517241379310345
embed	mean	proj	17	19	False	True	asc	1	0.034482758620689655	0.41379310344827586	0.10344827586206896	0.4827586206896552
embed	mean	proj	17	19	False	False	asc	1	0.034482758620689655	0.41379310344827586	0.10344827586206896	0.4827586206896552
embed	mean	proj	19	20	False	True	asc	1	0.1724137931034483	0.3448275862068966	0.10344827586206896	0.41379310344827586
act/27	mean	proj	9	19	True	False	asc	1	0.10344827586206896	0.4827586206896552	0.10344827586206896	0.5172413793103449
act/31	mean	proj	10	17	True	True	asc	1	0.13793103448275862	0.4482758620689655	0.10344827586206896	0.5862068965517241
act/31	mean	proj	10	17	True	False	asc	1	0.13793103448275862	0.4482758620689655	0.10344827586206896	0.5517241379310345
act/19	mean	proj	6	12	True	True	asc	1	0.13793103448275862	0.4827586206896552	0.10344827586206896	0.6551724137931034
act/19	mean	proj	6	12	True	False	asc	1	0.13793103448275862	0.4482758620689655	0.10344827586206896	0.6551724137931034
act/19	mean	proj	6	13	True	False	asc	1	0.06896551724137931	0.3793103448275862	0.10344827586206896	0.6551724137931034
embed	mean	proj	15	17	False	False	asc	1	0.06896551724137931	0.4827586206896552	0.10344827586206896	0.4482758620689655
embed	mean	proj	16	20	False	False	asc	1	0.06896551724137931	0.3448275862068966	0.10344827586206896	0.2413793103448276
act/27	mean	proj	12	14	True	True	asc	1	0.034482758620689655	0.4482758620689655	0.10344827586206896	0.4827586206896552
act/11	mean	proj	3	6	True	False	asc	1	0.034482758620689655	0.2413793103448276	0.10344827586206896	0.5172413793103449
act/11	mean	proj	3	7	True	True	asc	1	0.034482758620689655	0.1724137931034483	0.10344827586206896	0.4827586206896552
act/11	mean	proj	3	7	True	False	asc	1	0.034482758620689655	0.13793103448275862	0.10344827586206896	0.4827586206896552
embed	mean	proj	9	13	False	True	asc	1	0.06896551724137931	0.27586206896551724	0.10344827586206896	0.4827586206896552
act/27	mean	proj	9	18	True	True	asc	1	0.06896551724137931	0.3793103448275862	0.10344827586206896	0.5517241379310345
act/27	mean	proj	9	18	True	False	asc	1	0.06896551724137931	0.3793103448275862	0.10344827586206896	0.5517241379310345
act/27	mean	proj	9	19	True	True	asc	1	0.06896551724137931	0.4827586206896552	0.10344827586206896	0.5862068965517241
embed	mean	proj	8	15	False	False	asc	1	0.10344827586206896	0.3793103448275862	0.10344827586206896	0.4482758620689655
act/27	mean	proj	10	16	True	True	asc	1	0.06896551724137931	0.4482758620689655	0.10344827586206896	0.6206896551724138
act/27	mean	proj	10	16	True	False	asc	1	0.10344827586206896	0.4482758620689655	0.10344827586206896	0.5862068965517241
act/27	mean	proj	10	18	True	True	asc	1	0.10344827586206896	0.4827586206896552	0.10344827586206896	0.5517241379310345
act/27	mean	proj	10	18	True	False	asc	1	0.10344827586206896	0.4827586206896552	0.10344827586206896	0.5517241379310345
act/27	mean	proj	11	18	True	True	asc	1	0.06896551724137931	0.5172413793103449	0.10344827586206896	0.5862068965517241
act/27	mean	proj	11	18	True	False	asc	1	0.06896551724137931	0.5172413793103449	0.10344827586206896	0.5517241379310345
act/27	mean	proj	10	15	True	True	asc	1	0.06896551724137931	0.41379310344827586	0.10344827586206896	0.6896551724137931
act/11	mean	proj	3	6	True	True	asc	1	0.034482758620689655	0.2413793103448276	0.10344827586206896	0.5172413793103449
act/31_normed	mean	proj	2	18	False	False	asc	1	0.06896551724137931	0.27586206896551724	0.10344827586206896	0.5172413793103449
act/31_normed	mean	proj	2	19	False	True	asc	1	0.10344827586206896	0.3103448275862069	0.10344827586206896	0.5172413793103449
act/15	mean	proj	11	12	True	True	asc	1	0.034482758620689655	0.3448275862068966	0.10344827586206896	0.5172413793103449
act/15	mean	proj	11	12	True	False	asc	1	0.034482758620689655	0.3448275862068966	0.10344827586206896	0.5172413793103449
act/31_normed	mean	proj	2	7	False	True	asc	1	0.13793103448275862	0.5172413793103449	0.10344827586206896	0.4482758620689655
act/31_normed	mean	proj	2	9	False	False	asc	1	0.06896551724137931	0.2413793103448276	0.10344827586206896	0.3793103448275862
act/31_normed	mean	proj	2	10	False	False	asc	1	0.06896551724137931	0.1724137931034483	0.10344827586206896	0.3103448275862069
act/31_normed	mean	proj	2	11	False	True	asc	1	0.10344827586206896	0.20689655172413793	0.10344827586206896	0.4827586206896552
act/27	mean	proj	12	18	True	False	asc	1	0.10344827586206896	0.5517241379310345	0.10344827586206896	0.4827586206896552
act/15	mean	proj	7	10	True	True	asc	1	0.034482758620689655	0.3793103448275862	0.10344827586206896	0.4827586206896552
act/31_normed	mean	proj	2	20	False	False	asc	1	0.06896551724137931	0.27586206896551724	0.10344827586206896	0.5172413793103449
act/31_normed	mean	proj	2	16	False	True	asc	1	0.10344827586206896	0.27586206896551724	0.10344827586206896	0.4827586206896552
act/31_normed	mean	proj	2	16	False	False	asc	1	0.06896551724137931	0.20689655172413793	0.10344827586206896	0.5172413793103449
act/31_normed	mean	proj	2	17	False	True	asc	1	0.10344827586206896	0.27586206896551724	0.10344827586206896	0.4827586206896552
act/31_normed	mean	proj	2	17	False	False	asc	1	0.06896551724137931	0.20689655172413793	0.10344827586206896	0.4827586206896552
act/31_normed	mean	proj	2	18	False	True	asc	1	0.10344827586206896	0.3103448275862069	0.10344827586206896	0.5172413793103449
embed	mean	proj	12	15	False	False	asc	1	0.10344827586206896	0.4482758620689655	0.10344827586206896	0.3793103448275862
act/27	mean	proj	10	15	True	False	asc	1	0.10344827586206896	0.3793103448275862	0.10344827586206896	0.6551724137931034
act/27	mean	proj	12	14	True	False	asc	1	0.034482758620689655	0.4482758620689655	0.10344827586206896	0.5172413793103449
embed	mean	proj	11	15	False	True	asc	1	0.10344827586206896	0.4827586206896552	0.10344827586206896	0.41379310344827586
embed	mean	proj	11	15	False	False	asc	1	0.10344827586206896	0.4827586206896552	0.10344827586206896	0.41379310344827586
embed	mean	proj	16	20	False	True	asc	1	0.06896551724137931	0.3448275862068966	0.10344827586206896	0.27586206896551724
embed	mean	proj	15	17	False	True	asc	1	0.06896551724137931	0.4827586206896552	0.10344827586206896	0.4482758620689655
act/27	mean	proj	12	18	True	True	asc	1	0.10344827586206896	0.5517241379310345	0.10344827586206896	0.4827586206896552
act/27	mean	proj	9	20	True	False	asc	1	0.06896551724137931	0.3103448275862069	0.10344827586206896	0.5517241379310345
act/27	mean	proj	9	17	True	True	asc	1	0.06896551724137931	0.3103448275862069	0.10344827586206896	0.6206896551724138
embed	mean	proj	9	16	False	True	asc	1	0.13793103448275862	0.4827586206896552	0.10344827586206896	0.41379310344827586
embed	mean	proj	10	12	False	True	asc	1	0.06896551724137931	0.3448275862068966	0.10344827586206896	0.5172413793103449
embed	mean	proj	10	12	False	False	asc	1	0.06896551724137931	0.3448275862068966	0.10344827586206896	0.5172413793103449
act/19	mean	proj	7	9	True	False	asc	1	0.10344827586206896	0.3448275862068966	0.10344827586206896	0.4482758620689655
act/19	mean	proj	7	10	True	True	asc	1	0.10344827586206896	0.3103448275862069	0.10344827586206896	0.4482758620689655
act/19	mean	proj	7	10	True	False	asc	1	0.10344827586206896	0.3448275862068966	0.10344827586206896	0.4482758620689655
act/11	mean	proj	0	11	True	False	asc	1	0.06896551724137931	0.3103448275862069	0.06896551724137931	0.3448275862068966
embed	mean	proj	12	15	False	True	asc	1	0.06896551724137931	0.41379310344827586	0.06896551724137931	0.3793103448275862
embed	mean	proj	11	19	False	True	asc	1	0.13793103448275862	0.5517241379310345	0.06896551724137931	0.3448275862068966
embed	mean	proj	11	19	False	False	asc	1	0.13793103448275862	0.5517241379310345	0.06896551724137931	0.3448275862068966
embed	mean	proj	11	20	False	True	asc	1	0.1724137931034483	0.5862068965517241	0.06896551724137931	0.3793103448275862
embed	mean	proj	11	20	False	False	asc	1	0.1724137931034483	0.5517241379310345	0.06896551724137931	0.3793103448275862
embed	mean	proj	12	14	False	True	asc	1	0.06896551724137931	0.3103448275862069	0.06896551724137931	0.5517241379310345
embed	mean	proj	12	14	False	False	asc	1	0.06896551724137931	0.3103448275862069	0.06896551724137931	0.5517241379310345
embed	mean	proj	11	16	False	True	asc	1	0.13793103448275862	0.4827586206896552	0.06896551724137931	0.3793103448275862
embed	mean	proj	11	16	False	False	asc	1	0.13793103448275862	0.5172413793103449	0.06896551724137931	0.3793103448275862
embed	mean	proj	10	20	False	True	asc	1	0.13793103448275862	0.41379310344827586	0.06896551724137931	0.3103448275862069
embed	mean	proj	10	20	False	False	asc	1	0.1724137931034483	0.4482758620689655	0.06896551724137931	0.3103448275862069
embed	mean	proj	11	13	False	True	asc	1	0.034482758620689655	0.3793103448275862	0.06896551724137931	0.6551724137931034
embed	mean	proj	11	13	False	False	asc	1	0.034482758620689655	0.3793103448275862	0.06896551724137931	0.6551724137931034
embed	mean	proj	10	16	False	True	asc	1	0.13793103448275862	0.3448275862068966	0.06896551724137931	0.41379310344827586
embed	mean	proj	10	17	False	True	asc	1	0.13793103448275862	0.4482758620689655	0.06896551724137931	0.3793103448275862
embed	mean	proj	10	18	False	True	asc	1	0.13793103448275862	0.4482758620689655	0.06896551724137931	0.3448275862068966
embed	mean	proj	10	18	False	False	asc	1	0.1724137931034483	0.4827586206896552	0.06896551724137931	0.3448275862068966
act/27	mean	proj	12	17	True	True	asc	1	0.06896551724137931	0.4827586206896552	0.06896551724137931	0.4482758620689655
act/27	mean	proj	12	17	True	False	asc	1	0.06896551724137931	0.5172413793103449	0.06896551724137931	0.4482758620689655
embed	mean	proj	15	20	False	True	asc	1	0.13793103448275862	0.4827586206896552	0.06896551724137931	0.4827586206896552
embed	mean	proj	15	20	False	False	asc	1	0.13793103448275862	0.4827586206896552	0.06896551724137931	0.4827586206896552
embed	mean	proj	14	19	False	True	asc	1	0.1724137931034483	0.5517241379310345	0.06896551724137931	0.41379310344827586
embed	mean	proj	14	19	False	False	asc	1	0.1724137931034483	0.5517241379310345	0.06896551724137931	0.4482758620689655
embed	mean	proj	15	16	False	True	asc	1	0.034482758620689655	0.2413793103448276	0.06896551724137931	0.4827586206896552
embed	mean	proj	15	16	False	False	asc	1	0.034482758620689655	0.2413793103448276	0.06896551724137931	0.4827586206896552
embed	mean	proj	12	19	False	False	asc	1	0.13793103448275862	0.4827586206896552	0.06896551724137931	0.3448275862068966
act/19	mean	proj	8	10	True	True	asc	1	0.06896551724137931	0.4482758620689655	0.06896551724137931	0.5172413793103449
act/11	mean	proj	2	8	True	True	asc	1	0.06896551724137931	0.3448275862068966	0.06896551724137931	0.5517241379310345
act/11	mean	proj	2	9	True	True	asc	1	0.06896551724137931	0.2413793103448276	0.06896551724137931	0.5172413793103449
act/11	mean	proj	2	4	True	True	asc	1	0.034482758620689655	0.3448275862068966	0.06896551724137931	0.5172413793103449
act/11	mean	proj	2	4	True	False	asc	1	0.034482758620689655	0.27586206896551724	0.06896551724137931	0.5172413793103449
act/11	mean	proj	2	5	True	False	asc	1	0.034482758620689655	0.5172413793103449	0.06896551724137931	0.6206896551724138
act/11	mean	proj	2	6	True	False	asc	1	0.06896551724137931	0.41379310344827586	0.06896551724137931	0.5862068965517241
act/11	mean	proj	2	7	True	True	asc	1	0.06896551724137931	0.3793103448275862	0.06896551724137931	0.5862068965517241
act/11	mean	proj	2	7	True	False	asc	1	0.10344827586206896	0.3103448275862069	0.06896551724137931	0.5862068965517241
embed	mean	proj	8	16	False	False	asc	1	0.10344827586206896	0.41379310344827586	0.06896551724137931	0.41379310344827586
act/27	mean	proj	9	20	True	True	asc	1	0.034482758620689655	0.3448275862068966	0.06896551724137931	0.5862068965517241
embed	mean	proj	10	19	False	True	asc	1	0.13793103448275862	0.4827586206896552	0.06896551724137931	0.3103448275862069
embed	mean	proj	10	19	False	False	asc	1	0.1724137931034483	0.5172413793103449	0.06896551724137931	0.3103448275862069
embed	mean	proj	10	14	False	True	asc	1	0.10344827586206896	0.3103448275862069	0.06896551724137931	0.4827586206896552
embed	mean	proj	10	14	False	False	asc	1	0.10344827586206896	0.3103448275862069	0.06896551724137931	0.4827586206896552
embed	mean	proj	10	15	False	True	asc	1	0.10344827586206896	0.3103448275862069	0.06896551724137931	0.41379310344827586
embed	mean	proj	10	15	False	False	asc	1	0.10344827586206896	0.3103448275862069	0.06896551724137931	0.41379310344827586
act/11	mean	proj	3	9	True	False	asc	1	0.034482758620689655	0.3103448275862069	0.06896551724137931	0.4482758620689655
act/11	mean	proj	3	10	True	True	asc	1	0.034482758620689655	0.3103448275862069	0.06896551724137931	0.5172413793103449
act/11	mean	proj	3	10	True	False	asc	1	0.034482758620689655	0.27586206896551724	0.06896551724137931	0.4827586206896552
embed	mean	proj	8	13	False	True	asc	1	0.10344827586206896	0.3448275862068966	0.06896551724137931	0.5517241379310345
embed	mean	proj	8	13	False	False	asc	1	0.10344827586206896	0.3793103448275862	0.06896551724137931	0.5517241379310345
embed	mean	proj	8	14	False	True	asc	1	0.10344827586206896	0.3793103448275862	0.06896551724137931	0.5172413793103449
embed	mean	proj	8	14	False	False	asc	1	0.10344827586206896	0.3448275862068966	0.06896551724137931	0.5172413793103449
embed	mean	proj	8	15	False	True	asc	1	0.10344827586206896	0.41379310344827586	0.06896551724137931	0.4482758620689655
embed	mean	proj	8	19	False	False	asc	1	0.06896551724137931	0.41379310344827586	0.06896551724137931	0.3448275862068966
embed	mean	proj	8	20	False	False	asc	1	0.10344827586206896	0.3793103448275862	0.06896551724137931	0.3793103448275862
act/11	mean	proj	3	11	True	True	asc	1	0.034482758620689655	0.3103448275862069	0.06896551724137931	0.5517241379310345
act/11	mean	proj	3	11	True	False	asc	1	0.06896551724137931	0.3103448275862069	0.06896551724137931	0.5517241379310345
act/11	mean	proj	3	12	True	True	asc	1	0.034482758620689655	0.2413793103448276	0.06896551724137931	0.5172413793103449
act/11	mean	proj	3	13	True	True	asc	1	0.034482758620689655	0.3448275862068966	0.06896551724137931	0.5172413793103449
act/11	mean	proj	3	8	True	True	asc	1	0.034482758620689655	0.2413793103448276	0.06896551724137931	0.5172413793103449
act/11	mean	proj	3	9	True	True	asc	1	0.034482758620689655	0.3448275862068966	0.06896551724137931	0.4482758620689655
act/31	mean	proj	16	18	True	False	asc	1	0.1724137931034483	0.3448275862068966	0.06896551724137931	0.41379310344827586
act/31	mean	proj	14	19	True	True	asc	1	0.1724137931034483	0.41379310344827586	0.06896551724137931	0.5517241379310345
act/31	mean	proj	14	19	True	False	asc	1	0.1724137931034483	0.41379310344827586	0.06896551724137931	0.5517241379310345
act/19	mean	proj	4	15	True	True	asc	1	0.06896551724137931	0.27586206896551724	0.06896551724137931	0.5172413793103449
act/19	mean	proj	4	15	True	False	asc	1	0.10344827586206896	0.3103448275862069	0.06896551724137931	0.5517241379310345
act/19	mean	proj	4	16	True	True	asc	1	0.06896551724137931	0.2413793103448276	0.06896551724137931	0.5517241379310345
act/19	mean	proj	4	17	True	True	asc	1	0.06896551724137931	0.2413793103448276	0.06896551724137931	0.5517241379310345
act/19	mean	proj	4	10	True	False	asc	1	0.034482758620689655	0.2413793103448276	0.06896551724137931	0.41379310344827586
act/19	mean	proj	3	18	True	True	asc	1	0.10344827586206896	0.3793103448275862	0.06896551724137931	0.6206896551724138
act/19	mean	proj	3	18	True	False	asc	1	0.10344827586206896	0.3448275862068966	0.06896551724137931	0.6206896551724138
act/19	mean	proj	3	14	True	False	asc	1	0.10344827586206896	0.41379310344827586	0.06896551724137931	0.6206896551724138
act/19	mean	proj	3	10	True	False	asc	1	0.10344827586206896	0.3103448275862069	0.06896551724137931	0.5172413793103449
act/31	mean	proj	17	19	True	True	asc	1	0.10344827586206896	0.3793103448275862	0.06896551724137931	0.4482758620689655
act/31	mean	proj	17	19	True	False	asc	1	0.10344827586206896	0.3793103448275862	0.06896551724137931	0.4482758620689655
act/31	mean	proj	18	19	True	True	asc	1	0.06896551724137931	0.41379310344827586	0.06896551724137931	0.5172413793103449
act/31	mean	proj	18	19	True	False	asc	1	0.06896551724137931	0.41379310344827586	0.06896551724137931	0.5172413793103449
act/19	mean	proj	10	17	True	False	asc	1	0.06896551724137931	0.3103448275862069	0.06896551724137931	0.5517241379310345
act/19	mean	proj	10	11	True	True	asc	1	0.06896551724137931	0.41379310344827586	0.06896551724137931	0.41379310344827586
act/19	mean	proj	10	11	True	False	asc	1	0.06896551724137931	0.41379310344827586	0.06896551724137931	0.41379310344827586
act/19	mean	proj	3	15	True	False	asc	1	0.10344827586206896	0.4482758620689655	0.06896551724137931	0.5517241379310345
act/19	mean	proj	3	16	True	True	asc	1	0.10344827586206896	0.3793103448275862	0.06896551724137931	0.5862068965517241
act/19	mean	proj	3	16	True	False	asc	1	0.10344827586206896	0.3448275862068966	0.06896551724137931	0.6206896551724138
act/19	mean	proj	3	17	True	True	asc	1	0.10344827586206896	0.3793103448275862	0.06896551724137931	0.5862068965517241
act/19	mean	proj	3	17	True	False	asc	1	0.10344827586206896	0.3793103448275862	0.06896551724137931	0.6206896551724138
act/31	mean	proj	11	19	True	True	asc	1	0.13793103448275862	0.4482758620689655	0.06896551724137931	0.41379310344827586
act/31	mean	proj	11	19	True	False	asc	1	0.13793103448275862	0.4482758620689655	0.06896551724137931	0.41379310344827586
act/31	mean	proj	11	15	True	True	asc	1	0.10344827586206896	0.3103448275862069	0.06896551724137931	0.6551724137931034
act/31	mean	proj	11	15	True	False	asc	1	0.10344827586206896	0.3103448275862069	0.06896551724137931	0.5862068965517241
act/31	mean	proj	11	18	True	True	asc	1	0.10344827586206896	0.3793103448275862	0.06896551724137931	0.4482758620689655
act/31	mean	proj	11	18	True	False	asc	1	0.1724137931034483	0.41379310344827586	0.06896551724137931	0.4482758620689655
act/19	mean	proj	11	13	True	True	asc	1	0.034482758620689655	0.20689655172413793	0.06896551724137931	0.5517241379310345
act/19	mean	proj	11	13	True	False	asc	1	0.034482758620689655	0.20689655172413793	0.06896551724137931	0.5517241379310345
act/31	mean	proj	9	15	True	True	asc	1	0.034482758620689655	0.3448275862068966	0.06896551724137931	0.7241379310344828
act/19	mean	proj	1	14	True	True	asc	1	0.20689655172413793	0.4827586206896552	0.06896551724137931	0.6206896551724138
act/19	mean	proj	1	14	True	False	asc	1	0.10344827586206896	0.4827586206896552	0.06896551724137931	0.6206896551724138
act/19	mean	proj	1	15	True	True	asc	1	0.20689655172413793	0.4827586206896552	0.06896551724137931	0.6206896551724138
act/19	mean	proj	1	15	True	False	asc	1	0.13793103448275862	0.4827586206896552	0.06896551724137931	0.6206896551724138
act/19	mean	proj	1	16	True	False	asc	1	0.1724137931034483	0.4827586206896552	0.06896551724137931	0.6206896551724138
act/19	mean	proj	1	17	True	True	asc	1	0.1724137931034483	0.4827586206896552	0.06896551724137931	0.6206896551724138
act/19	mean	proj	1	17	True	False	asc	1	0.1724137931034483	0.4827586206896552	0.06896551724137931	0.6206896551724138
act/31	mean	proj	10	14	True	True	asc	1	0.06896551724137931	0.3103448275862069	0.06896551724137931	0.6896551724137931
act/31	mean	proj	10	14	True	False	asc	1	0.06896551724137931	0.3103448275862069	0.06896551724137931	0.6551724137931034
act/31	mean	proj	9	18	True	True	asc	1	0.06896551724137931	0.3793103448275862	0.06896551724137931	0.5517241379310345
act/31	mean	proj	9	18	True	False	asc	1	0.10344827586206896	0.41379310344827586	0.06896551724137931	0.5172413793103449
act/31	mean	proj	9	20	True	True	asc	1	0.13793103448275862	0.5517241379310345	0.06896551724137931	0.5172413793103449
act/31	mean	proj	9	20	True	False	asc	1	0.13793103448275862	0.5172413793103449	0.06896551724137931	0.5172413793103449
act/31	mean	proj	9	14	True	True	asc	1	0.034482758620689655	0.3448275862068966	0.06896551724137931	0.5862068965517241
act/31	mean	proj	9	14	True	False	asc	1	0.034482758620689655	0.3448275862068966	0.06896551724137931	0.5862068965517241
act/19	mean	proj	12	15	True	False	asc	1	0.06896551724137931	0.27586206896551724	0.06896551724137931	0.6551724137931034
act/19	mean	proj	12	16	True	True	asc	1	0.06896551724137931	0.3448275862068966	0.06896551724137931	0.5517241379310345
act/19	mean	proj	12	16	True	False	asc	1	0.06896551724137931	0.3448275862068966	0.06896551724137931	0.5517241379310345
act/19	mean	proj	12	17	True	True	asc	1	0.06896551724137931	0.27586206896551724	0.06896551724137931	0.6206896551724138
act/19	mean	proj	12	17	True	False	asc	1	0.10344827586206896	0.3103448275862069	0.06896551724137931	0.6206896551724138
act/19	mean	proj	11	19	True	True	asc	1	0.06896551724137931	0.3793103448275862	0.06896551724137931	0.6551724137931034
act/19	mean	proj	11	19	True	False	asc	1	0.06896551724137931	0.3793103448275862	0.06896551724137931	0.6551724137931034
act/19	mean	proj	11	20	True	True	asc	1	0.06896551724137931	0.3793103448275862	0.06896551724137931	0.5862068965517241
act/19	mean	proj	3	19	True	True	asc	1	0.10344827586206896	0.3448275862068966	0.06896551724137931	0.6206896551724138
act/19	mean	proj	3	20	True	True	asc	1	0.10344827586206896	0.3448275862068966	0.06896551724137931	0.6206896551724138
act/19	mean	proj	4	5	True	True	asc	1	0.034482758620689655	0.27586206896551724	0.06896551724137931	0.3793103448275862
act/19	mean	proj	2	7	True	False	asc	1	0.06896551724137931	0.41379310344827586	0.06896551724137931	0.4827586206896552
act/31	mean	proj	19	20	True	True	asc	1	0.13793103448275862	0.4827586206896552	0.06896551724137931	0.3793103448275862
act/31	mean	proj	19	20	True	False	asc	1	0.13793103448275862	0.4827586206896552	0.06896551724137931	0.3793103448275862
act/19	mean	proj	3	15	True	True	asc	1	0.10344827586206896	0.3793103448275862	0.06896551724137931	0.5517241379310345
act/19	mean	proj	12	15	True	True	asc	1	0.06896551724137931	0.27586206896551724	0.06896551724137931	0.6551724137931034
act/19	mean	proj	13	18	True	False	asc	1	0.10344827586206896	0.4827586206896552	0.06896551724137931	0.4827586206896552
act/19	mean	proj	13	19	True	False	asc	1	0.10344827586206896	0.4482758620689655	0.06896551724137931	0.6551724137931034
act/19	mean	proj	0	18	True	True	asc	1	0.13793103448275862	0.27586206896551724	0.06896551724137931	0.3448275862068966
act/19	mean	proj	0	19	True	True	asc	1	0.13793103448275862	0.27586206896551724	0.06896551724137931	0.3448275862068966
act/19	mean	proj	0	20	True	True	asc	1	0.13793103448275862	0.27586206896551724	0.06896551724137931	0.3448275862068966
act/19	mean	proj	0	13	True	True	asc	1	0.13793103448275862	0.27586206896551724	0.06896551724137931	0.3103448275862069
act/19	mean	proj	0	14	True	True	asc	1	0.13793103448275862	0.27586206896551724	0.06896551724137931	0.3448275862068966
act/19	mean	proj	0	15	True	True	asc	1	0.13793103448275862	0.27586206896551724	0.06896551724137931	0.3448275862068966
act/31	mean	proj	9	12	True	True	asc	1	0.06896551724137931	0.41379310344827586	0.06896551724137931	0.5517241379310345
act/31	mean	proj	9	12	True	False	asc	1	0.06896551724137931	0.41379310344827586	0.06896551724137931	0.5517241379310345
act/31	mean	proj	9	13	True	True	asc	1	0.06896551724137931	0.4827586206896552	0.06896551724137931	0.5517241379310345
act/31	mean	proj	9	13	True	False	asc	1	0.034482758620689655	0.4482758620689655	0.06896551724137931	0.5862068965517241
act/19	mean	proj	14	18	True	True	asc	1	0.13793103448275862	0.4827586206896552	0.06896551724137931	0.5517241379310345
act/19	mean	proj	14	16	True	True	asc	1	0.06896551724137931	0.4827586206896552	0.06896551724137931	0.5172413793103449
act/19	mean	proj	14	16	True	False	asc	1	0.06896551724137931	0.4827586206896552	0.06896551724137931	0.5172413793103449
act/19	mean	proj	13	18	True	True	asc	1	0.10344827586206896	0.4827586206896552	0.06896551724137931	0.4827586206896552
act/19	mean	proj	2	9	True	False	asc	1	0.034482758620689655	0.27586206896551724	0.06896551724137931	0.41379310344827586
act/19	mean	proj	2	10	True	False	asc	1	0.06896551724137931	0.27586206896551724	0.06896551724137931	0.41379310344827586
act/19	mean	proj	2	11	True	True	asc	1	0.10344827586206896	0.3103448275862069	0.06896551724137931	0.4827586206896552
act/19	mean	proj	2	11	True	False	asc	1	0.06896551724137931	0.2413793103448276	0.06896551724137931	0.5172413793103449
act/19	mean	proj	2	4	True	True	asc	1	0.06896551724137931	0.41379310344827586	0.06896551724137931	0.5862068965517241
act/19	mean	proj	2	4	True	False	asc	1	0.06896551724137931	0.4482758620689655	0.06896551724137931	0.6206896551724138
act/31	mean	proj	9	11	True	True	asc	1	0.06896551724137931	0.3448275862068966	0.06896551724137931	0.5862068965517241
act/31	mean	proj	9	11	True	False	asc	1	0.06896551724137931	0.3448275862068966	0.06896551724137931	0.5862068965517241
act/19	mean	proj	1	12	True	False	asc	1	0.13793103448275862	0.4827586206896552	0.06896551724137931	0.6206896551724138
act/19	mean	proj	1	13	True	True	asc	1	0.20689655172413793	0.4827586206896552	0.06896551724137931	0.6206896551724138
act/19	mean	proj	1	13	True	False	asc	1	0.13793103448275862	0.4827586206896552	0.06896551724137931	0.6206896551724138
act/19	mean	proj	1	6	True	True	asc	1	0.13793103448275862	0.4482758620689655	0.06896551724137931	0.6206896551724138
act/19	mean	proj	1	7	True	True	asc	1	0.1724137931034483	0.41379310344827586	0.06896551724137931	0.5517241379310345
act/19	mean	proj	1	7	True	False	asc	1	0.13793103448275862	0.4482758620689655	0.06896551724137931	0.5517241379310345
act/19	mean	proj	2	18	True	True	asc	1	0.06896551724137931	0.2413793103448276	0.06896551724137931	0.5172413793103449
act/19	mean	proj	2	8	True	False	asc	1	0.06896551724137931	0.3793103448275862	0.06896551724137931	0.5517241379310345
act/19	mean	proj	0	7	True	False	asc	1	0.10344827586206896	0.27586206896551724	0.06896551724137931	0.3448275862068966
act/19	mean	proj	0	8	True	True	asc	1	0.13793103448275862	0.27586206896551724	0.06896551724137931	0.3103448275862069
act/19	mean	proj	0	3	True	False	asc	1	0.13793103448275862	0.3103448275862069	0.06896551724137931	0.27586206896551724
act/19	mean	proj	0	4	True	True	asc	1	0.10344827586206896	0.27586206896551724	0.06896551724137931	0.3448275862068966
act/19	mean	proj	0	4	True	False	asc	1	0.10344827586206896	0.27586206896551724	0.06896551724137931	0.3103448275862069
act/15	mean	proj	18	20	False	True	asc	1	0.13793103448275862	0.20689655172413793	0.06896551724137931	0.3448275862068966
act/15	mean	proj	18	20	False	False	asc	1	0.13793103448275862	0.20689655172413793	0.06896551724137931	0.3448275862068966
act/15	mean	norm_l2	0	0	True	False	asc	1	0.06896551724137931	0.3103448275862069	0.06896551724137931	0.41379310344827586
act/31	mean	proj	8	19	True	True	asc	1	0.06896551724137931	0.3448275862068966	0.06896551724137931	0.4827586206896552
act/31	mean	proj	8	19	True	False	asc	1	0.10344827586206896	0.3793103448275862	0.06896551724137931	0.5172413793103449
act/31	mean	proj	8	14	True	True	asc	1	0.06896551724137931	0.3793103448275862	0.06896551724137931	0.5862068965517241
act/31	mean	proj	8	14	True	False	asc	1	0.06896551724137931	0.3793103448275862	0.06896551724137931	0.5862068965517241
act/31	mean	proj	8	15	True	True	asc	1	0.06896551724137931	0.3103448275862069	0.06896551724137931	0.6206896551724138
act/31	mean	proj	8	15	True	False	asc	1	0.06896551724137931	0.3103448275862069	0.06896551724137931	0.6206896551724138
act/31	mean	proj	8	16	True	True	asc	1	0.10344827586206896	0.3448275862068966	0.06896551724137931	0.6551724137931034
act/19	mean	proj	0	7	True	True	asc	1	0.10344827586206896	0.27586206896551724	0.06896551724137931	0.3448275862068966
act/19	mean	proj	1	18	True	True	asc	1	0.20689655172413793	0.4827586206896552	0.06896551724137931	0.6206896551724138
act/19	mean	proj	1	18	True	False	asc	1	0.1724137931034483	0.4827586206896552	0.06896551724137931	0.6206896551724138
act/19	mean	proj	18	20	True	True	asc	1	0.034482758620689655	0.41379310344827586	0.06896551724137931	0.4827586206896552
act/19	mean	proj	18	20	True	False	asc	1	0.034482758620689655	0.41379310344827586	0.06896551724137931	0.4827586206896552
act/19	mean	proj	17	18	True	True	asc	1	0.20689655172413793	0.5862068965517241	0.06896551724137931	0.3448275862068966
act/19	mean	proj	17	18	True	False	asc	1	0.20689655172413793	0.5862068965517241	0.06896551724137931	0.3448275862068966
act/31	mean	proj	8	17	True	True	asc	1	0.10344827586206896	0.3448275862068966	0.06896551724137931	0.5862068965517241
act/31	mean	proj	8	17	True	False	asc	1	0.10344827586206896	0.3448275862068966	0.06896551724137931	0.5517241379310345
act/19	mean	proj	0	16	True	True	asc	1	0.13793103448275862	0.27586206896551724	0.06896551724137931	0.3448275862068966
act/19	mean	proj	0	9	True	True	asc	1	0.13793103448275862	0.27586206896551724	0.06896551724137931	0.3103448275862069
act/19	mean	proj	0	10	True	True	asc	1	0.13793103448275862	0.27586206896551724	0.06896551724137931	0.3103448275862069
act/19	mean	proj	0	11	True	True	asc	1	0.13793103448275862	0.27586206896551724	0.06896551724137931	0.3103448275862069
act/19	mean	proj	0	12	True	True	asc	1	0.13793103448275862	0.27586206896551724	0.06896551724137931	0.3103448275862069
act/31	mean	proj	1	4	False	True	asc	1	0.034482758620689655	0.3793103448275862	0.06896551724137931	0.4827586206896552
act/31	mean	proj	1	4	False	False	asc	1	0.10344827586206896	0.4827586206896552	0.06896551724137931	0.3793103448275862
act/31	mean	proj	1	6	False	False	asc	1	0.06896551724137931	0.3793103448275862	0.06896551724137931	0.3793103448275862
act/31	mean	proj	7	17	True	True	asc	1	0.06896551724137931	0.3103448275862069	0.06896551724137931	0.4482758620689655
act/31	mean	proj	7	17	True	False	asc	1	0.06896551724137931	0.3103448275862069	0.06896551724137931	0.41379310344827586
act/19	mean	proj	1	8	False	True	asc	1	0.10344827586206896	0.27586206896551724	0.06896551724137931	0.3448275862068966
act/19	mean	proj	1	8	False	False	asc	1	0.10344827586206896	0.27586206896551724	0.06896551724137931	0.3448275862068966
act/19	mean	proj	1	11	False	False	asc	1	0.10344827586206896	0.3103448275862069	0.06896551724137931	0.3103448275862069
act/19	mean	proj	1	4	False	True	asc	1	0.1724137931034483	0.27586206896551724	0.06896551724137931	0.3103448275862069
act/19	mean	proj	1	5	False	True	asc	1	0.10344827586206896	0.27586206896551724	0.06896551724137931	0.3448275862068966
act/19	mean	proj	1	5	False	False	asc	1	0.10344827586206896	0.27586206896551724	0.06896551724137931	0.3448275862068966
act/19	mean	proj	0	5	True	False	asc	1	0.10344827586206896	0.27586206896551724	0.06896551724137931	0.3103448275862069
act/19	mean	proj	0	6	True	True	asc	1	0.10344827586206896	0.27586206896551724	0.06896551724137931	0.3448275862068966
act/19	mean	proj	0	6	True	False	asc	1	0.10344827586206896	0.27586206896551724	0.06896551724137931	0.3448275862068966
act/31	mean	proj	8	16	True	False	asc	1	0.10344827586206896	0.3448275862068966	0.06896551724137931	0.5862068965517241
act/31	mean	proj	8	10	True	True	asc	1	0.034482758620689655	0.41379310344827586	0.06896551724137931	0.6206896551724138
act/31	mean	proj	8	10	True	False	asc	1	0.034482758620689655	0.41379310344827586	0.06896551724137931	0.6206896551724138
act/31	mean	proj	8	12	True	True	asc	1	0.10344827586206896	0.27586206896551724	0.06896551724137931	0.5172413793103449
act/31	mean	proj	8	12	True	False	asc	1	0.10344827586206896	0.27586206896551724	0.06896551724137931	0.5517241379310345
act/15	mean	proj	15	20	False	False	asc	1	0.06896551724137931	0.27586206896551724	0.06896551724137931	0.3793103448275862
act/15	mean	proj	15	16	False	True	asc	1	0.10344827586206896	0.3793103448275862	0.06896551724137931	0.3793103448275862
act/15	mean	proj	15	16	False	False	asc	1	0.10344827586206896	0.3793103448275862	0.06896551724137931	0.3793103448275862
act/31	mean	proj	6	11	False	False	asc	1	0.034482758620689655	0.27586206896551724	0.06896551724137931	0.4827586206896552
act/31	mean	proj	2	20	False	False	asc	1	0.10344827586206896	0.2413793103448276	0.06896551724137931	0.4827586206896552
act/31	mean	proj	2	16	False	False	asc	1	0.06896551724137931	0.13793103448275862	0.06896551724137931	0.4482758620689655
act/31	mean	proj	2	17	False	False	asc	1	0.06896551724137931	0.13793103448275862	0.06896551724137931	0.4482758620689655
act/19	mean	proj	0	5	True	True	asc	1	0.10344827586206896	0.27586206896551724	0.06896551724137931	0.3103448275862069
act/15	mean	norm_l2	0	0	False	False	asc	1	0.10344827586206896	0.4482758620689655	0.06896551724137931	0.4482758620689655
act/15	mean	proj	17	20	False	False	asc	1	0.10344827586206896	0.3448275862068966	0.06896551724137931	0.3793103448275862
act/31	mean	proj	2	9	False	False	asc	1	0.06896551724137931	0.1724137931034483	0.06896551724137931	0.3793103448275862
act/31	mean	proj	2	5	False	True	asc	1	0.06896551724137931	0.4827586206896552	0.06896551724137931	0.5172413793103449
act/19	mean	proj	1	3	True	True	asc	1	0.1724137931034483	0.5172413793103449	0.06896551724137931	0.5862068965517241
act/19	mean	proj	1	4	True	True	asc	1	0.13793103448275862	0.4482758620689655	0.06896551724137931	0.5862068965517241
act/19	mean	proj	1	4	True	False	asc	1	0.13793103448275862	0.4482758620689655	0.06896551724137931	0.6551724137931034
act/19	mean	proj	0	17	True	True	asc	1	0.13793103448275862	0.27586206896551724	0.06896551724137931	0.3448275862068966
act/19	mean	proj	2	11	False	False	asc	1	0.034482758620689655	0.3793103448275862	0.06896551724137931	0.5862068965517241
act/19	mean	proj	2	12	False	True	asc	1	0.034482758620689655	0.2413793103448276	0.06896551724137931	0.5862068965517241
act/19	mean	proj	2	13	False	True	asc	1	0.06896551724137931	0.3793103448275862	0.06896551724137931	0.5862068965517241
act/19	mean	proj	2	6	False	False	asc	1	0.034482758620689655	0.4482758620689655	0.06896551724137931	0.5172413793103449
act/19	mean	proj	2	9	False	True	asc	1	0.034482758620689655	0.3448275862068966	0.06896551724137931	0.5172413793103449
act/19	mean	proj	2	9	False	False	asc	1	0.034482758620689655	0.3793103448275862	0.06896551724137931	0.5862068965517241
act/19	mean	proj	2	4	False	False	asc	1	0.10344827586206896	0.3448275862068966	0.06896551724137931	0.3448275862068966
act/19	mean	proj	2	5	False	True	asc	1	0.034482758620689655	0.3103448275862069	0.06896551724137931	0.3793103448275862
act/31	mean	proj	6	17	True	False	asc	1	0.06896551724137931	0.3103448275862069	0.06896551724137931	0.4482758620689655
act/19	mean	proj	2	14	False	True	asc	1	0.06896551724137931	0.3448275862068966	0.06896551724137931	0.5862068965517241
act/19	mean	proj	2	15	False	True	asc	1	0.06896551724137931	0.3448275862068966	0.06896551724137931	0.5862068965517241
act/19	mean	proj	2	16	False	True	asc	1	0.06896551724137931	0.4482758620689655	0.06896551724137931	0.5862068965517241
act/19	mean	proj	2	17	False	True	asc	1	0.06896551724137931	0.4482758620689655	0.06896551724137931	0.5862068965517241
act/19	mean	proj	2	10	False	True	asc	1	0.034482758620689655	0.27586206896551724	0.06896551724137931	0.5172413793103449
act/19	mean	proj	2	10	False	False	asc	1	0.034482758620689655	0.41379310344827586	0.06896551724137931	0.5862068965517241
act/19	mean	proj	2	11	False	True	asc	1	0.034482758620689655	0.27586206896551724	0.06896551724137931	0.5172413793103449
act/31	mean	proj	7	15	True	False	asc	1	0.06896551724137931	0.3103448275862069	0.06896551724137931	0.5517241379310345
act/31	mean	proj	7	16	True	True	asc	1	0.06896551724137931	0.3103448275862069	0.06896551724137931	0.4482758620689655
act/31	mean	proj	7	16	True	False	asc	1	0.06896551724137931	0.27586206896551724	0.06896551724137931	0.4482758620689655
act/31	mean	proj	7	12	True	True	asc	1	0.034482758620689655	0.3103448275862069	0.06896551724137931	0.5172413793103449
act/31	mean	proj	7	12	True	False	asc	1	0.034482758620689655	0.3103448275862069	0.06896551724137931	0.5172413793103449
act/31	mean	proj	6	16	True	True	asc	1	0.034482758620689655	0.2413793103448276	0.06896551724137931	0.41379310344827586
act/31	mean	proj	6	16	True	False	asc	1	0.06896551724137931	0.3103448275862069	0.06896551724137931	0.41379310344827586
act/31	mean	proj	6	17	True	True	asc	1	0.034482758620689655	0.2413793103448276	0.06896551724137931	0.41379310344827586
act/19	mean	proj	1	6	False	True	asc	1	0.10344827586206896	0.27586206896551724	0.06896551724137931	0.3448275862068966
act/19	mean	proj	1	6	False	False	asc	1	0.06896551724137931	0.27586206896551724	0.06896551724137931	0.3448275862068966
act/19	mean	proj	1	7	False	True	asc	1	0.10344827586206896	0.27586206896551724	0.06896551724137931	0.3448275862068966
act/19	mean	proj	1	7	False	False	asc	1	0.10344827586206896	0.27586206896551724	0.06896551724137931	0.3448275862068966
act/31	mean	proj	7	13	True	True	asc	1	0.034482758620689655	0.3103448275862069	0.06896551724137931	0.5172413793103449
act/31	mean	proj	7	14	True	True	asc	1	0.06896551724137931	0.3103448275862069	0.06896551724137931	0.4827586206896552
act/31	mean	proj	7	14	True	False	asc	1	0.06896551724137931	0.3103448275862069	0.06896551724137931	0.4827586206896552
act/31	mean	proj	7	15	True	True	asc	1	0.06896551724137931	0.27586206896551724	0.06896551724137931	0.4827586206896552
act/31	mean	proj	1	7	True	True	asc	1	0.13793103448275862	0.4482758620689655	0.06896551724137931	0.3793103448275862
act/31	mean	proj	1	7	True	False	asc	1	0.13793103448275862	0.3793103448275862	0.06896551724137931	0.3793103448275862
act/31	mean	proj	1	8	True	True	asc	1	0.06896551724137931	0.3448275862068966	0.06896551724137931	0.3448275862068966
act/31	mean	proj	1	9	True	True	asc	1	0.10344827586206896	0.3793103448275862	0.06896551724137931	0.3448275862068966
act/31	mean	proj	1	9	True	False	asc	1	0.034482758620689655	0.20689655172413793	0.06896551724137931	0.41379310344827586
act/31	mean	proj	1	5	True	True	asc	1	0.06896551724137931	0.4482758620689655	0.06896551724137931	0.3793103448275862
act/19	mean	proj	4	13	False	True	asc	1	0.06896551724137931	0.2413793103448276	0.06896551724137931	0.5517241379310345
act/19	mean	proj	4	13	False	False	asc	1	0.06896551724137931	0.20689655172413793	0.06896551724137931	0.5862068965517241
act/31	mean	proj	1	16	True	True	asc	1	0.10344827586206896	0.3103448275862069	0.06896551724137931	0.3793103448275862
act/31	mean	proj	1	17	True	True	asc	1	0.10344827586206896	0.3103448275862069	0.06896551724137931	0.3793103448275862
act/31	mean	proj	1	10	True	True	asc	1	0.10344827586206896	0.3448275862068966	0.06896551724137931	0.3793103448275862
act/31	mean	proj	1	10	True	False	asc	1	0.034482758620689655	0.1724137931034483	0.06896551724137931	0.3793103448275862
act/31	mean	proj	1	11	True	True	asc	1	0.10344827586206896	0.3103448275862069	0.06896551724137931	0.41379310344827586
act/31	mean	proj	1	12	True	True	asc	1	0.10344827586206896	0.3103448275862069	0.06896551724137931	0.41379310344827586
act/31	mean	proj	1	13	True	True	asc	1	0.10344827586206896	0.3103448275862069	0.06896551724137931	0.41379310344827586
act/31	mean	proj	1	6	True	True	asc	1	0.06896551724137931	0.4827586206896552	0.06896551724137931	0.41379310344827586
act/19	mean	proj	2	20	False	True	asc	1	0.06896551724137931	0.3793103448275862	0.06896551724137931	0.5862068965517241
act/19	mean	proj	3	4	False	True	asc	1	0.10344827586206896	0.5172413793103449	0.06896551724137931	0.3448275862068966
act/19	mean	proj	3	4	False	False	asc	1	0.10344827586206896	0.5172413793103449	0.06896551724137931	0.3448275862068966
act/31	mean	proj	1	18	True	True	asc	1	0.06896551724137931	0.27586206896551724	0.06896551724137931	0.3793103448275862
act/31	mean	proj	1	19	True	True	asc	1	0.10344827586206896	0.3103448275862069	0.06896551724137931	0.3793103448275862
act/31	mean	proj	1	20	True	True	asc	1	0.06896551724137931	0.3103448275862069	0.06896551724137931	0.3793103448275862
act/31	mean	proj	1	14	True	True	asc	1	0.10344827586206896	0.3103448275862069	0.06896551724137931	0.3793103448275862
act/31	mean	proj	1	15	True	True	asc	1	0.10344827586206896	0.3103448275862069	0.06896551724137931	0.3793103448275862
act/31	mean	proj	5	16	True	False	asc	1	0.034482758620689655	0.20689655172413793	0.06896551724137931	0.3793103448275862
act/31	mean	proj	4	16	True	False	asc	1	0.034482758620689655	0.20689655172413793	0.06896551724137931	0.3793103448275862
act/31	mean	proj	4	5	True	True	asc	1	0.034482758620689655	0.4827586206896552	0.06896551724137931	0.4482758620689655
act/31	mean	proj	4	5	True	False	asc	1	0.034482758620689655	0.4827586206896552	0.06896551724137931	0.4482758620689655
act/19	mean	proj	3	5	False	True	asc	1	0.034482758620689655	0.5517241379310345	0.06896551724137931	0.4827586206896552
act/19	mean	proj	3	5	False	False	asc	1	0.034482758620689655	0.5517241379310345	0.06896551724137931	0.5172413793103449
act/19	mean	proj	2	18	False	True	asc	1	0.06896551724137931	0.4482758620689655	0.06896551724137931	0.5862068965517241
act/19	mean	proj	2	19	False	True	asc	1	0.06896551724137931	0.4482758620689655	0.06896551724137931	0.5862068965517241
act/15	mean	proj	15	18	False	False	asc	1	0.0	0.3103448275862069	0.06896551724137931	0.3448275862068966
act/15	mean	proj	15	19	False	True	asc	1	0.06896551724137931	0.2413793103448276	0.06896551724137931	0.41379310344827586
act/15	mean	proj	15	19	False	False	asc	1	0.06896551724137931	0.2413793103448276	0.06896551724137931	0.41379310344827586
act/15	mean	proj	15	20	False	True	asc	1	0.06896551724137931	0.27586206896551724	0.06896551724137931	0.3793103448275862
act/15	mean	proj	10	16	False	True	asc	1	0.034482758620689655	0.3103448275862069	0.06896551724137931	0.4482758620689655
act/15	mean	proj	10	16	False	False	asc	1	0.034482758620689655	0.3103448275862069	0.06896551724137931	0.4482758620689655
act/15	mean	proj	10	17	False	True	asc	1	0.034482758620689655	0.27586206896551724	0.06896551724137931	0.4827586206896552
act/31	mean	proj	8	18	False	True	asc	1	0.10344827586206896	0.27586206896551724	0.06896551724137931	0.4827586206896552
act/31	mean	proj	6	13	False	False	asc	1	0.06896551724137931	0.27586206896551724	0.06896551724137931	0.4827586206896552
act/31	mean	proj	6	14	False	True	asc	1	0.034482758620689655	0.2413793103448276	0.06896551724137931	0.4827586206896552
act/31	mean	proj	6	14	False	False	asc	1	0.06896551724137931	0.27586206896551724	0.06896551724137931	0.4827586206896552
act/15	mean	proj	16	20	False	True	asc	1	0.06896551724137931	0.3448275862068966	0.06896551724137931	0.3793103448275862
act/15	mean	proj	16	20	False	False	asc	1	0.06896551724137931	0.3448275862068966	0.06896551724137931	0.3793103448275862
act/15	mean	proj	15	17	False	True	asc	1	0.034482758620689655	0.27586206896551724	0.06896551724137931	0.41379310344827586
act/15	mean	proj	15	17	False	False	asc	1	0.034482758620689655	0.27586206896551724	0.06896551724137931	0.41379310344827586
act/15	mean	proj	15	18	False	True	asc	1	0.0	0.3103448275862069	0.06896551724137931	0.3448275862068966
act/31	mean	proj	7	11	False	False	asc	1	0.034482758620689655	0.20689655172413793	0.06896551724137931	0.3448275862068966
act/31	mean	proj	7	13	False	True	asc	1	0.06896551724137931	0.27586206896551724	0.06896551724137931	0.4482758620689655
act/31	mean	proj	7	14	False	True	asc	1	0.034482758620689655	0.27586206896551724	0.06896551724137931	0.4482758620689655
act/31	mean	proj	7	14	False	False	asc	1	0.06896551724137931	0.27586206896551724	0.06896551724137931	0.4482758620689655
act/31	mean	proj	6	16	False	False	asc	1	0.06896551724137931	0.2413793103448276	0.06896551724137931	0.4482758620689655
act/31	mean	proj	6	17	False	False	asc	1	0.06896551724137931	0.2413793103448276	0.06896551724137931	0.41379310344827586
act/31	mean	proj	6	12	False	False	asc	1	0.034482758620689655	0.2413793103448276	0.06896551724137931	0.4482758620689655
act/31	mean	proj	6	13	False	True	asc	1	0.034482758620689655	0.2413793103448276	0.06896551724137931	0.4827586206896552
act/19	mean	proj	4	16	False	True	asc	1	0.10344827586206896	0.27586206896551724	0.06896551724137931	0.5172413793103449
act/19	mean	proj	4	16	False	False	asc	1	0.10344827586206896	0.27586206896551724	0.06896551724137931	0.5517241379310345
act/19	mean	proj	4	9	False	False	asc	1	0.06896551724137931	0.27586206896551724	0.06896551724137931	0.5517241379310345
act/15	mean	proj	12	15	False	True	asc	1	0.06896551724137931	0.41379310344827586	0.06896551724137931	0.6551724137931034
act/15	mean	proj	12	15	False	False	asc	1	0.06896551724137931	0.41379310344827586	0.06896551724137931	0.6551724137931034
act/15	mean	proj	12	13	False	True	asc	1	0.10344827586206896	0.41379310344827586	0.06896551724137931	0.41379310344827586
act/15	mean	proj	12	13	False	False	asc	1	0.10344827586206896	0.41379310344827586	0.06896551724137931	0.41379310344827586
act/31	mean	proj	7	11	False	True	asc	1	0.034482758620689655	0.20689655172413793	0.06896551724137931	0.3448275862068966
act/19	mean	proj	4	17	False	True	asc	1	0.10344827586206896	0.27586206896551724	0.06896551724137931	0.5517241379310345
act/15	mean	proj	9	14	False	True	asc	1	0.034482758620689655	0.20689655172413793	0.06896551724137931	0.3448275862068966
act/15	mean	proj	9	14	False	False	asc	1	0.034482758620689655	0.20689655172413793	0.06896551724137931	0.3793103448275862
act/15	mean	proj	9	11	False	True	asc	1	0.034482758620689655	0.2413793103448276	0.06896551724137931	0.3793103448275862
act/15	mean	proj	9	11	False	False	asc	1	0.034482758620689655	0.2413793103448276	0.06896551724137931	0.3448275862068966
act/15	mean	proj	9	13	False	True	asc	1	0.034482758620689655	0.20689655172413793	0.06896551724137931	0.3448275862068966
act/15	mean	proj	9	13	False	False	asc	1	0.034482758620689655	0.20689655172413793	0.06896551724137931	0.3448275862068966
act/31	mean	proj	9	20	False	True	asc	1	0.06896551724137931	0.3448275862068966	0.06896551724137931	0.5517241379310345
act/3	mean	proj	17	20	False	False	asc	1	0.13793103448275862	0.5517241379310345	0.06896551724137931	0.4827586206896552
act/3	mean	proj	16	19	False	True	asc	1	0.10344827586206896	0.4482758620689655	0.06896551724137931	0.3793103448275862
act/3	mean	proj	16	19	False	False	asc	1	0.10344827586206896	0.4482758620689655	0.06896551724137931	0.3793103448275862
act/3	mean	proj	16	20	False	True	asc	1	0.20689655172413793	0.5862068965517241	0.06896551724137931	0.41379310344827586
act/3	mean	proj	16	20	False	False	asc	1	0.20689655172413793	0.5862068965517241	0.06896551724137931	0.41379310344827586
act/19	mean	proj	5	17	False	False	asc	1	0.10344827586206896	0.3103448275862069	0.06896551724137931	0.5862068965517241
act/19	mean	proj	5	11	False	False	asc	1	0.034482758620689655	0.27586206896551724	0.06896551724137931	0.4827586206896552
act/19	mean	proj	5	7	False	False	asc	1	0.06896551724137931	0.3103448275862069	0.06896551724137931	0.3448275862068966
act/31	mean	proj	7	17	False	True	asc	1	0.06896551724137931	0.27586206896551724	0.06896551724137931	0.4482758620689655
act/31	mean	proj	7	17	False	False	asc	1	0.06896551724137931	0.27586206896551724	0.06896551724137931	0.4482758620689655
act/19	mean	proj	4	11	False	True	asc	1	0.06896551724137931	0.27586206896551724	0.06896551724137931	0.4827586206896552
act/19	mean	proj	4	11	False	False	asc	1	0.06896551724137931	0.3103448275862069	0.06896551724137931	0.4827586206896552
act/19	mean	proj	4	6	False	False	asc	1	0.034482758620689655	0.3448275862068966	0.06896551724137931	0.3793103448275862
act/3	mean	proj	17	18	False	True	asc	1	0.06896551724137931	0.4482758620689655	0.06896551724137931	0.41379310344827586
act/3	mean	proj	17	18	False	False	asc	1	0.06896551724137931	0.4482758620689655	0.06896551724137931	0.41379310344827586
act/3	mean	proj	17	20	False	True	asc	1	0.13793103448275862	0.5517241379310345	0.06896551724137931	0.4827586206896552
act/31	mean	proj	8	18	False	False	asc	1	0.10344827586206896	0.3103448275862069	0.06896551724137931	0.4827586206896552
act/31	mean	proj	8	13	False	True	asc	1	0.13793103448275862	0.27586206896551724	0.06896551724137931	0.4827586206896552
act/31	mean	proj	8	9	False	True	asc	1	0.034482758620689655	0.3103448275862069	0.06896551724137931	0.3448275862068966
act/31	mean	proj	8	9	False	False	asc	1	0.034482758620689655	0.3103448275862069	0.06896551724137931	0.3448275862068966
act/31	mean	proj	7	15	False	True	asc	1	0.06896551724137931	0.27586206896551724	0.06896551724137931	0.4827586206896552
act/31	mean	proj	7	15	False	False	asc	1	0.06896551724137931	0.27586206896551724	0.06896551724137931	0.4482758620689655
act/31	mean	proj	7	16	False	True	asc	1	0.06896551724137931	0.27586206896551724	0.06896551724137931	0.4482758620689655
act/31	mean	proj	7	16	False	False	asc	1	0.06896551724137931	0.27586206896551724	0.06896551724137931	0.41379310344827586
act/31	mean	proj	11	20	False	True	asc	1	0.06896551724137931	0.3448275862068966	0.06896551724137931	0.5517241379310345
act/31	mean	proj	11	20	False	False	asc	1	0.06896551724137931	0.3448275862068966	0.06896551724137931	0.5862068965517241
act/31	mean	proj	10	18	False	True	asc	1	0.10344827586206896	0.3448275862068966	0.06896551724137931	0.6551724137931034
act/31	mean	proj	10	20	False	True	asc	1	0.10344827586206896	0.4482758620689655	0.06896551724137931	0.6896551724137931
act/31	mean	proj	10	20	False	False	asc	1	0.10344827586206896	0.4482758620689655	0.06896551724137931	0.6551724137931034
act/15	mean	proj	7	11	False	True	asc	1	0.06896551724137931	0.3103448275862069	0.06896551724137931	0.4482758620689655
act/15	mean	proj	7	11	False	False	asc	1	0.06896551724137931	0.27586206896551724	0.06896551724137931	0.4482758620689655
act/15	mean	proj	7	12	False	True	asc	1	0.06896551724137931	0.27586206896551724	0.06896551724137931	0.4482758620689655
act/3	mean	proj	9	12	False	True	asc	1	0.10344827586206896	0.4482758620689655	0.06896551724137931	0.6206896551724138
act/3	mean	proj	9	12	False	False	asc	1	0.10344827586206896	0.4482758620689655	0.06896551724137931	0.6206896551724138
act/15	mean	proj	8	12	False	True	asc	1	0.034482758620689655	0.2413793103448276	0.06896551724137931	0.41379310344827586
act/15	mean	proj	8	12	False	False	asc	1	0.034482758620689655	0.2413793103448276	0.06896551724137931	0.41379310344827586
act/15	mean	proj	7	13	False	True	asc	1	0.06896551724137931	0.2413793103448276	0.06896551724137931	0.4827586206896552
act/15	mean	proj	7	13	False	False	asc	1	0.034482758620689655	0.20689655172413793	0.06896551724137931	0.4827586206896552
act/15	mean	proj	7	14	False	True	asc	1	0.06896551724137931	0.27586206896551724	0.06896551724137931	0.4827586206896552
act/15	mean	proj	7	14	False	False	asc	1	0.034482758620689655	0.27586206896551724	0.06896551724137931	0.4827586206896552
act/3	mean	proj	11	15	False	False	asc	1	0.10344827586206896	0.4482758620689655	0.06896551724137931	0.41379310344827586
act/3	mean	proj	11	16	False	True	asc	1	0.13793103448275862	0.6206896551724138	0.06896551724137931	0.4482758620689655
act/3	mean	proj	11	17	False	True	asc	1	0.13793103448275862	0.5862068965517241	0.06896551724137931	0.4827586206896552
act/3	mean	proj	11	17	False	False	asc	1	0.13793103448275862	0.5862068965517241	0.06896551724137931	0.4827586206896552
act/3	mean	proj	11	14	False	True	asc	1	0.10344827586206896	0.41379310344827586	0.06896551724137931	0.3448275862068966
act/3	mean	proj	11	14	False	False	asc	1	0.10344827586206896	0.41379310344827586	0.06896551724137931	0.3448275862068966
act/3	mean	proj	10	11	False	True	asc	1	0.034482758620689655	0.27586206896551724	0.06896551724137931	0.3448275862068966
act/3	mean	proj	10	11	False	False	asc	1	0.034482758620689655	0.27586206896551724	0.06896551724137931	0.3448275862068966
act/31	mean	proj	9	20	False	False	asc	1	0.06896551724137931	0.3448275862068966	0.06896551724137931	0.5517241379310345
act/31	mean	proj	9	18	False	True	asc	1	0.06896551724137931	0.3448275862068966	0.06896551724137931	0.6206896551724138
act/31	mean	proj	9	14	False	True	asc	1	0.06896551724137931	0.3448275862068966	0.06896551724137931	0.5862068965517241
act/31	mean	proj	8	19	False	True	asc	1	0.10344827586206896	0.3103448275862069	0.06896551724137931	0.4827586206896552
act/19	mean	proj	4	17	False	False	asc	1	0.10344827586206896	0.3103448275862069	0.06896551724137931	0.5862068965517241
act/3	mean	proj	13	16	False	False	asc	1	0.13793103448275862	0.6551724137931034	0.06896551724137931	0.5172413793103449
act/3	mean	proj	13	18	False	True	asc	1	0.10344827586206896	0.5517241379310345	0.06896551724137931	0.6206896551724138
act/3	mean	proj	11	15	False	True	asc	1	0.10344827586206896	0.4482758620689655	0.06896551724137931	0.41379310344827586
act/3	mean	proj	6	8	False	True	asc	1	0.0	0.27586206896551724	0.06896551724137931	0.41379310344827586
act/3	mean	proj	6	8	False	False	asc	1	0.0	0.27586206896551724	0.06896551724137931	0.41379310344827586
act/19	mean	proj	8	10	False	True	asc	1	0.10344827586206896	0.3793103448275862	0.06896551724137931	0.41379310344827586
act/19	mean	proj	8	10	False	False	asc	1	0.10344827586206896	0.3793103448275862	0.06896551724137931	0.41379310344827586
act/19	mean	proj	7	15	False	True	asc	1	0.034482758620689655	0.3103448275862069	0.06896551724137931	0.5862068965517241
act/19	mean	proj	7	15	False	False	asc	1	0.06896551724137931	0.3448275862068966	0.06896551724137931	0.5862068965517241
act/19	mean	proj	7	11	False	True	asc	1	0.10344827586206896	0.3448275862068966	0.06896551724137931	0.4827586206896552
act/19	mean	proj	7	11	False	False	asc	1	0.10344827586206896	0.3448275862068966	0.06896551724137931	0.4827586206896552
act/15	mean	proj	8	14	False	True	asc	1	0.034482758620689655	0.27586206896551724	0.06896551724137931	0.41379310344827586
act/15	mean	proj	8	14	False	False	asc	1	0.034482758620689655	0.2413793103448276	0.06896551724137931	0.41379310344827586
act/19	mean	proj	6	8	False	True	asc	1	0.06896551724137931	0.3793103448275862	0.06896551724137931	0.3793103448275862
act/19	mean	proj	6	8	False	False	asc	1	0.06896551724137931	0.3793103448275862	0.06896551724137931	0.3793103448275862
act/19	mean	proj	6	7	False	True	asc	1	0.0	0.2413793103448276	0.06896551724137931	0.3103448275862069
act/19	mean	proj	6	7	False	False	asc	1	0.0	0.2413793103448276	0.06896551724137931	0.3103448275862069
act/3	mean	proj	6	7	False	True	asc	1	0.0	0.3448275862068966	0.06896551724137931	0.41379310344827586
act/3	mean	proj	6	7	False	False	asc	1	0.0	0.3448275862068966	0.06896551724137931	0.41379310344827586
act/31	mean	proj	13	19	False	True	asc	1	0.06896551724137931	0.4482758620689655	0.06896551724137931	0.5172413793103449
act/31	mean	proj	13	19	False	False	asc	1	0.034482758620689655	0.4827586206896552	0.06896551724137931	0.5172413793103449
act/31	mean	proj	13	17	False	False	asc	1	0.06896551724137931	0.27586206896551724	0.06896551724137931	0.4827586206896552
act/31	mean	proj	12	20	False	True	asc	1	0.034482758620689655	0.3448275862068966	0.06896551724137931	0.5517241379310345
act/31	mean	proj	12	20	False	False	asc	1	0.034482758620689655	0.3793103448275862	0.06896551724137931	0.5517241379310345
act/31	mean	proj	12	16	False	False	asc	1	0.0	0.27586206896551724	0.06896551724137931	0.3448275862068966
act/15	mean	proj	8	13	False	True	asc	1	0.034482758620689655	0.3103448275862069	0.06896551724137931	0.4482758620689655
act/15	mean	proj	8	13	False	False	asc	1	0.034482758620689655	0.27586206896551724	0.06896551724137931	0.3793103448275862
act/15	mean	proj	7	12	False	False	asc	1	0.06896551724137931	0.27586206896551724	0.06896551724137931	0.4482758620689655
act/15	mean	proj	6	14	False	False	asc	1	0.06896551724137931	0.3793103448275862	0.06896551724137931	0.6551724137931034
act/15	mean	proj	6	15	False	True	asc	1	0.06896551724137931	0.3793103448275862	0.06896551724137931	0.6551724137931034
act/15	mean	proj	6	17	False	True	asc	1	0.06896551724137931	0.3448275862068966	0.06896551724137931	0.6896551724137931
act/15	mean	proj	6	11	False	False	asc	1	0.034482758620689655	0.3103448275862069	0.06896551724137931	0.6551724137931034
act/15	mean	proj	6	12	False	False	asc	1	0.06896551724137931	0.3793103448275862	0.06896551724137931	0.6206896551724138
act/31	mean	proj	13	18	False	True	asc	1	0.10344827586206896	0.41379310344827586	0.06896551724137931	0.5172413793103449
act/31	mean	proj	13	18	False	False	asc	1	0.10344827586206896	0.41379310344827586	0.06896551724137931	0.4827586206896552
act/15	mean	proj	7	9	False	False	asc	1	0.13793103448275862	0.5172413793103449	0.06896551724137931	0.5862068965517241
act/15	mean	proj	7	10	False	True	asc	1	0.0	0.41379310344827586	0.06896551724137931	0.4482758620689655
act/15	mean	proj	7	10	False	False	asc	1	0.0	0.3793103448275862	0.06896551724137931	0.4827586206896552
act/15	mean	proj	4	18	False	True	asc	1	0.034482758620689655	0.20689655172413793	0.06896551724137931	0.4482758620689655
act/15	mean	proj	4	11	False	True	asc	1	0.034482758620689655	0.1724137931034483	0.06896551724137931	0.5862068965517241
act/15	mean	proj	4	11	False	False	asc	1	0.034482758620689655	0.20689655172413793	0.06896551724137931	0.5172413793103449
act/15	mean	proj	4	12	False	True	asc	1	0.034482758620689655	0.1724137931034483	0.06896551724137931	0.5517241379310345
act/15	mean	proj	4	12	False	False	asc	1	0.034482758620689655	0.20689655172413793	0.06896551724137931	0.4482758620689655
act/15	mean	proj	5	13	False	True	asc	1	0.034482758620689655	0.3103448275862069	0.06896551724137931	0.6206896551724138
act/15	mean	proj	5	13	False	False	asc	1	0.034482758620689655	0.3103448275862069	0.06896551724137931	0.5862068965517241
act/15	mean	proj	5	15	False	True	asc	1	0.034482758620689655	0.3448275862068966	0.06896551724137931	0.5862068965517241
act/15	mean	proj	5	10	False	True	asc	1	0.034482758620689655	0.3793103448275862	0.06896551724137931	0.5517241379310345
act/15	mean	proj	5	10	False	False	asc	1	0.034482758620689655	0.3448275862068966	0.06896551724137931	0.5517241379310345
act/15	mean	proj	5	11	False	True	asc	1	0.034482758620689655	0.3448275862068966	0.06896551724137931	0.5862068965517241
act/15	mean	proj	5	11	False	False	asc	1	0.034482758620689655	0.3103448275862069	0.06896551724137931	0.5862068965517241
act/15	mean	proj	7	9	False	True	asc	1	0.13793103448275862	0.5172413793103449	0.06896551724137931	0.5862068965517241
act/15	mean	proj	6	7	False	True	asc	1	0.06896551724137931	0.4482758620689655	0.06896551724137931	0.4827586206896552
act/15	mean	proj	6	7	False	False	asc	1	0.06896551724137931	0.4482758620689655	0.06896551724137931	0.4827586206896552
act/15	mean	proj	5	16	False	True	asc	1	0.034482758620689655	0.2413793103448276	0.06896551724137931	0.5517241379310345
act/15	mean	proj	5	17	False	True	asc	1	0.034482758620689655	0.2413793103448276	0.06896551724137931	0.5862068965517241
act/15	mean	proj	5	18	False	True	asc	1	0.034482758620689655	0.2413793103448276	0.06896551724137931	0.5862068965517241
act/15	mean	proj	5	19	False	True	asc	1	0.034482758620689655	0.20689655172413793	0.06896551724137931	0.5862068965517241
act/15	mean	proj	5	12	False	True	asc	1	0.034482758620689655	0.3793103448275862	0.06896551724137931	0.6206896551724138
act/15	mean	proj	5	12	False	False	asc	1	0.034482758620689655	0.3793103448275862	0.06896551724137931	0.5862068965517241
act/19	mean	proj	7	10	False	True	asc	1	0.10344827586206896	0.3793103448275862	0.06896551724137931	0.5172413793103449
act/19	mean	proj	7	10	False	False	asc	1	0.10344827586206896	0.3793103448275862	0.06896551724137931	0.5172413793103449
act/31	mean	proj	14	16	False	True	asc	1	0.034482758620689655	0.20689655172413793	0.06896551724137931	0.4482758620689655
act/31	mean	proj	14	16	False	False	asc	1	0.034482758620689655	0.2413793103448276	0.06896551724137931	0.4482758620689655
act/31	mean	proj	14	18	False	True	asc	1	0.034482758620689655	0.3793103448275862	0.06896551724137931	0.5517241379310345
act/31	mean	proj	14	18	False	False	asc	1	0.034482758620689655	0.3793103448275862	0.06896551724137931	0.5517241379310345
act/31	mean	proj	14	19	False	True	asc	1	0.0	0.3448275862068966	0.06896551724137931	0.4827586206896552
act/31	mean	proj	14	19	False	False	asc	1	0.0	0.3793103448275862	0.06896551724137931	0.4482758620689655
act/31_normed	mean	proj	1	2	True	True	asc	1	0.06896551724137931	0.3448275862068966	0.06896551724137931	0.4827586206896552
act/31_normed	mean	proj	1	2	True	False	asc	1	0.06896551724137931	0.3448275862068966	0.06896551724137931	0.4827586206896552
act/31	mean	norm_l2	0	0	True	False	asc	1	0.034482758620689655	0.3448275862068966	0.06896551724137931	0.5517241379310345
act/31	mean	norm_l1	0	0	True	False	asc	1	0.10344827586206896	0.41379310344827586	0.06896551724137931	0.6551724137931034
act/15	mean	proj	4	19	False	True	asc	1	0.034482758620689655	0.20689655172413793	0.06896551724137931	0.4482758620689655
act/15	mean	proj	4	20	False	True	asc	1	0.034482758620689655	0.2413793103448276	0.06896551724137931	0.4827586206896552
act/15	mean	proj	5	6	False	True	asc	1	0.034482758620689655	0.3448275862068966	0.06896551724137931	0.3103448275862069
act/15	mean	proj	5	6	False	False	asc	1	0.034482758620689655	0.3448275862068966	0.06896551724137931	0.3103448275862069
act/31_normed	mean	proj	1	8	True	True	asc	1	0.10344827586206896	0.41379310344827586	0.06896551724137931	0.4482758620689655
act/31_normed	mean	proj	1	9	True	True	asc	1	0.10344827586206896	0.3448275862068966	0.06896551724137931	0.41379310344827586
act/31_normed	mean	proj	1	9	True	False	asc	1	0.06896551724137931	0.2413793103448276	0.06896551724137931	0.4827586206896552
act/31_normed	mean	proj	1	10	True	True	asc	1	0.10344827586206896	0.3448275862068966	0.06896551724137931	0.3793103448275862
act/31_normed	mean	proj	1	10	True	False	asc	1	0.06896551724137931	0.20689655172413793	0.06896551724137931	0.5172413793103449
act/31_normed	mean	proj	1	11	True	True	asc	1	0.10344827586206896	0.3448275862068966	0.06896551724137931	0.41379310344827586
act/31_normed	mean	proj	1	7	True	True	asc	1	0.10344827586206896	0.4482758620689655	0.06896551724137931	0.41379310344827586
act/31_normed	mean	proj	1	7	True	False	asc	1	0.10344827586206896	0.41379310344827586	0.06896551724137931	0.41379310344827586
act/31	mean	proj	16	18	False	True	asc	1	0.10344827586206896	0.41379310344827586	0.06896551724137931	0.4827586206896552
act/31	mean	proj	16	18	False	False	asc	1	0.10344827586206896	0.41379310344827586	0.06896551724137931	0.4827586206896552
act/19	mean	proj	9	10	False	True	asc	1	0.06896551724137931	0.27586206896551724	0.06896551724137931	0.3448275862068966
act/19	mean	proj	9	10	False	False	asc	1	0.06896551724137931	0.27586206896551724	0.06896551724137931	0.3448275862068966
act/31_normed	mean	proj	1	12	True	True	asc	1	0.10344827586206896	0.3448275862068966	0.06896551724137931	0.41379310344827586
act/31_normed	mean	proj	1	13	True	True	asc	1	0.10344827586206896	0.3448275862068966	0.06896551724137931	0.41379310344827586
act/31_normed	mean	proj	1	14	True	True	asc	1	0.10344827586206896	0.3448275862068966	0.06896551724137931	0.3793103448275862
act/31_normed	mean	proj	1	15	True	True	asc	1	0.10344827586206896	0.3448275862068966	0.06896551724137931	0.3448275862068966
act/15	mean	proj	4	13	False	True	asc	1	0.034482758620689655	0.1724137931034483	0.06896551724137931	0.5862068965517241
act/15	mean	proj	4	13	False	False	asc	1	0.034482758620689655	0.2413793103448276	0.06896551724137931	0.4827586206896552
act/15	mean	proj	4	10	False	True	asc	1	0.034482758620689655	0.20689655172413793	0.06896551724137931	0.5862068965517241
act/15	mean	proj	4	10	False	False	asc	1	0.034482758620689655	0.20689655172413793	0.06896551724137931	0.5172413793103449
act/31	mean	proj	16	19	False	True	asc	1	0.06896551724137931	0.3448275862068966	0.06896551724137931	0.6551724137931034
act/31	mean	proj	16	19	False	False	asc	1	0.06896551724137931	0.3448275862068966	0.06896551724137931	0.6551724137931034
act/31	mean	proj	17	19	False	True	asc	1	0.034482758620689655	0.3103448275862069	0.06896551724137931	0.6206896551724138
act/31	mean	proj	17	19	False	False	asc	1	0.034482758620689655	0.3103448275862069	0.06896551724137931	0.6206896551724138
act/31_normed	mean	proj	7	16	True	False	asc	1	0.034482758620689655	0.3103448275862069	0.06896551724137931	0.41379310344827586
act/31_normed	mean	proj	6	16	True	False	asc	1	0.034482758620689655	0.27586206896551724	0.06896551724137931	0.41379310344827586
act/31_normed	mean	proj	6	19	True	True	asc	1	0.034482758620689655	0.27586206896551724	0.06896551724137931	0.41379310344827586
act/31_normed	mean	proj	6	19	True	False	asc	1	0.06896551724137931	0.3103448275862069	0.06896551724137931	0.3793103448275862
act/31_normed	mean	proj	5	16	True	False	asc	1	0.034482758620689655	0.20689655172413793	0.06896551724137931	0.3793103448275862
act/31_normed	mean	proj	5	7	True	True	asc	1	0.034482758620689655	0.27586206896551724	0.06896551724137931	0.5172413793103449
act/31_normed	mean	proj	5	7	True	False	asc	1	0.034482758620689655	0.27586206896551724	0.06896551724137931	0.5172413793103449
act/15	mean	proj	3	9	False	False	asc	1	0.034482758620689655	0.20689655172413793	0.06896551724137931	0.4827586206896552
act/31_normed	mean	proj	8	13	True	False	asc	1	0.06896551724137931	0.3103448275862069	0.06896551724137931	0.5517241379310345
act/31_normed	mean	proj	8	14	True	True	asc	1	0.06896551724137931	0.3103448275862069	0.06896551724137931	0.4827586206896552
act/31_normed	mean	proj	8	14	True	False	asc	1	0.06896551724137931	0.3103448275862069	0.06896551724137931	0.5517241379310345
act/31_normed	mean	proj	7	19	True	True	asc	1	0.06896551724137931	0.3103448275862069	0.06896551724137931	0.41379310344827586
act/31_normed	mean	proj	7	19	True	False	asc	1	0.06896551724137931	0.3103448275862069	0.06896551724137931	0.41379310344827586
act/31_normed	mean	proj	7	15	True	True	asc	1	0.034482758620689655	0.3103448275862069	0.06896551724137931	0.41379310344827586
act/31_normed	mean	proj	7	15	True	False	asc	1	0.06896551724137931	0.3448275862068966	0.06896551724137931	0.4482758620689655
act/31_normed	mean	proj	7	16	True	True	asc	1	0.034482758620689655	0.3103448275862069	0.06896551724137931	0.41379310344827586
act/19	mean	proj	12	20	False	False	asc	1	0.13793103448275862	0.3793103448275862	0.06896551724137931	0.5862068965517241
act/31_normed	mean	proj	8	16	True	True	asc	1	0.10344827586206896	0.3103448275862069	0.06896551724137931	0.5517241379310345
act/31_normed	mean	proj	8	16	True	False	asc	1	0.10344827586206896	0.3103448275862069	0.06896551724137931	0.5172413793103449
act/15	mean	proj	3	4	False	True	asc	1	0.10344827586206896	0.4827586206896552	0.06896551724137931	0.5517241379310345
act/15	mean	proj	3	4	False	False	asc	1	0.10344827586206896	0.4827586206896552	0.06896551724137931	0.5517241379310345
act/31_normed	mean	proj	8	12	True	True	asc	1	0.10344827586206896	0.3103448275862069	0.06896551724137931	0.6551724137931034
act/31_normed	mean	proj	8	12	True	False	asc	1	0.10344827586206896	0.3103448275862069	0.06896551724137931	0.6551724137931034
act/31_normed	mean	proj	8	13	True	True	asc	1	0.06896551724137931	0.27586206896551724	0.06896551724137931	0.5172413793103449
act/15	mean	proj	4	15	False	True	asc	1	0.034482758620689655	0.20689655172413793	0.06896551724137931	0.5862068965517241
act/15	mean	proj	4	16	False	True	asc	1	0.034482758620689655	0.1724137931034483	0.06896551724137931	0.4482758620689655
act/15	mean	proj	4	17	False	True	asc	1	0.034482758620689655	0.1724137931034483	0.06896551724137931	0.4482758620689655
act/19	mean	proj	10	13	False	True	asc	1	0.06896551724137931	0.3103448275862069	0.06896551724137931	0.4827586206896552
act/19	mean	proj	10	13	False	False	asc	1	0.06896551724137931	0.3103448275862069	0.06896551724137931	0.4827586206896552
act/19	mean	proj	12	18	False	True	asc	1	0.10344827586206896	0.41379310344827586	0.06896551724137931	0.5517241379310345
act/19	mean	proj	12	18	False	False	asc	1	0.10344827586206896	0.3793103448275862	0.06896551724137931	0.5862068965517241
act/19	mean	proj	12	20	False	True	asc	1	0.1724137931034483	0.3793103448275862	0.06896551724137931	0.5862068965517241
act/15	mean	proj	2	4	False	False	asc	1	0.10344827586206896	0.3793103448275862	0.06896551724137931	0.5172413793103449
act/15	mean	proj	2	5	False	True	asc	1	0.034482758620689655	0.3448275862068966	0.06896551724137931	0.3793103448275862
act/15	mean	proj	1	18	False	False	asc	1	0.13793103448275862	0.3103448275862069	0.06896551724137931	0.41379310344827586
act/15	mean	proj	1	20	False	False	asc	1	0.13793103448275862	0.3103448275862069	0.06896551724137931	0.41379310344827586
act/15	mean	proj	1	10	False	False	asc	1	0.10344827586206896	0.3103448275862069	0.06896551724137931	0.3793103448275862
act/15	mean	proj	1	11	False	False	asc	1	0.13793103448275862	0.27586206896551724	0.06896551724137931	0.3793103448275862
act/15	mean	proj	1	12	False	False	asc	1	0.13793103448275862	0.3103448275862069	0.06896551724137931	0.3448275862068966
act/15	mean	proj	1	13	False	False	asc	1	0.10344827586206896	0.3103448275862069	0.06896551724137931	0.3793103448275862
act/3	mean	proj	17	18	True	True	asc	1	0.13793103448275862	0.41379310344827586	0.06896551724137931	0.3793103448275862
act/3	mean	proj	17	18	True	False	asc	1	0.13793103448275862	0.41379310344827586	0.06896551724137931	0.3793103448275862
act/3	mean	proj	17	19	True	True	asc	1	0.1724137931034483	0.41379310344827586	0.06896551724137931	0.3793103448275862
act/3	mean	proj	17	19	True	False	asc	1	0.1724137931034483	0.41379310344827586	0.06896551724137931	0.3793103448275862
act/3	mean	proj	16	18	True	True	asc	1	0.10344827586206896	0.4827586206896552	0.06896551724137931	0.5172413793103449
act/15	mean	proj	0	15	False	False	asc	1	0.06896551724137931	0.3448275862068966	0.06896551724137931	0.3448275862068966
act/15	mean	proj	0	16	False	False	asc	1	0.06896551724137931	0.3448275862068966	0.06896551724137931	0.3448275862068966
act/15	mean	proj	2	4	False	True	asc	1	0.06896551724137931	0.4482758620689655	0.06896551724137931	0.41379310344827586
act/3	mean	proj	3	5	False	True	asc	1	0.10344827586206896	0.5862068965517241	0.06896551724137931	0.5172413793103449
act/3	mean	proj	3	5	False	False	asc	1	0.10344827586206896	0.5517241379310345	0.06896551724137931	0.5172413793103449
act/3	mean	proj	3	6	False	True	asc	1	0.10344827586206896	0.4827586206896552	0.06896551724137931	0.6551724137931034
act/3	mean	proj	3	6	False	False	asc	1	0.10344827586206896	0.4827586206896552	0.06896551724137931	0.6551724137931034
act/3	mean	proj	18	19	True	True	asc	1	0.10344827586206896	0.3793103448275862	0.06896551724137931	0.4827586206896552
act/3	mean	proj	18	19	True	False	asc	1	0.10344827586206896	0.3793103448275862	0.06896551724137931	0.4827586206896552
act/3	mean	proj	18	20	True	True	asc	1	0.10344827586206896	0.3103448275862069	0.06896551724137931	0.4827586206896552
act/3	mean	proj	18	20	True	False	asc	1	0.10344827586206896	0.3103448275862069	0.06896551724137931	0.4827586206896552
act/31_normed	mean	proj	1	20	True	True	asc	1	0.06896551724137931	0.3103448275862069	0.06896551724137931	0.3793103448275862
act/31_normed	mean	proj	1	16	True	True	asc	1	0.10344827586206896	0.3103448275862069	0.06896551724137931	0.41379310344827586
act/31_normed	mean	proj	1	17	True	True	asc	1	0.06896551724137931	0.27586206896551724	0.06896551724137931	0.3793103448275862
act/31_normed	mean	proj	1	18	True	True	asc	1	0.06896551724137931	0.27586206896551724	0.06896551724137931	0.3793103448275862
act/31_normed	mean	proj	1	19	True	True	asc	1	0.06896551724137931	0.27586206896551724	0.06896551724137931	0.3793103448275862
act/19	mean	proj	11	13	False	True	asc	1	0.06896551724137931	0.2413793103448276	0.06896551724137931	0.4482758620689655
act/19	mean	proj	11	13	False	False	asc	1	0.06896551724137931	0.2413793103448276	0.06896551724137931	0.4482758620689655
act/3	mean	proj	3	9	False	False	asc	1	0.06896551724137931	0.2413793103448276	0.06896551724137931	0.4827586206896552
act/15	mean	proj	0	17	False	False	asc	1	0.06896551724137931	0.3448275862068966	0.06896551724137931	0.3448275862068966
act/15	mean	proj	0	18	False	False	asc	1	0.06896551724137931	0.3448275862068966	0.06896551724137931	0.3448275862068966
act/15	mean	proj	0	19	False	False	asc	1	0.034482758620689655	0.3448275862068966	0.06896551724137931	0.3448275862068966
act/15	mean	proj	0	20	False	False	asc	1	0.034482758620689655	0.3448275862068966	0.06896551724137931	0.3448275862068966
act/15	mean	proj	0	13	False	False	asc	1	0.10344827586206896	0.3793103448275862	0.06896551724137931	0.3793103448275862
act/15	mean	proj	0	14	False	False	asc	1	0.10344827586206896	0.3793103448275862	0.06896551724137931	0.3448275862068966
act/19	mean	proj	19	20	False	True	asc	1	0.034482758620689655	0.41379310344827586	0.06896551724137931	0.4827586206896552
act/19	mean	proj	19	20	False	False	asc	1	0.034482758620689655	0.41379310344827586	0.06896551724137931	0.4827586206896552
act/31_normed	mean	proj	10	17	True	False	asc	1	0.06896551724137931	0.3793103448275862	0.06896551724137931	0.4827586206896552
act/31_normed	mean	proj	9	20	True	True	asc	1	0.10344827586206896	0.4482758620689655	0.06896551724137931	0.5517241379310345
act/31_normed	mean	proj	9	20	True	False	asc	1	0.10344827586206896	0.4827586206896552	0.06896551724137931	0.4827586206896552
act/31_normed	mean	proj	10	11	True	True	asc	1	0.13793103448275862	0.41379310344827586	0.06896551724137931	0.4827586206896552
act/31_normed	mean	proj	10	11	True	False	asc	1	0.13793103448275862	0.41379310344827586	0.06896551724137931	0.4827586206896552
act/15	mean	proj	1	8	False	False	asc	1	0.06896551724137931	0.3103448275862069	0.06896551724137931	0.3103448275862069
act/15	mean	proj	1	9	False	False	asc	1	0.06896551724137931	0.3103448275862069	0.06896551724137931	0.3793103448275862
act/15	mean	proj	1	4	False	False	asc	1	0.13793103448275862	0.41379310344827586	0.06896551724137931	0.3103448275862069
act/31_normed	mean	proj	8	15	True	False	asc	1	0.06896551724137931	0.3103448275862069	0.06896551724137931	0.5862068965517241
act/3	mean	proj	16	18	True	False	asc	1	0.10344827586206896	0.5172413793103449	0.06896551724137931	0.5172413793103449
act/19	mean	proj	13	19	False	True	asc	1	0.13793103448275862	0.5172413793103449	0.06896551724137931	0.5862068965517241
act/19	mean	proj	13	19	False	False	asc	1	0.13793103448275862	0.4482758620689655	0.06896551724137931	0.6551724137931034
act/19	mean	proj	14	15	False	True	asc	1	0.034482758620689655	0.3793103448275862	0.06896551724137931	0.6206896551724138
act/19	mean	proj	14	15	False	False	asc	1	0.034482758620689655	0.3793103448275862	0.06896551724137931	0.6206896551724138
act/19	mean	norm_l2	0	0	True	False	asc	1	0.06896551724137931	0.2413793103448276	0.06896551724137931	0.41379310344827586
act/31_normed	mean	proj	10	17	True	True	asc	1	0.06896551724137931	0.3793103448275862	0.06896551724137931	0.5172413793103449
act/31_normed	mean	proj	9	17	True	True	asc	1	0.10344827586206896	0.4482758620689655	0.06896551724137931	0.6206896551724138
act/31_normed	mean	proj	9	17	True	False	asc	1	0.10344827586206896	0.4482758620689655	0.06896551724137931	0.6206896551724138
act/31_normed	mean	proj	9	18	True	True	asc	1	0.10344827586206896	0.4482758620689655	0.06896551724137931	0.5862068965517241
act/31_normed	mean	proj	9	15	True	True	asc	1	0.034482758620689655	0.3793103448275862	0.06896551724137931	0.6896551724137931
act/31_normed	mean	proj	9	15	True	False	asc	1	0.034482758620689655	0.3793103448275862	0.06896551724137931	0.6896551724137931
act/31_normed	mean	proj	9	11	True	True	asc	1	0.0	0.3103448275862069	0.06896551724137931	0.4827586206896552
act/31_normed	mean	proj	9	11	True	False	asc	1	0.034482758620689655	0.3448275862068966	0.06896551724137931	0.5172413793103449
act/31_normed	mean	proj	8	15	True	True	asc	1	0.06896551724137931	0.3103448275862069	0.06896551724137931	0.5862068965517241
act/31_normed	mean	proj	11	13	True	True	asc	1	0.06896551724137931	0.3103448275862069	0.06896551724137931	0.6896551724137931
act/31_normed	mean	proj	11	13	True	False	asc	1	0.06896551724137931	0.3103448275862069	0.06896551724137931	0.6896551724137931
act/31_normed	mean	proj	11	14	True	True	asc	1	0.034482758620689655	0.3103448275862069	0.06896551724137931	0.6206896551724138
act/31_normed	mean	proj	11	14	True	False	asc	1	0.034482758620689655	0.3448275862068966	0.06896551724137931	0.6206896551724138
act/31_normed	mean	proj	11	15	True	True	asc	1	0.034482758620689655	0.3103448275862069	0.06896551724137931	0.5517241379310345
act/31_normed	mean	proj	11	15	True	False	asc	1	0.034482758620689655	0.3103448275862069	0.06896551724137931	0.5517241379310345
act/31_normed	mean	proj	10	20	True	True	asc	1	0.10344827586206896	0.4827586206896552	0.06896551724137931	0.5172413793103449
act/31_normed	mean	proj	10	20	True	False	asc	1	0.10344827586206896	0.4827586206896552	0.06896551724137931	0.4827586206896552
act/23	mean	proj	0	11	True	True	asc	1	0.10344827586206896	0.27586206896551724	0.06896551724137931	0.3448275862068966
act/23	mean	proj	0	11	True	False	asc	1	0.06896551724137931	0.3793103448275862	0.06896551724137931	0.3793103448275862
act/23	mean	proj	0	12	True	True	asc	1	0.10344827586206896	0.27586206896551724	0.06896551724137931	0.3448275862068966
act/15	mean	proj	0	7	False	False	asc	1	0.10344827586206896	0.3793103448275862	0.06896551724137931	0.3448275862068966
act/15	mean	proj	0	8	False	False	asc	1	0.10344827586206896	0.3793103448275862	0.06896551724137931	0.3793103448275862
act/15	mean	proj	0	4	False	False	asc	1	0.10344827586206896	0.3793103448275862	0.06896551724137931	0.3103448275862069
act/15	mean	proj	18	19	True	True	asc	1	0.10344827586206896	0.41379310344827586	0.06896551724137931	0.5172413793103449
act/15	mean	proj	18	19	True	False	asc	1	0.10344827586206896	0.41379310344827586	0.06896551724137931	0.5172413793103449
act/3	mean	proj	10	15	True	True	asc	1	0.10344827586206896	0.5862068965517241	0.06896551724137931	0.4827586206896552
act/3	mean	proj	10	15	True	False	asc	1	0.10344827586206896	0.6206896551724138	0.06896551724137931	0.41379310344827586
act/3	mean	proj	10	16	True	True	asc	1	0.10344827586206896	0.6206896551724138	0.06896551724137931	0.4827586206896552
act/3	mean	proj	10	16	True	False	asc	1	0.10344827586206896	0.6206896551724138	0.06896551724137931	0.4482758620689655
act/3	mean	proj	9	16	True	True	asc	1	0.13793103448275862	0.6206896551724138	0.06896551724137931	0.5172413793103449
act/3	mean	proj	9	16	True	False	asc	1	0.13793103448275862	0.6206896551724138	0.06896551724137931	0.5172413793103449
act/23	mean	proj	0	15	True	True	asc	1	0.10344827586206896	0.27586206896551724	0.06896551724137931	0.3448275862068966
act/23	mean	proj	0	15	True	False	asc	1	0.10344827586206896	0.3793103448275862	0.06896551724137931	0.3793103448275862
act/19	mean	proj	16	18	False	True	asc	1	0.0	0.3448275862068966	0.06896551724137931	0.4827586206896552
act/19	mean	proj	16	18	False	False	asc	1	0.0	0.3448275862068966	0.06896551724137931	0.4827586206896552
act/3	mean	proj	15	18	True	True	asc	1	0.10344827586206896	0.5862068965517241	0.06896551724137931	0.5172413793103449
act/3	mean	proj	15	18	True	False	asc	1	0.10344827586206896	0.5862068965517241	0.06896551724137931	0.5172413793103449
act/3	mean	proj	13	18	True	True	asc	1	0.10344827586206896	0.41379310344827586	0.06896551724137931	0.5517241379310345
act/3	mean	proj	13	18	True	False	asc	1	0.10344827586206896	0.4482758620689655	0.06896551724137931	0.5517241379310345
act/3	mean	proj	13	17	True	True	asc	1	0.10344827586206896	0.4482758620689655	0.06896551724137931	0.5172413793103449
act/3	mean	proj	13	17	True	False	asc	1	0.10344827586206896	0.4482758620689655	0.06896551724137931	0.5172413793103449
act/23	mean	proj	1	15	True	False	asc	1	0.20689655172413793	0.4827586206896552	0.06896551724137931	0.5862068965517241
act/23	mean	proj	1	4	True	False	asc	1	0.13793103448275862	0.4827586206896552	0.06896551724137931	0.5517241379310345
act/23	mean	proj	1	3	True	False	asc	1	0.10344827586206896	0.5172413793103449	0.06896551724137931	0.5172413793103449
act/3	mean	proj	6	16	True	True	asc	1	0.034482758620689655	0.2413793103448276	0.06896551724137931	0.3448275862068966
act/3	mean	proj	6	8	True	True	asc	1	0.034482758620689655	0.2413793103448276	0.06896551724137931	0.41379310344827586
act/3	mean	proj	6	8	True	False	asc	1	0.034482758620689655	0.2413793103448276	0.06896551724137931	0.41379310344827586
act/3	mean	proj	5	18	True	False	asc	1	0.034482758620689655	0.2413793103448276	0.06896551724137931	0.3793103448275862
act/3	mean	proj	5	19	True	False	asc	1	0.034482758620689655	0.2413793103448276	0.06896551724137931	0.3793103448275862
act/3	mean	proj	9	14	True	False	asc	1	0.06896551724137931	0.41379310344827586	0.06896551724137931	0.4482758620689655
act/3	mean	proj	9	15	True	True	asc	1	0.13793103448275862	0.6206896551724138	0.06896551724137931	0.4827586206896552
act/3	mean	proj	9	15	True	False	asc	1	0.13793103448275862	0.6206896551724138	0.06896551724137931	0.4827586206896552
act/3	mean	proj	9	10	True	True	asc	1	0.034482758620689655	0.3103448275862069	0.06896551724137931	0.41379310344827586
act/3	mean	proj	9	10	True	False	asc	1	0.034482758620689655	0.3103448275862069	0.06896551724137931	0.41379310344827586
act/3	mean	proj	9	11	True	True	asc	1	0.06896551724137931	0.3448275862068966	0.06896551724137931	0.4827586206896552
act/3	mean	proj	9	11	True	False	asc	1	0.06896551724137931	0.3793103448275862	0.06896551724137931	0.4827586206896552
act/23	mean	proj	1	14	True	False	asc	1	0.20689655172413793	0.4827586206896552	0.06896551724137931	0.5862068965517241
act/23	mean	proj	0	9	True	True	asc	1	0.10344827586206896	0.27586206896551724	0.06896551724137931	0.3448275862068966
act/23	mean	proj	0	9	True	False	asc	1	0.06896551724137931	0.3793103448275862	0.06896551724137931	0.3793103448275862
act/23	mean	proj	0	10	True	True	asc	1	0.10344827586206896	0.27586206896551724	0.06896551724137931	0.3448275862068966
act/23	mean	proj	0	10	True	False	asc	1	0.06896551724137931	0.3793103448275862	0.06896551724137931	0.3793103448275862
act/23	mean	proj	0	4	True	False	asc	1	0.10344827586206896	0.3448275862068966	0.06896551724137931	0.3103448275862069
act/23	mean	proj	0	5	True	False	asc	1	0.06896551724137931	0.3103448275862069	0.06896551724137931	0.3103448275862069
act/23	mean	proj	0	6	True	False	asc	1	0.06896551724137931	0.3103448275862069	0.06896551724137931	0.3448275862068966
act/3	mean	proj	9	14	True	True	asc	1	0.06896551724137931	0.4482758620689655	0.06896551724137931	0.4827586206896552
act/31_normed	mean	proj	11	12	True	True	asc	1	0.13793103448275862	0.3103448275862069	0.06896551724137931	0.4827586206896552
act/31_normed	mean	proj	11	12	True	False	asc	1	0.13793103448275862	0.3103448275862069	0.06896551724137931	0.4827586206896552
act/23	mean	proj	0	12	True	False	asc	1	0.06896551724137931	0.3793103448275862	0.06896551724137931	0.41379310344827586
act/23	mean	proj	0	13	True	True	asc	1	0.10344827586206896	0.27586206896551724	0.06896551724137931	0.3448275862068966
act/23	mean	proj	0	13	True	False	asc	1	0.06896551724137931	0.3793103448275862	0.06896551724137931	0.3793103448275862
act/23	mean	proj	0	14	True	True	asc	1	0.10344827586206896	0.27586206896551724	0.06896551724137931	0.3448275862068966
act/23	mean	proj	0	14	True	False	asc	1	0.10344827586206896	0.3793103448275862	0.06896551724137931	0.3793103448275862
act/23	mean	proj	0	7	True	False	asc	1	0.10344827586206896	0.3103448275862069	0.06896551724137931	0.3448275862068966
act/15	mean	proj	0	10	False	False	asc	1	0.10344827586206896	0.3793103448275862	0.06896551724137931	0.3793103448275862
act/15	mean	proj	0	11	False	False	asc	1	0.10344827586206896	0.3793103448275862	0.06896551724137931	0.3793103448275862
act/15	mean	proj	0	12	False	False	asc	1	0.10344827586206896	0.3793103448275862	0.06896551724137931	0.3448275862068966
act/23	mean	proj	2	8	True	True	asc	1	0.13793103448275862	0.4482758620689655	0.06896551724137931	0.4482758620689655
act/23	mean	proj	2	8	True	False	asc	1	0.13793103448275862	0.4482758620689655	0.06896551724137931	0.41379310344827586
act/23	mean	proj	2	9	True	True	asc	1	0.13793103448275862	0.41379310344827586	0.06896551724137931	0.5172413793103449
act/23	mean	proj	2	9	True	False	asc	1	0.13793103448275862	0.41379310344827586	0.06896551724137931	0.5172413793103449
act/23	mean	proj	1	20	True	False	asc	1	0.20689655172413793	0.4827586206896552	0.06896551724137931	0.6206896551724138
act/31_normed	mean	proj	12	14	True	True	asc	1	0.0	0.3448275862068966	0.06896551724137931	0.6551724137931034
act/31_normed	mean	proj	12	14	True	False	asc	1	0.0	0.3448275862068966	0.06896551724137931	0.6551724137931034
act/31_normed	mean	proj	11	17	True	False	asc	1	0.10344827586206896	0.3448275862068966	0.06896551724137931	0.4827586206896552
act/31_normed	mean	proj	11	18	True	True	asc	1	0.13793103448275862	0.4482758620689655	0.06896551724137931	0.3793103448275862
act/31_normed	mean	proj	11	18	True	False	asc	1	0.13793103448275862	0.4482758620689655	0.06896551724137931	0.3793103448275862
act/31_normed	mean	proj	11	20	True	True	asc	1	0.10344827586206896	0.4827586206896552	0.06896551724137931	0.4482758620689655
act/31_normed	mean	proj	11	20	True	False	asc	1	0.10344827586206896	0.4827586206896552	0.06896551724137931	0.4482758620689655
act/15	mean	proj	0	9	False	False	asc	1	0.10344827586206896	0.3793103448275862	0.06896551724137931	0.3793103448275862
act/23	mean	proj	2	13	True	False	asc	1	0.10344827586206896	0.3103448275862069	0.06896551724137931	0.5862068965517241
act/23	mean	proj	2	7	True	False	asc	1	0.13793103448275862	0.4827586206896552	0.06896551724137931	0.5517241379310345
act/15	mean	proj	14	19	True	True	asc	1	0.0	0.3793103448275862	0.06896551724137931	0.5172413793103449
act/15	mean	proj	14	19	True	False	asc	1	0.0	0.3793103448275862	0.06896551724137931	0.5172413793103449
act/31_normed	mean	proj	13	14	True	True	asc	1	0.0	0.2413793103448276	0.06896551724137931	0.4827586206896552
act/31_normed	mean	proj	13	14	True	False	asc	1	0.0	0.2413793103448276	0.06896551724137931	0.4827586206896552
act/31_normed	mean	proj	13	16	True	True	asc	1	0.20689655172413793	0.3103448275862069	0.06896551724137931	0.4827586206896552
act/31_normed	mean	proj	13	16	True	False	asc	1	0.20689655172413793	0.27586206896551724	0.06896551724137931	0.4827586206896552
act/3	mean	proj	5	20	True	False	asc	1	0.034482758620689655	0.27586206896551724	0.06896551724137931	0.3793103448275862
act/23	mean	proj	2	10	True	True	asc	1	0.13793103448275862	0.3793103448275862	0.06896551724137931	0.5172413793103449
act/23	mean	proj	2	10	True	False	asc	1	0.13793103448275862	0.3793103448275862	0.06896551724137931	0.5517241379310345
act/23	mean	proj	2	11	True	True	asc	1	0.13793103448275862	0.3448275862068966	0.06896551724137931	0.5172413793103449
act/23	mean	proj	2	11	True	False	asc	1	0.10344827586206896	0.3103448275862069	0.06896551724137931	0.5517241379310345
act/23	mean	proj	2	12	True	True	asc	1	0.13793103448275862	0.3793103448275862	0.06896551724137931	0.5172413793103449
act/23	mean	proj	2	12	True	False	asc	1	0.10344827586206896	0.3103448275862069	0.06896551724137931	0.5862068965517241
act/23	mean	proj	2	13	True	True	asc	1	0.13793103448275862	0.3793103448275862	0.06896551724137931	0.5172413793103449
act/15	mean	proj	16	19	True	False	asc	1	0.13793103448275862	0.41379310344827586	0.06896551724137931	0.5517241379310345
act/15	mean	proj	15	16	True	True	asc	1	0.034482758620689655	0.3793103448275862	0.06896551724137931	0.41379310344827586
act/15	mean	proj	15	16	True	False	asc	1	0.034482758620689655	0.3793103448275862	0.06896551724137931	0.41379310344827586
act/31_normed	mean	proj	18	19	True	True	asc	1	0.13793103448275862	0.4827586206896552	0.06896551724137931	0.3793103448275862
act/31_normed	mean	proj	18	19	True	False	asc	1	0.13793103448275862	0.4827586206896552	0.06896551724137931	0.3793103448275862
act/31_normed	mean	proj	17	19	True	True	asc	1	0.10344827586206896	0.3448275862068966	0.06896551724137931	0.41379310344827586
act/31_normed	mean	proj	17	19	True	False	asc	1	0.10344827586206896	0.3448275862068966	0.06896551724137931	0.41379310344827586
act/15	mean	proj	13	19	True	True	asc	1	0.034482758620689655	0.41379310344827586	0.06896551724137931	0.5862068965517241
act/15	mean	proj	12	13	True	False	asc	1	0.10344827586206896	0.3793103448275862	0.06896551724137931	0.3793103448275862
act/15	mean	proj	12	15	True	True	asc	1	0.10344827586206896	0.3448275862068966	0.06896551724137931	0.5862068965517241
act/15	mean	proj	12	15	True	False	asc	1	0.10344827586206896	0.3448275862068966	0.06896551724137931	0.5862068965517241
act/31_normed	mean	proj	15	17	True	True	asc	1	0.034482758620689655	0.2413793103448276	0.06896551724137931	0.4482758620689655
act/31_normed	mean	proj	15	17	True	False	asc	1	0.034482758620689655	0.2413793103448276	0.06896551724137931	0.41379310344827586
act/31_normed	mean	proj	14	18	True	True	asc	1	0.20689655172413793	0.4482758620689655	0.06896551724137931	0.4482758620689655
act/31_normed	mean	proj	14	18	True	False	asc	1	0.20689655172413793	0.4482758620689655	0.06896551724137931	0.4827586206896552
act/15	mean	proj	16	19	True	True	asc	1	0.13793103448275862	0.41379310344827586	0.06896551724137931	0.5517241379310345
act/3	mean	proj	5	7	True	False	asc	1	0.06896551724137931	0.3448275862068966	0.06896551724137931	0.5172413793103449
act/3	mean	proj	4	5	True	True	asc	1	0.034482758620689655	0.27586206896551724	0.06896551724137931	0.4482758620689655
act/3	mean	proj	4	5	True	False	asc	1	0.034482758620689655	0.27586206896551724	0.06896551724137931	0.4482758620689655
act/3	mean	proj	3	9	True	True	asc	1	0.10344827586206896	0.3793103448275862	0.06896551724137931	0.5862068965517241
act/3	mean	proj	3	9	True	False	asc	1	0.06896551724137931	0.3793103448275862	0.06896551724137931	0.5862068965517241
act/3	mean	proj	3	10	True	True	asc	1	0.10344827586206896	0.3793103448275862	0.06896551724137931	0.4827586206896552
act/3	mean	proj	3	11	True	True	asc	1	0.034482758620689655	0.3103448275862069	0.06896551724137931	0.4482758620689655
act/15	mean	proj	12	13	True	True	asc	1	0.10344827586206896	0.3793103448275862	0.06896551724137931	0.3793103448275862
act/23	mean	proj	2	4	True	True	asc	1	0.10344827586206896	0.4827586206896552	0.06896551724137931	0.5862068965517241
act/23	mean	proj	2	4	True	False	asc	1	0.10344827586206896	0.4482758620689655	0.06896551724137931	0.5862068965517241
act/23	mean	proj	1	17	True	True	asc	1	0.13793103448275862	0.4827586206896552	0.06896551724137931	0.5517241379310345
act/23	mean	proj	1	17	True	False	asc	1	0.20689655172413793	0.4827586206896552	0.06896551724137931	0.5517241379310345
act/23	mean	proj	1	18	True	True	asc	1	0.13793103448275862	0.4827586206896552	0.06896551724137931	0.5517241379310345
act/23	mean	proj	1	18	True	False	asc	1	0.20689655172413793	0.4827586206896552	0.06896551724137931	0.5517241379310345
act/23	mean	proj	1	19	True	False	asc	1	0.20689655172413793	0.4827586206896552	0.06896551724137931	0.6206896551724138
act/3	mean	proj	5	7	True	True	asc	1	0.06896551724137931	0.3448275862068966	0.06896551724137931	0.5172413793103449
act/15	mean	proj	9	11	True	True	asc	1	0.034482758620689655	0.2413793103448276	0.06896551724137931	0.5862068965517241
act/15	mean	proj	9	11	True	False	asc	1	0.034482758620689655	0.2413793103448276	0.06896551724137931	0.5862068965517241
act/31_normed	mean	proj	1	4	False	True	asc	1	0.034482758620689655	0.3448275862068966	0.06896551724137931	0.41379310344827586
act/31_normed	mean	proj	1	4	False	False	asc	1	0.10344827586206896	0.4827586206896552	0.06896551724137931	0.4482758620689655
act/31_normed	mean	proj	2	8	False	False	asc	1	0.06896551724137931	0.2413793103448276	0.06896551724137931	0.3448275862068966
act/31_normed	mean	proj	2	5	False	True	asc	1	0.1724137931034483	0.5172413793103449	0.06896551724137931	0.4827586206896552
act/31_normed	mean	proj	2	6	False	False	asc	1	0.06896551724137931	0.4482758620689655	0.06896551724137931	0.41379310344827586
act/31_normed	mean	proj	2	7	False	False	asc	1	0.13793103448275862	0.4827586206896552	0.06896551724137931	0.4827586206896552
act/23	mean	proj	2	15	True	True	asc	1	0.13793103448275862	0.3448275862068966	0.06896551724137931	0.5517241379310345
act/23	mean	proj	2	15	True	False	asc	1	0.13793103448275862	0.3448275862068966	0.06896551724137931	0.5862068965517241
act/23	mean	proj	2	16	True	True	asc	1	0.13793103448275862	0.3448275862068966	0.06896551724137931	0.5517241379310345
act/23	mean	proj	2	17	True	True	asc	1	0.13793103448275862	0.3448275862068966	0.06896551724137931	0.5517241379310345
act/23	mean	proj	2	17	True	False	asc	1	0.13793103448275862	0.3448275862068966	0.06896551724137931	0.6551724137931034
act/23	mean	proj	4	9	True	False	asc	1	0.06896551724137931	0.3448275862068966	0.06896551724137931	0.5862068965517241
act/15	mean	proj	9	10	True	True	asc	1	0.10344827586206896	0.3448275862068966	0.06896551724137931	0.5172413793103449
act/15	mean	proj	9	10	True	False	asc	1	0.10344827586206896	0.3448275862068966	0.06896551724137931	0.5172413793103449
act/23	mean	proj	3	5	True	False	asc	1	0.06896551724137931	0.4827586206896552	0.06896551724137931	0.5862068965517241
act/23	mean	proj	2	18	True	True	asc	1	0.13793103448275862	0.3793103448275862	0.06896551724137931	0.5517241379310345
act/23	mean	proj	2	18	True	False	asc	1	0.13793103448275862	0.3793103448275862	0.06896551724137931	0.6551724137931034
act/23	mean	proj	2	19	True	True	asc	1	0.13793103448275862	0.3448275862068966	0.06896551724137931	0.5517241379310345
act/23	mean	proj	2	19	True	False	asc	1	0.13793103448275862	0.41379310344827586	0.06896551724137931	0.6206896551724138
act/23	mean	proj	2	20	True	True	asc	1	0.13793103448275862	0.3448275862068966	0.06896551724137931	0.5517241379310345
act/23	mean	proj	2	20	True	False	asc	1	0.13793103448275862	0.41379310344827586	0.06896551724137931	0.6206896551724138
act/23	mean	proj	2	14	True	True	asc	1	0.13793103448275862	0.3448275862068966	0.06896551724137931	0.5517241379310345
act/15	mean	proj	14	15	True	True	asc	1	0.13793103448275862	0.3448275862068966	0.06896551724137931	0.4482758620689655
act/15	mean	proj	14	15	True	False	asc	1	0.13793103448275862	0.3448275862068966	0.06896551724137931	0.4482758620689655
act/23	mean	proj	3	9	True	True	asc	1	0.10344827586206896	0.4827586206896552	0.06896551724137931	0.6551724137931034
act/23	mean	proj	3	10	True	True	asc	1	0.10344827586206896	0.4827586206896552	0.06896551724137931	0.6896551724137931
act/23	mean	proj	3	10	True	False	asc	1	0.10344827586206896	0.4827586206896552	0.06896551724137931	0.6896551724137931
act/23	mean	proj	3	11	True	True	asc	1	0.10344827586206896	0.4827586206896552	0.06896551724137931	0.6551724137931034
act/23	mean	proj	3	12	True	True	asc	1	0.10344827586206896	0.4482758620689655	0.06896551724137931	0.6551724137931034
act/23	mean	proj	3	5	True	True	asc	1	0.06896551724137931	0.4827586206896552	0.06896551724137931	0.5862068965517241
act/15	mean	proj	6	12	True	False	asc	1	0.034482758620689655	0.1724137931034483	0.06896551724137931	0.5172413793103449
act/31_normed	mean	proj	6	14	False	False	asc	1	0.06896551724137931	0.27586206896551724	0.06896551724137931	0.4827586206896552
act/31_normed	mean	proj	6	13	False	False	asc	1	0.06896551724137931	0.2413793103448276	0.06896551724137931	0.4827586206896552
act/31_normed	mean	proj	4	7	False	True	asc	1	0.06896551724137931	0.20689655172413793	0.06896551724137931	0.3793103448275862
act/3	mean	proj	0	8	True	False	asc	1	0.13793103448275862	0.5517241379310345	0.06896551724137931	0.4482758620689655
act/3	mean	proj	0	9	True	True	asc	1	0.13793103448275862	0.6206896551724138	0.06896551724137931	0.4827586206896552
act/3	mean	proj	0	9	True	False	asc	1	0.1724137931034483	0.4827586206896552	0.06896551724137931	0.41379310344827586
act/3	mean	proj	0	10	True	True	asc	1	0.13793103448275862	0.5862068965517241	0.06896551724137931	0.4827586206896552
act/23	mean	proj	3	13	True	True	asc	1	0.10344827586206896	0.4482758620689655	0.06896551724137931	0.6551724137931034
act/23	mean	proj	3	16	True	False	asc	1	0.10344827586206896	0.4827586206896552	0.06896551724137931	0.5862068965517241
act/3	mean	proj	0	20	True	False	asc	1	0.06896551724137931	0.5517241379310345	0.06896551724137931	0.5862068965517241
act/3	mean	proj	0	13	True	False	asc	1	0.06896551724137931	0.4482758620689655	0.06896551724137931	0.4482758620689655
act/3	mean	proj	0	8	True	True	asc	1	0.13793103448275862	0.6206896551724138	0.06896551724137931	0.4827586206896552
act/15	mean	proj	7	12	True	True	asc	1	0.034482758620689655	0.3103448275862069	0.06896551724137931	0.41379310344827586
act/15	mean	proj	7	12	True	False	asc	1	0.034482758620689655	0.27586206896551724	0.06896551724137931	0.41379310344827586
act/15	mean	proj	6	12	True	True	asc	1	0.06896551724137931	0.20689655172413793	0.06896551724137931	0.5172413793103449
act/15	mean	proj	10	12	True	True	asc	1	0.034482758620689655	0.3793103448275862	0.06896551724137931	0.5517241379310345
act/15	mean	proj	10	12	True	False	asc	1	0.034482758620689655	0.3793103448275862	0.06896551724137931	0.5172413793103449
act/23	mean	proj	3	17	True	False	asc	1	0.10344827586206896	0.4827586206896552	0.06896551724137931	0.5862068965517241
act/23	mean	proj	3	18	True	False	asc	1	0.10344827586206896	0.4827586206896552	0.06896551724137931	0.6206896551724138
act/23	mean	proj	3	19	True	True	asc	1	0.10344827586206896	0.5172413793103449	0.06896551724137931	0.6551724137931034
act/23	mean	proj	3	19	True	False	asc	1	0.10344827586206896	0.5172413793103449	0.06896551724137931	0.6551724137931034
act/23	mean	proj	3	20	True	True	asc	1	0.10344827586206896	0.5172413793103449	0.06896551724137931	0.6551724137931034
act/23	mean	proj	3	20	True	False	asc	1	0.10344827586206896	0.5172413793103449	0.06896551724137931	0.6551724137931034
act/15	mean	proj	8	12	True	True	asc	1	0.034482758620689655	0.3103448275862069	0.06896551724137931	0.5172413793103449
act/15	mean	proj	8	12	True	False	asc	1	0.034482758620689655	0.27586206896551724	0.06896551724137931	0.4827586206896552
act/15	mean	proj	8	13	True	True	asc	1	0.034482758620689655	0.27586206896551724	0.06896551724137931	0.5517241379310345
act/15	mean	proj	8	13	True	False	asc	1	0.034482758620689655	0.27586206896551724	0.06896551724137931	0.5862068965517241
act/15	mean	proj	8	10	True	True	asc	1	0.06896551724137931	0.2413793103448276	0.06896551724137931	0.4482758620689655
act/15	mean	proj	8	10	True	False	asc	1	0.06896551724137931	0.27586206896551724	0.06896551724137931	0.4482758620689655
act/15	mean	proj	10	11	True	True	asc	1	0.06896551724137931	0.41379310344827586	0.06896551724137931	0.3448275862068966
act/15	mean	proj	10	11	True	False	asc	1	0.06896551724137931	0.41379310344827586	0.06896551724137931	0.3448275862068966
act/15	mean	proj	5	10	True	False	asc	1	0.034482758620689655	0.27586206896551724	0.06896551724137931	0.5172413793103449
act/15	mean	proj	5	11	True	True	asc	1	0.06896551724137931	0.3793103448275862	0.06896551724137931	0.5517241379310345
act/15	mean	proj	5	12	True	True	asc	1	0.06896551724137931	0.3448275862068966	0.06896551724137931	0.6551724137931034
act/15	mean	proj	5	12	True	False	asc	1	0.06896551724137931	0.27586206896551724	0.06896551724137931	0.5517241379310345
act/31_normed	mean	proj	7	17	False	False	asc	1	0.034482758620689655	0.2413793103448276	0.06896551724137931	0.3448275862068966
act/31_normed	mean	proj	7	11	False	True	asc	1	0.0	0.2413793103448276	0.06896551724137931	0.41379310344827586
act/31_normed	mean	proj	7	11	False	False	asc	1	0.0	0.2413793103448276	0.06896551724137931	0.41379310344827586
act/31_normed	mean	proj	7	12	False	True	asc	1	0.0	0.27586206896551724	0.06896551724137931	0.4482758620689655
act/31_normed	mean	proj	8	14	False	True	asc	1	0.06896551724137931	0.2413793103448276	0.06896551724137931	0.5172413793103449
act/31_normed	mean	proj	8	14	False	False	asc	1	0.10344827586206896	0.27586206896551724	0.06896551724137931	0.5172413793103449
act/31_normed	mean	proj	8	15	False	True	asc	1	0.06896551724137931	0.2413793103448276	0.06896551724137931	0.5517241379310345
act/31_normed	mean	proj	8	15	False	False	asc	1	0.06896551724137931	0.20689655172413793	0.06896551724137931	0.5862068965517241
act/31_normed	mean	proj	8	16	False	True	asc	1	0.06896551724137931	0.27586206896551724	0.06896551724137931	0.4827586206896552
act/15	mean	proj	6	11	True	True	asc	1	0.06896551724137931	0.2413793103448276	0.06896551724137931	0.5517241379310345
act/15	mean	proj	6	11	True	False	asc	1	0.06896551724137931	0.2413793103448276	0.06896551724137931	0.4827586206896552
act/15	mean	proj	5	10	True	True	asc	1	0.06896551724137931	0.27586206896551724	0.06896551724137931	0.5172413793103449
act/23	mean	proj	4	15	True	False	asc	1	0.10344827586206896	0.4482758620689655	0.06896551724137931	0.6206896551724138
act/23	mean	proj	4	16	True	True	asc	1	0.10344827586206896	0.4482758620689655	0.06896551724137931	0.6551724137931034
act/31_normed	mean	proj	8	18	False	True	asc	1	0.06896551724137931	0.3103448275862069	0.06896551724137931	0.4482758620689655
act/31_normed	mean	proj	8	18	False	False	asc	1	0.06896551724137931	0.3103448275862069	0.06896551724137931	0.41379310344827586
act/31_normed	mean	proj	8	19	False	True	asc	1	0.06896551724137931	0.3103448275862069	0.06896551724137931	0.4482758620689655
act/31_normed	mean	proj	8	19	False	False	asc	1	0.06896551724137931	0.3793103448275862	0.06896551724137931	0.4482758620689655
act/31_normed	mean	proj	8	20	False	True	asc	1	0.06896551724137931	0.3103448275862069	0.06896551724137931	0.41379310344827586
act/31_normed	mean	proj	8	13	False	True	asc	1	0.10344827586206896	0.27586206896551724	0.06896551724137931	0.5172413793103449
act/3	mean	proj	0	10	True	False	asc	1	0.13793103448275862	0.4482758620689655	0.06896551724137931	0.41379310344827586
act/23	mean	proj	4	17	True	True	asc	1	0.10344827586206896	0.4482758620689655	0.06896551724137931	0.6206896551724138
act/23	mean	proj	4	18	True	True	asc	1	0.10344827586206896	0.4482758620689655	0.06896551724137931	0.6206896551724138
act/23	mean	proj	4	19	True	False	asc	1	0.10344827586206896	0.4827586206896552	0.06896551724137931	0.6551724137931034
act/23	mean	proj	4	20	True	False	asc	1	0.10344827586206896	0.4827586206896552	0.06896551724137931	0.6896551724137931
act/23	mean	proj	4	13	True	False	asc	1	0.06896551724137931	0.3103448275862069	0.06896551724137931	0.6206896551724138
act/23	mean	proj	4	14	True	True	asc	1	0.10344827586206896	0.41379310344827586	0.06896551724137931	0.6206896551724138
act/23	mean	proj	4	15	True	True	asc	1	0.10344827586206896	0.4482758620689655	0.06896551724137931	0.6551724137931034
act/15	mean	proj	3	11	True	False	asc	1	0.034482758620689655	0.27586206896551724	0.06896551724137931	0.5172413793103449
act/15	mean	proj	3	12	True	True	asc	1	0.034482758620689655	0.3793103448275862	0.06896551724137931	0.5172413793103449
act/15	mean	proj	3	12	True	False	asc	1	0.034482758620689655	0.3103448275862069	0.06896551724137931	0.5517241379310345
act/31_normed	mean	proj	10	20	False	True	asc	1	0.10344827586206896	0.41379310344827586	0.06896551724137931	0.5862068965517241
act/31_normed	mean	proj	10	20	False	False	asc	1	0.10344827586206896	0.41379310344827586	0.06896551724137931	0.6206896551724138
act/31_normed	mean	proj	10	17	False	False	asc	1	0.10344827586206896	0.3103448275862069	0.06896551724137931	0.6206896551724138
act/31_normed	mean	proj	10	18	False	True	asc	1	0.10344827586206896	0.3448275862068966	0.06896551724137931	0.6896551724137931
act/31_normed	mean	proj	9	18	False	True	asc	1	0.10344827586206896	0.3793103448275862	0.06896551724137931	0.5172413793103449
act/31_normed	mean	proj	8	17	False	True	asc	1	0.06896551724137931	0.3103448275862069	0.06896551724137931	0.4482758620689655
act/15	mean	proj	3	15	True	True	asc	1	0.034482758620689655	0.3103448275862069	0.06896551724137931	0.5172413793103449
act/15	mean	proj	3	16	True	True	asc	1	0.034482758620689655	0.3103448275862069	0.06896551724137931	0.4827586206896552
act/15	mean	proj	3	9	True	True	asc	1	0.06896551724137931	0.3793103448275862	0.06896551724137931	0.5172413793103449
act/15	mean	proj	3	9	True	False	asc	1	0.10344827586206896	0.3793103448275862	0.06896551724137931	0.5172413793103449
act/15	mean	proj	3	10	True	True	asc	1	0.06896551724137931	0.3793103448275862	0.06896551724137931	0.5517241379310345
act/15	mean	proj	3	10	True	False	asc	1	0.034482758620689655	0.3448275862068966	0.06896551724137931	0.5517241379310345
act/15	mean	proj	3	11	True	True	asc	1	0.034482758620689655	0.3448275862068966	0.06896551724137931	0.5517241379310345
act/15	mean	proj	4	9	True	True	asc	1	0.10344827586206896	0.3793103448275862	0.06896551724137931	0.5172413793103449
act/15	mean	proj	4	9	True	False	asc	1	0.10344827586206896	0.3448275862068966	0.06896551724137931	0.5172413793103449
act/15	mean	proj	4	10	True	True	asc	1	0.10344827586206896	0.3448275862068966	0.06896551724137931	0.6206896551724138
act/15	mean	proj	4	10	True	False	asc	1	0.034482758620689655	0.3103448275862069	0.06896551724137931	0.5862068965517241
act/15	mean	proj	4	11	True	True	asc	1	0.034482758620689655	0.3448275862068966	0.06896551724137931	0.6206896551724138
act/15	mean	proj	4	11	True	False	asc	1	0.034482758620689655	0.3448275862068966	0.06896551724137931	0.5862068965517241
act/15	mean	proj	4	12	True	True	asc	1	0.034482758620689655	0.3103448275862069	0.06896551724137931	0.5862068965517241
act/15	mean	proj	4	12	True	False	asc	1	0.034482758620689655	0.3448275862068966	0.06896551724137931	0.6206896551724138
act/31_normed	mean	proj	7	12	False	False	asc	1	0.0	0.27586206896551724	0.06896551724137931	0.4827586206896552
act/31_normed	mean	proj	9	19	False	True	asc	1	0.10344827586206896	0.3793103448275862	0.06896551724137931	0.5517241379310345
act/31_normed	mean	proj	9	19	False	False	asc	1	0.10344827586206896	0.3793103448275862	0.06896551724137931	0.5517241379310345
act/31_normed	mean	proj	9	20	False	False	asc	1	0.10344827586206896	0.3793103448275862	0.06896551724137931	0.5517241379310345
act/15	mean	proj	4	19	True	True	asc	1	0.034482758620689655	0.27586206896551724	0.06896551724137931	0.5862068965517241
act/15	mean	proj	4	20	True	True	asc	1	0.06896551724137931	0.27586206896551724	0.06896551724137931	0.5862068965517241
act/15	mean	proj	4	13	True	True	asc	1	0.034482758620689655	0.3103448275862069	0.06896551724137931	0.5862068965517241
act/15	mean	proj	4	14	True	True	asc	1	0.034482758620689655	0.3103448275862069	0.06896551724137931	0.5862068965517241
act/31_normed	mean	proj	16	19	False	False	asc	1	0.034482758620689655	0.41379310344827586	0.06896551724137931	0.5862068965517241
act/15	mean	proj	2	8	True	False	asc	1	0.06896551724137931	0.3793103448275862	0.06896551724137931	0.5517241379310345
act/31_normed	mean	proj	14	18	False	True	asc	1	0.034482758620689655	0.3448275862068966	0.06896551724137931	0.5517241379310345
act/31_normed	mean	proj	14	18	False	False	asc	1	0.034482758620689655	0.3448275862068966	0.06896551724137931	0.5862068965517241
act/31_normed	mean	proj	13	18	False	True	asc	1	0.0	0.3793103448275862	0.06896551724137931	0.4482758620689655
act/31_normed	mean	proj	13	18	False	False	asc	1	0.0	0.3448275862068966	0.06896551724137931	0.4827586206896552
act/15	mean	proj	3	5	True	True	asc	1	0.034482758620689655	0.4827586206896552	0.06896551724137931	0.6551724137931034
act/15	mean	proj	3	5	True	False	asc	1	0.034482758620689655	0.4827586206896552	0.06896551724137931	0.6551724137931034
act/31_normed	mean	proj	11	18	False	False	asc	1	0.06896551724137931	0.3103448275862069	0.06896551724137931	0.5517241379310345
act/15	mean	proj	4	6	True	True	asc	1	0.1724137931034483	0.4482758620689655	0.06896551724137931	0.6896551724137931
act/15	mean	proj	4	6	True	False	asc	1	0.1724137931034483	0.4482758620689655	0.06896551724137931	0.6896551724137931
act/23	mean	proj	7	8	True	True	asc	1	0.034482758620689655	0.3448275862068966	0.06896551724137931	0.27586206896551724
act/23	mean	proj	7	8	True	False	asc	1	0.034482758620689655	0.3448275862068966	0.06896551724137931	0.27586206896551724
act/31_normed	mean	proj	16	18	False	True	asc	1	0.10344827586206896	0.3793103448275862	0.06896551724137931	0.5172413793103449
act/31_normed	mean	proj	16	18	False	False	asc	1	0.10344827586206896	0.3793103448275862	0.06896551724137931	0.5172413793103449
act/31_normed	mean	proj	16	19	False	True	asc	1	0.034482758620689655	0.41379310344827586	0.06896551724137931	0.5862068965517241
act/31_normed	mean	proj	11	19	False	False	asc	1	0.10344827586206896	0.4482758620689655	0.06896551724137931	0.5517241379310345
act/31_normed	mean	proj	11	20	False	True	asc	1	0.06896551724137931	0.41379310344827586	0.06896551724137931	0.5862068965517241
act/31_normed	mean	proj	11	20	False	False	asc	1	0.034482758620689655	0.3793103448275862	0.06896551724137931	0.5862068965517241
act/31_normed	mean	proj	12	14	False	True	asc	1	0.034482758620689655	0.3793103448275862	0.06896551724137931	0.41379310344827586
act/31_normed	mean	proj	12	14	False	False	asc	1	0.034482758620689655	0.3793103448275862	0.06896551724137931	0.41379310344827586
act/31_normed	mean	proj	11	15	False	True	asc	1	0.06896551724137931	0.27586206896551724	0.06896551724137931	0.5862068965517241
act/31_normed	mean	proj	11	15	False	False	asc	1	0.06896551724137931	0.2413793103448276	0.06896551724137931	0.5862068965517241
act/31_normed	mean	proj	11	18	False	True	asc	1	0.06896551724137931	0.3103448275862069	0.06896551724137931	0.5517241379310345
act/31_normed	mean	proj	9	18	False	False	asc	1	0.06896551724137931	0.3103448275862069	0.06896551724137931	0.4827586206896552
act/31_normed	mean	proj	12	20	False	True	asc	1	0.034482758620689655	0.4482758620689655	0.06896551724137931	0.6206896551724138
act/31_normed	mean	proj	12	20	False	False	asc	1	0.034482758620689655	0.4482758620689655	0.06896551724137931	0.6206896551724138
act/31_normed	mean	proj	13	15	False	True	asc	1	0.0	0.41379310344827586	0.06896551724137931	0.3103448275862069
act/31_normed	mean	proj	13	15	False	False	asc	1	0.0	0.41379310344827586	0.06896551724137931	0.3103448275862069
act/31_normed	mean	proj	12	16	False	True	asc	1	0.0	0.41379310344827586	0.06896551724137931	0.3793103448275862
act/31_normed	mean	proj	12	16	False	False	asc	1	0.0	0.41379310344827586	0.06896551724137931	0.3793103448275862
act/31_normed	mean	proj	11	19	False	True	asc	1	0.10344827586206896	0.4482758620689655	0.06896551724137931	0.5517241379310345
act/31_normed	mean	proj	17	18	False	True	asc	1	0.06896551724137931	0.4827586206896552	0.06896551724137931	0.5517241379310345
act/31_normed	mean	proj	17	18	False	False	asc	1	0.06896551724137931	0.4827586206896552	0.06896551724137931	0.5517241379310345
act/7	mean	proj	11	15	True	True	asc	1	0.10344827586206896	0.5172413793103449	0.06896551724137931	0.5517241379310345
act/7	mean	proj	11	15	True	False	asc	1	0.10344827586206896	0.5172413793103449	0.06896551724137931	0.5517241379310345
act/7	mean	proj	11	18	True	False	asc	1	0.10344827586206896	0.4482758620689655	0.06896551724137931	0.4482758620689655
act/7	mean	proj	11	13	True	True	asc	1	0.06896551724137931	0.3103448275862069	0.06896551724137931	0.4482758620689655
act/7	mean	proj	11	13	True	False	asc	1	0.06896551724137931	0.3103448275862069	0.06896551724137931	0.4482758620689655
act/15	mean	proj	0	11	True	False	asc	1	0.10344827586206896	0.3448275862068966	0.06896551724137931	0.3793103448275862
act/7	mean	proj	3	6	True	False	asc	1	0.034482758620689655	0.13793103448275862	0.06896551724137931	0.41379310344827586
act/7	mean	proj	2	3	True	True	asc	1	0.13793103448275862	0.41379310344827586	0.06896551724137931	0.4482758620689655
act/7	mean	proj	2	3	True	False	asc	1	0.13793103448275862	0.41379310344827586	0.06896551724137931	0.4482758620689655
act/7	mean	proj	0	10	True	False	asc	1	0.13793103448275862	0.3793103448275862	0.06896551724137931	0.3793103448275862
act/7	mean	proj	0	1	True	True	asc	1	0.06896551724137931	0.27586206896551724	0.06896551724137931	0.3448275862068966
act/7	mean	proj	0	1	True	False	asc	1	0.06896551724137931	0.27586206896551724	0.06896551724137931	0.3448275862068966
act/31_normed	mean	proj	18	20	False	True	asc	1	0.034482758620689655	0.3448275862068966	0.06896551724137931	0.41379310344827586
act/31_normed	mean	proj	18	20	False	False	asc	1	0.034482758620689655	0.3448275862068966	0.06896551724137931	0.41379310344827586
act/7	mean	proj	5	9	True	True	asc	1	0.10344827586206896	0.3793103448275862	0.06896551724137931	0.27586206896551724
act/7	mean	proj	5	9	True	False	asc	1	0.10344827586206896	0.3793103448275862	0.06896551724137931	0.27586206896551724
act/7	mean	proj	5	10	True	True	asc	1	0.06896551724137931	0.27586206896551724	0.06896551724137931	0.3448275862068966
act/7	mean	proj	5	10	True	False	asc	1	0.06896551724137931	0.3103448275862069	0.06896551724137931	0.3448275862068966
act/7	mean	proj	5	11	True	True	asc	1	0.06896551724137931	0.3103448275862069	0.06896551724137931	0.3448275862068966
act/7	mean	proj	5	11	True	False	asc	1	0.034482758620689655	0.3103448275862069	0.06896551724137931	0.3448275862068966
act/7	mean	proj	3	4	True	True	asc	1	0.034482758620689655	0.3103448275862069	0.06896551724137931	0.27586206896551724
act/7	mean	proj	3	4	True	False	asc	1	0.034482758620689655	0.3103448275862069	0.06896551724137931	0.27586206896551724
act/15	mean	proj	3	6	True	True	asc	1	0.10344827586206896	0.4482758620689655	0.06896551724137931	0.4482758620689655
act/15	mean	proj	3	6	True	False	asc	1	0.10344827586206896	0.4482758620689655	0.06896551724137931	0.4482758620689655
act/7	mean	proj	7	10	True	False	asc	1	0.06896551724137931	0.3103448275862069	0.06896551724137931	0.4482758620689655
act/7	mean	proj	7	11	True	False	asc	1	0.10344827586206896	0.41379310344827586	0.06896551724137931	0.3793103448275862
act/7	mean	proj	6	11	True	True	asc	1	0.06896551724137931	0.3103448275862069	0.06896551724137931	0.3793103448275862
act/7	mean	proj	6	11	True	False	asc	1	0.06896551724137931	0.3103448275862069	0.06896551724137931	0.41379310344827586
act/7	mean	proj	5	8	True	True	asc	1	0.06896551724137931	0.2413793103448276	0.06896551724137931	0.3448275862068966
act/7	mean	proj	5	8	True	False	asc	1	0.06896551724137931	0.2413793103448276	0.06896551724137931	0.3448275862068966
act/11	mean	proj	16	18	False	False	asc	1	0.06896551724137931	0.3448275862068966	0.06896551724137931	0.3793103448275862
act/11	mean	proj	15	17	False	False	asc	1	0.10344827586206896	0.3793103448275862	0.06896551724137931	0.4482758620689655
act/7	mean	proj	12	15	True	True	asc	1	0.13793103448275862	0.6551724137931034	0.06896551724137931	0.4482758620689655
act/7	mean	proj	12	15	True	False	asc	1	0.13793103448275862	0.6551724137931034	0.06896551724137931	0.4482758620689655
act/7	mean	proj	12	16	True	True	asc	1	0.13793103448275862	0.5862068965517241	0.06896551724137931	0.4482758620689655
act/7	mean	proj	12	16	True	False	asc	1	0.13793103448275862	0.5862068965517241	0.06896551724137931	0.41379310344827586
act/7	mean	proj	12	14	True	False	asc	1	0.06896551724137931	0.3793103448275862	0.06896551724137931	0.41379310344827586
act/23	mean	proj	11	16	True	True	asc	1	0.13793103448275862	0.4827586206896552	0.06896551724137931	0.6551724137931034
act/11	mean	proj	16	19	False	False	asc	1	0.034482758620689655	0.3448275862068966	0.06896551724137931	0.41379310344827586
act/11	mean	proj	16	20	False	True	asc	1	0.20689655172413793	0.5517241379310345	0.06896551724137931	0.5862068965517241
act/11	mean	proj	16	20	False	False	asc	1	0.1724137931034483	0.5517241379310345	0.06896551724137931	0.5862068965517241
act/11	mean	proj	15	19	False	True	asc	1	0.034482758620689655	0.3103448275862069	0.06896551724137931	0.41379310344827586
act/11	mean	proj	15	19	False	False	asc	1	0.034482758620689655	0.3103448275862069	0.06896551724137931	0.41379310344827586
act/11	mean	proj	15	20	False	True	asc	1	0.1724137931034483	0.5862068965517241	0.06896551724137931	0.5517241379310345
act/11	mean	proj	15	20	False	False	asc	1	0.1724137931034483	0.6206896551724138	0.06896551724137931	0.5517241379310345
act/11	mean	proj	16	18	False	True	asc	1	0.06896551724137931	0.3448275862068966	0.06896551724137931	0.3793103448275862
act/7	mean	proj	8	10	True	True	asc	1	0.13793103448275862	0.4482758620689655	0.06896551724137931	0.5172413793103449
act/7	mean	proj	8	10	True	False	asc	1	0.13793103448275862	0.4482758620689655	0.06896551724137931	0.5172413793103449
act/7	mean	proj	8	11	True	True	asc	1	0.10344827586206896	0.41379310344827586	0.06896551724137931	0.4482758620689655
act/7	mean	proj	8	11	True	False	asc	1	0.06896551724137931	0.3448275862068966	0.06896551724137931	0.4482758620689655
act/7	mean	proj	7	10	True	True	asc	1	0.06896551724137931	0.3103448275862069	0.06896551724137931	0.4827586206896552
act/23	mean	proj	11	17	True	True	asc	1	0.13793103448275862	0.5172413793103449	0.06896551724137931	0.6206896551724138
act/23	mean	proj	11	17	True	False	asc	1	0.13793103448275862	0.5172413793103449	0.06896551724137931	0.6206896551724138
act/11	mean	proj	16	19	False	True	asc	1	0.034482758620689655	0.3448275862068966	0.06896551724137931	0.41379310344827586
act/15	mean	proj	0	12	True	False	asc	1	0.10344827586206896	0.3448275862068966	0.06896551724137931	0.3793103448275862
act/15	mean	proj	0	13	True	False	asc	1	0.10344827586206896	0.3448275862068966	0.06896551724137931	0.3793103448275862
act/15	mean	proj	0	8	True	False	asc	1	0.06896551724137931	0.3448275862068966	0.06896551724137931	0.3793103448275862
act/15	mean	proj	0	9	True	False	asc	1	0.06896551724137931	0.3448275862068966	0.06896551724137931	0.3793103448275862
act/15	mean	proj	0	10	True	False	asc	1	0.06896551724137931	0.3103448275862069	0.06896551724137931	0.3793103448275862
act/15	mean	proj	0	5	True	False	asc	1	0.06896551724137931	0.3448275862068966	0.06896551724137931	0.3103448275862069
act/11	mean	norm_l2	0	0	True	False	asc	1	0.06896551724137931	0.27586206896551724	0.06896551724137931	0.3793103448275862
act/15	mean	proj	1	3	True	False	asc	1	0.06896551724137931	0.3103448275862069	0.06896551724137931	0.41379310344827586
act/27	mean	proj	13	15	False	True	asc	1	0.034482758620689655	0.4482758620689655	0.06896551724137931	0.4827586206896552
act/27	mean	proj	13	15	False	False	asc	1	0.034482758620689655	0.4482758620689655	0.06896551724137931	0.4827586206896552
act/27	mean	proj	13	16	False	True	asc	1	0.06896551724137931	0.4482758620689655	0.06896551724137931	0.41379310344827586
act/27	mean	proj	13	16	False	False	asc	1	0.06896551724137931	0.4482758620689655	0.06896551724137931	0.41379310344827586
act/27	mean	proj	13	17	False	True	asc	1	0.10344827586206896	0.5517241379310345	0.06896551724137931	0.5517241379310345
act/27	mean	proj	13	17	False	False	asc	1	0.10344827586206896	0.5517241379310345	0.06896551724137931	0.5517241379310345
act/27	mean	proj	12	18	False	True	asc	1	0.06896551724137931	0.4827586206896552	0.06896551724137931	0.4827586206896552
act/27	mean	proj	12	18	False	False	asc	1	0.06896551724137931	0.4827586206896552	0.06896551724137931	0.5172413793103449
act/23	mean	proj	12	18	True	True	asc	1	0.13793103448275862	0.4827586206896552	0.06896551724137931	0.6206896551724138
act/23	mean	proj	12	18	True	False	asc	1	0.13793103448275862	0.4827586206896552	0.06896551724137931	0.6206896551724138
act/27	mean	proj	15	20	False	True	asc	1	0.06896551724137931	0.4827586206896552	0.06896551724137931	0.4827586206896552
act/27	mean	proj	15	20	False	False	asc	1	0.06896551724137931	0.4827586206896552	0.06896551724137931	0.4827586206896552
act/27	mean	proj	16	17	False	True	asc	1	0.06896551724137931	0.3793103448275862	0.06896551724137931	0.4482758620689655
act/27	mean	proj	16	17	False	False	asc	1	0.06896551724137931	0.3793103448275862	0.06896551724137931	0.4482758620689655
act/27	mean	proj	13	18	False	True	asc	1	0.06896551724137931	0.5172413793103449	0.06896551724137931	0.41379310344827586
act/27	mean	proj	13	18	False	False	asc	1	0.06896551724137931	0.5172413793103449	0.06896551724137931	0.41379310344827586
act/27	mean	proj	16	20	False	True	asc	1	0.13793103448275862	0.4827586206896552	0.06896551724137931	0.5172413793103449
act/27	mean	proj	16	20	False	False	asc	1	0.13793103448275862	0.4827586206896552	0.06896551724137931	0.5172413793103449
act/27	mean	proj	17	18	False	True	asc	1	0.1724137931034483	0.4827586206896552	0.06896551724137931	0.5172413793103449
act/27	mean	proj	17	18	False	False	asc	1	0.1724137931034483	0.4827586206896552	0.06896551724137931	0.5172413793103449
act/23	mean	proj	14	16	True	True	asc	1	0.06896551724137931	0.3793103448275862	0.06896551724137931	0.41379310344827586
act/23	mean	proj	14	16	True	False	asc	1	0.06896551724137931	0.41379310344827586	0.06896551724137931	0.41379310344827586
act/23	mean	proj	14	15	True	True	asc	1	0.06896551724137931	0.4827586206896552	0.06896551724137931	0.41379310344827586
act/23	mean	proj	14	15	True	False	asc	1	0.06896551724137931	0.4827586206896552	0.06896551724137931	0.41379310344827586
act/23	mean	proj	11	16	True	False	asc	1	0.13793103448275862	0.4482758620689655	0.06896551724137931	0.6206896551724138
act/3	mean	proj	0	3	True	True	asc	1	0.034482758620689655	0.41379310344827586	0.06896551724137931	0.4482758620689655
act/3	mean	proj	0	3	True	False	asc	1	0.034482758620689655	0.3448275862068966	0.06896551724137931	0.41379310344827586
act/3	mean	proj	0	4	True	True	asc	1	0.13793103448275862	0.6551724137931034	0.06896551724137931	0.5517241379310345
act/27	mean	norm_l1	0	0	True	False	asc	1	0.10344827586206896	0.3103448275862069	0.06896551724137931	0.6206896551724138
act/3	mean	proj	0	2	True	True	asc	1	0.13793103448275862	0.7241379310344828	0.06896551724137931	0.5862068965517241
act/27	mean	proj	16	19	False	True	asc	1	0.10344827586206896	0.41379310344827586	0.06896551724137931	0.3793103448275862
act/27	mean	proj	16	19	False	False	asc	1	0.10344827586206896	0.41379310344827586	0.06896551724137931	0.3793103448275862
act/11	mean	proj	17	20	False	False	asc	1	0.1724137931034483	0.4482758620689655	0.06896551724137931	0.5862068965517241
act/11	mean	proj	19	20	False	True	asc	1	0.1724137931034483	0.6551724137931034	0.06896551724137931	0.6896551724137931
act/11	mean	proj	19	20	False	False	asc	1	0.1724137931034483	0.6551724137931034	0.06896551724137931	0.6896551724137931
act/27	mean	proj	12	13	False	False	asc	1	0.10344827586206896	0.5172413793103449	0.06896551724137931	0.5517241379310345
act/23	mean	proj	17	20	True	True	asc	1	0.10344827586206896	0.5172413793103449	0.06896551724137931	0.5172413793103449
act/23	mean	proj	17	20	True	False	asc	1	0.10344827586206896	0.5172413793103449	0.06896551724137931	0.5172413793103449
act/23	mean	proj	18	20	True	True	asc	1	0.06896551724137931	0.3793103448275862	0.06896551724137931	0.41379310344827586
act/23	mean	proj	18	20	True	False	asc	1	0.06896551724137931	0.3793103448275862	0.06896551724137931	0.4482758620689655
act/7	mean	proj	13	18	True	False	asc	1	0.13793103448275862	0.6551724137931034	0.06896551724137931	0.4827586206896552
act/7	mean	proj	12	19	True	True	asc	1	0.10344827586206896	0.5862068965517241	0.06896551724137931	0.5172413793103449
act/7	mean	proj	12	19	True	False	asc	1	0.13793103448275862	0.6206896551724138	0.06896551724137931	0.5172413793103449
act/7	mean	proj	12	20	True	True	asc	1	0.10344827586206896	0.6551724137931034	0.06896551724137931	0.5862068965517241
act/7	mean	proj	12	20	True	False	asc	1	0.10344827586206896	0.5862068965517241	0.06896551724137931	0.5517241379310345
act/7	mean	proj	13	15	True	True	asc	1	0.13793103448275862	0.5517241379310345	0.06896551724137931	0.4827586206896552
act/7	mean	proj	13	15	True	False	asc	1	0.13793103448275862	0.5517241379310345	0.06896551724137931	0.4827586206896552
act/11	mean	proj	17	20	False	True	asc	1	0.13793103448275862	0.41379310344827586	0.06896551724137931	0.5862068965517241
act/7	mean	proj	14	15	True	False	asc	1	0.10344827586206896	0.4827586206896552	0.06896551724137931	0.6206896551724138
act/7	mean	proj	14	17	True	True	asc	1	0.10344827586206896	0.6206896551724138	0.06896551724137931	0.4482758620689655
act/7	mean	proj	14	17	True	False	asc	1	0.10344827586206896	0.6206896551724138	0.06896551724137931	0.4482758620689655
act/7	mean	proj	13	16	True	True	asc	1	0.13793103448275862	0.6206896551724138	0.06896551724137931	0.5172413793103449
act/7	mean	proj	13	16	True	False	asc	1	0.13793103448275862	0.6206896551724138	0.06896551724137931	0.5172413793103449
act/7	mean	proj	13	17	True	True	asc	1	0.13793103448275862	0.6551724137931034	0.06896551724137931	0.4482758620689655
act/7	mean	proj	13	17	True	False	asc	1	0.1724137931034483	0.6896551724137931	0.06896551724137931	0.4482758620689655
act/7	mean	proj	13	18	True	True	asc	1	0.13793103448275862	0.6551724137931034	0.06896551724137931	0.4827586206896552
act/27	mean	proj	12	13	False	True	asc	1	0.10344827586206896	0.5172413793103449	0.06896551724137931	0.5517241379310345
act/7	mean	proj	14	18	True	True	asc	1	0.1724137931034483	0.6551724137931034	0.06896551724137931	0.4482758620689655
act/7	mean	proj	14	18	True	False	asc	1	0.1724137931034483	0.6551724137931034	0.06896551724137931	0.4482758620689655
act/7	mean	proj	14	19	True	True	asc	1	0.1724137931034483	0.5172413793103449	0.06896551724137931	0.4827586206896552
act/7	mean	proj	14	20	True	True	asc	1	0.20689655172413793	0.5517241379310345	0.06896551724137931	0.4827586206896552
act/7	mean	proj	15	16	True	True	asc	1	0.06896551724137931	0.3103448275862069	0.06896551724137931	0.41379310344827586
act/7	mean	proj	15	16	True	False	asc	1	0.06896551724137931	0.3103448275862069	0.06896551724137931	0.41379310344827586
act/7	mean	proj	14	15	True	True	asc	1	0.10344827586206896	0.4827586206896552	0.06896551724137931	0.6206896551724138
act/7	mean	proj	16	20	True	True	asc	1	0.13793103448275862	0.3793103448275862	0.06896551724137931	0.5517241379310345
act/7	mean	proj	16	20	True	False	asc	1	0.13793103448275862	0.3793103448275862	0.06896551724137931	0.5517241379310345
act/7	mean	proj	15	17	True	True	asc	1	0.06896551724137931	0.3103448275862069	0.06896551724137931	0.3793103448275862
act/7	mean	proj	15	17	True	False	asc	1	0.06896551724137931	0.3103448275862069	0.06896551724137931	0.3793103448275862
act/11	mean	proj	14	17	False	True	asc	1	0.06896551724137931	0.3448275862068966	0.06896551724137931	0.4482758620689655
act/11	mean	proj	14	17	False	False	asc	1	0.06896551724137931	0.3448275862068966	0.06896551724137931	0.4482758620689655
act/7	mean	proj	9	13	False	True	asc	1	0.034482758620689655	0.27586206896551724	0.06896551724137931	0.4482758620689655
act/7	mean	proj	9	13	False	False	asc	1	0.034482758620689655	0.3103448275862069	0.06896551724137931	0.4482758620689655
act/7	mean	proj	17	19	True	True	asc	1	0.06896551724137931	0.4482758620689655	0.06896551724137931	0.5172413793103449
act/7	mean	proj	17	19	True	False	asc	1	0.06896551724137931	0.4482758620689655	0.06896551724137931	0.5172413793103449
act/7	mean	proj	18	19	True	True	asc	1	0.034482758620689655	0.27586206896551724	0.06896551724137931	0.4827586206896552
act/7	mean	proj	18	19	True	False	asc	1	0.034482758620689655	0.27586206896551724	0.06896551724137931	0.4827586206896552
act/7	mean	proj	16	18	True	True	asc	1	0.13793103448275862	0.5517241379310345	0.06896551724137931	0.6206896551724138
act/7	mean	proj	16	18	True	False	asc	1	0.13793103448275862	0.5517241379310345	0.06896551724137931	0.6206896551724138
act/7	mean	proj	16	19	True	True	asc	1	0.13793103448275862	0.4482758620689655	0.06896551724137931	0.5862068965517241
act/7	mean	proj	16	19	True	False	asc	1	0.13793103448275862	0.4482758620689655	0.06896551724137931	0.5862068965517241
act/7	mean	proj	4	11	False	True	asc	1	0.10344827586206896	0.3103448275862069	0.06896551724137931	0.5172413793103449
act/7	mean	proj	4	12	False	True	asc	1	0.06896551724137931	0.3103448275862069	0.06896551724137931	0.4482758620689655
act/7	mean	proj	3	5	False	False	asc	1	0.06896551724137931	0.5517241379310345	0.06896551724137931	0.5517241379310345
act/7	mean	proj	3	6	False	False	asc	1	0.034482758620689655	0.4827586206896552	0.06896551724137931	0.5862068965517241
act/7	mean	proj	3	8	False	False	asc	1	0.06896551724137931	0.3793103448275862	0.06896551724137931	0.4827586206896552
act/7	mean	proj	1	2	False	True	asc	1	0.06896551724137931	0.3448275862068966	0.06896551724137931	0.5862068965517241
act/7	mean	proj	1	2	False	False	asc	1	0.06896551724137931	0.3448275862068966	0.06896551724137931	0.5862068965517241
act/7	mean	proj	18	20	True	True	asc	1	0.13793103448275862	0.3103448275862069	0.06896551724137931	0.5517241379310345
act/23	mean	proj	19	20	True	True	asc	1	0.034482758620689655	0.41379310344827586	0.06896551724137931	0.4482758620689655
act/23	mean	proj	19	20	True	False	asc	1	0.034482758620689655	0.41379310344827586	0.06896551724137931	0.4482758620689655
act/23	mean	proj	17	19	True	False	asc	1	0.13793103448275862	0.5862068965517241	0.06896551724137931	0.5517241379310345
act/23	mean	proj	16	17	True	True	asc	1	0.10344827586206896	0.3793103448275862	0.06896551724137931	0.4827586206896552
act/23	mean	proj	16	17	True	False	asc	1	0.10344827586206896	0.3793103448275862	0.06896551724137931	0.4827586206896552
act/11	mean	proj	11	12	False	False	asc	1	0.034482758620689655	0.3793103448275862	0.06896551724137931	0.3103448275862069
act/7	mean	proj	5	6	False	True	asc	1	0.0	0.20689655172413793	0.06896551724137931	0.41379310344827586
act/7	mean	proj	5	6	False	False	asc	1	0.0	0.20689655172413793	0.06896551724137931	0.41379310344827586
act/11	mean	proj	8	12	False	False	asc	1	0.06896551724137931	0.41379310344827586	0.06896551724137931	0.3793103448275862
act/11	mean	proj	8	10	False	True	asc	1	0.06896551724137931	0.27586206896551724	0.06896551724137931	0.3793103448275862
act/11	mean	proj	8	10	False	False	asc	1	0.06896551724137931	0.27586206896551724	0.06896551724137931	0.3793103448275862
act/11	mean	proj	9	12	False	True	asc	1	0.10344827586206896	0.3448275862068966	0.06896551724137931	0.41379310344827586
act/11	mean	proj	9	12	False	False	asc	1	0.10344827586206896	0.3793103448275862	0.06896551724137931	0.41379310344827586
act/7	mean	proj	12	15	False	True	asc	1	0.034482758620689655	0.41379310344827586	0.06896551724137931	0.4827586206896552
act/7	mean	proj	12	15	False	False	asc	1	0.034482758620689655	0.41379310344827586	0.06896551724137931	0.4827586206896552
act/7	mean	proj	12	16	False	True	asc	1	0.034482758620689655	0.4827586206896552	0.06896551724137931	0.5862068965517241
act/7	mean	proj	14	15	False	False	asc	1	0.0	0.27586206896551724	0.06896551724137931	0.41379310344827586
act/7	mean	proj	13	15	False	True	asc	1	0.10344827586206896	0.41379310344827586	0.06896551724137931	0.4482758620689655
act/7	mean	proj	13	15	False	False	asc	1	0.10344827586206896	0.4482758620689655	0.06896551724137931	0.4482758620689655
act/7	mean	proj	13	16	False	True	asc	1	0.1724137931034483	0.6206896551724138	0.06896551724137931	0.5517241379310345
act/7	mean	proj	13	16	False	False	asc	1	0.1724137931034483	0.6206896551724138	0.06896551724137931	0.5862068965517241
act/7	mean	proj	12	19	False	True	asc	1	0.06896551724137931	0.41379310344827586	0.06896551724137931	0.4827586206896552
act/7	mean	proj	12	19	False	False	asc	1	0.06896551724137931	0.3793103448275862	0.06896551724137931	0.4482758620689655
act/11	mean	proj	8	12	False	True	asc	1	0.10344827586206896	0.3793103448275862	0.06896551724137931	0.3793103448275862
act/7	mean	proj	6	8	False	True	asc	1	0.0	0.20689655172413793	0.06896551724137931	0.3793103448275862
act/7	mean	proj	6	8	False	False	asc	1	0.0	0.20689655172413793	0.06896551724137931	0.3793103448275862
act/7	mean	proj	6	11	False	True	asc	1	0.034482758620689655	0.2413793103448276	0.06896551724137931	0.3793103448275862
act/7	mean	proj	6	11	False	False	asc	1	0.034482758620689655	0.2413793103448276	0.06896551724137931	0.3793103448275862
act/11	mean	proj	11	12	False	True	asc	1	0.034482758620689655	0.3793103448275862	0.06896551724137931	0.3103448275862069
act/23	mean	proj	1	10	False	True	asc	1	0.10344827586206896	0.27586206896551724	0.06896551724137931	0.3793103448275862
act/23	mean	proj	1	10	False	False	asc	1	0.06896551724137931	0.41379310344827586	0.06896551724137931	0.3103448275862069
act/23	mean	proj	1	11	False	True	asc	1	0.10344827586206896	0.27586206896551724	0.06896551724137931	0.3793103448275862
act/7	mean	proj	9	10	False	True	asc	1	0.10344827586206896	0.3448275862068966	0.06896551724137931	0.5172413793103449
act/7	mean	proj	9	10	False	False	asc	1	0.10344827586206896	0.3448275862068966	0.06896551724137931	0.5172413793103449
act/7	mean	proj	8	12	False	True	asc	1	0.06896551724137931	0.3448275862068966	0.06896551724137931	0.4827586206896552
act/7	mean	proj	8	12	False	False	asc	1	0.06896551724137931	0.3103448275862069	0.06896551724137931	0.4827586206896552
act/7	mean	proj	7	11	False	True	asc	1	0.10344827586206896	0.27586206896551724	0.06896551724137931	0.3793103448275862
act/7	mean	proj	7	11	False	False	asc	1	0.10344827586206896	0.27586206896551724	0.06896551724137931	0.3793103448275862
act/7	mean	proj	6	12	False	True	asc	1	0.06896551724137931	0.27586206896551724	0.06896551724137931	0.3793103448275862
act/7	mean	proj	6	12	False	False	asc	1	0.06896551724137931	0.27586206896551724	0.06896551724137931	0.3793103448275862
act/11	mean	proj	6	15	False	True	asc	1	0.034482758620689655	0.3448275862068966	0.06896551724137931	0.4482758620689655
act/11	mean	proj	5	14	False	True	asc	1	0.034482758620689655	0.3448275862068966	0.06896551724137931	0.5517241379310345
act/11	mean	proj	5	14	False	False	asc	1	0.034482758620689655	0.2413793103448276	0.06896551724137931	0.4482758620689655
act/11	mean	proj	5	15	False	True	asc	1	0.034482758620689655	0.3448275862068966	0.06896551724137931	0.5172413793103449
act/7	mean	proj	18	20	False	True	asc	1	0.06896551724137931	0.3103448275862069	0.06896551724137931	0.41379310344827586
act/7	mean	proj	18	20	False	False	asc	1	0.06896551724137931	0.3103448275862069	0.06896551724137931	0.41379310344827586
act/7	mean	proj	17	18	False	True	asc	1	0.10344827586206896	0.3448275862068966	0.06896551724137931	0.4482758620689655
act/7	mean	proj	17	18	False	False	asc	1	0.10344827586206896	0.3448275862068966	0.06896551724137931	0.4482758620689655
act/23	mean	proj	1	7	False	False	asc	1	0.06896551724137931	0.27586206896551724	0.06896551724137931	0.3448275862068966
act/23	mean	proj	1	4	False	True	asc	1	0.13793103448275862	0.3103448275862069	0.06896551724137931	0.3793103448275862
act/23	mean	proj	1	4	False	False	asc	1	0.13793103448275862	0.3103448275862069	0.06896551724137931	0.3793103448275862
act/23	mean	proj	1	5	False	False	asc	1	0.06896551724137931	0.27586206896551724	0.06896551724137931	0.3448275862068966
act/27	mean	proj	11	16	False	False	asc	1	0.034482758620689655	0.3793103448275862	0.06896551724137931	0.6551724137931034
act/11	mean	proj	6	13	False	False	asc	1	0.034482758620689655	0.3103448275862069	0.06896551724137931	0.5172413793103449
act/11	mean	proj	6	14	False	True	asc	1	0.034482758620689655	0.27586206896551724	0.06896551724137931	0.41379310344827586
act/11	mean	proj	6	14	False	False	asc	1	0.034482758620689655	0.20689655172413793	0.06896551724137931	0.3793103448275862
act/7	mean	proj	14	17	False	True	asc	1	0.1724137931034483	0.6896551724137931	0.06896551724137931	0.4827586206896552
act/7	mean	proj	14	17	False	False	asc	1	0.1724137931034483	0.6896551724137931	0.06896551724137931	0.4827586206896552
act/7	mean	proj	13	20	False	True	asc	1	0.1724137931034483	0.5862068965517241	0.06896551724137931	0.5172413793103449
act/7	mean	proj	13	20	False	False	asc	1	0.1724137931034483	0.5862068965517241	0.06896551724137931	0.5172413793103449
act/7	mean	proj	14	15	False	True	asc	1	0.0	0.27586206896551724	0.06896551724137931	0.41379310344827586
act/23	mean	proj	1	6	False	True	asc	1	0.10344827586206896	0.27586206896551724	0.06896551724137931	0.3103448275862069
act/23	mean	proj	1	6	False	False	asc	1	0.034482758620689655	0.27586206896551724	0.06896551724137931	0.3103448275862069
act/23	mean	proj	1	7	False	True	asc	1	0.10344827586206896	0.27586206896551724	0.06896551724137931	0.3448275862068966
act/7	mean	proj	12	16	False	False	asc	1	0.06896551724137931	0.4827586206896552	0.06896551724137931	0.5862068965517241
act/7	mean	proj	14	20	False	True	asc	1	0.1724137931034483	0.5172413793103449	0.06896551724137931	0.41379310344827586
act/7	mean	proj	15	17	False	True	asc	1	0.10344827586206896	0.41379310344827586	0.06896551724137931	0.5172413793103449
act/7	mean	proj	15	17	False	False	asc	1	0.10344827586206896	0.41379310344827586	0.06896551724137931	0.5172413793103449
act/11	mean	proj	7	14	False	True	asc	1	0.034482758620689655	0.41379310344827586	0.06896551724137931	0.3448275862068966
act/11	mean	proj	7	14	False	False	asc	1	0.034482758620689655	0.3448275862068966	0.06896551724137931	0.3793103448275862
act/7	mean	proj	14	16	False	True	asc	1	0.1724137931034483	0.6206896551724138	0.06896551724137931	0.4827586206896552
act/7	mean	proj	14	16	False	False	asc	1	0.1724137931034483	0.6206896551724138	0.06896551724137931	0.4827586206896552
embed	mean	proj	0	8	True	False	asc	1	0.034482758620689655	0.5172413793103449	0.06896551724137931	0.4827586206896552
embed	mean	proj	0	9	True	False	asc	1	0.034482758620689655	0.5172413793103449	0.06896551724137931	0.4827586206896552
embed	mean	proj	0	10	True	False	asc	1	0.034482758620689655	0.4827586206896552	0.06896551724137931	0.4827586206896552
act/7	mean	norm_l1	0	0	False	False	asc	1	0.034482758620689655	0.2413793103448276	0.06896551724137931	0.3448275862068966
act/23	mean	proj	2	20	False	True	asc	1	0.06896551724137931	0.4482758620689655	0.06896551724137931	0.4482758620689655
act/23	mean	proj	3	5	False	True	asc	1	0.034482758620689655	0.3793103448275862	0.06896551724137931	0.5172413793103449
act/23	mean	proj	3	5	False	False	asc	1	0.034482758620689655	0.4482758620689655	0.06896551724137931	0.5517241379310345
act/23	mean	proj	2	16	False	True	asc	1	0.06896551724137931	0.4482758620689655	0.06896551724137931	0.4827586206896552
embed	mean	proj	0	18	True	False	asc	1	0.06896551724137931	0.5862068965517241	0.06896551724137931	0.4827586206896552
act/11	mean	proj	5	13	False	True	asc	1	0.034482758620689655	0.3448275862068966	0.06896551724137931	0.4482758620689655
act/11	mean	proj	5	13	False	False	asc	1	0.034482758620689655	0.3793103448275862	0.06896551724137931	0.5172413793103449
act/11	mean	proj	5	8	False	True	asc	1	0.06896551724137931	0.3448275862068966	0.06896551724137931	0.4827586206896552
embed	mean	proj	0	11	True	False	asc	1	0.034482758620689655	0.5172413793103449	0.06896551724137931	0.4827586206896552
embed	mean	proj	0	12	True	False	asc	1	0.034482758620689655	0.5172413793103449	0.06896551724137931	0.5517241379310345
embed	mean	proj	0	14	True	False	asc	1	0.06896551724137931	0.5517241379310345	0.06896551724137931	0.5172413793103449
embed	mean	proj	0	7	True	False	asc	1	0.0	0.5172413793103449	0.06896551724137931	0.4827586206896552
act/23	mean	proj	2	4	False	False	asc	1	0.1724137931034483	0.3448275862068966	0.06896551724137931	0.3448275862068966
embed	mean	proj	0	15	True	True	asc	1	0.0	0.4482758620689655	0.06896551724137931	0.5517241379310345
embed	mean	proj	0	15	True	False	asc	1	0.06896551724137931	0.5862068965517241	0.06896551724137931	0.4827586206896552
embed	mean	proj	0	16	True	True	asc	1	0.0	0.4482758620689655	0.06896551724137931	0.5517241379310345
embed	mean	proj	0	16	True	False	asc	1	0.06896551724137931	0.5862068965517241	0.06896551724137931	0.4827586206896552
embed	mean	proj	0	17	True	True	asc	1	0.0	0.4482758620689655	0.06896551724137931	0.5517241379310345
embed	mean	proj	0	17	True	False	asc	1	0.06896551724137931	0.5862068965517241	0.06896551724137931	0.4827586206896552
embed	mean	proj	0	18	True	True	asc	1	0.0	0.4482758620689655	0.06896551724137931	0.5517241379310345
act/7	mean	proj	17	19	False	True	asc	1	0.10344827586206896	0.3793103448275862	0.06896551724137931	0.5172413793103449
act/7	mean	proj	17	19	False	False	asc	1	0.10344827586206896	0.3793103448275862	0.06896551724137931	0.5172413793103449
act/7	mean	proj	15	20	False	True	asc	1	0.1724137931034483	0.41379310344827586	0.06896551724137931	0.4482758620689655
act/7	mean	proj	15	20	False	False	asc	1	0.1724137931034483	0.41379310344827586	0.06896551724137931	0.4482758620689655
act/27	mean	proj	10	12	False	True	asc	1	0.034482758620689655	0.41379310344827586	0.06896551724137931	0.4827586206896552
act/27	mean	proj	10	12	False	False	asc	1	0.034482758620689655	0.41379310344827586	0.06896551724137931	0.4827586206896552
act/23	mean	proj	2	10	False	True	asc	1	0.06896551724137931	0.3793103448275862	0.06896551724137931	0.4482758620689655
act/23	mean	proj	2	11	False	True	asc	1	0.06896551724137931	0.3103448275862069	0.06896551724137931	0.4482758620689655
embed	mean	proj	1	8	True	True	asc	1	0.034482758620689655	0.41379310344827586	0.06896551724137931	0.3448275862068966
embed	mean	proj	1	8	True	False	asc	1	0.034482758620689655	0.4482758620689655	0.06896551724137931	0.3448275862068966
embed	mean	proj	1	9	True	True	asc	1	0.034482758620689655	0.41379310344827586	0.06896551724137931	0.41379310344827586
embed	mean	proj	1	10	True	True	asc	1	0.06896551724137931	0.4482758620689655	0.06896551724137931	0.41379310344827586
embed	mean	proj	1	11	True	True	asc	1	0.06896551724137931	0.4482758620689655	0.06896551724137931	0.41379310344827586
embed	mean	proj	1	6	True	True	asc	1	0.10344827586206896	0.41379310344827586	0.06896551724137931	0.3448275862068966
embed	mean	proj	1	6	True	False	asc	1	0.10344827586206896	0.41379310344827586	0.06896551724137931	0.3793103448275862
embed	mean	proj	0	19	True	True	asc	1	0.0	0.4482758620689655	0.06896551724137931	0.5517241379310345
embed	mean	proj	1	15	True	True	asc	1	0.06896551724137931	0.4827586206896552	0.06896551724137931	0.41379310344827586
embed	mean	proj	1	15	True	False	asc	1	0.06896551724137931	0.4827586206896552	0.06896551724137931	0.3793103448275862
act/11	mean	proj	4	9	False	True	asc	1	0.06896551724137931	0.27586206896551724	0.06896551724137931	0.5517241379310345
act/11	mean	proj	4	9	False	False	asc	1	0.06896551724137931	0.27586206896551724	0.06896551724137931	0.5172413793103449
act/11	mean	proj	4	11	False	True	asc	1	0.034482758620689655	0.2413793103448276	0.06896551724137931	0.4827586206896552
act/11	mean	proj	4	6	False	True	asc	1	0.034482758620689655	0.20689655172413793	0.06896551724137931	0.3793103448275862
act/11	mean	proj	4	6	False	False	asc	1	0.034482758620689655	0.20689655172413793	0.06896551724137931	0.3793103448275862
act/11	mean	proj	4	7	False	True	asc	1	0.034482758620689655	0.2413793103448276	0.06896551724137931	0.5172413793103449
act/27	mean	proj	8	11	False	False	asc	1	0.06896551724137931	0.41379310344827586	0.06896551724137931	0.5862068965517241
act/27	mean	proj	8	12	False	True	asc	1	0.06896551724137931	0.3448275862068966	0.06896551724137931	0.5517241379310345
act/27	mean	proj	8	13	False	True	asc	1	0.06896551724137931	0.27586206896551724	0.06896551724137931	0.5862068965517241
act/27	mean	proj	8	13	False	False	asc	1	0.06896551724137931	0.27586206896551724	0.06896551724137931	0.5862068965517241
embed	mean	proj	1	13	True	True	asc	1	0.06896551724137931	0.4482758620689655	0.06896551724137931	0.41379310344827586
embed	mean	proj	1	13	True	False	asc	1	0.06896551724137931	0.4827586206896552	0.06896551724137931	0.3793103448275862
embed	mean	proj	1	14	True	True	asc	1	0.06896551724137931	0.4827586206896552	0.06896551724137931	0.41379310344827586
embed	mean	proj	1	14	True	False	asc	1	0.06896551724137931	0.4827586206896552	0.06896551724137931	0.3793103448275862
act/23	mean	proj	2	17	False	True	asc	1	0.06896551724137931	0.4482758620689655	0.06896551724137931	0.4482758620689655
act/23	mean	proj	2	17	False	False	asc	1	0.06896551724137931	0.4482758620689655	0.06896551724137931	0.5862068965517241
act/23	mean	proj	2	18	False	True	asc	1	0.06896551724137931	0.4482758620689655	0.06896551724137931	0.4482758620689655
act/23	mean	proj	2	18	False	False	asc	1	0.06896551724137931	0.4482758620689655	0.06896551724137931	0.5862068965517241
act/23	mean	proj	2	19	False	True	asc	1	0.06896551724137931	0.4482758620689655	0.06896551724137931	0.4482758620689655
act/23	mean	proj	2	19	False	False	asc	1	0.06896551724137931	0.4482758620689655	0.06896551724137931	0.5862068965517241
act/23	mean	proj	2	12	False	True	asc	1	0.06896551724137931	0.3103448275862069	0.06896551724137931	0.4482758620689655
act/23	mean	proj	2	15	False	True	asc	1	0.06896551724137931	0.3448275862068966	0.06896551724137931	0.4827586206896552
act/23	mean	proj	4	13	False	True	asc	1	0.06896551724137931	0.3103448275862069	0.06896551724137931	0.5172413793103449
act/27	mean	proj	6	20	False	True	asc	1	0.06896551724137931	0.3103448275862069	0.06896551724137931	0.5517241379310345
act/27	mean	proj	6	20	False	False	asc	1	0.06896551724137931	0.3793103448275862	0.06896551724137931	0.6206896551724138
act/27	mean	proj	6	17	False	True	asc	1	0.06896551724137931	0.3103448275862069	0.06896551724137931	0.5517241379310345
act/27	mean	proj	6	17	False	False	asc	1	0.06896551724137931	0.3103448275862069	0.06896551724137931	0.5172413793103449
act/27	mean	proj	6	18	False	True	asc	1	0.06896551724137931	0.3103448275862069	0.06896551724137931	0.5172413793103449
act/27	mean	proj	6	18	False	False	asc	1	0.06896551724137931	0.3103448275862069	0.06896551724137931	0.5172413793103449
act/27	mean	proj	6	19	False	True	asc	1	0.06896551724137931	0.3103448275862069	0.06896551724137931	0.5517241379310345
act/23	mean	proj	4	16	False	True	asc	1	0.06896551724137931	0.3103448275862069	0.06896551724137931	0.5862068965517241
act/23	mean	proj	4	16	False	False	asc	1	0.10344827586206896	0.3448275862068966	0.06896551724137931	0.5862068965517241
act/23	mean	proj	4	17	False	True	asc	1	0.06896551724137931	0.3103448275862069	0.06896551724137931	0.5862068965517241
act/23	mean	proj	4	17	False	False	asc	1	0.10344827586206896	0.3793103448275862	0.06896551724137931	0.5862068965517241
act/23	mean	proj	4	18	False	True	asc	1	0.06896551724137931	0.3103448275862069	0.06896551724137931	0.5517241379310345
act/23	mean	proj	4	18	False	False	asc	1	0.10344827586206896	0.3793103448275862	0.06896551724137931	0.5517241379310345
act/23	mean	proj	4	12	False	True	asc	1	0.06896551724137931	0.3103448275862069	0.06896551724137931	0.5172413793103449
act/23	mean	proj	4	12	False	False	asc	1	0.06896551724137931	0.2413793103448276	0.06896551724137931	0.5517241379310345
act/23	mean	proj	3	19	False	False	asc	1	0.06896551724137931	0.3448275862068966	0.06896551724137931	0.6551724137931034
act/23	mean	proj	3	15	False	False	asc	1	0.06896551724137931	0.27586206896551724	0.06896551724137931	0.6206896551724138
act/23	mean	proj	3	16	False	False	asc	1	0.06896551724137931	0.2413793103448276	0.06896551724137931	0.5862068965517241
act/23	mean	proj	3	17	False	False	asc	1	0.06896551724137931	0.2413793103448276	0.06896551724137931	0.5862068965517241
act/23	mean	proj	3	18	False	False	asc	1	0.06896551724137931	0.3448275862068966	0.06896551724137931	0.5862068965517241
act/23	mean	proj	4	19	False	True	asc	1	0.06896551724137931	0.41379310344827586	0.06896551724137931	0.5862068965517241
act/23	mean	proj	4	15	False	True	asc	1	0.06896551724137931	0.3103448275862069	0.06896551724137931	0.5517241379310345
act/23	mean	proj	4	15	False	False	asc	1	0.10344827586206896	0.3448275862068966	0.06896551724137931	0.5862068965517241
embed	mean	proj	0	19	True	False	asc	1	0.06896551724137931	0.5862068965517241	0.06896551724137931	0.4827586206896552
embed	mean	proj	0	20	True	True	asc	1	0.0	0.4482758620689655	0.06896551724137931	0.5517241379310345
embed	mean	proj	0	20	True	False	asc	1	0.06896551724137931	0.5862068965517241	0.06896551724137931	0.4827586206896552
act/27	mean	proj	8	9	False	True	asc	1	0.06896551724137931	0.3793103448275862	0.06896551724137931	0.41379310344827586
act/27	mean	proj	8	9	False	False	asc	1	0.06896551724137931	0.3793103448275862	0.06896551724137931	0.41379310344827586
act/27	mean	proj	7	11	False	True	asc	1	0.034482758620689655	0.27586206896551724	0.06896551724137931	0.5862068965517241
act/27	mean	proj	7	12	False	True	asc	1	0.034482758620689655	0.2413793103448276	0.06896551724137931	0.6551724137931034
act/27	mean	proj	7	12	False	False	asc	1	0.034482758620689655	0.2413793103448276	0.06896551724137931	0.6896551724137931
embed	mean	proj	1	17	True	True	asc	1	0.06896551724137931	0.4827586206896552	0.06896551724137931	0.41379310344827586
embed	mean	proj	1	17	True	False	asc	1	0.06896551724137931	0.4827586206896552	0.06896551724137931	0.3793103448275862
embed	mean	proj	1	18	True	True	asc	1	0.06896551724137931	0.4827586206896552	0.06896551724137931	0.41379310344827586
embed	mean	proj	1	18	True	False	asc	1	0.06896551724137931	0.4827586206896552	0.06896551724137931	0.3793103448275862
embed	mean	proj	1	19	True	True	asc	1	0.06896551724137931	0.4827586206896552	0.06896551724137931	0.41379310344827586
embed	mean	proj	1	19	True	False	asc	1	0.06896551724137931	0.4827586206896552	0.06896551724137931	0.3793103448275862
embed	mean	proj	1	12	True	True	asc	1	0.06896551724137931	0.4482758620689655	0.06896551724137931	0.41379310344827586
act/23	mean	proj	5	16	False	False	asc	1	0.10344827586206896	0.3448275862068966	0.06896551724137931	0.6206896551724138
embed	mean	proj	4	10	True	True	asc	1	0.06896551724137931	0.5517241379310345	0.06896551724137931	0.4482758620689655
embed	mean	proj	4	10	True	False	asc	1	0.06896551724137931	0.5172413793103449	0.06896551724137931	0.4482758620689655
embed	mean	proj	2	6	True	True	asc	1	0.13793103448275862	0.5862068965517241	0.06896551724137931	0.6206896551724138
embed	mean	proj	2	6	True	False	asc	1	0.13793103448275862	0.6206896551724138	0.06896551724137931	0.5862068965517241
embed	mean	proj	1	20	True	True	asc	1	0.06896551724137931	0.4827586206896552	0.06896551724137931	0.41379310344827586
embed	mean	proj	1	20	True	False	asc	1	0.06896551724137931	0.4827586206896552	0.06896551724137931	0.3793103448275862
embed	mean	proj	1	16	True	True	asc	1	0.06896551724137931	0.4827586206896552	0.06896551724137931	0.41379310344827586
embed	mean	proj	1	16	True	False	asc	1	0.06896551724137931	0.4827586206896552	0.06896551724137931	0.3793103448275862
embed	mean	proj	5	10	True	False	asc	1	0.06896551724137931	0.5172413793103449	0.06896551724137931	0.41379310344827586
embed	mean	proj	5	11	True	True	asc	1	0.06896551724137931	0.4827586206896552	0.06896551724137931	0.41379310344827586
embed	mean	proj	5	11	True	False	asc	1	0.06896551724137931	0.5172413793103449	0.06896551724137931	0.41379310344827586
embed	mean	proj	5	12	True	True	asc	1	0.06896551724137931	0.4827586206896552	0.06896551724137931	0.4482758620689655
embed	mean	proj	5	9	True	True	asc	1	0.06896551724137931	0.5172413793103449	0.06896551724137931	0.4482758620689655
embed	mean	proj	5	9	True	False	asc	1	0.10344827586206896	0.5172413793103449	0.06896551724137931	0.41379310344827586
embed	mean	proj	4	9	True	True	asc	1	0.06896551724137931	0.5862068965517241	0.06896551724137931	0.41379310344827586
embed	mean	proj	4	9	True	False	asc	1	0.06896551724137931	0.5862068965517241	0.06896551724137931	0.4482758620689655
act/27	mean	proj	6	19	False	False	asc	1	0.06896551724137931	0.3103448275862069	0.06896551724137931	0.5862068965517241
act/27	mean	proj	5	18	False	False	asc	1	0.06896551724137931	0.2413793103448276	0.06896551724137931	0.5172413793103449
act/27	mean	proj	5	19	False	False	asc	1	0.06896551724137931	0.3103448275862069	0.06896551724137931	0.5862068965517241
act/27	mean	proj	5	20	False	False	asc	1	0.06896551724137931	0.3448275862068966	0.06896551724137931	0.5862068965517241
act/27	mean	proj	5	15	False	False	asc	1	0.06896551724137931	0.2413793103448276	0.06896551724137931	0.4827586206896552
act/27	mean	proj	5	16	False	False	asc	1	0.06896551724137931	0.2413793103448276	0.06896551724137931	0.5517241379310345
act/27	mean	proj	5	17	False	False	asc	1	0.06896551724137931	0.2413793103448276	0.06896551724137931	0.5172413793103449
embed	mean	proj	5	10	True	True	asc	1	0.06896551724137931	0.5172413793103449	0.06896551724137931	0.41379310344827586
embed	mean	proj	7	10	True	True	asc	1	0.034482758620689655	0.1724137931034483	0.06896551724137931	0.41379310344827586
embed	mean	proj	7	10	True	False	asc	1	0.034482758620689655	0.1724137931034483	0.06896551724137931	0.41379310344827586
embed	mean	proj	6	16	True	True	asc	1	0.06896551724137931	0.5517241379310345	0.06896551724137931	0.4482758620689655
embed	mean	proj	6	16	True	False	asc	1	0.06896551724137931	0.5862068965517241	0.06896551724137931	0.4827586206896552
embed	mean	proj	6	17	True	True	asc	1	0.06896551724137931	0.5862068965517241	0.06896551724137931	0.5172413793103449
embed	mean	proj	6	17	True	False	asc	1	0.06896551724137931	0.6206896551724138	0.06896551724137931	0.41379310344827586
embed	mean	proj	6	18	True	True	asc	1	0.06896551724137931	0.5862068965517241	0.06896551724137931	0.5172413793103449
embed	mean	proj	6	18	True	False	asc	1	0.034482758620689655	0.5517241379310345	0.06896551724137931	0.41379310344827586
embed	mean	proj	7	17	True	False	asc	1	0.13793103448275862	0.5172413793103449	0.06896551724137931	0.4482758620689655
embed	mean	proj	7	18	True	False	asc	1	0.10344827586206896	0.3793103448275862	0.06896551724137931	0.4827586206896552
embed	mean	proj	7	12	True	True	asc	1	0.06896551724137931	0.3103448275862069	0.06896551724137931	0.5172413793103449
embed	mean	proj	7	12	True	False	asc	1	0.06896551724137931	0.3103448275862069	0.06896551724137931	0.5172413793103449
embed	mean	proj	7	13	True	True	asc	1	0.06896551724137931	0.3448275862068966	0.06896551724137931	0.5172413793103449
embed	mean	proj	7	13	True	False	asc	1	0.06896551724137931	0.3448275862068966	0.06896551724137931	0.5517241379310345
embed	mean	proj	6	20	True	True	asc	1	0.06896551724137931	0.5862068965517241	0.06896551724137931	0.5172413793103449
embed	mean	proj	6	20	True	False	asc	1	0.034482758620689655	0.5517241379310345	0.06896551724137931	0.3793103448275862
act/27	mean	proj	4	9	False	False	asc	1	0.034482758620689655	0.2413793103448276	0.06896551724137931	0.5172413793103449
act/27	mean	proj	4	6	False	True	asc	1	0.06896551724137931	0.2413793103448276	0.06896551724137931	0.4482758620689655
act/27	mean	proj	4	6	False	False	asc	1	0.06896551724137931	0.27586206896551724	0.06896551724137931	0.4827586206896552
act/27	mean	proj	4	7	False	True	asc	1	0.06896551724137931	0.2413793103448276	0.06896551724137931	0.5172413793103449
act/27	mean	proj	4	7	False	False	asc	1	0.06896551724137931	0.2413793103448276	0.06896551724137931	0.5172413793103449
act/27	mean	proj	4	8	False	True	asc	1	0.034482758620689655	0.27586206896551724	0.06896551724137931	0.5172413793103449
act/27	mean	proj	4	8	False	False	asc	1	0.034482758620689655	0.3103448275862069	0.06896551724137931	0.5172413793103449
embed	mean	proj	7	16	True	False	asc	1	0.13793103448275862	0.4827586206896552	0.06896551724137931	0.4482758620689655
act/23	mean	proj	5	17	False	False	asc	1	0.10344827586206896	0.3448275862068966	0.06896551724137931	0.5862068965517241
act/23	mean	proj	5	18	False	False	asc	1	0.10344827586206896	0.3793103448275862	0.06896551724137931	0.5862068965517241
act/23	mean	proj	5	19	False	False	asc	1	0.10344827586206896	0.41379310344827586	0.06896551724137931	0.6206896551724138
act/27	mean	proj	4	20	False	True	asc	1	0.10344827586206896	0.3103448275862069	0.06896551724137931	0.5517241379310345
act/27	mean	proj	4	14	False	True	asc	1	0.06896551724137931	0.2413793103448276	0.06896551724137931	0.5172413793103449
act/27	mean	proj	4	15	False	True	asc	1	0.10344827586206896	0.3103448275862069	0.06896551724137931	0.5172413793103449
act/27	mean	proj	4	15	False	False	asc	1	0.10344827586206896	0.3103448275862069	0.06896551724137931	0.5172413793103449
act/27	mean	proj	4	9	False	True	asc	1	0.034482758620689655	0.2413793103448276	0.06896551724137931	0.5172413793103449
embed	mean	proj	8	10	True	False	asc	1	0.034482758620689655	0.27586206896551724	0.06896551724137931	0.4482758620689655
act/23	mean	proj	6	14	False	False	asc	1	0.10344827586206896	0.3448275862068966	0.06896551724137931	0.5862068965517241
embed	mean	proj	10	20	True	False	asc	1	0.1724137931034483	0.5172413793103449	0.06896551724137931	0.41379310344827586
embed	mean	proj	10	15	True	True	asc	1	0.1724137931034483	0.5517241379310345	0.06896551724137931	0.4482758620689655
embed	mean	proj	10	15	True	False	asc	1	0.1724137931034483	0.5517241379310345	0.06896551724137931	0.4827586206896552
embed	mean	proj	9	20	True	True	asc	1	0.1724137931034483	0.4482758620689655	0.06896551724137931	0.41379310344827586
embed	mean	proj	9	20	True	False	asc	1	0.1724137931034483	0.4827586206896552	0.06896551724137931	0.4482758620689655
embed	mean	proj	10	11	True	True	asc	1	0.06896551724137931	0.3793103448275862	0.06896551724137931	0.5172413793103449
embed	mean	proj	8	17	True	False	asc	1	0.1724137931034483	0.5517241379310345	0.06896551724137931	0.41379310344827586
embed	mean	proj	8	18	True	False	asc	1	0.1724137931034483	0.5517241379310345	0.06896551724137931	0.3793103448275862
embed	mean	proj	8	11	True	True	asc	1	0.06896551724137931	0.3103448275862069	0.06896551724137931	0.4827586206896552
embed	mean	proj	8	11	True	False	asc	1	0.06896551724137931	0.3103448275862069	0.06896551724137931	0.4827586206896552
embed	mean	proj	8	13	True	True	asc	1	0.06896551724137931	0.3793103448275862	0.06896551724137931	0.5517241379310345
embed	mean	proj	8	13	True	False	asc	1	0.06896551724137931	0.3793103448275862	0.06896551724137931	0.5517241379310345
embed	mean	proj	7	19	True	False	asc	1	0.10344827586206896	0.3793103448275862	0.06896551724137931	0.4827586206896552
embed	mean	proj	8	10	True	True	asc	1	0.034482758620689655	0.27586206896551724	0.06896551724137931	0.41379310344827586
embed	mean	proj	9	11	True	False	asc	1	0.06896551724137931	0.3448275862068966	0.06896551724137931	0.4482758620689655
act/11	mean	proj	1	12	False	False	asc	1	0.10344827586206896	0.3448275862068966	0.06896551724137931	0.3448275862068966
act/11	mean	proj	1	13	False	False	asc	1	0.10344827586206896	0.3448275862068966	0.06896551724137931	0.3448275862068966
act/11	mean	proj	1	14	False	False	asc	1	0.10344827586206896	0.3448275862068966	0.06896551724137931	0.3793103448275862
act/11	mean	proj	1	11	False	False	asc	1	0.10344827586206896	0.3448275862068966	0.06896551724137931	0.3448275862068966
embed	mean	proj	8	16	True	True	asc	1	0.1724137931034483	0.5517241379310345	0.06896551724137931	0.3793103448275862
embed	mean	proj	8	16	True	False	asc	1	0.1724137931034483	0.5517241379310345	0.06896551724137931	0.3793103448275862
embed	mean	proj	8	17	True	True	asc	1	0.1724137931034483	0.5172413793103449	0.06896551724137931	0.41379310344827586
embed	mean	proj	6	19	True	True	asc	1	0.06896551724137931	0.5862068965517241	0.06896551724137931	0.5172413793103449
embed	mean	proj	6	19	True	False	asc	1	0.034482758620689655	0.5517241379310345	0.06896551724137931	0.3793103448275862
act/11	mean	proj	3	9	False	True	asc	1	0.06896551724137931	0.27586206896551724	0.06896551724137931	0.5172413793103449
act/11	mean	proj	3	5	False	False	asc	1	0.06896551724137931	0.5862068965517241	0.06896551724137931	0.5172413793103449
act/11	mean	proj	3	7	False	False	asc	1	0.06896551724137931	0.3103448275862069	0.06896551724137931	0.6206896551724138
act/11	mean	proj	3	8	False	True	asc	1	0.06896551724137931	0.27586206896551724	0.06896551724137931	0.5517241379310345
act/11	mean	proj	3	8	False	False	asc	1	0.06896551724137931	0.27586206896551724	0.06896551724137931	0.5517241379310345
embed	mean	proj	9	11	True	True	asc	1	0.06896551724137931	0.3103448275862069	0.06896551724137931	0.4482758620689655
act/11	mean	proj	15	18	True	False	asc	1	0.06896551724137931	0.3793103448275862	0.06896551724137931	0.3793103448275862
act/11	mean	proj	15	19	True	True	asc	1	0.10344827586206896	0.5517241379310345	0.06896551724137931	0.6206896551724138
act/11	mean	proj	15	19	True	False	asc	1	0.10344827586206896	0.5172413793103449	0.06896551724137931	0.6206896551724138
act/11	mean	proj	15	20	True	True	asc	1	0.06896551724137931	0.3793103448275862	0.06896551724137931	0.6551724137931034
act/11	mean	proj	15	20	True	False	asc	1	0.06896551724137931	0.3793103448275862	0.06896551724137931	0.6551724137931034
embed	mean	proj	11	18	True	True	asc	1	0.13793103448275862	0.4827586206896552	0.06896551724137931	0.3793103448275862
embed	mean	proj	11	18	True	False	asc	1	0.13793103448275862	0.4827586206896552	0.06896551724137931	0.3448275862068966
embed	mean	proj	11	13	True	True	asc	1	0.10344827586206896	0.3448275862068966	0.06896551724137931	0.4827586206896552
act/23	mean	proj	8	13	False	False	asc	1	0.06896551724137931	0.3448275862068966	0.06896551724137931	0.6206896551724138
act/23	mean	proj	10	12	False	True	asc	1	0.10344827586206896	0.3793103448275862	0.06896551724137931	0.5517241379310345
act/23	mean	proj	10	12	False	False	asc	1	0.10344827586206896	0.3793103448275862	0.06896551724137931	0.5517241379310345
act/23	mean	proj	10	14	False	True	asc	1	0.06896551724137931	0.27586206896551724	0.06896551724137931	0.5517241379310345
act/11	mean	proj	18	19	True	False	asc	1	0.1724137931034483	0.6551724137931034	0.06896551724137931	0.4482758620689655
act/11	mean	proj	15	17	True	True	asc	1	0.10344827586206896	0.3448275862068966	0.06896551724137931	0.3793103448275862
act/11	mean	proj	15	17	True	False	asc	1	0.10344827586206896	0.3448275862068966	0.06896551724137931	0.3793103448275862
act/11	mean	proj	15	18	True	True	asc	1	0.06896551724137931	0.3793103448275862	0.06896551724137931	0.3793103448275862
embed	mean	proj	9	18	True	False	asc	1	0.1724137931034483	0.4827586206896552	0.06896551724137931	0.3448275862068966
embed	mean	proj	9	19	True	True	asc	1	0.1724137931034483	0.41379310344827586	0.06896551724137931	0.3448275862068966
embed	mean	proj	9	19	True	False	asc	1	0.1724137931034483	0.41379310344827586	0.06896551724137931	0.3793103448275862
embed	mean	proj	9	13	True	True	asc	1	0.10344827586206896	0.41379310344827586	0.06896551724137931	0.4827586206896552
embed	mean	proj	9	13	True	False	asc	1	0.10344827586206896	0.3793103448275862	0.06896551724137931	0.4827586206896552
embed	mean	proj	9	14	True	True	asc	1	0.10344827586206896	0.3448275862068966	0.06896551724137931	0.41379310344827586
embed	mean	proj	9	15	True	True	asc	1	0.13793103448275862	0.41379310344827586	0.06896551724137931	0.5172413793103449
embed	mean	proj	9	15	True	False	asc	1	0.13793103448275862	0.41379310344827586	0.06896551724137931	0.5172413793103449
embed	mean	proj	10	11	True	False	asc	1	0.06896551724137931	0.3793103448275862	0.06896551724137931	0.5172413793103449
embed	mean	proj	10	12	True	True	asc	1	0.06896551724137931	0.3793103448275862	0.06896551724137931	0.6551724137931034
embed	mean	proj	10	12	True	False	asc	1	0.06896551724137931	0.3793103448275862	0.06896551724137931	0.6551724137931034
embed	mean	proj	9	16	True	True	asc	1	0.1724137931034483	0.4482758620689655	0.06896551724137931	0.41379310344827586
embed	mean	proj	9	16	True	False	asc	1	0.1724137931034483	0.4827586206896552	0.06896551724137931	0.41379310344827586
embed	mean	proj	9	17	True	True	asc	1	0.1724137931034483	0.4827586206896552	0.06896551724137931	0.41379310344827586
embed	mean	proj	9	17	True	False	asc	1	0.1724137931034483	0.5172413793103449	0.06896551724137931	0.41379310344827586
embed	mean	proj	9	18	True	True	asc	1	0.1724137931034483	0.4827586206896552	0.06896551724137931	0.3448275862068966
act/11	mean	proj	14	17	True	False	asc	1	0.034482758620689655	0.3448275862068966	0.06896551724137931	0.3793103448275862
act/11	mean	proj	12	20	True	False	asc	1	0.10344827586206896	0.5517241379310345	0.06896551724137931	0.5172413793103449
act/11	mean	proj	17	19	True	True	asc	1	0.2413793103448276	0.6551724137931034	0.06896551724137931	0.5172413793103449
act/11	mean	proj	17	19	True	False	asc	1	0.2413793103448276	0.6551724137931034	0.06896551724137931	0.5172413793103449
act/11	mean	proj	17	20	True	True	asc	1	0.20689655172413793	0.5862068965517241	0.06896551724137931	0.6206896551724138
act/11	mean	proj	17	20	True	False	asc	1	0.20689655172413793	0.5862068965517241	0.06896551724137931	0.6206896551724138
act/11	mean	proj	18	19	True	True	asc	1	0.1724137931034483	0.6551724137931034	0.06896551724137931	0.4482758620689655
embed	mean	proj	14	16	True	True	asc	1	0.06896551724137931	0.27586206896551724	0.06896551724137931	0.4827586206896552
embed	mean	proj	12	19	True	False	asc	1	0.13793103448275862	0.4482758620689655	0.06896551724137931	0.3103448275862069
embed	mean	proj	12	20	True	True	asc	1	0.13793103448275862	0.4482758620689655	0.06896551724137931	0.41379310344827586
embed	mean	proj	12	20	True	False	asc	1	0.13793103448275862	0.4827586206896552	0.06896551724137931	0.41379310344827586
act/11	mean	proj	14	18	True	True	asc	1	0.06896551724137931	0.3448275862068966	0.06896551724137931	0.41379310344827586
act/11	mean	proj	14	18	True	False	asc	1	0.034482758620689655	0.3448275862068966	0.06896551724137931	0.41379310344827586
act/11	mean	proj	14	19	True	True	asc	1	0.1724137931034483	0.5862068965517241	0.06896551724137931	0.4482758620689655
act/11	mean	proj	14	19	True	False	asc	1	0.1724137931034483	0.6206896551724138	0.06896551724137931	0.4827586206896552
act/11	mean	proj	14	17	True	True	asc	1	0.034482758620689655	0.3448275862068966	0.06896551724137931	0.3793103448275862
act/23	mean	proj	10	11	False	True	asc	1	0.13793103448275862	0.4827586206896552	0.06896551724137931	0.4482758620689655
act/23	mean	proj	10	11	False	False	asc	1	0.13793103448275862	0.4827586206896552	0.06896551724137931	0.4482758620689655
act/23	mean	proj	9	11	False	True	asc	1	0.10344827586206896	0.5172413793103449	0.06896551724137931	0.6206896551724138
act/23	mean	proj	9	11	False	False	asc	1	0.10344827586206896	0.5172413793103449	0.06896551724137931	0.6206896551724138
act/23	mean	proj	9	13	False	False	asc	1	0.06896551724137931	0.3103448275862069	0.06896551724137931	0.5862068965517241
act/23	mean	proj	12	13	False	True	asc	1	0.06896551724137931	0.3793103448275862	0.06896551724137931	0.5517241379310345
act/23	mean	proj	12	13	False	False	asc	1	0.06896551724137931	0.3793103448275862	0.06896551724137931	0.5517241379310345
embed	mean	proj	12	19	True	True	asc	1	0.13793103448275862	0.4482758620689655	0.06896551724137931	0.3448275862068966
embed	mean	proj	11	13	True	False	asc	1	0.10344827586206896	0.3448275862068966	0.06896551724137931	0.5172413793103449
embed	mean	proj	11	14	True	True	asc	1	0.13793103448275862	0.3448275862068966	0.06896551724137931	0.4482758620689655
embed	mean	proj	11	14	True	False	asc	1	0.13793103448275862	0.3448275862068966	0.06896551724137931	0.4482758620689655
embed	mean	proj	10	18	True	True	asc	1	0.1724137931034483	0.5862068965517241	0.06896551724137931	0.3448275862068966
embed	mean	proj	10	18	True	False	asc	1	0.1724137931034483	0.5862068965517241	0.06896551724137931	0.3103448275862069
embed	mean	proj	10	19	True	True	asc	1	0.1724137931034483	0.5172413793103449	0.06896551724137931	0.3448275862068966
embed	mean	proj	10	19	True	False	asc	1	0.1724137931034483	0.5172413793103449	0.06896551724137931	0.3448275862068966
embed	mean	proj	10	20	True	True	asc	1	0.1724137931034483	0.5172413793103449	0.06896551724137931	0.41379310344827586
embed	mean	proj	0	2	False	False	asc	1	0.06896551724137931	0.4827586206896552	0.06896551724137931	0.4482758620689655
embed	mean	proj	0	3	False	True	asc	1	0.06896551724137931	0.4827586206896552	0.06896551724137931	0.4482758620689655
embed	mean	proj	0	3	False	False	asc	1	0.06896551724137931	0.5172413793103449	0.06896551724137931	0.4482758620689655
embed	mean	proj	0	4	False	True	asc	1	0.06896551724137931	0.4827586206896552	0.06896551724137931	0.4482758620689655
embed	mean	proj	0	4	False	False	asc	1	0.06896551724137931	0.5172413793103449	0.06896551724137931	0.4482758620689655
embed	mean	proj	17	20	True	True	asc	1	0.10344827586206896	0.3448275862068966	0.06896551724137931	0.5517241379310345
embed	mean	proj	17	20	True	False	asc	1	0.10344827586206896	0.3448275862068966	0.06896551724137931	0.5517241379310345
embed	mean	proj	18	20	True	True	asc	1	0.10344827586206896	0.3103448275862069	0.06896551724137931	0.5517241379310345
act/23	mean	proj	14	16	False	True	asc	1	0.10344827586206896	0.3793103448275862	0.06896551724137931	0.4482758620689655
act/23	mean	proj	14	16	False	False	asc	1	0.10344827586206896	0.3793103448275862	0.06896551724137931	0.4482758620689655
embed	mean	proj	0	7	False	False	asc	1	0.10344827586206896	0.5862068965517241	0.06896551724137931	0.4482758620689655
embed	mean	proj	0	8	False	True	asc	1	0.06896551724137931	0.4827586206896552	0.06896551724137931	0.4482758620689655
embed	mean	proj	0	8	False	False	asc	1	0.034482758620689655	0.5172413793103449	0.06896551724137931	0.41379310344827586
embed	mean	proj	0	1	False	True	asc	1	0.06896551724137931	0.4827586206896552	0.06896551724137931	0.4482758620689655
embed	mean	proj	0	1	False	False	asc	1	0.06896551724137931	0.4827586206896552	0.06896551724137931	0.4482758620689655
embed	mean	proj	0	2	False	True	asc	1	0.06896551724137931	0.4827586206896552	0.06896551724137931	0.4482758620689655
act/27	mean	proj	3	20	False	False	asc	1	0.10344827586206896	0.2413793103448276	0.06896551724137931	0.5862068965517241
act/27	mean	proj	3	5	False	True	asc	1	0.034482758620689655	0.3793103448275862	0.06896551724137931	0.6206896551724138
act/27	mean	proj	3	5	False	False	asc	1	0.034482758620689655	0.3793103448275862	0.06896551724137931	0.6551724137931034
act/27	mean	proj	3	6	False	True	asc	1	0.034482758620689655	0.3793103448275862	0.06896551724137931	0.5862068965517241
act/27	mean	proj	3	6	False	False	asc	1	0.06896551724137931	0.3793103448275862	0.06896551724137931	0.5172413793103449
act/27	mean	proj	3	7	False	True	asc	1	0.06896551724137931	0.3448275862068966	0.06896551724137931	0.5172413793103449
act/23	mean	proj	13	20	False	True	asc	1	0.13793103448275862	0.5862068965517241	0.06896551724137931	0.5517241379310345
act/23	mean	proj	13	20	False	False	asc	1	0.13793103448275862	0.5862068965517241	0.06896551724137931	0.5517241379310345
embed	mean	proj	14	16	True	False	asc	1	0.06896551724137931	0.27586206896551724	0.06896551724137931	0.4827586206896552
act/11	mean	proj	12	14	True	True	asc	1	0.10344827586206896	0.3448275862068966	0.06896551724137931	0.4827586206896552
act/11	mean	proj	12	14	True	False	asc	1	0.10344827586206896	0.3448275862068966	0.06896551724137931	0.4827586206896552
act/11	mean	proj	11	12	True	True	asc	1	0.0	0.27586206896551724	0.06896551724137931	0.3793103448275862
act/11	mean	proj	11	12	True	False	asc	1	0.0	0.27586206896551724	0.06896551724137931	0.3793103448275862
embed	mean	proj	13	18	True	False	asc	1	0.1724137931034483	0.5172413793103449	0.06896551724137931	0.4482758620689655
embed	mean	proj	13	20	True	True	asc	1	0.20689655172413793	0.5172413793103449	0.06896551724137931	0.3448275862068966
embed	mean	proj	13	20	True	False	asc	1	0.20689655172413793	0.5517241379310345	0.06896551724137931	0.3793103448275862
act/27	mean	proj	2	19	False	False	asc	1	0.06896551724137931	0.4827586206896552	0.06896551724137931	0.5862068965517241
act/27	mean	proj	2	20	False	True	asc	1	0.06896551724137931	0.4827586206896552	0.06896551724137931	0.5517241379310345
act/27	mean	proj	2	20	False	False	asc	1	0.06896551724137931	0.4827586206896552	0.06896551724137931	0.6206896551724138
act/27	mean	proj	3	4	False	True	asc	1	0.034482758620689655	0.41379310344827586	0.06896551724137931	0.6206896551724138
act/27	mean	proj	3	4	False	False	asc	1	0.034482758620689655	0.41379310344827586	0.06896551724137931	0.6206896551724138
act/27	mean	proj	2	14	False	True	asc	1	0.06896551724137931	0.4827586206896552	0.06896551724137931	0.5172413793103449
act/27	mean	proj	2	14	False	False	asc	1	0.06896551724137931	0.4482758620689655	0.06896551724137931	0.5862068965517241
act/27	mean	proj	2	15	False	True	asc	1	0.06896551724137931	0.4827586206896552	0.06896551724137931	0.5172413793103449
act/23	mean	proj	17	19	False	False	asc	1	0.10344827586206896	0.4482758620689655	0.06896551724137931	0.5172413793103449
act/23	mean	proj	15	17	False	True	asc	1	0.06896551724137931	0.4827586206896552	0.06896551724137931	0.5862068965517241
act/23	mean	proj	15	17	False	False	asc	1	0.06896551724137931	0.4827586206896552	0.06896551724137931	0.5862068965517241
act/23	mean	proj	14	18	False	True	asc	1	0.10344827586206896	0.41379310344827586	0.06896551724137931	0.5862068965517241
act/23	mean	proj	14	18	False	False	asc	1	0.10344827586206896	0.4482758620689655	0.06896551724137931	0.5862068965517241
act/27	mean	proj	2	18	False	True	asc	1	0.06896551724137931	0.5172413793103449	0.06896551724137931	0.5172413793103449
act/27	mean	proj	2	18	False	False	asc	1	0.06896551724137931	0.4482758620689655	0.06896551724137931	0.5862068965517241
act/27	mean	proj	2	19	False	True	asc	1	0.06896551724137931	0.5172413793103449	0.06896551724137931	0.5517241379310345
act/23	mean	proj	12	20	False	True	asc	1	0.13793103448275862	0.5862068965517241	0.06896551724137931	0.5517241379310345
act/23	mean	proj	13	14	False	True	asc	1	0.034482758620689655	0.41379310344827586	0.06896551724137931	0.6206896551724138
act/23	mean	proj	13	14	False	False	asc	1	0.034482758620689655	0.41379310344827586	0.06896551724137931	0.6206896551724138
act/23	mean	proj	13	15	False	True	asc	1	0.06896551724137931	0.3448275862068966	0.06896551724137931	0.5862068965517241
act/23	mean	proj	13	15	False	False	asc	1	0.10344827586206896	0.3448275862068966	0.06896551724137931	0.5862068965517241
act/23	mean	proj	12	16	False	True	asc	1	0.13793103448275862	0.3448275862068966	0.06896551724137931	0.5172413793103449
act/23	mean	proj	12	16	False	False	asc	1	0.13793103448275862	0.3448275862068966	0.06896551724137931	0.5172413793103449
act/23	mean	proj	17	19	False	True	asc	1	0.10344827586206896	0.4482758620689655	0.06896551724137931	0.5172413793103449
embed	mean	proj	18	20	True	False	asc	1	0.10344827586206896	0.3103448275862069	0.06896551724137931	0.5517241379310345
embed	mean	proj	19	20	True	True	asc	1	0.034482758620689655	0.27586206896551724	0.06896551724137931	0.3793103448275862
embed	mean	proj	19	20	True	False	asc	1	0.034482758620689655	0.27586206896551724	0.06896551724137931	0.3793103448275862
embed	mean	proj	16	17	True	True	asc	1	0.10344827586206896	0.4827586206896552	0.06896551724137931	0.5862068965517241
embed	mean	proj	16	17	True	False	asc	1	0.10344827586206896	0.4827586206896552	0.06896551724137931	0.5862068965517241
embed	mean	proj	16	18	True	True	asc	1	0.06896551724137931	0.41379310344827586	0.06896551724137931	0.3448275862068966
act/23	mean	proj	13	16	False	True	asc	1	0.10344827586206896	0.41379310344827586	0.06896551724137931	0.41379310344827586
act/23	mean	proj	13	16	False	False	asc	1	0.10344827586206896	0.41379310344827586	0.06896551724137931	0.41379310344827586
act/27	mean	proj	0	10	True	False	asc	1	0.10344827586206896	0.3793103448275862	0.06896551724137931	0.3793103448275862
act/27	mean	proj	0	11	True	True	asc	1	0.10344827586206896	0.3103448275862069	0.06896551724137931	0.3103448275862069
act/27	mean	proj	0	11	True	False	asc	1	0.10344827586206896	0.3793103448275862	0.06896551724137931	0.3793103448275862
act/27	mean	proj	0	12	True	True	asc	1	0.10344827586206896	0.3103448275862069	0.06896551724137931	0.3448275862068966
act/27	mean	proj	0	12	True	False	asc	1	0.10344827586206896	0.3793103448275862	0.06896551724137931	0.3793103448275862
act/27	mean	proj	0	5	True	True	asc	1	0.10344827586206896	0.3103448275862069	0.06896551724137931	0.3103448275862069
act/27	mean	proj	0	5	True	False	asc	1	0.06896551724137931	0.3103448275862069	0.06896551724137931	0.3793103448275862
act/27	mean	proj	0	6	True	True	asc	1	0.10344827586206896	0.3103448275862069	0.06896551724137931	0.3103448275862069
act/27	mean	proj	2	7	False	False	asc	1	0.034482758620689655	0.5172413793103449	0.06896551724137931	0.5172413793103449
act/27	mean	proj	2	8	False	True	asc	1	0.034482758620689655	0.4827586206896552	0.06896551724137931	0.5172413793103449
act/27	mean	proj	2	8	False	False	asc	1	0.034482758620689655	0.4827586206896552	0.06896551724137931	0.6206896551724138
act/27	mean	proj	2	9	False	True	asc	1	0.06896551724137931	0.41379310344827586	0.06896551724137931	0.41379310344827586
act/27	mean	proj	2	9	False	False	asc	1	0.10344827586206896	0.4482758620689655	0.06896551724137931	0.4827586206896552
act/27	mean	proj	0	9	True	True	asc	1	0.10344827586206896	0.3103448275862069	0.06896551724137931	0.3103448275862069
act/27	mean	proj	0	9	True	False	asc	1	0.06896551724137931	0.3793103448275862	0.06896551724137931	0.41379310344827586
act/27	mean	proj	0	10	True	True	asc	1	0.10344827586206896	0.27586206896551724	0.06896551724137931	0.3103448275862069
act/27	mean	proj	2	11	False	False	asc	1	0.06896551724137931	0.4482758620689655	0.06896551724137931	0.5517241379310345
act/27	mean	proj	2	12	False	True	asc	1	0.06896551724137931	0.4482758620689655	0.06896551724137931	0.5172413793103449
act/27	mean	proj	2	12	False	False	asc	1	0.06896551724137931	0.4482758620689655	0.06896551724137931	0.5862068965517241
act/27	mean	proj	2	13	False	True	asc	1	0.06896551724137931	0.4482758620689655	0.06896551724137931	0.5517241379310345
act/27	mean	proj	2	13	False	False	asc	1	0.06896551724137931	0.4482758620689655	0.06896551724137931	0.5862068965517241
act/27	mean	proj	2	6	False	True	asc	1	0.034482758620689655	0.5172413793103449	0.06896551724137931	0.3793103448275862
act/27	mean	proj	2	6	False	False	asc	1	0.034482758620689655	0.5172413793103449	0.06896551724137931	0.4827586206896552
act/27	mean	proj	2	7	False	True	asc	1	0.034482758620689655	0.4827586206896552	0.06896551724137931	0.3793103448275862
act/27	mean	proj	2	15	False	False	asc	1	0.10344827586206896	0.4827586206896552	0.06896551724137931	0.6206896551724138
act/27	mean	proj	2	16	False	True	asc	1	0.06896551724137931	0.4827586206896552	0.06896551724137931	0.5172413793103449
act/27	mean	proj	2	16	False	False	asc	1	0.06896551724137931	0.4482758620689655	0.06896551724137931	0.5517241379310345
act/27	mean	proj	2	17	False	True	asc	1	0.06896551724137931	0.5172413793103449	0.06896551724137931	0.5172413793103449
act/27	mean	proj	2	17	False	False	asc	1	0.06896551724137931	0.4482758620689655	0.06896551724137931	0.5862068965517241
act/27	mean	proj	2	10	False	True	asc	1	0.06896551724137931	0.4482758620689655	0.06896551724137931	0.4827586206896552
act/27	mean	proj	2	10	False	False	asc	1	0.06896551724137931	0.4482758620689655	0.06896551724137931	0.4827586206896552
act/27	mean	proj	2	11	False	True	asc	1	0.06896551724137931	0.4482758620689655	0.06896551724137931	0.4482758620689655
act/27	mean	proj	0	15	True	True	asc	1	0.10344827586206896	0.3103448275862069	0.06896551724137931	0.3448275862068966
act/27	mean	proj	0	15	True	False	asc	1	0.10344827586206896	0.3793103448275862	0.06896551724137931	0.3793103448275862
act/27	mean	proj	0	16	True	True	asc	1	0.10344827586206896	0.3103448275862069	0.06896551724137931	0.3448275862068966
act/27	mean	proj	0	16	True	False	asc	1	0.10344827586206896	0.3793103448275862	0.06896551724137931	0.3793103448275862
act/27	mean	proj	2	4	True	False	asc	1	0.06896551724137931	0.4827586206896552	0.06896551724137931	0.5172413793103449
act/27	mean	proj	1	18	True	True	asc	1	0.1724137931034483	0.5172413793103449	0.06896551724137931	0.5862068965517241
act/27	mean	proj	1	18	True	False	asc	1	0.13793103448275862	0.4827586206896552	0.06896551724137931	0.5862068965517241
act/27	mean	proj	1	19	True	True	asc	1	0.1724137931034483	0.5172413793103449	0.06896551724137931	0.5862068965517241
act/27	mean	proj	0	17	True	True	asc	1	0.10344827586206896	0.3103448275862069	0.06896551724137931	0.3448275862068966
act/27	mean	proj	0	18	True	True	asc	1	0.10344827586206896	0.3103448275862069	0.06896551724137931	0.3448275862068966
act/27	mean	proj	0	19	True	True	asc	1	0.10344827586206896	0.3103448275862069	0.06896551724137931	0.3448275862068966
act/27	mean	proj	0	20	True	True	asc	1	0.10344827586206896	0.3103448275862069	0.06896551724137931	0.3448275862068966
act/27	mean	proj	0	13	True	True	asc	1	0.10344827586206896	0.3103448275862069	0.06896551724137931	0.3448275862068966
act/27	mean	proj	0	13	True	False	asc	1	0.10344827586206896	0.3793103448275862	0.06896551724137931	0.3793103448275862
act/27	mean	proj	0	14	True	True	asc	1	0.10344827586206896	0.3103448275862069	0.06896551724137931	0.3448275862068966
act/27	mean	proj	0	14	True	False	asc	1	0.10344827586206896	0.3793103448275862	0.06896551724137931	0.3793103448275862
act/27	mean	proj	1	8	True	True	asc	1	0.13793103448275862	0.4827586206896552	0.06896551724137931	0.5172413793103449
act/27	mean	proj	1	8	True	False	asc	1	0.1724137931034483	0.4827586206896552	0.06896551724137931	0.5517241379310345
act/27	mean	proj	1	9	True	True	asc	1	0.1724137931034483	0.4482758620689655	0.06896551724137931	0.5517241379310345
act/27	mean	proj	1	9	True	False	asc	1	0.13793103448275862	0.4827586206896552	0.06896551724137931	0.6206896551724138
act/27	mean	proj	1	3	True	False	asc	1	0.1724137931034483	0.5517241379310345	0.06896551724137931	0.3793103448275862
act/27	mean	proj	1	4	True	False	asc	1	0.13793103448275862	0.5517241379310345	0.06896551724137931	0.5862068965517241
act/27	mean	proj	1	5	True	True	asc	1	0.13793103448275862	0.5172413793103449	0.06896551724137931	0.5517241379310345
act/27	mean	proj	1	5	True	False	asc	1	0.10344827586206896	0.5172413793103449	0.06896551724137931	0.5862068965517241
act/27	mean	proj	0	6	True	False	asc	1	0.10344827586206896	0.3103448275862069	0.06896551724137931	0.41379310344827586
act/27	mean	proj	0	8	True	False	asc	1	0.10344827586206896	0.3103448275862069	0.06896551724137931	0.3448275862068966
act/27	mean	proj	0	4	True	True	asc	1	0.10344827586206896	0.3103448275862069	0.06896551724137931	0.3103448275862069
act/27	mean	proj	0	4	True	False	asc	1	0.10344827586206896	0.3103448275862069	0.06896551724137931	0.3793103448275862
act/27	mean	proj	1	6	True	True	asc	1	0.13793103448275862	0.5172413793103449	0.06896551724137931	0.5517241379310345
act/27	mean	proj	1	6	True	False	asc	1	0.10344827586206896	0.5172413793103449	0.06896551724137931	0.5862068965517241
act/27	mean	proj	1	7	True	True	asc	1	0.13793103448275862	0.5172413793103449	0.06896551724137931	0.5517241379310345
act/27	mean	proj	1	7	True	False	asc	1	0.06896551724137931	0.5172413793103449	0.06896551724137931	0.5862068965517241
act/27	mean	proj	1	14	False	True	asc	1	0.10344827586206896	0.27586206896551724	0.06896551724137931	0.3448275862068966
act/27	mean	proj	1	15	False	True	asc	1	0.10344827586206896	0.27586206896551724	0.06896551724137931	0.3448275862068966
act/27	mean	proj	1	11	False	True	asc	1	0.10344827586206896	0.27586206896551724	0.06896551724137931	0.3448275862068966
act/27	mean	proj	1	11	False	False	asc	1	0.10344827586206896	0.4482758620689655	0.06896551724137931	0.3103448275862069
act/27	mean	proj	2	20	True	False	asc	1	0.13793103448275862	0.3793103448275862	0.06896551724137931	0.6206896551724138
act/27	mean	proj	2	17	True	False	asc	1	0.10344827586206896	0.3793103448275862	0.06896551724137931	0.6206896551724138
act/27	mean	proj	2	18	True	False	asc	1	0.10344827586206896	0.3793103448275862	0.06896551724137931	0.6206896551724138
act/27	mean	proj	2	19	True	True	asc	1	0.13793103448275862	0.3793103448275862	0.06896551724137931	0.5862068965517241
act/27	mean	proj	1	12	True	False	asc	1	0.13793103448275862	0.4827586206896552	0.06896551724137931	0.6206896551724138
act/27	mean	proj	1	13	True	True	asc	1	0.20689655172413793	0.4482758620689655	0.06896551724137931	0.5862068965517241
act/27	mean	proj	1	13	True	False	asc	1	0.13793103448275862	0.4827586206896552	0.06896551724137931	0.5862068965517241
act/27	mean	proj	2	4	False	True	asc	1	0.13793103448275862	0.41379310344827586	0.06896551724137931	0.3103448275862069
act/27	mean	proj	2	5	False	False	asc	1	0.06896551724137931	0.5517241379310345	0.06896551724137931	0.41379310344827586
act/27	mean	proj	1	16	False	True	asc	1	0.10344827586206896	0.27586206896551724	0.06896551724137931	0.3448275862068966
act/27	mean	proj	1	17	False	True	asc	1	0.10344827586206896	0.27586206896551724	0.06896551724137931	0.3448275862068966
act/27	mean	proj	1	12	False	True	asc	1	0.10344827586206896	0.27586206896551724	0.06896551724137931	0.3448275862068966
act/27	mean	proj	1	16	True	False	asc	1	0.1724137931034483	0.4827586206896552	0.06896551724137931	0.5862068965517241
act/27	mean	proj	1	17	True	True	asc	1	0.20689655172413793	0.4482758620689655	0.06896551724137931	0.5862068965517241
act/27	mean	proj	1	17	True	False	asc	1	0.13793103448275862	0.4827586206896552	0.06896551724137931	0.5862068965517241
act/27	mean	proj	1	10	True	True	asc	1	0.20689655172413793	0.4482758620689655	0.06896551724137931	0.5517241379310345
act/27	mean	proj	1	10	True	False	asc	1	0.10344827586206896	0.4827586206896552	0.06896551724137931	0.6206896551724138
act/27	mean	proj	1	11	True	True	asc	1	0.20689655172413793	0.4482758620689655	0.06896551724137931	0.5862068965517241
act/27	mean	proj	1	11	True	False	asc	1	0.10344827586206896	0.4827586206896552	0.06896551724137931	0.6206896551724138
act/27	mean	proj	1	12	True	True	asc	1	0.20689655172413793	0.4482758620689655	0.06896551724137931	0.5862068965517241
act/27	mean	proj	1	19	True	False	asc	1	0.13793103448275862	0.4827586206896552	0.06896551724137931	0.5862068965517241
act/27	mean	proj	1	20	True	True	asc	1	0.1724137931034483	0.5172413793103449	0.06896551724137931	0.5862068965517241
act/27	mean	proj	1	20	True	False	asc	1	0.1724137931034483	0.4827586206896552	0.06896551724137931	0.5862068965517241
act/27	mean	proj	1	14	True	True	asc	1	0.20689655172413793	0.4482758620689655	0.06896551724137931	0.5862068965517241
act/27	mean	proj	1	14	True	False	asc	1	0.13793103448275862	0.4827586206896552	0.06896551724137931	0.5862068965517241
act/27	mean	proj	1	15	True	True	asc	1	0.20689655172413793	0.4482758620689655	0.06896551724137931	0.5862068965517241
act/27	mean	proj	1	15	True	False	asc	1	0.1724137931034483	0.4827586206896552	0.06896551724137931	0.6206896551724138
act/27	mean	proj	1	16	True	True	asc	1	0.20689655172413793	0.4482758620689655	0.06896551724137931	0.5862068965517241
embed	mean	proj	0	11	False	False	asc	1	0.06896551724137931	0.5862068965517241	0.06896551724137931	0.4482758620689655
embed	mean	proj	0	12	False	True	asc	1	0.06896551724137931	0.4827586206896552	0.06896551724137931	0.4482758620689655
embed	mean	proj	0	12	False	False	asc	1	0.06896551724137931	0.5862068965517241	0.06896551724137931	0.4827586206896552
embed	mean	proj	0	5	False	True	asc	1	0.06896551724137931	0.4827586206896552	0.06896551724137931	0.4482758620689655
embed	mean	proj	0	5	False	False	asc	1	0.06896551724137931	0.5172413793103449	0.06896551724137931	0.4482758620689655
embed	mean	proj	0	6	False	True	asc	1	0.06896551724137931	0.4827586206896552	0.06896551724137931	0.4482758620689655
embed	mean	proj	0	6	False	False	asc	1	0.06896551724137931	0.5517241379310345	0.06896551724137931	0.4482758620689655
embed	mean	proj	0	7	False	True	asc	1	0.06896551724137931	0.4827586206896552	0.06896551724137931	0.4482758620689655
embed	mean	proj	0	15	False	False	asc	1	0.06896551724137931	0.6206896551724138	0.06896551724137931	0.5517241379310345
embed	mean	proj	0	16	False	True	asc	1	0.06896551724137931	0.4827586206896552	0.06896551724137931	0.4482758620689655
embed	mean	proj	0	16	False	False	asc	1	0.06896551724137931	0.6206896551724138	0.06896551724137931	0.5517241379310345
embed	mean	proj	0	9	False	True	asc	1	0.06896551724137931	0.4827586206896552	0.06896551724137931	0.4482758620689655
embed	mean	proj	0	9	False	False	asc	1	0.034482758620689655	0.5517241379310345	0.06896551724137931	0.4827586206896552
embed	mean	proj	0	10	False	True	asc	1	0.06896551724137931	0.4827586206896552	0.06896551724137931	0.4482758620689655
embed	mean	proj	0	10	False	False	asc	1	0.06896551724137931	0.5862068965517241	0.06896551724137931	0.4482758620689655
embed	mean	proj	0	11	False	True	asc	1	0.06896551724137931	0.4827586206896552	0.06896551724137931	0.4482758620689655
embed	mean	proj	0	19	False	False	asc	1	0.10344827586206896	0.6206896551724138	0.06896551724137931	0.5172413793103449
embed	mean	proj	0	20	False	True	asc	1	0.06896551724137931	0.4827586206896552	0.06896551724137931	0.4482758620689655
embed	mean	proj	0	20	False	False	asc	1	0.10344827586206896	0.6206896551724138	0.06896551724137931	0.5517241379310345
embed	mean	proj	0	13	False	True	asc	1	0.06896551724137931	0.4827586206896552	0.06896551724137931	0.4482758620689655
embed	mean	proj	0	13	False	False	asc	1	0.06896551724137931	0.5862068965517241	0.06896551724137931	0.5517241379310345
embed	mean	proj	0	14	False	True	asc	1	0.06896551724137931	0.4827586206896552	0.06896551724137931	0.4482758620689655
embed	mean	proj	0	14	False	False	asc	1	0.06896551724137931	0.6206896551724138	0.06896551724137931	0.5517241379310345
embed	mean	proj	0	15	False	True	asc	1	0.06896551724137931	0.4827586206896552	0.06896551724137931	0.4482758620689655
act/11	mean	proj	8	10	True	True	asc	1	0.06896551724137931	0.3103448275862069	0.06896551724137931	0.5172413793103449
act/11	mean	proj	8	10	True	False	asc	1	0.06896551724137931	0.3103448275862069	0.06896551724137931	0.5172413793103449
embed	mean	proj	1	9	False	False	asc	1	0.0	0.5172413793103449	0.06896551724137931	0.4827586206896552
embed	mean	proj	0	17	False	True	asc	1	0.06896551724137931	0.4827586206896552	0.06896551724137931	0.4482758620689655
embed	mean	proj	0	17	False	False	asc	1	0.06896551724137931	0.6206896551724138	0.06896551724137931	0.5517241379310345
embed	mean	proj	0	18	False	True	asc	1	0.06896551724137931	0.4827586206896552	0.06896551724137931	0.4482758620689655
embed	mean	proj	0	18	False	False	asc	1	0.06896551724137931	0.6206896551724138	0.06896551724137931	0.5172413793103449
embed	mean	proj	0	19	False	True	asc	1	0.06896551724137931	0.4827586206896552	0.06896551724137931	0.4482758620689655
act/11	mean	proj	7	11	True	True	asc	1	0.034482758620689655	0.3448275862068966	0.06896551724137931	0.5517241379310345
act/11	mean	proj	7	11	True	False	asc	1	0.034482758620689655	0.3448275862068966	0.06896551724137931	0.5517241379310345
embed	mean	proj	2	6	False	True	asc	1	0.10344827586206896	0.4482758620689655	0.06896551724137931	0.3793103448275862
embed	mean	proj	2	6	False	False	asc	1	0.10344827586206896	0.4482758620689655	0.06896551724137931	0.4482758620689655
embed	mean	proj	1	18	False	True	asc	1	0.0	0.4482758620689655	0.06896551724137931	0.5862068965517241
embed	mean	proj	1	18	False	False	asc	1	0.06896551724137931	0.5862068965517241	0.06896551724137931	0.4827586206896552
embed	mean	proj	1	19	False	True	asc	1	0.0	0.4482758620689655	0.06896551724137931	0.5517241379310345
embed	mean	proj	1	19	False	False	asc	1	0.06896551724137931	0.5862068965517241	0.06896551724137931	0.4482758620689655
act/27	mean	proj	0	18	False	True	asc	1	0.1724137931034483	0.5862068965517241	0.06896551724137931	0.4827586206896552
act/27	mean	proj	0	11	False	True	asc	1	0.1724137931034483	0.5862068965517241	0.06896551724137931	0.4827586206896552
act/27	mean	proj	0	12	False	True	asc	1	0.1724137931034483	0.5862068965517241	0.06896551724137931	0.4827586206896552
act/27	mean	proj	0	13	False	True	asc	1	0.1724137931034483	0.5862068965517241	0.06896551724137931	0.4827586206896552
act/27	mean	proj	0	14	False	True	asc	1	0.1724137931034483	0.5862068965517241	0.06896551724137931	0.4827586206896552
embed	mean	proj	2	11	False	True	asc	1	0.06896551724137931	0.4482758620689655	0.06896551724137931	0.41379310344827586
act/11	mean	proj	7	9	True	True	asc	1	0.034482758620689655	0.3793103448275862	0.06896551724137931	0.41379310344827586
act/11	mean	proj	7	9	True	False	asc	1	0.034482758620689655	0.3793103448275862	0.06896551724137931	0.41379310344827586
act/27	mean	proj	1	6	False	False	asc	1	0.034482758620689655	0.3103448275862069	0.06896551724137931	0.3448275862068966
act/27	mean	proj	1	7	False	True	asc	1	0.10344827586206896	0.27586206896551724	0.06896551724137931	0.3103448275862069
act/27	mean	proj	1	7	False	False	asc	1	0.034482758620689655	0.3448275862068966	0.06896551724137931	0.3103448275862069
act/27	mean	proj	0	19	False	True	asc	1	0.1724137931034483	0.5862068965517241	0.06896551724137931	0.4827586206896552
act/27	mean	proj	0	20	False	True	asc	1	0.1724137931034483	0.5862068965517241	0.06896551724137931	0.4827586206896552
act/27	mean	proj	0	15	False	True	asc	1	0.1724137931034483	0.5862068965517241	0.06896551724137931	0.4827586206896552
act/27	mean	proj	0	16	False	True	asc	1	0.1724137931034483	0.5862068965517241	0.06896551724137931	0.4827586206896552
act/27	mean	proj	0	17	False	True	asc	1	0.1724137931034483	0.5862068965517241	0.06896551724137931	0.4827586206896552
act/27	mean	proj	2	19	True	False	asc	1	0.10344827586206896	0.3793103448275862	0.06896551724137931	0.6206896551724138
act/27	mean	proj	2	13	True	False	asc	1	0.13793103448275862	0.3448275862068966	0.06896551724137931	0.5862068965517241
act/27	mean	proj	2	14	True	False	asc	1	0.13793103448275862	0.3793103448275862	0.06896551724137931	0.6206896551724138
act/27	mean	proj	1	4	False	True	asc	1	0.10344827586206896	0.3103448275862069	0.06896551724137931	0.4827586206896552
act/27	mean	proj	1	4	False	False	asc	1	0.06896551724137931	0.3448275862068966	0.06896551724137931	0.41379310344827586
act/27	mean	proj	1	5	False	True	asc	1	0.10344827586206896	0.27586206896551724	0.06896551724137931	0.3448275862068966
act/27	mean	proj	1	5	False	False	asc	1	0.06896551724137931	0.3448275862068966	0.06896551724137931	0.3103448275862069
act/27	mean	proj	1	6	False	True	asc	1	0.06896551724137931	0.27586206896551724	0.06896551724137931	0.3448275862068966
act/27	mean	proj	4	18	True	True	asc	1	0.10344827586206896	0.3448275862068966	0.06896551724137931	0.5862068965517241
act/27	mean	proj	4	18	True	False	asc	1	0.06896551724137931	0.3793103448275862	0.06896551724137931	0.5517241379310345
act/27	mean	proj	4	11	True	False	asc	1	0.034482758620689655	0.27586206896551724	0.06896551724137931	0.6551724137931034
act/27	mean	proj	4	14	True	False	asc	1	0.10344827586206896	0.3448275862068966	0.06896551724137931	0.7241379310344828
act/27	mean	proj	4	10	True	False	asc	1	0.06896551724137931	0.3103448275862069	0.06896551724137931	0.5517241379310345
act/27	mean	proj	0	7	False	True	asc	1	0.1724137931034483	0.5862068965517241	0.06896551724137931	0.4827586206896552
act/27	mean	proj	0	7	False	False	asc	1	0.1724137931034483	0.5862068965517241	0.06896551724137931	0.4827586206896552
act/27	mean	proj	0	8	False	True	asc	1	0.1724137931034483	0.5862068965517241	0.06896551724137931	0.4827586206896552
act/27	mean	proj	3	17	True	True	asc	1	0.10344827586206896	0.4482758620689655	0.06896551724137931	0.5517241379310345
act/27	mean	proj	3	18	True	True	asc	1	0.10344827586206896	0.4827586206896552	0.06896551724137931	0.5862068965517241
act/27	mean	proj	3	12	True	False	asc	1	0.10344827586206896	0.41379310344827586	0.06896551724137931	0.6551724137931034
act/27	mean	proj	3	9	True	True	asc	1	0.10344827586206896	0.4482758620689655	0.06896551724137931	0.4827586206896552
act/27	mean	proj	3	9	True	False	asc	1	0.10344827586206896	0.4482758620689655	0.06896551724137931	0.5172413793103449
act/27	mean	proj	4	20	True	True	asc	1	0.10344827586206896	0.3793103448275862	0.06896551724137931	0.6551724137931034
act/27	mean	proj	4	17	True	True	asc	1	0.10344827586206896	0.3448275862068966	0.06896551724137931	0.5862068965517241
act/27	mean	proj	4	17	True	False	asc	1	0.06896551724137931	0.3793103448275862	0.06896551724137931	0.5517241379310345
embed	mean	proj	1	11	False	False	asc	1	0.034482758620689655	0.5172413793103449	0.06896551724137931	0.5172413793103449
embed	mean	proj	1	12	False	False	asc	1	0.034482758620689655	0.5172413793103449	0.06896551724137931	0.5172413793103449
embed	mean	proj	1	13	False	False	asc	1	0.034482758620689655	0.4482758620689655	0.06896551724137931	0.5172413793103449
act/11	mean	proj	9	10	True	True	asc	1	0.034482758620689655	0.3448275862068966	0.06896551724137931	0.4482758620689655
act/11	mean	proj	9	10	True	False	asc	1	0.034482758620689655	0.3448275862068966	0.06896551724137931	0.4482758620689655
act/27	mean	proj	3	20	True	True	asc	1	0.10344827586206896	0.5172413793103449	0.06896551724137931	0.6551724137931034
act/27	mean	proj	3	15	True	True	asc	1	0.10344827586206896	0.4482758620689655	0.06896551724137931	0.5862068965517241
act/27	mean	proj	3	16	True	True	asc	1	0.10344827586206896	0.4482758620689655	0.06896551724137931	0.5517241379310345
embed	mean	proj	1	20	False	True	asc	1	0.0	0.4482758620689655	0.06896551724137931	0.5517241379310345
embed	mean	proj	1	20	False	False	asc	1	0.06896551724137931	0.5862068965517241	0.06896551724137931	0.5172413793103449
embed	mean	proj	1	15	False	True	asc	1	0.0	0.4482758620689655	0.06896551724137931	0.5517241379310345
embed	mean	proj	1	16	False	True	asc	1	0.0	0.4482758620689655	0.06896551724137931	0.5862068965517241
embed	mean	proj	1	16	False	False	asc	1	0.06896551724137931	0.5862068965517241	0.06896551724137931	0.5172413793103449
embed	mean	proj	1	17	False	True	asc	1	0.0	0.4482758620689655	0.06896551724137931	0.5862068965517241
embed	mean	proj	1	17	False	False	asc	1	0.06896551724137931	0.5862068965517241	0.06896551724137931	0.5172413793103449
embed	mean	proj	1	10	False	False	asc	1	0.034482758620689655	0.5172413793103449	0.06896551724137931	0.5172413793103449
act/27	mean	proj	5	12	True	True	asc	1	0.10344827586206896	0.3103448275862069	0.06896551724137931	0.5862068965517241
act/27	mean	proj	5	12	True	False	asc	1	0.10344827586206896	0.3448275862068966	0.06896551724137931	0.6206896551724138
act/27	mean	proj	5	13	True	True	asc	1	0.06896551724137931	0.3793103448275862	0.06896551724137931	0.5862068965517241
act/27	mean	proj	5	13	True	False	asc	1	0.06896551724137931	0.3793103448275862	0.06896551724137931	0.5517241379310345
act/27	mean	proj	5	14	True	True	asc	1	0.10344827586206896	0.3448275862068966	0.06896551724137931	0.5862068965517241
act/27	mean	proj	5	15	True	True	asc	1	0.06896551724137931	0.3448275862068966	0.06896551724137931	0.5172413793103449
act/27	mean	proj	5	15	True	False	asc	1	0.06896551724137931	0.3448275862068966	0.06896551724137931	0.5862068965517241
act/27	mean	proj	5	9	True	True	asc	1	0.10344827586206896	0.3103448275862069	0.06896551724137931	0.4482758620689655
act/27	mean	proj	17	20	True	False	asc	1	0.20689655172413793	0.4827586206896552	0.06896551724137931	0.4827586206896552
act/27	mean	proj	18	19	True	True	asc	1	0.1724137931034483	0.5517241379310345	0.06896551724137931	0.5172413793103449
act/27	mean	proj	18	19	True	False	asc	1	0.1724137931034483	0.5517241379310345	0.06896551724137931	0.5172413793103449
act/27	mean	proj	5	20	True	True	asc	1	0.13793103448275862	0.4482758620689655	0.06896551724137931	0.6551724137931034
act/27	mean	proj	6	9	True	True	asc	1	0.10344827586206896	0.27586206896551724	0.06896551724137931	0.4827586206896552
act/27	mean	proj	6	9	True	False	asc	1	0.10344827586206896	0.3103448275862069	0.06896551724137931	0.4827586206896552
act/27	mean	proj	5	17	True	False	asc	1	0.10344827586206896	0.41379310344827586	0.06896551724137931	0.5862068965517241
act/27	mean	proj	5	18	True	True	asc	1	0.10344827586206896	0.41379310344827586	0.06896551724137931	0.5517241379310345
act/27	mean	proj	0	6	False	True	asc	1	0.1724137931034483	0.5862068965517241	0.06896551724137931	0.4827586206896552
act/27	mean	proj	0	6	False	False	asc	1	0.1724137931034483	0.5862068965517241	0.06896551724137931	0.4827586206896552
act/27	mean	proj	0	1	False	True	asc	1	0.1724137931034483	0.5862068965517241	0.06896551724137931	0.4827586206896552
act/27	mean	proj	0	1	False	False	asc	1	0.1724137931034483	0.5862068965517241	0.06896551724137931	0.4827586206896552
act/27	mean	proj	0	2	False	True	asc	1	0.1724137931034483	0.5862068965517241	0.06896551724137931	0.4827586206896552
act/27	mean	proj	17	18	True	True	asc	1	0.1724137931034483	0.3448275862068966	0.06896551724137931	0.5862068965517241
act/27	mean	proj	17	18	True	False	asc	1	0.1724137931034483	0.3448275862068966	0.06896551724137931	0.5862068965517241
act/27	mean	proj	17	20	True	True	asc	1	0.2413793103448276	0.5172413793103449	0.06896551724137931	0.4827586206896552
act/27	mean	proj	0	9	False	True	asc	1	0.1724137931034483	0.5862068965517241	0.06896551724137931	0.4827586206896552
act/27	mean	proj	0	9	False	False	asc	1	0.1724137931034483	0.5862068965517241	0.06896551724137931	0.4827586206896552
act/27	mean	proj	0	10	False	True	asc	1	0.1724137931034483	0.5862068965517241	0.06896551724137931	0.4827586206896552
act/27	mean	proj	0	3	False	True	asc	1	0.1724137931034483	0.5862068965517241	0.06896551724137931	0.4827586206896552
act/27	mean	proj	0	4	False	True	asc	1	0.1724137931034483	0.5862068965517241	0.06896551724137931	0.4827586206896552
act/27	mean	proj	0	4	False	False	asc	1	0.1724137931034483	0.5862068965517241	0.06896551724137931	0.4827586206896552
act/27	mean	proj	0	5	False	True	asc	1	0.1724137931034483	0.5862068965517241	0.06896551724137931	0.4827586206896552
act/27	mean	proj	0	5	False	False	asc	1	0.1724137931034483	0.5862068965517241	0.06896551724137931	0.4827586206896552
embed	mean	proj	2	14	False	True	asc	1	0.06896551724137931	0.4482758620689655	0.06896551724137931	0.41379310344827586
embed	mean	proj	2	14	False	False	asc	1	0.06896551724137931	0.5172413793103449	0.06896551724137931	0.4482758620689655
embed	mean	proj	2	15	False	True	asc	1	0.06896551724137931	0.4827586206896552	0.06896551724137931	0.41379310344827586
embed	mean	proj	2	15	False	False	asc	1	0.06896551724137931	0.5172413793103449	0.06896551724137931	0.41379310344827586
embed	mean	proj	2	9	False	True	asc	1	0.034482758620689655	0.41379310344827586	0.06896551724137931	0.41379310344827586
embed	mean	proj	2	9	False	False	asc	1	0.034482758620689655	0.4482758620689655	0.06896551724137931	0.4482758620689655
embed	mean	proj	2	10	False	True	asc	1	0.034482758620689655	0.41379310344827586	0.06896551724137931	0.41379310344827586
act/27	mean	proj	6	11	True	True	asc	1	0.10344827586206896	0.3793103448275862	0.06896551724137931	0.5517241379310345
embed	mean	proj	2	17	False	True	asc	1	0.06896551724137931	0.4482758620689655	0.06896551724137931	0.4482758620689655
embed	mean	proj	2	17	False	False	asc	1	0.06896551724137931	0.4827586206896552	0.06896551724137931	0.3793103448275862
embed	mean	proj	2	18	False	True	asc	1	0.06896551724137931	0.4482758620689655	0.06896551724137931	0.4482758620689655
embed	mean	proj	2	18	False	False	asc	1	0.06896551724137931	0.4827586206896552	0.06896551724137931	0.3793103448275862
embed	mean	proj	2	19	False	True	asc	1	0.06896551724137931	0.4482758620689655	0.06896551724137931	0.4482758620689655
embed	mean	proj	2	19	False	False	asc	1	0.06896551724137931	0.4827586206896552	0.06896551724137931	0.41379310344827586
embed	mean	proj	2	12	False	True	asc	1	0.06896551724137931	0.4482758620689655	0.06896551724137931	0.41379310344827586
embed	mean	proj	2	13	False	True	asc	1	0.06896551724137931	0.4482758620689655	0.06896551724137931	0.41379310344827586
embed	mean	proj	2	20	False	True	asc	1	0.06896551724137931	0.4482758620689655	0.06896551724137931	0.4482758620689655
embed	mean	proj	2	20	False	False	asc	1	0.06896551724137931	0.4827586206896552	0.06896551724137931	0.41379310344827586
embed	mean	proj	3	5	False	True	asc	1	0.06896551724137931	0.41379310344827586	0.06896551724137931	0.3793103448275862
embed	mean	proj	3	5	False	False	asc	1	0.06896551724137931	0.41379310344827586	0.06896551724137931	0.3793103448275862
embed	mean	proj	3	6	False	True	asc	1	0.10344827586206896	0.5517241379310345	0.06896551724137931	0.5517241379310345
embed	mean	proj	3	6	False	False	asc	1	0.10344827586206896	0.5862068965517241	0.06896551724137931	0.5517241379310345
embed	mean	proj	2	16	False	True	asc	1	0.06896551724137931	0.4482758620689655	0.06896551724137931	0.4482758620689655
embed	mean	proj	2	16	False	False	asc	1	0.06896551724137931	0.4827586206896552	0.06896551724137931	0.41379310344827586
act/27	mean	proj	5	10	True	True	asc	1	0.06896551724137931	0.3103448275862069	0.06896551724137931	0.5517241379310345
act/27	mean	proj	5	10	True	False	asc	1	0.06896551724137931	0.3448275862068966	0.06896551724137931	0.5862068965517241
act/27	mean	proj	5	11	True	False	asc	1	0.06896551724137931	0.3103448275862069	0.06896551724137931	0.6206896551724138
act/27	mean	proj	7	9	True	True	asc	1	0.06896551724137931	0.3448275862068966	0.06896551724137931	0.5517241379310345
act/27	mean	proj	7	9	True	False	asc	1	0.06896551724137931	0.3103448275862069	0.06896551724137931	0.5517241379310345
embed	mean	proj	4	6	False	True	asc	1	0.20689655172413793	0.5862068965517241	0.06896551724137931	0.6551724137931034
embed	mean	proj	4	6	False	False	asc	1	0.20689655172413793	0.5517241379310345	0.06896551724137931	0.6896551724137931
embed	mean	proj	3	7	False	False	asc	1	0.10344827586206896	0.5862068965517241	0.06896551724137931	0.5172413793103449
act/11	mean	proj	6	13	True	True	asc	1	0.06896551724137931	0.2413793103448276	0.06896551724137931	0.3793103448275862
act/11	mean	proj	6	7	True	True	asc	1	0.034482758620689655	0.3793103448275862	0.06896551724137931	0.41379310344827586
act/11	mean	proj	6	7	True	False	asc	1	0.034482758620689655	0.3793103448275862	0.06896551724137931	0.41379310344827586
act/27	mean	proj	15	20	True	False	asc	1	0.13793103448275862	0.4482758620689655	0.06896551724137931	0.5862068965517241
act/27	mean	proj	14	20	True	True	asc	1	0.06896551724137931	0.41379310344827586	0.06896551724137931	0.4482758620689655
act/27	mean	proj	14	20	True	False	asc	1	0.06896551724137931	0.41379310344827586	0.06896551724137931	0.4482758620689655
act/27	mean	proj	8	10	True	True	asc	1	0.0	0.3793103448275862	0.06896551724137931	0.5517241379310345
embed	mean	proj	8	11	False	True	asc	1	0.06896551724137931	0.3103448275862069	0.06896551724137931	0.4482758620689655
embed	mean	proj	4	12	False	True	asc	1	0.06896551724137931	0.5862068965517241	0.06896551724137931	0.5172413793103449
embed	mean	proj	4	12	False	False	asc	1	0.06896551724137931	0.5517241379310345	0.06896551724137931	0.4827586206896552
embed	mean	proj	4	13	False	True	asc	1	0.06896551724137931	0.5862068965517241	0.06896551724137931	0.5517241379310345
embed	mean	proj	4	13	False	False	asc	1	0.06896551724137931	0.5172413793103449	0.06896551724137931	0.5172413793103449
embed	mean	proj	4	14	False	True	asc	1	0.06896551724137931	0.5517241379310345	0.06896551724137931	0.5517241379310345
embed	mean	proj	4	14	False	False	asc	1	0.06896551724137931	0.5172413793103449	0.06896551724137931	0.5517241379310345
act/11	mean	proj	6	12	True	True	asc	1	0.06896551724137931	0.27586206896551724	0.06896551724137931	0.3448275862068966
act/11	mean	proj	6	12	True	False	asc	1	0.034482758620689655	0.27586206896551724	0.06896551724137931	0.3448275862068966
act/27	mean	proj	16	20	True	False	asc	1	0.20689655172413793	0.5172413793103449	0.06896551724137931	0.6206896551724138
act/27	mean	proj	15	17	True	True	asc	1	0.1724137931034483	0.5172413793103449	0.06896551724137931	0.27586206896551724
act/27	mean	proj	15	17	True	False	asc	1	0.1724137931034483	0.5172413793103449	0.06896551724137931	0.27586206896551724
embed	mean	proj	5	11	False	True	asc	1	0.06896551724137931	0.5517241379310345	0.06896551724137931	0.5172413793103449
act/11	mean	proj	5	13	True	True	asc	1	0.034482758620689655	0.20689655172413793	0.06896551724137931	0.4827586206896552
act/11	mean	proj	5	6	True	True	asc	1	0.06896551724137931	0.3448275862068966	0.06896551724137931	0.5172413793103449
act/11	mean	proj	5	6	True	False	asc	1	0.06896551724137931	0.3448275862068966	0.06896551724137931	0.5172413793103449
embed	mean	proj	4	11	False	True	asc	1	0.06896551724137931	0.6206896551724138	0.06896551724137931	0.4827586206896552
act/27	mean	proj	6	11	True	False	asc	1	0.10344827586206896	0.3793103448275862	0.06896551724137931	0.5172413793103449
act/27	mean	proj	6	12	True	True	asc	1	0.10344827586206896	0.3793103448275862	0.06896551724137931	0.5862068965517241
act/27	mean	proj	6	13	True	True	asc	1	0.10344827586206896	0.3793103448275862	0.06896551724137931	0.5517241379310345
act/27	mean	proj	16	17	True	True	asc	1	0.1724137931034483	0.4482758620689655	0.06896551724137931	0.4827586206896552
act/27	mean	proj	16	17	True	False	asc	1	0.1724137931034483	0.4482758620689655	0.06896551724137931	0.4827586206896552
act/27	mean	proj	16	18	True	True	asc	1	0.20689655172413793	0.4827586206896552	0.06896551724137931	0.41379310344827586
act/27	mean	proj	16	18	True	False	asc	1	0.20689655172413793	0.4827586206896552	0.06896551724137931	0.41379310344827586
act/27	mean	proj	16	20	True	True	asc	1	0.20689655172413793	0.5172413793103449	0.06896551724137931	0.6206896551724138
embed	mean	proj	5	14	False	True	asc	1	0.10344827586206896	0.5862068965517241	0.06896551724137931	0.4827586206896552
embed	mean	proj	5	15	False	True	asc	1	0.10344827586206896	0.6206896551724138	0.06896551724137931	0.5517241379310345
embed	mean	proj	5	10	False	True	asc	1	0.10344827586206896	0.5517241379310345	0.06896551724137931	0.4482758620689655
embed	mean	proj	5	10	False	False	asc	1	0.10344827586206896	0.5517241379310345	0.06896551724137931	0.41379310344827586
embed	mean	proj	9	12	False	False	asc	1	0.06896551724137931	0.3103448275862069	0.06896551724137931	0.4482758620689655
embed	mean	proj	9	13	False	False	asc	1	0.06896551724137931	0.3103448275862069	0.06896551724137931	0.5172413793103449
embed	mean	proj	8	17	False	False	asc	1	0.06896551724137931	0.4482758620689655	0.06896551724137931	0.3448275862068966
embed	mean	proj	8	18	False	False	asc	1	0.10344827586206896	0.4827586206896552	0.06896551724137931	0.3448275862068966
embed	mean	proj	5	17	False	True	asc	1	0.10344827586206896	0.5517241379310345	0.06896551724137931	0.5517241379310345
embed	mean	proj	5	17	False	False	asc	1	0.10344827586206896	0.5862068965517241	0.06896551724137931	0.5517241379310345
embed	mean	proj	5	18	False	True	asc	1	0.10344827586206896	0.5517241379310345	0.06896551724137931	0.5517241379310345
embed	mean	proj	5	18	False	False	asc	1	0.10344827586206896	0.5862068965517241	0.06896551724137931	0.5862068965517241
embed	mean	proj	5	19	False	True	asc	1	0.10344827586206896	0.5862068965517241	0.06896551724137931	0.5172413793103449
embed	mean	proj	5	19	False	False	asc	1	0.06896551724137931	0.5517241379310345	0.06896551724137931	0.4827586206896552
embed	mean	proj	5	12	False	True	asc	1	0.10344827586206896	0.5172413793103449	0.06896551724137931	0.4827586206896552
embed	mean	proj	5	13	False	True	asc	1	0.06896551724137931	0.5172413793103449	0.06896551724137931	0.4482758620689655
embed	mean	proj	7	9	False	True	asc	1	0.06896551724137931	0.5517241379310345	0.06896551724137931	0.5172413793103449
embed	mean	proj	7	9	False	False	asc	1	0.06896551724137931	0.5517241379310345	0.06896551724137931	0.5172413793103449
embed	mean	proj	7	10	False	True	asc	1	0.10344827586206896	0.6206896551724138	0.06896551724137931	0.5517241379310345
embed	mean	proj	7	10	False	False	asc	1	0.10344827586206896	0.5862068965517241	0.06896551724137931	0.5517241379310345
embed	mean	proj	5	20	False	True	asc	1	0.10344827586206896	0.5862068965517241	0.06896551724137931	0.5172413793103449
embed	mean	proj	5	20	False	False	asc	1	0.06896551724137931	0.5517241379310345	0.06896551724137931	0.5172413793103449
embed	mean	proj	5	16	False	True	asc	1	0.10344827586206896	0.5862068965517241	0.06896551724137931	0.5517241379310345
embed	mean	proj	5	16	False	False	asc	1	0.10344827586206896	0.5517241379310345	0.06896551724137931	0.5517241379310345
embed	mean	proj	8	11	False	False	asc	1	0.06896551724137931	0.3103448275862069	0.06896551724137931	0.4482758620689655
embed	mean	proj	7	19	False	False	asc	1	0.034482758620689655	0.41379310344827586	0.06896551724137931	0.3793103448275862
embed	mean	proj	7	20	False	False	asc	1	0.034482758620689655	0.4482758620689655	0.06896551724137931	0.3793103448275862
embed	mean	proj	7	13	False	False	asc	1	0.06896551724137931	0.5172413793103449	0.06896551724137931	0.5517241379310345
embed	mean	proj	7	14	False	False	asc	1	0.06896551724137931	0.4827586206896552	0.06896551724137931	0.5172413793103449
embed	mean	proj	7	15	False	False	asc	1	0.034482758620689655	0.41379310344827586	0.06896551724137931	0.5517241379310345
act/11	mean	proj	4	9	True	False	asc	1	0.06896551724137931	0.2413793103448276	0.06896551724137931	0.4827586206896552
act/11	mean	proj	4	10	True	False	asc	1	0.06896551724137931	0.2413793103448276	0.06896551724137931	0.4827586206896552
act/27	mean	proj	12	16	True	True	asc	1	0.10344827586206896	0.5862068965517241	0.06896551724137931	0.4482758620689655
act/27	mean	proj	12	16	True	False	asc	1	0.10344827586206896	0.5862068965517241	0.06896551724137931	0.4482758620689655
embed	mean	proj	12	19	False	True	asc	1	0.13793103448275862	0.4827586206896552	0.06896551724137931	0.3448275862068966
embed	mean	proj	13	19	False	False	asc	1	0.13793103448275862	0.4827586206896552	0.06896551724137931	0.3793103448275862
embed	mean	proj	13	19	False	True	asc	1	0.13793103448275862	0.4482758620689655	0.06896551724137931	0.3793103448275862
act/11	mean	proj	0	19	True	False	asc	1	0.10344827586206896	0.3448275862068966	0.06896551724137931	0.41379310344827586
act/11	mean	proj	0	9	True	False	asc	1	0.10344827586206896	0.3448275862068966	0.06896551724137931	0.3793103448275862
act/19	mean	proj	8	10	True	False	asc	1	0.06896551724137931	0.4482758620689655	0.06896551724137931	0.4827586206896552
act/27	mean	proj	11	14	True	True	asc	1	0.034482758620689655	0.4827586206896552	0.06896551724137931	0.6206896551724138
act/27	mean	proj	11	14	True	False	asc	1	0.034482758620689655	0.4827586206896552	0.06896551724137931	0.6206896551724138
act/27	mean	proj	10	17	True	True	asc	1	0.10344827586206896	0.4482758620689655	0.06896551724137931	0.5517241379310345
act/27	mean	proj	10	17	True	False	asc	1	0.10344827586206896	0.4827586206896552	0.06896551724137931	0.5862068965517241
act/27	mean	proj	13	19	True	True	asc	1	0.10344827586206896	0.4827586206896552	0.06896551724137931	0.5517241379310345
act/27	mean	proj	13	19	True	False	asc	1	0.13793103448275862	0.5172413793103449	0.06896551724137931	0.5517241379310345
act/27	mean	proj	12	15	True	True	asc	1	0.10344827586206896	0.4482758620689655	0.06896551724137931	0.41379310344827586
act/27	mean	proj	12	15	True	False	asc	1	0.10344827586206896	0.4482758620689655	0.06896551724137931	0.41379310344827586
embed	mean	proj	9	15	False	True	asc	1	0.10344827586206896	0.3448275862068966	0.06896551724137931	0.4827586206896552
embed	mean	proj	9	15	False	False	asc	1	0.10344827586206896	0.3448275862068966	0.06896551724137931	0.4482758620689655
embed	mean	proj	9	16	False	False	asc	1	0.13793103448275862	0.4482758620689655	0.06896551724137931	0.3793103448275862
embed	mean	proj	9	17	False	True	asc	1	0.1724137931034483	0.5172413793103449	0.06896551724137931	0.3103448275862069
embed	mean	proj	9	12	False	True	asc	1	0.06896551724137931	0.27586206896551724	0.06896551724137931	0.4482758620689655
act/27	mean	proj	11	17	True	False	asc	1	0.06896551724137931	0.5517241379310345	0.06896551724137931	0.4827586206896552
act/27	mean	proj	11	12	True	True	asc	1	0.10344827586206896	0.3103448275862069	0.06896551724137931	0.4482758620689655
act/27	mean	proj	11	12	True	False	asc	1	0.10344827586206896	0.3103448275862069	0.06896551724137931	0.4482758620689655
embed	mean	proj	9	18	False	True	asc	1	0.1724137931034483	0.5172413793103449	0.06896551724137931	0.3448275862068966
embed	mean	proj	9	18	False	False	asc	1	0.1724137931034483	0.5172413793103449	0.06896551724137931	0.3448275862068966
embed	mean	proj	9	19	False	True	asc	1	0.1724137931034483	0.5172413793103449	0.06896551724137931	0.3793103448275862
embed	mean	proj	9	19	False	False	asc	1	0.1724137931034483	0.5172413793103449	0.06896551724137931	0.3793103448275862
embed	mean	proj	9	20	False	True	asc	1	0.1724137931034483	0.4827586206896552	0.06896551724137931	0.41379310344827586
embed	mean	proj	9	20	False	False	asc	1	0.1724137931034483	0.4482758620689655	0.06896551724137931	0.41379310344827586
embed	mean	proj	9	14	False	True	asc	1	0.10344827586206896	0.41379310344827586	0.06896551724137931	0.5862068965517241
embed	mean	proj	9	14	False	False	asc	1	0.10344827586206896	0.3448275862068966	0.06896551724137931	0.6206896551724138
act/31	mean	proj	12	19	True	True	asc	1	0.1724137931034483	0.4482758620689655	0.06896551724137931	0.4482758620689655
act/31	mean	proj	12	19	True	False	asc	1	0.1724137931034483	0.4482758620689655	0.06896551724137931	0.4482758620689655
act/31	mean	proj	12	20	True	True	asc	1	0.13793103448275862	0.5172413793103449	0.06896551724137931	0.4482758620689655
act/31	mean	proj	12	20	True	False	asc	1	0.13793103448275862	0.5172413793103449	0.06896551724137931	0.4482758620689655
act/31	mean	proj	13	15	True	True	asc	1	0.06896551724137931	0.3448275862068966	0.06896551724137931	0.5172413793103449
act/31	mean	proj	13	15	True	False	asc	1	0.06896551724137931	0.3448275862068966	0.06896551724137931	0.5517241379310345
act/31	mean	proj	12	16	True	True	asc	1	0.2413793103448276	0.4827586206896552	0.06896551724137931	0.5172413793103449
act/31	mean	proj	12	16	True	False	asc	1	0.27586206896551724	0.5172413793103449	0.06896551724137931	0.5172413793103449
act/31	mean	proj	14	15	True	False	asc	1	0.034482758620689655	0.3793103448275862	0.06896551724137931	0.5517241379310345
act/31	mean	proj	14	16	True	True	asc	1	0.20689655172413793	0.4827586206896552	0.06896551724137931	0.4482758620689655
act/31	mean	proj	14	16	True	False	asc	1	0.20689655172413793	0.4827586206896552	0.06896551724137931	0.4482758620689655
act/31	mean	proj	14	17	True	True	asc	1	0.20689655172413793	0.3793103448275862	0.06896551724137931	0.4827586206896552
act/31	mean	proj	14	17	True	False	asc	1	0.20689655172413793	0.3793103448275862	0.06896551724137931	0.4827586206896552
act/31	mean	proj	13	16	True	True	asc	1	0.2413793103448276	0.4827586206896552	0.06896551724137931	0.5517241379310345
act/31	mean	proj	13	16	True	False	asc	1	0.27586206896551724	0.5172413793103449	0.06896551724137931	0.5517241379310345
act/31	mean	proj	13	19	True	False	asc	1	0.13793103448275862	0.4482758620689655	0.06896551724137931	0.5172413793103449
act/31	mean	proj	10	18	True	True	asc	1	0.10344827586206896	0.41379310344827586	0.06896551724137931	0.4827586206896552
act/31	mean	proj	10	18	True	False	asc	1	0.1724137931034483	0.4482758620689655	0.06896551724137931	0.4827586206896552
act/19	mean	proj	9	10	True	True	asc	1	0.13793103448275862	0.4482758620689655	0.06896551724137931	0.6896551724137931
act/19	mean	proj	9	10	True	False	asc	1	0.13793103448275862	0.4482758620689655	0.06896551724137931	0.6896551724137931
act/19	mean	proj	9	12	True	True	asc	1	0.1724137931034483	0.4482758620689655	0.06896551724137931	0.5862068965517241
act/19	mean	proj	9	12	True	False	asc	1	0.1724137931034483	0.4482758620689655	0.06896551724137931	0.5862068965517241
act/19	mean	proj	4	5	True	False	asc	1	0.034482758620689655	0.27586206896551724	0.06896551724137931	0.3793103448275862
act/31	mean	proj	14	15	True	True	asc	1	0.034482758620689655	0.3793103448275862	0.06896551724137931	0.5517241379310345
act/19	mean	proj	5	6	True	True	asc	1	0.0	0.41379310344827586	0.06896551724137931	0.5172413793103449
act/19	mean	proj	5	6	True	False	asc	1	0.0	0.41379310344827586	0.06896551724137931	0.5172413793103449
act/19	mean	proj	5	7	True	True	asc	1	0.034482758620689655	0.4482758620689655	0.06896551724137931	0.4827586206896552
act/19	mean	proj	5	7	True	False	asc	1	0.034482758620689655	0.41379310344827586	0.06896551724137931	0.4827586206896552
act/19	mean	proj	6	14	True	False	asc	1	0.034482758620689655	0.41379310344827586	0.06896551724137931	0.6206896551724138
act/19	mean	proj	6	13	True	True	asc	1	0.10344827586206896	0.41379310344827586	0.06896551724137931	0.6551724137931034
act/31	mean	proj	11	14	True	True	asc	1	0.06896551724137931	0.3448275862068966	0.06896551724137931	0.5517241379310345
act/31	mean	proj	11	14	True	False	asc	1	0.06896551724137931	0.3448275862068966	0.06896551724137931	0.5517241379310345
act/11	mean	proj	1	8	True	True	asc	1	0.034482758620689655	0.27586206896551724	0.034482758620689655	0.5172413793103449
act/11	mean	proj	1	8	True	False	asc	1	0.034482758620689655	0.27586206896551724	0.034482758620689655	0.4482758620689655
act/11	mean	proj	1	9	True	True	asc	1	0.034482758620689655	0.27586206896551724	0.034482758620689655	0.5172413793103449
act/11	mean	proj	1	9	True	False	asc	1	0.034482758620689655	0.2413793103448276	0.034482758620689655	0.3793103448275862
act/11	mean	proj	1	10	True	True	asc	1	0.034482758620689655	0.27586206896551724	0.034482758620689655	0.5172413793103449
act/11	mean	proj	1	10	True	False	asc	1	0.034482758620689655	0.27586206896551724	0.034482758620689655	0.41379310344827586
act/11	mean	proj	1	11	True	True	asc	1	0.034482758620689655	0.27586206896551724	0.034482758620689655	0.5172413793103449
act/11	mean	proj	1	11	True	False	asc	1	0.034482758620689655	0.27586206896551724	0.034482758620689655	0.3793103448275862
act/11	mean	proj	1	4	True	True	asc	1	0.034482758620689655	0.3793103448275862	0.034482758620689655	0.5172413793103449
act/11	mean	proj	1	4	True	False	asc	1	0.034482758620689655	0.2413793103448276	0.034482758620689655	0.41379310344827586
act/11	mean	proj	1	5	True	True	asc	1	0.034482758620689655	0.3793103448275862	0.034482758620689655	0.5172413793103449
act/11	mean	proj	1	6	True	True	asc	1	0.034482758620689655	0.27586206896551724	0.034482758620689655	0.5517241379310345
act/11	mean	proj	1	7	True	True	asc	1	0.034482758620689655	0.27586206896551724	0.034482758620689655	0.5172413793103449
act/11	mean	proj	1	7	True	False	asc	1	0.034482758620689655	0.3103448275862069	0.034482758620689655	0.4827586206896552
embed	mean	proj	11	17	False	True	asc	1	0.1724137931034483	0.5862068965517241	0.034482758620689655	0.3793103448275862
embed	mean	proj	11	17	False	False	asc	1	0.1724137931034483	0.5862068965517241	0.034482758620689655	0.3793103448275862
embed	mean	proj	11	18	False	True	asc	1	0.1724137931034483	0.5862068965517241	0.034482758620689655	0.3448275862068966
embed	mean	proj	11	18	False	False	asc	1	0.1724137931034483	0.5862068965517241	0.034482758620689655	0.3448275862068966
act/11	mean	proj	1	3	True	True	asc	1	0.034482758620689655	0.3793103448275862	0.034482758620689655	0.5517241379310345
act/11	mean	proj	1	3	True	False	asc	1	0.034482758620689655	0.3448275862068966	0.034482758620689655	0.5172413793103449
embed	mean	proj	10	13	False	True	asc	1	0.13793103448275862	0.3793103448275862	0.034482758620689655	0.5172413793103449
embed	mean	proj	10	13	False	False	asc	1	0.13793103448275862	0.3793103448275862	0.034482758620689655	0.5172413793103449
embed	mean	proj	10	16	False	False	asc	1	0.13793103448275862	0.3448275862068966	0.034482758620689655	0.3793103448275862
embed	mean	proj	10	17	False	False	asc	1	0.1724137931034483	0.5172413793103449	0.034482758620689655	0.3448275862068966
act/27	mean	proj	11	16	True	True	asc	1	0.034482758620689655	0.5517241379310345	0.034482758620689655	0.41379310344827586
act/27	mean	proj	11	16	True	False	asc	1	0.034482758620689655	0.5862068965517241	0.034482758620689655	0.41379310344827586
act/27	mean	proj	11	17	True	True	asc	1	0.06896551724137931	0.5172413793103449	0.034482758620689655	0.4827586206896552
act/27	mean	proj	9	10	True	True	asc	1	0.034482758620689655	0.2413793103448276	0.034482758620689655	0.4827586206896552
act/27	mean	proj	9	10	True	False	asc	1	0.034482758620689655	0.2413793103448276	0.034482758620689655	0.4827586206896552
act/27	mean	proj	8	9	True	True	asc	1	0.13793103448275862	0.4827586206896552	0.034482758620689655	0.4827586206896552
act/27	mean	proj	10	12	True	True	asc	1	0.06896551724137931	0.3793103448275862	0.034482758620689655	0.6551724137931034
act/27	mean	proj	10	12	True	False	asc	1	0.06896551724137931	0.3793103448275862	0.034482758620689655	0.6551724137931034
act/27	mean	proj	10	20	True	True	asc	1	0.10344827586206896	0.4827586206896552	0.034482758620689655	0.5517241379310345
act/27	mean	proj	10	20	True	False	asc	1	0.10344827586206896	0.4827586206896552	0.034482758620689655	0.5517241379310345
act/27	mean	proj	11	15	True	True	asc	1	0.034482758620689655	0.41379310344827586	0.034482758620689655	0.41379310344827586
act/27	mean	proj	11	15	True	False	asc	1	0.034482758620689655	0.41379310344827586	0.034482758620689655	0.41379310344827586
act/27	mean	proj	13	14	True	True	asc	1	0.034482758620689655	0.41379310344827586	0.034482758620689655	0.41379310344827586
act/27	mean	proj	13	14	True	False	asc	1	0.034482758620689655	0.41379310344827586	0.034482758620689655	0.41379310344827586
embed	mean	proj	14	20	False	False	asc	1	0.1724137931034483	0.4827586206896552	0.034482758620689655	0.4482758620689655
act/11	mean	proj	0	4	True	False	asc	1	0.10344827586206896	0.41379310344827586	0.034482758620689655	0.41379310344827586
act/27	mean	proj	11	20	True	True	asc	1	0.10344827586206896	0.4827586206896552	0.034482758620689655	0.4827586206896552
act/27	mean	proj	11	20	True	False	asc	1	0.10344827586206896	0.4482758620689655	0.034482758620689655	0.4827586206896552
act/27	mean	proj	12	20	True	True	asc	1	0.13793103448275862	0.4827586206896552	0.034482758620689655	0.5172413793103449
act/27	mean	proj	12	20	True	False	asc	1	0.13793103448275862	0.4827586206896552	0.034482758620689655	0.5172413793103449
act/27	mean	proj	6	8	True	True	asc	1	0.034482758620689655	0.1724137931034483	0.034482758620689655	0.3103448275862069
act/27	mean	proj	6	8	True	False	asc	1	0.034482758620689655	0.1724137931034483	0.034482758620689655	0.3103448275862069
act/27	mean	proj	7	8	True	True	asc	1	0.06896551724137931	0.27586206896551724	0.034482758620689655	0.3448275862068966
act/27	mean	proj	7	8	True	False	asc	1	0.06896551724137931	0.27586206896551724	0.034482758620689655	0.3448275862068966
act/27	mean	proj	5	9	True	False	asc	1	0.10344827586206896	0.3448275862068966	0.034482758620689655	0.4482758620689655
act/27	mean	proj	5	16	True	True	asc	1	0.06896551724137931	0.3793103448275862	0.034482758620689655	0.4827586206896552
act/27	mean	proj	5	16	True	False	asc	1	0.06896551724137931	0.3793103448275862	0.034482758620689655	0.5862068965517241
act/27	mean	proj	5	17	True	True	asc	1	0.10344827586206896	0.41379310344827586	0.034482758620689655	0.4827586206896552
act/27	mean	proj	14	19	True	True	asc	1	0.10344827586206896	0.5862068965517241	0.034482758620689655	0.4827586206896552
act/27	mean	proj	14	19	True	False	asc	1	0.13793103448275862	0.5862068965517241	0.034482758620689655	0.4827586206896552
act/27	mean	proj	15	16	True	True	asc	1	0.06896551724137931	0.4827586206896552	0.034482758620689655	0.3793103448275862
act/27	mean	proj	15	16	True	False	asc	1	0.06896551724137931	0.4827586206896552	0.034482758620689655	0.3793103448275862
act/27	mean	proj	15	20	True	True	asc	1	0.13793103448275862	0.4827586206896552	0.034482758620689655	0.5172413793103449
act/27	mean	proj	8	9	True	False	asc	1	0.13793103448275862	0.4827586206896552	0.034482758620689655	0.4827586206896552
act/27	mean	proj	13	20	True	True	asc	1	0.13793103448275862	0.4482758620689655	0.034482758620689655	0.4482758620689655
act/27	mean	proj	13	20	True	False	asc	1	0.13793103448275862	0.4482758620689655	0.034482758620689655	0.4482758620689655
act/11	mean	proj	2	11	True	True	asc	1	0.06896551724137931	0.2413793103448276	0.034482758620689655	0.5517241379310345
act/11	mean	proj	2	11	True	False	asc	1	0.06896551724137931	0.27586206896551724	0.034482758620689655	0.4827586206896552
act/11	mean	proj	2	12	True	True	asc	1	0.06896551724137931	0.2413793103448276	0.034482758620689655	0.5517241379310345
act/11	mean	proj	2	12	True	False	asc	1	0.06896551724137931	0.27586206896551724	0.034482758620689655	0.4482758620689655
act/11	mean	proj	2	13	True	True	asc	1	0.06896551724137931	0.2413793103448276	0.034482758620689655	0.5172413793103449
act/11	mean	proj	2	13	True	False	asc	1	0.06896551724137931	0.2413793103448276	0.034482758620689655	0.4482758620689655
act/11	mean	proj	1	20	True	True	asc	1	0.034482758620689655	0.27586206896551724	0.034482758620689655	0.4482758620689655
act/11	mean	proj	2	5	True	True	asc	1	0.034482758620689655	0.5172413793103449	0.034482758620689655	0.5517241379310345
act/11	mean	proj	2	6	True	True	asc	1	0.06896551724137931	0.4482758620689655	0.034482758620689655	0.5862068965517241
act/11	mean	proj	2	8	True	False	asc	1	0.06896551724137931	0.20689655172413793	0.034482758620689655	0.5172413793103449
act/11	mean	proj	2	9	True	False	asc	1	0.06896551724137931	0.2413793103448276	0.034482758620689655	0.4827586206896552
act/11	mean	proj	2	10	True	True	asc	1	0.06896551724137931	0.2413793103448276	0.034482758620689655	0.5517241379310345
act/11	mean	proj	2	10	True	False	asc	1	0.06896551724137931	0.2413793103448276	0.034482758620689655	0.4827586206896552
embed	mean	proj	9	11	False	False	asc	1	0.06896551724137931	0.3793103448275862	0.034482758620689655	0.3793103448275862
embed	mean	proj	9	17	False	False	asc	1	0.1724137931034483	0.5517241379310345	0.034482758620689655	0.3103448275862069
embed	mean	proj	10	11	False	True	asc	1	0.034482758620689655	0.3103448275862069	0.034482758620689655	0.3793103448275862
embed	mean	proj	10	11	False	False	asc	1	0.034482758620689655	0.3103448275862069	0.034482758620689655	0.3793103448275862
act/11	mean	proj	1	18	True	True	asc	1	0.034482758620689655	0.27586206896551724	0.034482758620689655	0.4827586206896552
act/11	mean	proj	1	19	True	True	asc	1	0.034482758620689655	0.27586206896551724	0.034482758620689655	0.4827586206896552
embed	mean	proj	8	17	False	True	asc	1	0.06896551724137931	0.4482758620689655	0.034482758620689655	0.3793103448275862
embed	mean	proj	8	18	False	True	asc	1	0.06896551724137931	0.41379310344827586	0.034482758620689655	0.3793103448275862
embed	mean	proj	8	19	False	True	asc	1	0.06896551724137931	0.41379310344827586	0.034482758620689655	0.3793103448275862
embed	mean	proj	8	20	False	True	asc	1	0.06896551724137931	0.3793103448275862	0.034482758620689655	0.3793103448275862
embed	mean	proj	9	10	False	True	asc	1	0.034482758620689655	0.3448275862068966	0.034482758620689655	0.41379310344827586
embed	mean	proj	9	10	False	False	asc	1	0.034482758620689655	0.3448275862068966	0.034482758620689655	0.41379310344827586
embed	mean	proj	9	11	False	True	asc	1	0.06896551724137931	0.41379310344827586	0.034482758620689655	0.3793103448275862
act/27	mean	proj	1	2	False	True	asc	1	0.06896551724137931	0.3103448275862069	0.034482758620689655	0.3793103448275862
act/27	mean	proj	1	2	False	False	asc	1	0.06896551724137931	0.3103448275862069	0.034482758620689655	0.3793103448275862
act/27	mean	proj	2	8	True	True	asc	1	0.13793103448275862	0.4482758620689655	0.034482758620689655	0.5172413793103449
act/27	mean	proj	2	9	True	True	asc	1	0.10344827586206896	0.41379310344827586	0.034482758620689655	0.5517241379310345
act/27	mean	proj	3	7	True	True	asc	1	0.06896551724137931	0.41379310344827586	0.034482758620689655	0.5862068965517241
act/27	mean	proj	4	13	True	True	asc	1	0.10344827586206896	0.3103448275862069	0.034482758620689655	0.5862068965517241
act/27	mean	proj	4	13	True	False	asc	1	0.10344827586206896	0.3793103448275862	0.034482758620689655	0.6551724137931034
act/27	mean	proj	4	14	True	True	asc	1	0.10344827586206896	0.3448275862068966	0.034482758620689655	0.5862068965517241
act/27	mean	proj	4	15	True	True	asc	1	0.10344827586206896	0.3448275862068966	0.034482758620689655	0.5172413793103449
act/27	mean	proj	4	15	True	False	asc	1	0.06896551724137931	0.3103448275862069	0.034482758620689655	0.5862068965517241
act/27	mean	proj	4	16	True	True	asc	1	0.10344827586206896	0.3793103448275862	0.034482758620689655	0.5172413793103449
act/27	mean	proj	4	16	True	False	asc	1	0.06896551724137931	0.3793103448275862	0.034482758620689655	0.5862068965517241
act/27	mean	proj	4	10	True	True	asc	1	0.034482758620689655	0.27586206896551724	0.034482758620689655	0.5517241379310345
act/27	mean	proj	4	11	True	True	asc	1	0.034482758620689655	0.27586206896551724	0.034482758620689655	0.5862068965517241
act/27	mean	proj	4	12	True	True	asc	1	0.06896551724137931	0.3103448275862069	0.034482758620689655	0.6206896551724138
act/27	mean	proj	4	12	True	False	asc	1	0.06896551724137931	0.3448275862068966	0.034482758620689655	0.6551724137931034
act/27	mean	proj	1	9	False	True	asc	1	0.06896551724137931	0.27586206896551724	0.034482758620689655	0.3448275862068966
act/27	mean	proj	1	9	False	False	asc	1	0.034482758620689655	0.27586206896551724	0.034482758620689655	0.3448275862068966
act/27	mean	proj	1	10	False	True	asc	1	0.10344827586206896	0.27586206896551724	0.034482758620689655	0.3448275862068966
act/27	mean	proj	1	10	False	False	asc	1	0.06896551724137931	0.3448275862068966	0.034482758620689655	0.3103448275862069
act/27	mean	proj	1	12	False	False	asc	1	0.10344827586206896	0.4482758620689655	0.034482758620689655	0.3448275862068966
act/27	mean	proj	1	13	False	True	asc	1	0.10344827586206896	0.27586206896551724	0.034482758620689655	0.3448275862068966
act/27	mean	proj	1	13	False	False	asc	1	0.10344827586206896	0.41379310344827586	0.034482758620689655	0.3448275862068966
act/27	mean	proj	1	14	False	False	asc	1	0.10344827586206896	0.41379310344827586	0.034482758620689655	0.3448275862068966
act/27	mean	proj	3	4	True	True	asc	1	0.034482758620689655	0.4827586206896552	0.034482758620689655	0.4827586206896552
act/27	mean	proj	3	4	True	False	asc	1	0.034482758620689655	0.4827586206896552	0.034482758620689655	0.4827586206896552
act/27	mean	proj	3	5	True	True	asc	1	0.06896551724137931	0.4827586206896552	0.034482758620689655	0.5172413793103449
act/27	mean	proj	3	5	True	False	asc	1	0.06896551724137931	0.5172413793103449	0.034482758620689655	0.5517241379310345
act/27	mean	proj	1	8	False	True	asc	1	0.06896551724137931	0.27586206896551724	0.034482758620689655	0.3448275862068966
act/27	mean	proj	1	8	False	False	asc	1	0.034482758620689655	0.3103448275862069	0.034482758620689655	0.3448275862068966
act/27	mean	proj	2	14	True	True	asc	1	0.13793103448275862	0.3793103448275862	0.034482758620689655	0.5517241379310345
act/27	mean	proj	2	15	True	True	asc	1	0.13793103448275862	0.3793103448275862	0.034482758620689655	0.5517241379310345
act/27	mean	proj	2	15	True	False	asc	1	0.13793103448275862	0.3793103448275862	0.034482758620689655	0.5517241379310345
act/27	mean	proj	2	16	True	True	asc	1	0.13793103448275862	0.3793103448275862	0.034482758620689655	0.5517241379310345
act/27	mean	proj	2	16	True	False	asc	1	0.13793103448275862	0.3793103448275862	0.034482758620689655	0.5862068965517241
act/27	mean	proj	2	17	True	True	asc	1	0.13793103448275862	0.3793103448275862	0.034482758620689655	0.5517241379310345
act/27	mean	proj	2	18	True	True	asc	1	0.13793103448275862	0.3793103448275862	0.034482758620689655	0.5517241379310345
act/27	mean	proj	2	20	True	True	asc	1	0.13793103448275862	0.3793103448275862	0.034482758620689655	0.5517241379310345
act/27	mean	proj	2	9	True	False	asc	1	0.13793103448275862	0.41379310344827586	0.034482758620689655	0.5517241379310345
act/27	mean	proj	2	10	True	True	asc	1	0.13793103448275862	0.3793103448275862	0.034482758620689655	0.5517241379310345
act/27	mean	proj	2	12	True	True	asc	1	0.13793103448275862	0.3793103448275862	0.034482758620689655	0.5517241379310345
act/27	mean	proj	2	12	True	False	asc	1	0.10344827586206896	0.3103448275862069	0.034482758620689655	0.5517241379310345
act/27	mean	proj	2	13	True	True	asc	1	0.13793103448275862	0.3793103448275862	0.034482758620689655	0.5517241379310345
act/23	mean	proj	19	20	False	True	asc	1	0.06896551724137931	0.4482758620689655	0.034482758620689655	0.3793103448275862
act/23	mean	proj	19	20	False	False	asc	1	0.06896551724137931	0.4482758620689655	0.034482758620689655	0.3793103448275862
act/23	mean	norm_l2	0	0	True	False	asc	1	0.06896551724137931	0.27586206896551724	0.034482758620689655	0.5172413793103449
act/23	mean	norm_l1	0	0	True	False	asc	1	0.10344827586206896	0.2413793103448276	0.034482758620689655	0.5517241379310345
act/27	mean	proj	2	7	True	True	asc	1	0.06896551724137931	0.4482758620689655	0.034482758620689655	0.5172413793103449
act/27	mean	proj	2	7	True	False	asc	1	0.10344827586206896	0.4827586206896552	0.034482758620689655	0.5517241379310345
act/27	mean	proj	0	17	True	False	asc	1	0.10344827586206896	0.3793103448275862	0.034482758620689655	0.41379310344827586
act/27	mean	proj	0	18	True	False	asc	1	0.10344827586206896	0.3793103448275862	0.034482758620689655	0.41379310344827586
act/27	mean	proj	0	19	True	False	asc	1	0.10344827586206896	0.3793103448275862	0.034482758620689655	0.41379310344827586
act/27	mean	proj	0	20	True	False	asc	1	0.10344827586206896	0.3793103448275862	0.034482758620689655	0.4827586206896552
act/27	mean	proj	1	3	True	True	asc	1	0.1724137931034483	0.5517241379310345	0.034482758620689655	0.41379310344827586
act/27	mean	proj	1	4	True	True	asc	1	0.13793103448275862	0.5517241379310345	0.034482758620689655	0.5172413793103449
act/27	mean	proj	1	20	False	False	asc	1	0.13793103448275862	0.4482758620689655	0.034482758620689655	0.3793103448275862
act/27	mean	proj	2	4	False	False	asc	1	0.13793103448275862	0.4827586206896552	0.034482758620689655	0.4482758620689655
act/27	mean	proj	2	5	False	True	asc	1	0.10344827586206896	0.5862068965517241	0.034482758620689655	0.3448275862068966
act/27	mean	proj	2	4	True	True	asc	1	0.10344827586206896	0.4827586206896552	0.034482758620689655	0.4827586206896552
act/27	mean	proj	2	5	True	True	asc	1	0.10344827586206896	0.4827586206896552	0.034482758620689655	0.5517241379310345
act/27	mean	proj	2	5	True	False	asc	1	0.06896551724137931	0.5172413793103449	0.034482758620689655	0.5517241379310345
act/27	mean	proj	2	6	True	True	asc	1	0.06896551724137931	0.4827586206896552	0.034482758620689655	0.5517241379310345
act/27	mean	proj	2	6	True	False	asc	1	0.06896551724137931	0.5172413793103449	0.034482758620689655	0.5517241379310345
act/27	mean	proj	1	15	False	False	asc	1	0.13793103448275862	0.41379310344827586	0.034482758620689655	0.3793103448275862
act/27	mean	proj	1	16	False	False	asc	1	0.13793103448275862	0.41379310344827586	0.034482758620689655	0.3793103448275862
act/27	mean	proj	1	17	False	False	asc	1	0.13793103448275862	0.4482758620689655	0.034482758620689655	0.41379310344827586
act/27	mean	proj	1	18	False	True	asc	1	0.10344827586206896	0.27586206896551724	0.034482758620689655	0.3448275862068966
act/27	mean	proj	1	18	False	False	asc	1	0.13793103448275862	0.4482758620689655	0.034482758620689655	0.41379310344827586
act/27	mean	proj	1	19	False	True	asc	1	0.10344827586206896	0.27586206896551724	0.034482758620689655	0.3448275862068966
act/27	mean	proj	1	19	False	False	asc	1	0.13793103448275862	0.4482758620689655	0.034482758620689655	0.41379310344827586
act/27	mean	proj	1	20	False	True	asc	1	0.10344827586206896	0.27586206896551724	0.034482758620689655	0.3448275862068966
act/11	mean	proj	3	4	True	True	asc	1	0.034482758620689655	0.3448275862068966	0.034482758620689655	0.27586206896551724
act/11	mean	proj	3	4	True	False	asc	1	0.034482758620689655	0.3448275862068966	0.034482758620689655	0.27586206896551724
act/11	mean	proj	3	8	True	False	asc	1	0.034482758620689655	0.3103448275862069	0.034482758620689655	0.5172413793103449
embed	mean	proj	7	17	False	False	asc	1	0.034482758620689655	0.41379310344827586	0.034482758620689655	0.3793103448275862
embed	mean	proj	7	18	False	True	asc	1	0.06896551724137931	0.4482758620689655	0.034482758620689655	0.3448275862068966
embed	mean	proj	7	18	False	False	asc	1	0.034482758620689655	0.41379310344827586	0.034482758620689655	0.3103448275862069
embed	mean	proj	7	19	False	True	asc	1	0.034482758620689655	0.41379310344827586	0.034482758620689655	0.3448275862068966
embed	mean	proj	7	20	False	True	asc	1	0.034482758620689655	0.41379310344827586	0.034482758620689655	0.3793103448275862
embed	mean	proj	8	12	False	True	asc	1	0.06896551724137931	0.3448275862068966	0.034482758620689655	0.4827586206896552
embed	mean	proj	8	12	False	False	asc	1	0.06896551724137931	0.3448275862068966	0.034482758620689655	0.4827586206896552
embed	mean	proj	8	16	False	True	asc	1	0.10344827586206896	0.41379310344827586	0.034482758620689655	0.3793103448275862
embed	mean	proj	7	13	False	True	asc	1	0.06896551724137931	0.5172413793103449	0.034482758620689655	0.4827586206896552
embed	mean	proj	7	14	False	True	asc	1	0.06896551724137931	0.5172413793103449	0.034482758620689655	0.4827586206896552
embed	mean	proj	7	15	False	True	asc	1	0.06896551724137931	0.4827586206896552	0.034482758620689655	0.4482758620689655
embed	mean	proj	7	16	False	True	asc	1	0.06896551724137931	0.4827586206896552	0.034482758620689655	0.3448275862068966
embed	mean	proj	7	16	False	False	asc	1	0.034482758620689655	0.41379310344827586	0.034482758620689655	0.41379310344827586
embed	mean	proj	7	17	False	True	asc	1	0.06896551724137931	0.4482758620689655	0.034482758620689655	0.3448275862068966
act/27	mean	proj	3	13	False	True	asc	1	0.034482758620689655	0.20689655172413793	0.034482758620689655	0.5862068965517241
act/27	mean	proj	3	13	False	False	asc	1	0.034482758620689655	0.1724137931034483	0.034482758620689655	0.5862068965517241
act/27	mean	proj	3	14	False	True	asc	1	0.10344827586206896	0.2413793103448276	0.034482758620689655	0.5517241379310345
act/23	mean	proj	12	20	False	False	asc	1	0.13793103448275862	0.5517241379310345	0.034482758620689655	0.5517241379310345
act/27	mean	proj	3	7	False	False	asc	1	0.034482758620689655	0.3103448275862069	0.034482758620689655	0.4827586206896552
act/23	mean	proj	15	16	False	False	asc	1	0.034482758620689655	0.3103448275862069	0.034482758620689655	0.41379310344827586
act/23	mean	proj	15	20	False	True	asc	1	0.10344827586206896	0.5172413793103449	0.034482758620689655	0.41379310344827586
act/23	mean	proj	15	20	False	False	asc	1	0.06896551724137931	0.5172413793103449	0.034482758620689655	0.41379310344827586
act/23	mean	proj	16	20	False	True	asc	1	0.13793103448275862	0.6206896551724138	0.034482758620689655	0.5517241379310345
act/23	mean	proj	16	20	False	False	asc	1	0.13793103448275862	0.6206896551724138	0.034482758620689655	0.5517241379310345
act/27	mean	proj	0	3	True	False	asc	1	0.10344827586206896	0.3103448275862069	0.034482758620689655	0.3103448275862069
act/27	mean	proj	0	7	True	True	asc	1	0.10344827586206896	0.27586206896551724	0.034482758620689655	0.3103448275862069
act/27	mean	proj	0	7	True	False	asc	1	0.06896551724137931	0.3103448275862069	0.034482758620689655	0.3448275862068966
act/27	mean	proj	0	8	True	True	asc	1	0.10344827586206896	0.27586206896551724	0.034482758620689655	0.3103448275862069
act/23	mean	proj	14	20	False	True	asc	1	0.10344827586206896	0.4827586206896552	0.034482758620689655	0.4482758620689655
act/23	mean	proj	14	20	False	False	asc	1	0.10344827586206896	0.4827586206896552	0.034482758620689655	0.4482758620689655
act/23	mean	proj	15	16	False	True	asc	1	0.034482758620689655	0.3103448275862069	0.034482758620689655	0.41379310344827586
act/11	mean	proj	4	9	True	True	asc	1	0.034482758620689655	0.20689655172413793	0.034482758620689655	0.4482758620689655
act/11	mean	proj	4	10	True	True	asc	1	0.06896551724137931	0.2413793103448276	0.034482758620689655	0.41379310344827586
act/11	mean	proj	4	11	True	True	asc	1	0.06896551724137931	0.3103448275862069	0.034482758620689655	0.3793103448275862
act/11	mean	proj	4	11	True	False	asc	1	0.06896551724137931	0.3103448275862069	0.034482758620689655	0.3793103448275862
act/11	mean	proj	4	6	True	True	asc	1	0.0	0.27586206896551724	0.034482758620689655	0.5862068965517241
act/11	mean	proj	4	6	True	False	asc	1	0.0	0.27586206896551724	0.034482758620689655	0.5862068965517241
act/11	mean	proj	4	7	True	True	asc	1	0.06896551724137931	0.2413793103448276	0.034482758620689655	0.4827586206896552
act/11	mean	proj	4	7	True	False	asc	1	0.06896551724137931	0.2413793103448276	0.034482758620689655	0.5172413793103449
act/11	mean	proj	4	8	True	True	asc	1	0.06896551724137931	0.2413793103448276	0.034482758620689655	0.5517241379310345
act/11	mean	proj	4	8	True	False	asc	1	0.06896551724137931	0.2413793103448276	0.034482758620689655	0.5517241379310345
embed	mean	proj	7	11	False	True	asc	1	0.06896551724137931	0.5172413793103449	0.034482758620689655	0.4827586206896552
embed	mean	proj	7	11	False	False	asc	1	0.06896551724137931	0.5172413793103449	0.034482758620689655	0.4827586206896552
embed	mean	proj	7	12	False	True	asc	1	0.10344827586206896	0.5172413793103449	0.034482758620689655	0.4827586206896552
embed	mean	proj	7	12	False	False	asc	1	0.10344827586206896	0.5172413793103449	0.034482758620689655	0.4827586206896552
act/27	mean	proj	4	11	False	True	asc	1	0.034482758620689655	0.13793103448275862	0.034482758620689655	0.4827586206896552
act/27	mean	proj	4	11	False	False	asc	1	0.034482758620689655	0.1724137931034483	0.034482758620689655	0.4827586206896552
act/27	mean	proj	4	12	False	True	asc	1	0.034482758620689655	0.20689655172413793	0.034482758620689655	0.4482758620689655
act/27	mean	proj	4	12	False	False	asc	1	0.034482758620689655	0.13793103448275862	0.034482758620689655	0.4827586206896552
act/27	mean	proj	4	13	False	True	asc	1	0.06896551724137931	0.1724137931034483	0.034482758620689655	0.4482758620689655
act/27	mean	proj	4	13	False	False	asc	1	0.06896551724137931	0.1724137931034483	0.034482758620689655	0.5172413793103449
act/27	mean	proj	4	14	False	False	asc	1	0.10344827586206896	0.27586206896551724	0.034482758620689655	0.4827586206896552
act/27	mean	proj	4	16	False	True	asc	1	0.10344827586206896	0.3103448275862069	0.034482758620689655	0.5517241379310345
act/23	mean	proj	11	20	False	True	asc	1	0.06896551724137931	0.3793103448275862	0.034482758620689655	0.4827586206896552
act/23	mean	proj	11	20	False	False	asc	1	0.06896551724137931	0.41379310344827586	0.034482758620689655	0.4482758620689655
act/27	mean	proj	4	5	False	True	asc	1	0.06896551724137931	0.20689655172413793	0.034482758620689655	0.3448275862068966
act/27	mean	proj	4	5	False	False	asc	1	0.06896551724137931	0.20689655172413793	0.034482758620689655	0.3448275862068966
act/27	mean	proj	4	10	False	True	asc	1	0.034482758620689655	0.2413793103448276	0.034482758620689655	0.4482758620689655
act/27	mean	proj	4	10	False	False	asc	1	0.034482758620689655	0.20689655172413793	0.034482758620689655	0.4482758620689655
act/27	mean	proj	3	18	False	False	asc	1	0.10344827586206896	0.1724137931034483	0.034482758620689655	0.5172413793103449
act/27	mean	proj	3	19	False	True	asc	1	0.10344827586206896	0.1724137931034483	0.034482758620689655	0.5517241379310345
act/27	mean	proj	3	19	False	False	asc	1	0.10344827586206896	0.20689655172413793	0.034482758620689655	0.5517241379310345
act/27	mean	proj	3	20	False	True	asc	1	0.10344827586206896	0.20689655172413793	0.034482758620689655	0.5517241379310345
act/23	mean	proj	10	20	False	True	asc	1	0.06896551724137931	0.3103448275862069	0.034482758620689655	0.6551724137931034
act/23	mean	proj	10	20	False	False	asc	1	0.06896551724137931	0.3448275862068966	0.034482758620689655	0.5862068965517241
act/27	mean	proj	3	14	False	False	asc	1	0.10344827586206896	0.2413793103448276	0.034482758620689655	0.5517241379310345
act/27	mean	proj	3	15	False	True	asc	1	0.10344827586206896	0.2413793103448276	0.034482758620689655	0.5517241379310345
act/27	mean	proj	3	15	False	False	asc	1	0.10344827586206896	0.2413793103448276	0.034482758620689655	0.5172413793103449
act/27	mean	proj	3	16	False	False	asc	1	0.10344827586206896	0.1724137931034483	0.034482758620689655	0.5517241379310345
act/27	mean	proj	3	17	False	False	asc	1	0.10344827586206896	0.1724137931034483	0.034482758620689655	0.5517241379310345
act/27	mean	proj	3	18	False	True	asc	1	0.10344827586206896	0.1724137931034483	0.034482758620689655	0.5517241379310345
act/23	mean	proj	5	16	False	True	asc	1	0.06896551724137931	0.3448275862068966	0.034482758620689655	0.5862068965517241
act/23	mean	proj	5	17	False	True	asc	1	0.06896551724137931	0.3448275862068966	0.034482758620689655	0.5862068965517241
act/23	mean	proj	5	18	False	True	asc	1	0.06896551724137931	0.3448275862068966	0.034482758620689655	0.5862068965517241
act/23	mean	proj	5	19	False	True	asc	1	0.06896551724137931	0.3448275862068966	0.034482758620689655	0.6206896551724138
act/23	mean	proj	5	20	False	True	asc	1	0.06896551724137931	0.3448275862068966	0.034482758620689655	0.6206896551724138
act/23	mean	proj	5	20	False	False	asc	1	0.06896551724137931	0.41379310344827586	0.034482758620689655	0.6206896551724138
act/23	mean	proj	6	7	False	True	asc	1	0.10344827586206896	0.5172413793103449	0.034482758620689655	0.3103448275862069
act/23	mean	proj	6	7	False	False	asc	1	0.10344827586206896	0.5172413793103449	0.034482758620689655	0.3103448275862069
act/23	mean	proj	5	12	False	True	asc	1	0.034482758620689655	0.20689655172413793	0.034482758620689655	0.5172413793103449
act/23	mean	proj	5	12	False	False	asc	1	0.034482758620689655	0.1724137931034483	0.034482758620689655	0.5517241379310345
act/23	mean	proj	5	15	False	True	asc	1	0.06896551724137931	0.3448275862068966	0.034482758620689655	0.5862068965517241
act/23	mean	proj	5	15	False	False	asc	1	0.10344827586206896	0.3793103448275862	0.034482758620689655	0.6206896551724138
act/27	mean	proj	4	16	False	False	asc	1	0.10344827586206896	0.27586206896551724	0.034482758620689655	0.5517241379310345
act/27	mean	proj	4	17	False	True	asc	1	0.10344827586206896	0.3103448275862069	0.034482758620689655	0.5172413793103449
act/27	mean	proj	4	17	False	False	asc	1	0.10344827586206896	0.3103448275862069	0.034482758620689655	0.5172413793103449
act/27	mean	proj	4	18	False	True	asc	1	0.10344827586206896	0.27586206896551724	0.034482758620689655	0.5172413793103449
act/27	mean	proj	4	18	False	False	asc	1	0.10344827586206896	0.27586206896551724	0.034482758620689655	0.4827586206896552
act/27	mean	proj	4	19	False	True	asc	1	0.10344827586206896	0.27586206896551724	0.034482758620689655	0.5517241379310345
act/27	mean	proj	4	19	False	False	asc	1	0.10344827586206896	0.27586206896551724	0.034482758620689655	0.5517241379310345
act/27	mean	proj	4	20	False	False	asc	1	0.10344827586206896	0.3448275862068966	0.034482758620689655	0.4827586206896552
embed	mean	proj	6	20	False	False	asc	1	0.06896551724137931	0.5862068965517241	0.034482758620689655	0.41379310344827586
embed	mean	proj	6	11	False	True	asc	1	0.06896551724137931	0.5172413793103449	0.034482758620689655	0.4482758620689655
embed	mean	proj	6	11	False	False	asc	1	0.06896551724137931	0.5172413793103449	0.034482758620689655	0.41379310344827586
embed	mean	proj	6	12	False	True	asc	1	0.06896551724137931	0.5172413793103449	0.034482758620689655	0.4482758620689655
embed	mean	proj	6	12	False	False	asc	1	0.06896551724137931	0.5862068965517241	0.034482758620689655	0.4482758620689655
embed	mean	proj	6	13	False	True	asc	1	0.034482758620689655	0.5172413793103449	0.034482758620689655	0.4482758620689655
embed	mean	proj	6	13	False	False	asc	1	0.034482758620689655	0.5517241379310345	0.034482758620689655	0.4827586206896552
embed	mean	proj	5	14	False	False	asc	1	0.10344827586206896	0.5517241379310345	0.034482758620689655	0.4827586206896552
embed	mean	proj	5	15	False	False	asc	1	0.10344827586206896	0.5517241379310345	0.034482758620689655	0.4827586206896552
embed	mean	proj	6	7	False	True	asc	1	0.06896551724137931	0.41379310344827586	0.034482758620689655	0.4827586206896552
embed	mean	proj	6	7	False	False	asc	1	0.06896551724137931	0.41379310344827586	0.034482758620689655	0.4827586206896552
embed	mean	proj	6	8	False	True	asc	1	0.034482758620689655	0.41379310344827586	0.034482758620689655	0.5172413793103449
embed	mean	proj	6	8	False	False	asc	1	0.034482758620689655	0.41379310344827586	0.034482758620689655	0.5172413793103449
act/27	mean	proj	6	12	False	True	asc	1	0.034482758620689655	0.13793103448275862	0.034482758620689655	0.6551724137931034
act/27	mean	proj	6	12	False	False	asc	1	0.034482758620689655	0.1724137931034483	0.034482758620689655	0.6551724137931034
act/27	mean	proj	7	9	False	True	asc	1	0.0	0.1724137931034483	0.034482758620689655	0.4827586206896552
act/27	mean	proj	7	9	False	False	asc	1	0.0	0.20689655172413793	0.034482758620689655	0.4827586206896552
act/27	mean	proj	7	10	False	True	asc	1	0.0	0.20689655172413793	0.034482758620689655	0.5172413793103449
act/27	mean	proj	7	10	False	False	asc	1	0.0	0.20689655172413793	0.034482758620689655	0.5172413793103449
act/27	mean	proj	6	9	False	True	asc	1	0.0	0.2413793103448276	0.034482758620689655	0.4482758620689655
act/27	mean	proj	6	9	False	False	asc	1	0.0	0.2413793103448276	0.034482758620689655	0.4482758620689655
act/27	mean	proj	6	11	False	True	asc	1	0.034482758620689655	0.20689655172413793	0.034482758620689655	0.5862068965517241
act/27	mean	proj	6	11	False	False	asc	1	0.034482758620689655	0.20689655172413793	0.034482758620689655	0.5862068965517241
act/27	mean	proj	5	15	False	True	asc	1	0.06896551724137931	0.2413793103448276	0.034482758620689655	0.4827586206896552
act/27	mean	proj	5	16	False	True	asc	1	0.06896551724137931	0.20689655172413793	0.034482758620689655	0.5517241379310345
act/27	mean	proj	5	17	False	True	asc	1	0.06896551724137931	0.2413793103448276	0.034482758620689655	0.4827586206896552
act/27	mean	proj	5	18	False	True	asc	1	0.06896551724137931	0.20689655172413793	0.034482758620689655	0.4827586206896552
act/27	mean	proj	5	19	False	True	asc	1	0.06896551724137931	0.20689655172413793	0.034482758620689655	0.4827586206896552
act/27	mean	proj	5	20	False	True	asc	1	0.06896551724137931	0.3103448275862069	0.034482758620689655	0.4827586206896552
act/27	mean	proj	6	7	False	True	asc	1	0.0	0.3103448275862069	0.034482758620689655	0.4827586206896552
act/27	mean	proj	6	7	False	False	asc	1	0.0	0.3103448275862069	0.034482758620689655	0.4827586206896552
act/27	mean	proj	5	11	False	False	asc	1	0.034482758620689655	0.1724137931034483	0.034482758620689655	0.5517241379310345
act/27	mean	proj	5	13	False	True	asc	1	0.034482758620689655	0.1724137931034483	0.034482758620689655	0.4827586206896552
act/27	mean	proj	5	13	False	False	asc	1	0.034482758620689655	0.1724137931034483	0.034482758620689655	0.5172413793103449
act/27	mean	proj	5	14	False	True	asc	1	0.034482758620689655	0.1724137931034483	0.034482758620689655	0.4827586206896552
act/27	mean	proj	5	14	False	False	asc	1	0.034482758620689655	0.20689655172413793	0.034482758620689655	0.5172413793103449
embed	mean	proj	5	9	False	True	asc	1	0.06896551724137931	0.5862068965517241	0.034482758620689655	0.5172413793103449
embed	mean	proj	5	11	False	False	asc	1	0.06896551724137931	0.5172413793103449	0.034482758620689655	0.41379310344827586
act/11	mean	proj	5	12	True	True	asc	1	0.034482758620689655	0.3103448275862069	0.034482758620689655	0.4482758620689655
act/11	mean	proj	5	12	True	False	asc	1	0.06896551724137931	0.27586206896551724	0.034482758620689655	0.41379310344827586
act/11	mean	proj	5	13	True	False	asc	1	0.06896551724137931	0.20689655172413793	0.034482758620689655	0.4827586206896552
embed	mean	proj	4	18	False	True	asc	1	0.10344827586206896	0.5862068965517241	0.034482758620689655	0.5172413793103449
embed	mean	proj	4	18	False	False	asc	1	0.10344827586206896	0.6206896551724138	0.034482758620689655	0.4827586206896552
embed	mean	proj	4	19	False	True	asc	1	0.10344827586206896	0.6206896551724138	0.034482758620689655	0.5172413793103449
embed	mean	proj	4	19	False	False	asc	1	0.10344827586206896	0.6206896551724138	0.034482758620689655	0.4482758620689655
embed	mean	proj	4	20	False	True	asc	1	0.10344827586206896	0.6206896551724138	0.034482758620689655	0.5172413793103449
embed	mean	proj	4	20	False	False	asc	1	0.10344827586206896	0.6206896551724138	0.034482758620689655	0.4482758620689655
act/23	mean	proj	3	13	False	False	asc	1	0.06896551724137931	0.1724137931034483	0.034482758620689655	0.5517241379310345
act/23	mean	proj	3	14	False	True	asc	1	0.06896551724137931	0.2413793103448276	0.034482758620689655	0.4827586206896552
act/23	mean	proj	3	14	False	False	asc	1	0.06896551724137931	0.20689655172413793	0.034482758620689655	0.5517241379310345
act/23	mean	proj	3	15	False	True	asc	1	0.06896551724137931	0.27586206896551724	0.034482758620689655	0.5517241379310345
act/23	mean	proj	3	16	False	True	asc	1	0.06896551724137931	0.27586206896551724	0.034482758620689655	0.5517241379310345
act/23	mean	proj	3	17	False	True	asc	1	0.06896551724137931	0.27586206896551724	0.034482758620689655	0.5862068965517241
act/23	mean	proj	3	18	False	True	asc	1	0.06896551724137931	0.2413793103448276	0.034482758620689655	0.5862068965517241
act/23	mean	proj	3	19	False	True	asc	1	0.06896551724137931	0.2413793103448276	0.034482758620689655	0.6206896551724138
act/23	mean	proj	5	10	False	False	asc	1	0.06896551724137931	0.27586206896551724	0.034482758620689655	0.5517241379310345
act/23	mean	proj	5	11	False	True	asc	1	0.034482758620689655	0.2413793103448276	0.034482758620689655	0.5172413793103449
act/23	mean	proj	5	11	False	False	asc	1	0.06896551724137931	0.27586206896551724	0.034482758620689655	0.5862068965517241
act/23	mean	proj	3	11	False	True	asc	1	0.06896551724137931	0.3103448275862069	0.034482758620689655	0.5172413793103449
act/23	mean	proj	3	11	False	False	asc	1	0.06896551724137931	0.27586206896551724	0.034482758620689655	0.5517241379310345
act/23	mean	proj	3	12	False	True	asc	1	0.06896551724137931	0.27586206896551724	0.034482758620689655	0.4827586206896552
act/23	mean	proj	3	12	False	False	asc	1	0.06896551724137931	0.20689655172413793	0.034482758620689655	0.5517241379310345
act/23	mean	proj	3	13	False	True	asc	1	0.06896551724137931	0.27586206896551724	0.034482758620689655	0.5172413793103449
act/23	mean	proj	5	7	False	True	asc	1	0.0	0.27586206896551724	0.034482758620689655	0.3793103448275862
act/23	mean	proj	5	7	False	False	asc	1	0.0	0.27586206896551724	0.034482758620689655	0.3793103448275862
act/23	mean	proj	5	8	False	True	asc	1	0.0	0.2413793103448276	0.034482758620689655	0.3793103448275862
act/23	mean	proj	5	8	False	False	asc	1	0.0	0.27586206896551724	0.034482758620689655	0.41379310344827586
act/23	mean	proj	5	9	False	True	asc	1	0.0	0.3103448275862069	0.034482758620689655	0.5172413793103449
act/23	mean	proj	5	9	False	False	asc	1	0.0	0.27586206896551724	0.034482758620689655	0.5172413793103449
act/23	mean	proj	5	10	False	True	asc	1	0.06896551724137931	0.27586206896551724	0.034482758620689655	0.5172413793103449
act/23	mean	proj	4	11	False	True	asc	1	0.06896551724137931	0.3793103448275862	0.034482758620689655	0.5172413793103449
act/23	mean	proj	4	11	False	False	asc	1	0.06896551724137931	0.3448275862068966	0.034482758620689655	0.5517241379310345
act/23	mean	proj	4	13	False	False	asc	1	0.06896551724137931	0.20689655172413793	0.034482758620689655	0.5172413793103449
act/23	mean	proj	4	14	False	True	asc	1	0.06896551724137931	0.27586206896551724	0.034482758620689655	0.5172413793103449
act/23	mean	proj	4	14	False	False	asc	1	0.06896551724137931	0.2413793103448276	0.034482758620689655	0.5172413793103449
act/23	mean	proj	4	20	False	True	asc	1	0.06896551724137931	0.3793103448275862	0.034482758620689655	0.6206896551724138
act/23	mean	proj	4	20	False	False	asc	1	0.06896551724137931	0.3793103448275862	0.034482758620689655	0.5862068965517241
act/23	mean	proj	3	4	False	True	asc	1	0.034482758620689655	0.4827586206896552	0.034482758620689655	0.4482758620689655
act/23	mean	proj	3	4	False	False	asc	1	0.034482758620689655	0.4827586206896552	0.034482758620689655	0.4482758620689655
act/23	mean	proj	3	6	False	True	asc	1	0.06896551724137931	0.4827586206896552	0.034482758620689655	0.3793103448275862
act/23	mean	proj	3	6	False	False	asc	1	0.06896551724137931	0.4482758620689655	0.034482758620689655	0.4482758620689655
act/23	mean	proj	3	7	False	True	asc	1	0.06896551724137931	0.41379310344827586	0.034482758620689655	0.41379310344827586
act/23	mean	proj	3	7	False	False	asc	1	0.06896551724137931	0.3793103448275862	0.034482758620689655	0.3793103448275862
act/23	mean	proj	3	8	False	True	asc	1	0.06896551724137931	0.3793103448275862	0.034482758620689655	0.5517241379310345
act/23	mean	proj	3	8	False	False	asc	1	0.06896551724137931	0.3448275862068966	0.034482758620689655	0.6551724137931034
act/23	mean	proj	2	12	False	False	asc	1	0.06896551724137931	0.4482758620689655	0.034482758620689655	0.5172413793103449
act/23	mean	proj	2	13	False	True	asc	1	0.06896551724137931	0.3103448275862069	0.034482758620689655	0.41379310344827586
act/23	mean	proj	2	13	False	False	asc	1	0.06896551724137931	0.4482758620689655	0.034482758620689655	0.5172413793103449
act/23	mean	proj	2	14	False	True	asc	1	0.06896551724137931	0.27586206896551724	0.034482758620689655	0.4482758620689655
act/23	mean	proj	2	14	False	False	asc	1	0.06896551724137931	0.41379310344827586	0.034482758620689655	0.5517241379310345
act/23	mean	proj	2	15	False	False	asc	1	0.06896551724137931	0.4482758620689655	0.034482758620689655	0.5517241379310345
act/23	mean	proj	2	16	False	False	asc	1	0.06896551724137931	0.4482758620689655	0.034482758620689655	0.5517241379310345
act/23	mean	proj	2	20	False	False	asc	1	0.06896551724137931	0.4482758620689655	0.034482758620689655	0.5517241379310345
act/23	mean	proj	4	9	False	True	asc	1	0.06896551724137931	0.3793103448275862	0.034482758620689655	0.5172413793103449
act/23	mean	proj	4	9	False	False	asc	1	0.06896551724137931	0.27586206896551724	0.034482758620689655	0.4827586206896552
act/23	mean	proj	4	10	False	True	asc	1	0.06896551724137931	0.3793103448275862	0.034482758620689655	0.5172413793103449
act/23	mean	proj	4	10	False	False	asc	1	0.06896551724137931	0.3448275862068966	0.034482758620689655	0.5862068965517241
act/27	mean	proj	8	11	False	True	asc	1	0.06896551724137931	0.41379310344827586	0.034482758620689655	0.5862068965517241
act/27	mean	proj	8	12	False	False	asc	1	0.06896551724137931	0.3448275862068966	0.034482758620689655	0.5517241379310345
act/23	mean	proj	3	20	False	True	asc	1	0.06896551724137931	0.2413793103448276	0.034482758620689655	0.5862068965517241
act/23	mean	proj	3	20	False	False	asc	1	0.06896551724137931	0.3793103448275862	0.034482758620689655	0.6206896551724138
act/23	mean	proj	4	6	False	True	asc	1	0.06896551724137931	0.27586206896551724	0.034482758620689655	0.3793103448275862
act/23	mean	proj	4	6	False	False	asc	1	0.06896551724137931	0.27586206896551724	0.034482758620689655	0.3793103448275862
act/23	mean	proj	4	7	False	True	asc	1	0.06896551724137931	0.3448275862068966	0.034482758620689655	0.4482758620689655
act/23	mean	proj	4	7	False	False	asc	1	0.034482758620689655	0.3448275862068966	0.034482758620689655	0.4827586206896552
act/23	mean	proj	4	8	False	True	asc	1	0.06896551724137931	0.3793103448275862	0.034482758620689655	0.41379310344827586
act/23	mean	proj	4	8	False	False	asc	1	0.06896551724137931	0.3793103448275862	0.034482758620689655	0.3793103448275862
act/23	mean	proj	2	5	False	False	asc	1	0.034482758620689655	0.41379310344827586	0.034482758620689655	0.27586206896551724
act/23	mean	proj	2	6	False	False	asc	1	0.034482758620689655	0.4482758620689655	0.034482758620689655	0.3103448275862069
act/23	mean	proj	2	7	False	False	asc	1	0.034482758620689655	0.4482758620689655	0.034482758620689655	0.3103448275862069
act/23	mean	proj	2	8	False	False	asc	1	0.034482758620689655	0.41379310344827586	0.034482758620689655	0.41379310344827586
act/23	mean	proj	1	19	False	True	asc	1	0.10344827586206896	0.27586206896551724	0.034482758620689655	0.3448275862068966
act/23	mean	proj	1	19	False	False	asc	1	0.10344827586206896	0.3793103448275862	0.034482758620689655	0.41379310344827586
act/23	mean	proj	1	20	False	True	asc	1	0.10344827586206896	0.27586206896551724	0.034482758620689655	0.3793103448275862
act/23	mean	proj	1	20	False	False	asc	1	0.10344827586206896	0.3793103448275862	0.034482758620689655	0.4482758620689655
act/23	mean	proj	2	3	False	True	asc	1	0.06896551724137931	0.2413793103448276	0.034482758620689655	0.3448275862068966
act/23	mean	proj	2	3	False	False	asc	1	0.06896551724137931	0.2413793103448276	0.034482758620689655	0.3448275862068966
act/23	mean	proj	2	4	False	True	asc	1	0.1724137931034483	0.3793103448275862	0.034482758620689655	0.2413793103448276
act/23	mean	proj	1	15	False	True	asc	1	0.10344827586206896	0.27586206896551724	0.034482758620689655	0.3448275862068966
act/23	mean	proj	1	15	False	False	asc	1	0.13793103448275862	0.3448275862068966	0.034482758620689655	0.3448275862068966
act/23	mean	proj	1	16	False	True	asc	1	0.10344827586206896	0.27586206896551724	0.034482758620689655	0.3448275862068966
act/23	mean	proj	1	16	False	False	asc	1	0.13793103448275862	0.41379310344827586	0.034482758620689655	0.3448275862068966
act/23	mean	proj	1	17	False	True	asc	1	0.10344827586206896	0.27586206896551724	0.034482758620689655	0.3448275862068966
act/23	mean	proj	1	17	False	False	asc	1	0.13793103448275862	0.3793103448275862	0.034482758620689655	0.3448275862068966
act/23	mean	proj	1	18	False	True	asc	1	0.10344827586206896	0.27586206896551724	0.034482758620689655	0.3448275862068966
act/23	mean	proj	1	18	False	False	asc	1	0.13793103448275862	0.3793103448275862	0.034482758620689655	0.3793103448275862
act/23	mean	proj	3	9	False	True	asc	1	0.10344827586206896	0.3793103448275862	0.034482758620689655	0.4482758620689655
act/23	mean	proj	3	9	False	False	asc	1	0.06896551724137931	0.3103448275862069	0.034482758620689655	0.4827586206896552
act/23	mean	proj	3	10	False	True	asc	1	0.10344827586206896	0.3448275862068966	0.034482758620689655	0.5517241379310345
act/23	mean	proj	3	10	False	False	asc	1	0.06896551724137931	0.27586206896551724	0.034482758620689655	0.5517241379310345
act/27	mean	proj	9	10	False	True	asc	1	0.06896551724137931	0.4827586206896552	0.034482758620689655	0.5172413793103449
act/27	mean	proj	9	10	False	False	asc	1	0.06896551724137931	0.4827586206896552	0.034482758620689655	0.5172413793103449
act/23	mean	proj	1	14	False	True	asc	1	0.10344827586206896	0.27586206896551724	0.034482758620689655	0.3448275862068966
act/23	mean	proj	1	14	False	False	asc	1	0.13793103448275862	0.3793103448275862	0.034482758620689655	0.3448275862068966
act/23	mean	proj	14	20	True	False	asc	1	0.10344827586206896	0.41379310344827586	0.034482758620689655	0.5862068965517241
act/23	mean	proj	15	16	True	True	asc	1	0.034482758620689655	0.3103448275862069	0.034482758620689655	0.5172413793103449
act/23	mean	proj	15	16	True	False	asc	1	0.034482758620689655	0.3103448275862069	0.034482758620689655	0.5172413793103449
act/23	mean	proj	15	17	True	True	asc	1	0.10344827586206896	0.3448275862068966	0.034482758620689655	0.5862068965517241
act/23	mean	proj	15	17	True	False	asc	1	0.10344827586206896	0.3448275862068966	0.034482758620689655	0.5862068965517241
act/23	mean	proj	15	20	True	True	asc	1	0.10344827586206896	0.4827586206896552	0.034482758620689655	0.5517241379310345
act/23	mean	proj	1	9	False	True	asc	1	0.10344827586206896	0.27586206896551724	0.034482758620689655	0.3448275862068966
act/23	mean	proj	1	9	False	False	asc	1	0.10344827586206896	0.27586206896551724	0.034482758620689655	0.3448275862068966
act/23	mean	proj	1	11	False	False	asc	1	0.06896551724137931	0.41379310344827586	0.034482758620689655	0.3448275862068966
act/23	mean	proj	1	12	False	True	asc	1	0.10344827586206896	0.27586206896551724	0.034482758620689655	0.3448275862068966
act/23	mean	proj	1	12	False	False	asc	1	0.13793103448275862	0.41379310344827586	0.034482758620689655	0.3448275862068966
act/23	mean	proj	1	13	False	True	asc	1	0.10344827586206896	0.27586206896551724	0.034482758620689655	0.3448275862068966
act/23	mean	proj	1	13	False	False	asc	1	0.13793103448275862	0.41379310344827586	0.034482758620689655	0.3448275862068966
act/23	mean	proj	14	20	True	True	asc	1	0.10344827586206896	0.41379310344827586	0.034482758620689655	0.5862068965517241
act/27	mean	proj	11	13	False	False	asc	1	0.06896551724137931	0.2413793103448276	0.034482758620689655	0.5517241379310345
act/23	mean	proj	1	2	False	True	asc	1	0.06896551724137931	0.27586206896551724	0.034482758620689655	0.3793103448275862
act/23	mean	proj	1	2	False	False	asc	1	0.06896551724137931	0.27586206896551724	0.034482758620689655	0.3793103448275862
act/23	mean	proj	1	5	False	True	asc	1	0.10344827586206896	0.2413793103448276	0.034482758620689655	0.3448275862068966
act/23	mean	proj	1	8	False	True	asc	1	0.10344827586206896	0.27586206896551724	0.034482758620689655	0.3448275862068966
act/23	mean	proj	1	8	False	False	asc	1	0.06896551724137931	0.27586206896551724	0.034482758620689655	0.3448275862068966
act/23	mean	proj	2	9	False	False	asc	1	0.034482758620689655	0.3448275862068966	0.034482758620689655	0.4482758620689655
act/23	mean	proj	2	10	False	False	asc	1	0.034482758620689655	0.41379310344827586	0.034482758620689655	0.4827586206896552
act/23	mean	proj	2	11	False	False	asc	1	0.06896551724137931	0.4827586206896552	0.034482758620689655	0.4827586206896552
act/27	mean	proj	10	11	False	True	asc	1	0.06896551724137931	0.27586206896551724	0.034482758620689655	0.4827586206896552
act/27	mean	proj	10	11	False	False	asc	1	0.06896551724137931	0.27586206896551724	0.034482758620689655	0.4827586206896552
act/27	mean	proj	11	12	False	True	asc	1	0.06896551724137931	0.20689655172413793	0.034482758620689655	0.4827586206896552
act/27	mean	proj	11	12	False	False	asc	1	0.06896551724137931	0.20689655172413793	0.034482758620689655	0.4827586206896552
act/27	mean	proj	11	13	False	True	asc	1	0.06896551724137931	0.2413793103448276	0.034482758620689655	0.5517241379310345
embed	mean	proj	4	11	False	False	asc	1	0.06896551724137931	0.5517241379310345	0.034482758620689655	0.4482758620689655
embed	mean	proj	4	16	False	True	asc	1	0.10344827586206896	0.5862068965517241	0.034482758620689655	0.5517241379310345
embed	mean	proj	4	17	False	True	asc	1	0.10344827586206896	0.5862068965517241	0.034482758620689655	0.5172413793103449
embed	mean	proj	4	17	False	False	asc	1	0.10344827586206896	0.6206896551724138	0.034482758620689655	0.4827586206896552
embed	mean	proj	4	7	False	True	asc	1	0.13793103448275862	0.5517241379310345	0.034482758620689655	0.5172413793103449
embed	mean	proj	4	7	False	False	asc	1	0.13793103448275862	0.5517241379310345	0.034482758620689655	0.5172413793103449
embed	mean	proj	4	8	False	True	asc	1	0.10344827586206896	0.5172413793103449	0.034482758620689655	0.6206896551724138
embed	mean	proj	4	10	False	True	asc	1	0.06896551724137931	0.5517241379310345	0.034482758620689655	0.5517241379310345
act/11	mean	proj	6	13	True	False	asc	1	0.06896551724137931	0.27586206896551724	0.034482758620689655	0.3448275862068966
act/11	mean	proj	6	14	True	True	asc	1	0.06896551724137931	0.2413793103448276	0.034482758620689655	0.3793103448275862
act/11	mean	proj	6	14	True	False	asc	1	0.06896551724137931	0.27586206896551724	0.034482758620689655	0.3793103448275862
act/11	mean	proj	6	15	True	True	asc	1	0.06896551724137931	0.3103448275862069	0.034482758620689655	0.4827586206896552
act/11	mean	proj	6	16	True	True	asc	1	0.06896551724137931	0.3103448275862069	0.034482758620689655	0.3793103448275862
act/11	mean	proj	6	17	True	True	asc	1	0.06896551724137931	0.3448275862068966	0.034482758620689655	0.4482758620689655
act/27	mean	proj	14	20	False	False	asc	1	0.06896551724137931	0.4827586206896552	0.034482758620689655	0.4827586206896552
act/27	mean	proj	14	20	False	True	asc	1	0.06896551724137931	0.4482758620689655	0.034482758620689655	0.4827586206896552
act/27	mean	proj	12	16	False	False	asc	1	0.034482758620689655	0.3448275862068966	0.034482758620689655	0.5172413793103449
act/27	mean	proj	12	17	False	True	asc	1	0.034482758620689655	0.5172413793103449	0.034482758620689655	0.5172413793103449
act/27	mean	proj	12	17	False	False	asc	1	0.034482758620689655	0.5172413793103449	0.034482758620689655	0.5172413793103449
act/27	mean	proj	14	15	False	True	asc	1	0.034482758620689655	0.3448275862068966	0.034482758620689655	0.5172413793103449
act/27	mean	proj	14	15	False	False	asc	1	0.034482758620689655	0.3448275862068966	0.034482758620689655	0.5172413793103449
act/23	mean	proj	15	20	True	False	asc	1	0.10344827586206896	0.4827586206896552	0.034482758620689655	0.5517241379310345
act/27	mean	proj	12	16	False	True	asc	1	0.034482758620689655	0.3448275862068966	0.034482758620689655	0.5172413793103449
embed	mean	proj	4	5	False	True	asc	1	0.06896551724137931	0.41379310344827586	0.034482758620689655	0.5517241379310345
embed	mean	proj	4	5	False	False	asc	1	0.06896551724137931	0.41379310344827586	0.034482758620689655	0.5517241379310345
embed	mean	proj	3	7	False	True	asc	1	0.10344827586206896	0.5862068965517241	0.034482758620689655	0.5172413793103449
embed	mean	proj	2	8	False	True	asc	1	0.06896551724137931	0.4482758620689655	0.034482758620689655	0.3448275862068966
embed	mean	proj	2	8	False	False	asc	1	0.06896551724137931	0.4482758620689655	0.034482758620689655	0.3103448275862069
act/11	mean	proj	7	12	True	True	asc	1	0.06896551724137931	0.3448275862068966	0.034482758620689655	0.4482758620689655
act/11	mean	proj	7	12	True	False	asc	1	0.06896551724137931	0.3448275862068966	0.034482758620689655	0.41379310344827586
embed	mean	proj	2	4	False	False	asc	1	0.0	0.3103448275862069	0.034482758620689655	0.3793103448275862
embed	mean	proj	2	5	False	False	asc	1	0.06896551724137931	0.4482758620689655	0.034482758620689655	0.3793103448275862
embed	mean	proj	2	7	False	True	asc	1	0.10344827586206896	0.4827586206896552	0.034482758620689655	0.3793103448275862
embed	mean	proj	2	7	False	False	asc	1	0.06896551724137931	0.4827586206896552	0.034482758620689655	0.3793103448275862
act/11	mean	proj	6	18	True	True	asc	1	0.06896551724137931	0.3793103448275862	0.034482758620689655	0.41379310344827586
embed	mean	proj	1	10	False	True	asc	1	0.0	0.5172413793103449	0.034482758620689655	0.5517241379310345
embed	mean	proj	1	11	False	True	asc	1	0.0	0.5172413793103449	0.034482758620689655	0.5517241379310345
embed	mean	proj	1	12	False	True	asc	1	0.0	0.5172413793103449	0.034482758620689655	0.5517241379310345
embed	mean	proj	1	13	False	True	asc	1	0.0	0.5172413793103449	0.034482758620689655	0.5517241379310345
embed	mean	proj	1	14	False	True	asc	1	0.0	0.4827586206896552	0.034482758620689655	0.5517241379310345
embed	mean	proj	2	4	False	True	asc	1	0.0	0.3103448275862069	0.034482758620689655	0.3448275862068966
act/11	mean	proj	9	11	True	True	asc	1	0.034482758620689655	0.41379310344827586	0.034482758620689655	0.5517241379310345
act/11	mean	proj	9	11	True	False	asc	1	0.034482758620689655	0.4482758620689655	0.034482758620689655	0.5517241379310345
act/23	mean	proj	14	19	True	False	asc	1	0.13793103448275862	0.41379310344827586	0.034482758620689655	0.5862068965517241
act/27	mean	proj	18	19	False	True	asc	1	0.13793103448275862	0.20689655172413793	0.034482758620689655	0.4482758620689655
act/27	mean	proj	18	19	False	False	asc	1	0.13793103448275862	0.20689655172413793	0.034482758620689655	0.4482758620689655
act/27	mean	proj	19	20	False	True	asc	1	0.10344827586206896	0.41379310344827586	0.034482758620689655	0.5172413793103449
act/27	mean	proj	19	20	False	False	asc	1	0.10344827586206896	0.41379310344827586	0.034482758620689655	0.5172413793103449
act/27	mean	norm_l2	0	0	True	False	asc	1	0.10344827586206896	0.2413793103448276	0.034482758620689655	0.4482758620689655
act/3	mean	proj	0	1	True	True	asc	1	0.10344827586206896	0.5862068965517241	0.034482758620689655	0.4827586206896552
act/3	mean	proj	0	1	True	False	asc	1	0.10344827586206896	0.5862068965517241	0.034482758620689655	0.4827586206896552
act/23	mean	proj	13	19	True	True	asc	1	0.10344827586206896	0.3793103448275862	0.034482758620689655	0.4827586206896552
act/23	mean	proj	13	19	True	False	asc	1	0.13793103448275862	0.41379310344827586	0.034482758620689655	0.4482758620689655
act/23	mean	proj	13	20	True	True	asc	1	0.10344827586206896	0.4482758620689655	0.034482758620689655	0.5517241379310345
act/23	mean	proj	13	20	True	False	asc	1	0.10344827586206896	0.4482758620689655	0.034482758620689655	0.5517241379310345
act/23	mean	proj	14	17	True	True	asc	1	0.10344827586206896	0.41379310344827586	0.034482758620689655	0.41379310344827586
act/23	mean	proj	14	17	True	False	asc	1	0.10344827586206896	0.41379310344827586	0.034482758620689655	0.41379310344827586
act/23	mean	proj	14	19	True	True	asc	1	0.13793103448275862	0.41379310344827586	0.034482758620689655	0.5862068965517241
act/23	mean	proj	13	14	True	True	asc	1	0.06896551724137931	0.3793103448275862	0.034482758620689655	0.3793103448275862
act/23	mean	proj	13	14	True	False	asc	1	0.06896551724137931	0.3793103448275862	0.034482758620689655	0.3793103448275862
act/23	mean	proj	13	15	True	True	asc	1	0.06896551724137931	0.3793103448275862	0.034482758620689655	0.5517241379310345
act/23	mean	proj	13	15	True	False	asc	1	0.06896551724137931	0.3793103448275862	0.034482758620689655	0.5517241379310345
act/23	mean	proj	13	16	True	True	asc	1	0.06896551724137931	0.4482758620689655	0.034482758620689655	0.4482758620689655
act/23	mean	proj	13	16	True	False	asc	1	0.06896551724137931	0.4827586206896552	0.034482758620689655	0.4482758620689655
act/27	mean	proj	16	18	False	True	asc	1	0.10344827586206896	0.3793103448275862	0.034482758620689655	0.3448275862068966
act/27	mean	proj	16	18	False	False	asc	1	0.10344827586206896	0.3793103448275862	0.034482758620689655	0.3448275862068966
act/23	mean	proj	12	17	True	True	asc	1	0.13793103448275862	0.41379310344827586	0.034482758620689655	0.5172413793103449
act/23	mean	proj	12	17	True	False	asc	1	0.13793103448275862	0.41379310344827586	0.034482758620689655	0.5517241379310345
act/23	mean	proj	9	11	True	True	asc	1	0.13793103448275862	0.41379310344827586	0.034482758620689655	0.5862068965517241
act/23	mean	proj	9	11	True	False	asc	1	0.13793103448275862	0.41379310344827586	0.034482758620689655	0.5862068965517241
act/23	mean	proj	4	13	True	True	asc	1	0.06896551724137931	0.3448275862068966	0.034482758620689655	0.6206896551724138
act/23	mean	proj	4	19	True	True	asc	1	0.10344827586206896	0.4482758620689655	0.034482758620689655	0.5862068965517241
act/23	mean	proj	4	20	True	True	asc	1	0.10344827586206896	0.4482758620689655	0.034482758620689655	0.5862068965517241
act/23	mean	proj	5	6	True	True	asc	1	0.06896551724137931	0.3448275862068966	0.034482758620689655	0.4827586206896552
act/23	mean	proj	5	6	True	False	asc	1	0.06896551724137931	0.3448275862068966	0.034482758620689655	0.4827586206896552
act/3	mean	proj	0	7	True	True	asc	1	0.13793103448275862	0.5862068965517241	0.034482758620689655	0.4482758620689655
act/23	mean	proj	12	14	True	True	asc	1	0.10344827586206896	0.27586206896551724	0.034482758620689655	0.3793103448275862
act/23	mean	proj	12	14	True	False	asc	1	0.10344827586206896	0.27586206896551724	0.034482758620689655	0.3793103448275862
act/23	mean	proj	12	15	True	True	asc	1	0.10344827586206896	0.3448275862068966	0.034482758620689655	0.4482758620689655
act/23	mean	proj	12	15	True	False	asc	1	0.10344827586206896	0.3448275862068966	0.034482758620689655	0.4482758620689655
act/23	mean	proj	12	16	True	True	asc	1	0.13793103448275862	0.4482758620689655	0.034482758620689655	0.41379310344827586
act/23	mean	proj	12	16	True	False	asc	1	0.13793103448275862	0.4482758620689655	0.034482758620689655	0.4482758620689655
act/23	mean	proj	10	11	True	True	asc	1	0.06896551724137931	0.3448275862068966	0.034482758620689655	0.4827586206896552
act/23	mean	proj	10	11	True	False	asc	1	0.06896551724137931	0.3448275862068966	0.034482758620689655	0.4827586206896552
act/23	mean	proj	11	14	True	True	asc	1	0.10344827586206896	0.27586206896551724	0.034482758620689655	0.6551724137931034
act/23	mean	proj	11	14	True	False	asc	1	0.10344827586206896	0.27586206896551724	0.034482758620689655	0.6551724137931034
act/23	mean	proj	12	13	True	True	asc	1	0.13793103448275862	0.3103448275862069	0.034482758620689655	0.4482758620689655
act/23	mean	proj	12	13	True	False	asc	1	0.13793103448275862	0.3103448275862069	0.034482758620689655	0.4482758620689655
act/3	mean	proj	0	2	True	False	asc	1	0.13793103448275862	0.7241379310344828	0.034482758620689655	0.5862068965517241
act/3	mean	proj	0	4	True	False	asc	1	0.13793103448275862	0.6206896551724138	0.034482758620689655	0.4482758620689655
act/3	mean	proj	0	5	True	True	asc	1	0.13793103448275862	0.6206896551724138	0.034482758620689655	0.4827586206896552
act/3	mean	proj	0	6	True	True	asc	1	0.13793103448275862	0.6206896551724138	0.034482758620689655	0.4827586206896552
act/3	mean	proj	0	6	True	False	asc	1	0.10344827586206896	0.5517241379310345	0.034482758620689655	0.4482758620689655
act/23	mean	proj	10	19	True	False	asc	1	0.10344827586206896	0.41379310344827586	0.034482758620689655	0.5172413793103449
act/23	mean	proj	10	20	True	False	asc	1	0.10344827586206896	0.41379310344827586	0.034482758620689655	0.5517241379310345
embed	mean	proj	1	8	False	True	asc	1	0.0	0.5172413793103449	0.034482758620689655	0.5172413793103449
embed	mean	proj	1	8	False	False	asc	1	0.0	0.5172413793103449	0.034482758620689655	0.4827586206896552
embed	mean	proj	1	9	False	True	asc	1	0.0	0.5172413793103449	0.034482758620689655	0.5172413793103449
act/11	mean	proj	8	9	True	True	asc	1	0.06896551724137931	0.3448275862068966	0.034482758620689655	0.3793103448275862
act/11	mean	proj	8	9	True	False	asc	1	0.06896551724137931	0.3448275862068966	0.034482758620689655	0.3793103448275862
act/11	mean	proj	8	11	True	True	asc	1	0.13793103448275862	0.3448275862068966	0.034482758620689655	0.4827586206896552
act/11	mean	proj	8	11	True	False	asc	1	0.10344827586206896	0.3448275862068966	0.034482758620689655	0.4827586206896552
embed	mean	proj	1	4	False	True	asc	1	0.0	0.3793103448275862	0.034482758620689655	0.4827586206896552
embed	mean	proj	1	6	False	False	asc	1	0.034482758620689655	0.4827586206896552	0.034482758620689655	0.4482758620689655
act/3	mean	proj	0	19	True	False	asc	1	0.06896551724137931	0.5517241379310345	0.034482758620689655	0.5517241379310345
act/3	mean	proj	1	2	True	True	asc	1	0.034482758620689655	0.5172413793103449	0.034482758620689655	0.41379310344827586
act/3	mean	proj	1	2	True	False	asc	1	0.034482758620689655	0.5172413793103449	0.034482758620689655	0.41379310344827586
act/3	mean	proj	0	7	True	False	asc	1	0.13793103448275862	0.5517241379310345	0.034482758620689655	0.4482758620689655
act/3	mean	proj	0	11	True	False	asc	1	0.1724137931034483	0.4482758620689655	0.034482758620689655	0.3793103448275862
act/3	mean	proj	0	12	True	False	asc	1	0.06896551724137931	0.41379310344827586	0.034482758620689655	0.3793103448275862
act/3	mean	proj	0	14	True	False	asc	1	0.06896551724137931	0.5172413793103449	0.034482758620689655	0.4482758620689655
act/3	mean	proj	0	15	True	False	asc	1	0.06896551724137931	0.4827586206896552	0.034482758620689655	0.4827586206896552
act/3	mean	proj	0	16	True	False	asc	1	0.06896551724137931	0.4827586206896552	0.034482758620689655	0.4482758620689655
act/3	mean	proj	0	17	True	False	asc	1	0.06896551724137931	0.5172413793103449	0.034482758620689655	0.4827586206896552
act/3	mean	proj	0	18	True	False	asc	1	0.06896551724137931	0.4827586206896552	0.034482758620689655	0.4482758620689655
act/11	mean	proj	10	12	True	True	asc	1	0.034482758620689655	0.3103448275862069	0.034482758620689655	0.3103448275862069
act/11	mean	proj	10	12	True	False	asc	1	0.034482758620689655	0.3103448275862069	0.034482758620689655	0.3103448275862069
embed	mean	proj	16	18	True	False	asc	1	0.06896551724137931	0.41379310344827586	0.034482758620689655	0.3103448275862069
embed	mean	proj	17	18	True	True	asc	1	0.06896551724137931	0.3103448275862069	0.034482758620689655	0.27586206896551724
embed	mean	proj	17	18	True	False	asc	1	0.06896551724137931	0.3103448275862069	0.034482758620689655	0.27586206896551724
embed	mean	proj	14	19	True	True	asc	1	0.20689655172413793	0.5172413793103449	0.034482758620689655	0.4482758620689655
embed	mean	proj	14	19	True	False	asc	1	0.1724137931034483	0.5172413793103449	0.034482758620689655	0.4482758620689655
embed	mean	proj	14	20	True	True	asc	1	0.1724137931034483	0.5517241379310345	0.034482758620689655	0.4482758620689655
embed	mean	proj	14	20	True	False	asc	1	0.1724137931034483	0.5172413793103449	0.034482758620689655	0.4482758620689655
act/11	mean	proj	11	20	True	True	asc	1	0.10344827586206896	0.4482758620689655	0.034482758620689655	0.4482758620689655
act/11	mean	proj	11	20	True	False	asc	1	0.10344827586206896	0.4482758620689655	0.034482758620689655	0.4827586206896552
act/11	mean	proj	12	13	True	True	asc	1	0.1724137931034483	0.3793103448275862	0.034482758620689655	0.5517241379310345
act/11	mean	proj	12	13	True	False	asc	1	0.1724137931034483	0.3793103448275862	0.034482758620689655	0.5517241379310345
embed	mean	proj	14	15	True	True	asc	1	0.034482758620689655	0.3103448275862069	0.034482758620689655	0.5172413793103449
embed	mean	proj	14	15	True	False	asc	1	0.034482758620689655	0.3103448275862069	0.034482758620689655	0.5172413793103449
act/11	mean	proj	11	14	True	True	asc	1	0.10344827586206896	0.3103448275862069	0.034482758620689655	0.4482758620689655
act/11	mean	proj	11	14	True	False	asc	1	0.10344827586206896	0.3103448275862069	0.034482758620689655	0.4482758620689655
act/11	mean	proj	13	20	True	True	asc	1	0.06896551724137931	0.4827586206896552	0.034482758620689655	0.4482758620689655
act/11	mean	proj	13	20	True	False	asc	1	0.06896551724137931	0.5172413793103449	0.034482758620689655	0.3793103448275862
act/11	mean	proj	15	16	True	True	asc	1	0.034482758620689655	0.41379310344827586	0.034482758620689655	0.3793103448275862
act/11	mean	proj	15	16	True	False	asc	1	0.034482758620689655	0.41379310344827586	0.034482758620689655	0.3793103448275862
embed	mean	proj	13	19	True	True	asc	1	0.20689655172413793	0.5172413793103449	0.034482758620689655	0.4482758620689655
embed	mean	proj	13	19	True	False	asc	1	0.20689655172413793	0.5172413793103449	0.034482758620689655	0.4482758620689655
act/11	mean	proj	13	18	True	True	asc	1	0.034482758620689655	0.3448275862068966	0.034482758620689655	0.3793103448275862
act/11	mean	proj	13	18	True	False	asc	1	0.034482758620689655	0.3793103448275862	0.034482758620689655	0.3793103448275862
act/11	mean	proj	13	19	True	True	asc	1	0.06896551724137931	0.4482758620689655	0.034482758620689655	0.3793103448275862
act/11	mean	proj	13	19	True	False	asc	1	0.06896551724137931	0.4827586206896552	0.034482758620689655	0.3793103448275862
act/11	mean	proj	0	1	False	False	asc	1	0.0	0.27586206896551724	0.034482758620689655	0.3448275862068966
act/11	mean	proj	0	2	False	True	asc	1	0.0	0.27586206896551724	0.034482758620689655	0.3448275862068966
act/11	mean	proj	0	2	False	False	asc	1	0.0	0.27586206896551724	0.034482758620689655	0.3448275862068966
act/11	mean	proj	12	19	True	True	asc	1	0.10344827586206896	0.5172413793103449	0.034482758620689655	0.5172413793103449
act/11	mean	proj	12	19	True	False	asc	1	0.10344827586206896	0.5517241379310345	0.034482758620689655	0.5172413793103449
act/11	mean	proj	12	20	True	True	asc	1	0.10344827586206896	0.5517241379310345	0.034482758620689655	0.4827586206896552
embed	mean	proj	11	20	True	False	asc	1	0.13793103448275862	0.4827586206896552	0.034482758620689655	0.3103448275862069
act/11	mean	proj	16	17	True	True	asc	1	0.0	0.3448275862068966	0.034482758620689655	0.4482758620689655
act/11	mean	proj	16	17	True	False	asc	1	0.0	0.3448275862068966	0.034482758620689655	0.4482758620689655
act/11	mean	proj	17	18	True	True	asc	1	0.0	0.2413793103448276	0.034482758620689655	0.3793103448275862
act/11	mean	proj	17	18	True	False	asc	1	0.0	0.2413793103448276	0.034482758620689655	0.3793103448275862
act/11	mean	proj	19	20	True	True	asc	1	0.10344827586206896	0.2413793103448276	0.034482758620689655	0.5517241379310345
act/11	mean	proj	19	20	True	False	asc	1	0.10344827586206896	0.2413793103448276	0.034482758620689655	0.5517241379310345
act/11	mean	proj	0	1	False	True	asc	1	0.0	0.27586206896551724	0.034482758620689655	0.3448275862068966
embed	mean	proj	10	16	True	False	asc	1	0.1724137931034483	0.5862068965517241	0.034482758620689655	0.3793103448275862
embed	mean	proj	10	17	True	True	asc	1	0.1724137931034483	0.5862068965517241	0.034482758620689655	0.3793103448275862
embed	mean	proj	10	17	True	False	asc	1	0.1724137931034483	0.5862068965517241	0.034482758620689655	0.3793103448275862
embed	mean	proj	11	12	True	True	asc	1	0.0	0.27586206896551724	0.034482758620689655	0.6206896551724138
embed	mean	proj	11	12	True	False	asc	1	0.0	0.27586206896551724	0.034482758620689655	0.6206896551724138
embed	mean	proj	11	19	True	True	asc	1	0.13793103448275862	0.4827586206896552	0.034482758620689655	0.3448275862068966
embed	mean	proj	11	19	True	False	asc	1	0.13793103448275862	0.4827586206896552	0.034482758620689655	0.3448275862068966
embed	mean	proj	11	20	True	True	asc	1	0.13793103448275862	0.4482758620689655	0.034482758620689655	0.3448275862068966
act/23	mean	proj	3	6	True	True	asc	1	0.06896551724137931	0.3448275862068966	0.034482758620689655	0.4827586206896552
act/23	mean	proj	3	6	True	False	asc	1	0.06896551724137931	0.3103448275862069	0.034482758620689655	0.4482758620689655
act/23	mean	proj	3	7	True	True	asc	1	0.10344827586206896	0.4827586206896552	0.034482758620689655	0.5862068965517241
act/23	mean	proj	3	7	True	False	asc	1	0.10344827586206896	0.4482758620689655	0.034482758620689655	0.6206896551724138
act/23	mean	proj	3	8	True	True	asc	1	0.10344827586206896	0.4827586206896552	0.034482758620689655	0.5172413793103449
act/23	mean	proj	3	8	True	False	asc	1	0.10344827586206896	0.4827586206896552	0.034482758620689655	0.4827586206896552
act/23	mean	proj	4	7	True	False	asc	1	0.034482758620689655	0.3103448275862069	0.034482758620689655	0.4827586206896552
act/23	mean	proj	4	8	True	True	asc	1	0.0	0.3448275862068966	0.034482758620689655	0.4482758620689655
act/23	mean	proj	4	8	True	False	asc	1	0.0	0.3448275862068966	0.034482758620689655	0.4482758620689655
act/23	mean	proj	4	9	True	True	asc	1	0.06896551724137931	0.3448275862068966	0.034482758620689655	0.6206896551724138
act/23	mean	proj	4	10	True	True	asc	1	0.06896551724137931	0.3103448275862069	0.034482758620689655	0.6206896551724138
act/23	mean	proj	4	10	True	False	asc	1	0.06896551724137931	0.3103448275862069	0.034482758620689655	0.6206896551724138
act/23	mean	proj	4	11	True	True	asc	1	0.06896551724137931	0.3448275862068966	0.034482758620689655	0.5862068965517241
act/23	mean	proj	4	12	True	True	asc	1	0.06896551724137931	0.3103448275862069	0.034482758620689655	0.6206896551724138
act/23	mean	proj	4	6	True	True	asc	1	0.0	0.27586206896551724	0.034482758620689655	0.3448275862068966
act/23	mean	proj	4	6	True	False	asc	1	0.0	0.27586206896551724	0.034482758620689655	0.3448275862068966
act/23	mean	proj	4	7	True	True	asc	1	0.034482758620689655	0.3448275862068966	0.034482758620689655	0.4827586206896552
act/11	mean	proj	0	15	False	False	asc	1	0.0	0.27586206896551724	0.034482758620689655	0.3448275862068966
act/11	mean	proj	0	16	False	True	asc	1	0.0	0.27586206896551724	0.034482758620689655	0.3448275862068966
act/11	mean	proj	0	16	False	False	asc	1	0.0	0.27586206896551724	0.034482758620689655	0.3448275862068966
act/11	mean	proj	0	17	False	True	asc	1	0.0	0.27586206896551724	0.034482758620689655	0.3448275862068966
act/11	mean	proj	0	17	False	False	asc	1	0.0	0.27586206896551724	0.034482758620689655	0.3448275862068966
act/11	mean	proj	0	18	False	True	asc	1	0.0	0.27586206896551724	0.034482758620689655	0.3448275862068966
act/11	mean	proj	0	18	False	False	asc	1	0.0	0.27586206896551724	0.034482758620689655	0.3448275862068966
embed	mean	proj	10	16	True	True	asc	1	0.1724137931034483	0.5862068965517241	0.034482758620689655	0.3793103448275862
act/11	mean	proj	0	11	False	False	asc	1	0.0	0.27586206896551724	0.034482758620689655	0.3448275862068966
act/11	mean	proj	0	12	False	True	asc	1	0.0	0.27586206896551724	0.034482758620689655	0.3448275862068966
act/11	mean	proj	0	12	False	False	asc	1	0.0	0.27586206896551724	0.034482758620689655	0.3448275862068966
act/11	mean	proj	0	13	False	True	asc	1	0.0	0.27586206896551724	0.034482758620689655	0.3448275862068966
act/11	mean	proj	0	13	False	False	asc	1	0.0	0.27586206896551724	0.034482758620689655	0.3448275862068966
act/11	mean	proj	0	14	False	True	asc	1	0.0	0.27586206896551724	0.034482758620689655	0.3448275862068966
act/11	mean	proj	0	14	False	False	asc	1	0.0	0.27586206896551724	0.034482758620689655	0.3448275862068966
act/11	mean	proj	0	15	False	True	asc	1	0.0	0.27586206896551724	0.034482758620689655	0.3448275862068966
act/11	mean	proj	0	7	False	False	asc	1	0.0	0.27586206896551724	0.034482758620689655	0.3448275862068966
act/11	mean	proj	0	8	False	True	asc	1	0.0	0.27586206896551724	0.034482758620689655	0.3448275862068966
act/11	mean	proj	0	8	False	False	asc	1	0.0	0.27586206896551724	0.034482758620689655	0.3448275862068966
act/11	mean	proj	0	9	False	True	asc	1	0.0	0.27586206896551724	0.034482758620689655	0.3448275862068966
act/11	mean	proj	0	9	False	False	asc	1	0.0	0.27586206896551724	0.034482758620689655	0.3448275862068966
act/11	mean	proj	0	10	False	True	asc	1	0.0	0.27586206896551724	0.034482758620689655	0.3448275862068966
act/11	mean	proj	0	10	False	False	asc	1	0.0	0.27586206896551724	0.034482758620689655	0.3448275862068966
act/11	mean	proj	0	11	False	True	asc	1	0.0	0.27586206896551724	0.034482758620689655	0.3448275862068966
act/11	mean	proj	0	3	False	False	asc	1	0.0	0.27586206896551724	0.034482758620689655	0.3448275862068966
act/11	mean	proj	0	4	False	True	asc	1	0.0	0.27586206896551724	0.034482758620689655	0.3448275862068966
act/11	mean	proj	0	4	False	False	asc	1	0.0	0.27586206896551724	0.034482758620689655	0.3448275862068966
act/11	mean	proj	0	5	False	True	asc	1	0.0	0.27586206896551724	0.034482758620689655	0.3448275862068966
act/11	mean	proj	0	5	False	False	asc	1	0.0	0.27586206896551724	0.034482758620689655	0.3448275862068966
act/11	mean	proj	0	6	False	True	asc	1	0.0	0.27586206896551724	0.034482758620689655	0.3448275862068966
act/11	mean	proj	0	6	False	False	asc	1	0.0	0.27586206896551724	0.034482758620689655	0.3448275862068966
act/11	mean	proj	0	7	False	True	asc	1	0.0	0.27586206896551724	0.034482758620689655	0.3448275862068966
act/3	mean	proj	4	6	True	True	asc	1	0.034482758620689655	0.3448275862068966	0.034482758620689655	0.3103448275862069
act/3	mean	proj	4	6	True	False	asc	1	0.034482758620689655	0.3448275862068966	0.034482758620689655	0.3103448275862069
act/3	mean	proj	4	7	True	True	asc	1	0.0	0.2413793103448276	0.034482758620689655	0.3448275862068966
act/3	mean	proj	4	7	True	False	asc	1	0.0	0.2413793103448276	0.034482758620689655	0.3448275862068966
act/3	mean	proj	4	8	True	True	asc	1	0.10344827586206896	0.27586206896551724	0.034482758620689655	0.41379310344827586
act/3	mean	proj	4	8	True	False	asc	1	0.10344827586206896	0.2413793103448276	0.034482758620689655	0.41379310344827586
act/3	mean	proj	3	15	True	True	asc	1	0.06896551724137931	0.3448275862068966	0.034482758620689655	0.3103448275862069
act/3	mean	proj	3	10	True	False	asc	1	0.034482758620689655	0.3793103448275862	0.034482758620689655	0.4482758620689655
act/3	mean	proj	3	11	True	False	asc	1	0.0	0.2413793103448276	0.034482758620689655	0.41379310344827586
act/3	mean	proj	3	12	True	True	asc	1	0.034482758620689655	0.3793103448275862	0.034482758620689655	0.3793103448275862
act/3	mean	proj	3	12	True	False	asc	1	0.0	0.27586206896551724	0.034482758620689655	0.3448275862068966
act/11	mean	proj	1	15	False	False	asc	1	0.10344827586206896	0.3448275862068966	0.034482758620689655	0.3793103448275862
embed	mean	proj	9	10	True	True	asc	1	0.034482758620689655	0.3448275862068966	0.034482758620689655	0.4482758620689655
embed	mean	proj	9	10	True	False	asc	1	0.034482758620689655	0.3448275862068966	0.034482758620689655	0.4482758620689655
act/11	mean	proj	0	3	False	True	asc	1	0.0	0.27586206896551724	0.034482758620689655	0.3448275862068966
act/11	mean	proj	1	9	False	False	asc	1	0.10344827586206896	0.3448275862068966	0.034482758620689655	0.3793103448275862
act/11	mean	proj	1	10	False	False	asc	1	0.10344827586206896	0.3448275862068966	0.034482758620689655	0.3448275862068966
act/11	mean	proj	1	3	False	False	asc	1	0.06896551724137931	0.3103448275862069	0.034482758620689655	0.3103448275862069
embed	mean	proj	8	9	True	False	asc	1	0.06896551724137931	0.3103448275862069	0.034482758620689655	0.41379310344827586
act/11	mean	proj	0	19	False	True	asc	1	0.0	0.27586206896551724	0.034482758620689655	0.3448275862068966
act/11	mean	proj	0	19	False	False	asc	1	0.0	0.27586206896551724	0.034482758620689655	0.3448275862068966
act/11	mean	proj	0	20	False	True	asc	1	0.0	0.27586206896551724	0.034482758620689655	0.3448275862068966
act/11	mean	proj	0	20	False	False	asc	1	0.0	0.27586206896551724	0.034482758620689655	0.3448275862068966
act/11	mean	proj	1	2	False	True	asc	1	0.06896551724137931	0.3103448275862069	0.034482758620689655	0.3793103448275862
act/11	mean	proj	1	2	False	False	asc	1	0.06896551724137931	0.3103448275862069	0.034482758620689655	0.3793103448275862
act/11	mean	proj	1	3	False	True	asc	1	0.06896551724137931	0.3448275862068966	0.034482758620689655	0.3103448275862069
act/3	mean	proj	5	9	True	True	asc	1	0.034482758620689655	0.3448275862068966	0.034482758620689655	0.41379310344827586
act/3	mean	proj	5	9	True	False	asc	1	0.034482758620689655	0.3448275862068966	0.034482758620689655	0.41379310344827586
act/3	mean	proj	5	10	True	True	asc	1	0.034482758620689655	0.3103448275862069	0.034482758620689655	0.3793103448275862
act/3	mean	proj	5	10	True	False	asc	1	0.034482758620689655	0.27586206896551724	0.034482758620689655	0.3448275862068966
act/3	mean	proj	5	11	True	True	asc	1	0.0	0.27586206896551724	0.034482758620689655	0.3103448275862069
act/3	mean	proj	5	11	True	False	asc	1	0.0	0.2413793103448276	0.034482758620689655	0.3103448275862069
act/3	mean	proj	5	12	True	True	asc	1	0.0	0.27586206896551724	0.034482758620689655	0.3448275862068966
act/3	mean	proj	4	18	True	True	asc	1	0.10344827586206896	0.3103448275862069	0.034482758620689655	0.3448275862068966
act/3	mean	proj	4	18	True	False	asc	1	0.06896551724137931	0.3103448275862069	0.034482758620689655	0.3448275862068966
act/3	mean	proj	4	19	True	False	asc	1	0.06896551724137931	0.3103448275862069	0.034482758620689655	0.3448275862068966
act/3	mean	proj	4	20	True	True	asc	1	0.06896551724137931	0.3103448275862069	0.034482758620689655	0.3448275862068966
act/3	mean	proj	4	20	True	False	asc	1	0.034482758620689655	0.3103448275862069	0.034482758620689655	0.3448275862068966
act/3	mean	proj	5	6	True	True	asc	1	0.06896551724137931	0.4482758620689655	0.034482758620689655	0.3793103448275862
act/3	mean	proj	5	6	True	False	asc	1	0.06896551724137931	0.4482758620689655	0.034482758620689655	0.3793103448275862
act/3	mean	proj	4	17	True	True	asc	1	0.10344827586206896	0.3103448275862069	0.034482758620689655	0.3448275862068966
act/3	mean	proj	4	17	True	False	asc	1	0.06896551724137931	0.3103448275862069	0.034482758620689655	0.3448275862068966
act/3	mean	proj	4	10	True	True	asc	1	0.034482758620689655	0.27586206896551724	0.034482758620689655	0.3448275862068966
act/3	mean	proj	4	10	True	False	asc	1	0.034482758620689655	0.27586206896551724	0.034482758620689655	0.3448275862068966
act/11	mean	proj	2	11	False	True	asc	1	0.034482758620689655	0.3103448275862069	0.034482758620689655	0.4482758620689655
act/11	mean	proj	2	12	False	True	asc	1	0.034482758620689655	0.3103448275862069	0.034482758620689655	0.4827586206896552
act/11	mean	proj	2	13	False	True	asc	1	0.034482758620689655	0.27586206896551724	0.034482758620689655	0.4827586206896552
embed	mean	proj	8	9	True	True	asc	1	0.06896551724137931	0.3103448275862069	0.034482758620689655	0.41379310344827586
act/11	mean	proj	2	7	False	True	asc	1	0.034482758620689655	0.3448275862068966	0.034482758620689655	0.5517241379310345
act/11	mean	proj	2	8	False	True	asc	1	0.034482758620689655	0.27586206896551724	0.034482758620689655	0.5172413793103449
act/11	mean	proj	2	9	False	True	asc	1	0.034482758620689655	0.3103448275862069	0.034482758620689655	0.4827586206896552
act/11	mean	proj	2	10	False	True	asc	1	0.034482758620689655	0.27586206896551724	0.034482758620689655	0.4827586206896552
act/11	mean	proj	1	20	False	False	asc	1	0.10344827586206896	0.3448275862068966	0.034482758620689655	0.3448275862068966
act/11	mean	proj	2	4	False	True	asc	1	0.034482758620689655	0.3793103448275862	0.034482758620689655	0.41379310344827586
act/11	mean	proj	2	4	False	False	asc	1	0.034482758620689655	0.3448275862068966	0.034482758620689655	0.4827586206896552
act/11	mean	proj	2	5	False	True	asc	1	0.06896551724137931	0.4827586206896552	0.034482758620689655	0.5172413793103449
act/11	mean	proj	2	6	False	True	asc	1	0.034482758620689655	0.3793103448275862	0.034482758620689655	0.5172413793103449
act/11	mean	proj	1	16	False	False	asc	1	0.10344827586206896	0.3448275862068966	0.034482758620689655	0.41379310344827586
act/11	mean	proj	1	17	False	False	asc	1	0.10344827586206896	0.3448275862068966	0.034482758620689655	0.3793103448275862
act/11	mean	proj	1	18	False	False	asc	1	0.10344827586206896	0.3103448275862069	0.034482758620689655	0.3448275862068966
act/11	mean	proj	1	19	False	False	asc	1	0.10344827586206896	0.27586206896551724	0.034482758620689655	0.3448275862068966
act/3	mean	proj	6	10	True	True	asc	1	0.0	0.2413793103448276	0.034482758620689655	0.3448275862068966
act/3	mean	proj	6	10	True	False	asc	1	0.0	0.2413793103448276	0.034482758620689655	0.3448275862068966
act/3	mean	proj	6	11	True	True	asc	1	0.0	0.20689655172413793	0.034482758620689655	0.3103448275862069
act/3	mean	proj	6	11	True	False	asc	1	0.0	0.20689655172413793	0.034482758620689655	0.3103448275862069
act/3	mean	proj	6	13	True	True	asc	1	0.034482758620689655	0.27586206896551724	0.034482758620689655	0.3103448275862069
act/3	mean	proj	6	13	True	False	asc	1	0.034482758620689655	0.27586206896551724	0.034482758620689655	0.3448275862068966
act/23	mean	proj	2	7	True	True	asc	1	0.13793103448275862	0.4827586206896552	0.034482758620689655	0.5172413793103449
act/3	mean	proj	5	18	True	True	asc	1	0.034482758620689655	0.2413793103448276	0.034482758620689655	0.3448275862068966
act/3	mean	proj	5	19	True	True	asc	1	0.034482758620689655	0.2413793103448276	0.034482758620689655	0.3793103448275862
act/3	mean	proj	5	20	True	True	asc	1	0.034482758620689655	0.27586206896551724	0.034482758620689655	0.3793103448275862
act/3	mean	proj	6	7	True	True	asc	1	0.034482758620689655	0.20689655172413793	0.034482758620689655	0.41379310344827586
act/3	mean	proj	6	7	True	False	asc	1	0.034482758620689655	0.20689655172413793	0.034482758620689655	0.41379310344827586
act/3	mean	proj	6	9	True	True	asc	1	0.034482758620689655	0.3448275862068966	0.034482758620689655	0.4482758620689655
act/3	mean	proj	6	9	True	False	asc	1	0.034482758620689655	0.3103448275862069	0.034482758620689655	0.41379310344827586
act/3	mean	proj	5	17	True	True	asc	1	0.034482758620689655	0.2413793103448276	0.034482758620689655	0.3448275862068966
act/3	mean	proj	5	17	True	False	asc	1	0.034482758620689655	0.2413793103448276	0.034482758620689655	0.3448275862068966
act/23	mean	proj	2	5	True	True	asc	1	0.10344827586206896	0.5172413793103449	0.034482758620689655	0.4827586206896552
act/23	mean	proj	2	5	True	False	asc	1	0.10344827586206896	0.5172413793103449	0.034482758620689655	0.4827586206896552
act/23	mean	proj	2	6	True	True	asc	1	0.1724137931034483	0.5172413793103449	0.034482758620689655	0.4482758620689655
act/23	mean	proj	2	6	True	False	asc	1	0.13793103448275862	0.4827586206896552	0.034482758620689655	0.5172413793103449
act/3	mean	proj	5	13	True	True	asc	1	0.0	0.2413793103448276	0.034482758620689655	0.3103448275862069
act/3	mean	proj	5	13	True	False	asc	1	0.034482758620689655	0.2413793103448276	0.034482758620689655	0.3103448275862069
act/3	mean	proj	5	14	True	True	asc	1	0.0	0.2413793103448276	0.034482758620689655	0.3103448275862069
act/3	mean	proj	5	14	True	False	asc	1	0.06896551724137931	0.27586206896551724	0.034482758620689655	0.3103448275862069
act/3	mean	proj	5	15	True	True	asc	1	0.06896551724137931	0.27586206896551724	0.034482758620689655	0.3103448275862069
act/3	mean	proj	5	15	True	False	asc	1	0.06896551724137931	0.27586206896551724	0.034482758620689655	0.3448275862068966
act/3	mean	proj	5	16	True	True	asc	1	0.06896551724137931	0.27586206896551724	0.034482758620689655	0.3103448275862069
act/3	mean	proj	5	16	True	False	asc	1	0.06896551724137931	0.27586206896551724	0.034482758620689655	0.3448275862068966
act/3	mean	proj	7	9	True	False	asc	1	0.034482758620689655	0.4827586206896552	0.034482758620689655	0.4482758620689655
act/3	mean	proj	7	10	True	True	asc	1	0.0	0.27586206896551724	0.034482758620689655	0.3793103448275862
act/3	mean	proj	7	10	True	False	asc	1	0.0	0.27586206896551724	0.034482758620689655	0.3793103448275862
act/3	mean	proj	7	11	True	True	asc	1	0.0	0.20689655172413793	0.034482758620689655	0.3103448275862069
act/3	mean	proj	7	11	True	False	asc	1	0.0	0.20689655172413793	0.034482758620689655	0.3103448275862069
act/3	mean	proj	7	12	True	True	asc	1	0.0	0.2413793103448276	0.034482758620689655	0.3448275862068966
act/3	mean	proj	6	18	True	False	asc	1	0.034482758620689655	0.27586206896551724	0.034482758620689655	0.3448275862068966
act/3	mean	proj	6	19	True	True	asc	1	0.034482758620689655	0.3103448275862069	0.034482758620689655	0.3448275862068966
act/3	mean	proj	6	19	True	False	asc	1	0.034482758620689655	0.27586206896551724	0.034482758620689655	0.3448275862068966
act/3	mean	proj	6	20	True	True	asc	1	0.034482758620689655	0.2413793103448276	0.034482758620689655	0.3448275862068966
act/3	mean	proj	6	20	True	False	asc	1	0.034482758620689655	0.27586206896551724	0.034482758620689655	0.3448275862068966
act/3	mean	proj	7	8	True	True	asc	1	0.034482758620689655	0.3793103448275862	0.034482758620689655	0.3103448275862069
act/3	mean	proj	7	8	True	False	asc	1	0.034482758620689655	0.3793103448275862	0.034482758620689655	0.3103448275862069
act/3	mean	proj	7	9	True	True	asc	1	0.034482758620689655	0.4827586206896552	0.034482758620689655	0.4827586206896552
act/3	mean	proj	6	14	True	True	asc	1	0.034482758620689655	0.2413793103448276	0.034482758620689655	0.3103448275862069
act/3	mean	proj	6	14	True	False	asc	1	0.034482758620689655	0.2413793103448276	0.034482758620689655	0.3103448275862069
act/3	mean	proj	6	15	True	True	asc	1	0.034482758620689655	0.27586206896551724	0.034482758620689655	0.3103448275862069
act/3	mean	proj	6	15	True	False	asc	1	0.06896551724137931	0.3103448275862069	0.034482758620689655	0.3103448275862069
act/3	mean	proj	6	16	True	False	asc	1	0.06896551724137931	0.3103448275862069	0.034482758620689655	0.3448275862068966
act/3	mean	proj	6	17	True	True	asc	1	0.034482758620689655	0.27586206896551724	0.034482758620689655	0.3448275862068966
act/3	mean	proj	6	17	True	False	asc	1	0.034482758620689655	0.27586206896551724	0.034482758620689655	0.3448275862068966
act/3	mean	proj	6	18	True	True	asc	1	0.034482758620689655	0.27586206896551724	0.034482758620689655	0.3448275862068966
act/3	mean	proj	8	14	True	False	asc	1	0.10344827586206896	0.41379310344827586	0.034482758620689655	0.5517241379310345
act/23	mean	proj	1	4	True	True	asc	1	0.13793103448275862	0.4482758620689655	0.034482758620689655	0.5172413793103449
act/3	mean	proj	8	11	True	True	asc	1	0.034482758620689655	0.3448275862068966	0.034482758620689655	0.5172413793103449
act/3	mean	proj	8	11	True	False	asc	1	0.034482758620689655	0.3448275862068966	0.034482758620689655	0.5172413793103449
act/3	mean	proj	8	12	True	True	asc	1	0.06896551724137931	0.41379310344827586	0.034482758620689655	0.4827586206896552
act/3	mean	proj	8	12	True	False	asc	1	0.06896551724137931	0.41379310344827586	0.034482758620689655	0.4827586206896552
act/3	mean	proj	8	10	True	False	asc	1	0.034482758620689655	0.3793103448275862	0.034482758620689655	0.5172413793103449
act/23	mean	proj	0	19	True	True	asc	1	0.10344827586206896	0.27586206896551724	0.034482758620689655	0.3448275862068966
act/23	mean	proj	0	19	True	False	asc	1	0.10344827586206896	0.4482758620689655	0.034482758620689655	0.41379310344827586
act/23	mean	proj	0	20	True	True	asc	1	0.10344827586206896	0.27586206896551724	0.034482758620689655	0.3448275862068966
act/23	mean	proj	0	20	True	False	asc	1	0.10344827586206896	0.4482758620689655	0.034482758620689655	0.4482758620689655
act/23	mean	proj	1	3	True	True	asc	1	0.13793103448275862	0.5517241379310345	0.034482758620689655	0.4827586206896552
act/3	mean	proj	7	18	True	True	asc	1	0.034482758620689655	0.27586206896551724	0.034482758620689655	0.3448275862068966
act/3	mean	proj	7	18	True	False	asc	1	0.034482758620689655	0.3103448275862069	0.034482758620689655	0.3448275862068966
act/3	mean	proj	7	19	True	True	asc	1	0.034482758620689655	0.3103448275862069	0.034482758620689655	0.3448275862068966
act/3	mean	proj	7	19	True	False	asc	1	0.10344827586206896	0.3793103448275862	0.034482758620689655	0.3793103448275862
act/3	mean	proj	7	20	True	True	asc	1	0.034482758620689655	0.3103448275862069	0.034482758620689655	0.3448275862068966
act/3	mean	proj	8	10	True	True	asc	1	0.034482758620689655	0.3793103448275862	0.034482758620689655	0.5172413793103449
embed	mean	proj	6	14	True	False	asc	1	0.034482758620689655	0.5517241379310345	0.034482758620689655	0.5172413793103449
embed	mean	proj	6	15	True	True	asc	1	0.10344827586206896	0.5862068965517241	0.034482758620689655	0.5172413793103449
embed	mean	proj	6	15	True	False	asc	1	0.06896551724137931	0.5517241379310345	0.034482758620689655	0.5172413793103449
embed	mean	proj	7	8	True	True	asc	1	0.034482758620689655	0.3448275862068966	0.034482758620689655	0.3103448275862069
embed	mean	proj	7	8	True	False	asc	1	0.034482758620689655	0.3448275862068966	0.034482758620689655	0.3103448275862069
embed	mean	proj	7	11	True	True	asc	1	0.06896551724137931	0.3103448275862069	0.034482758620689655	0.4827586206896552
embed	mean	proj	7	11	True	False	asc	1	0.06896551724137931	0.3103448275862069	0.034482758620689655	0.4827586206896552
act/11	mean	proj	3	11	False	False	asc	1	0.06896551724137931	0.2413793103448276	0.034482758620689655	0.5517241379310345
act/11	mean	proj	3	12	False	True	asc	1	0.06896551724137931	0.2413793103448276	0.034482758620689655	0.5172413793103449
act/11	mean	proj	3	12	False	False	asc	1	0.06896551724137931	0.2413793103448276	0.034482758620689655	0.5517241379310345
embed	mean	proj	6	14	True	True	asc	1	0.10344827586206896	0.5862068965517241	0.034482758620689655	0.5172413793103449
act/11	mean	proj	3	5	False	True	asc	1	0.034482758620689655	0.5517241379310345	0.034482758620689655	0.5517241379310345
act/11	mean	proj	3	6	False	True	asc	1	0.06896551724137931	0.5172413793103449	0.034482758620689655	0.5172413793103449
act/11	mean	proj	3	6	False	False	asc	1	0.06896551724137931	0.4482758620689655	0.034482758620689655	0.5517241379310345
act/11	mean	proj	3	7	False	True	asc	1	0.06896551724137931	0.3448275862068966	0.034482758620689655	0.6206896551724138
act/11	mean	proj	3	9	False	False	asc	1	0.06896551724137931	0.2413793103448276	0.034482758620689655	0.5172413793103449
act/11	mean	proj	3	10	False	True	asc	1	0.06896551724137931	0.20689655172413793	0.034482758620689655	0.5172413793103449
act/11	mean	proj	3	10	False	False	asc	1	0.06896551724137931	0.2413793103448276	0.034482758620689655	0.5172413793103449
act/11	mean	proj	3	11	False	True	asc	1	0.06896551724137931	0.2413793103448276	0.034482758620689655	0.5172413793103449
act/11	mean	proj	2	17	False	True	asc	1	0.034482758620689655	0.27586206896551724	0.034482758620689655	0.4827586206896552
act/11	mean	proj	2	18	False	True	asc	1	0.034482758620689655	0.3103448275862069	0.034482758620689655	0.4827586206896552
act/11	mean	proj	2	19	False	True	asc	1	0.034482758620689655	0.3103448275862069	0.034482758620689655	0.4827586206896552
act/11	mean	proj	2	20	False	True	asc	1	0.034482758620689655	0.3103448275862069	0.034482758620689655	0.4827586206896552
act/3	mean	proj	10	12	True	True	asc	1	0.034482758620689655	0.4482758620689655	0.034482758620689655	0.4482758620689655
act/23	mean	proj	0	16	True	False	asc	1	0.10344827586206896	0.41379310344827586	0.034482758620689655	0.41379310344827586
act/23	mean	proj	0	17	True	True	asc	1	0.10344827586206896	0.27586206896551724	0.034482758620689655	0.3448275862068966
act/23	mean	proj	0	17	True	False	asc	1	0.10344827586206896	0.41379310344827586	0.034482758620689655	0.41379310344827586
act/23	mean	proj	0	18	True	True	asc	1	0.10344827586206896	0.27586206896551724	0.034482758620689655	0.3448275862068966
act/23	mean	proj	0	18	True	False	asc	1	0.10344827586206896	0.41379310344827586	0.034482758620689655	0.41379310344827586
act/23	mean	proj	0	3	True	False	asc	1	0.10344827586206896	0.27586206896551724	0.034482758620689655	0.3448275862068966
act/23	mean	proj	0	4	True	True	asc	1	0.10344827586206896	0.27586206896551724	0.034482758620689655	0.3103448275862069
act/23	mean	proj	0	5	True	True	asc	1	0.10344827586206896	0.27586206896551724	0.034482758620689655	0.3103448275862069
act/23	mean	proj	0	6	True	True	asc	1	0.10344827586206896	0.27586206896551724	0.034482758620689655	0.3448275862068966
act/23	mean	proj	0	7	True	True	asc	1	0.10344827586206896	0.27586206896551724	0.034482758620689655	0.3448275862068966
act/23	mean	proj	0	8	True	True	asc	1	0.10344827586206896	0.27586206896551724	0.034482758620689655	0.3448275862068966
act/23	mean	proj	0	8	True	False	asc	1	0.10344827586206896	0.27586206896551724	0.034482758620689655	0.3448275862068966
act/23	mean	proj	0	16	True	True	asc	1	0.10344827586206896	0.27586206896551724	0.034482758620689655	0.3448275862068966
act/3	mean	proj	9	12	True	False	asc	1	0.034482758620689655	0.3448275862068966	0.034482758620689655	0.4827586206896552
act/11	mean	proj	2	14	False	True	asc	1	0.034482758620689655	0.27586206896551724	0.034482758620689655	0.4827586206896552
act/11	mean	proj	2	15	False	True	asc	1	0.034482758620689655	0.27586206896551724	0.034482758620689655	0.5172413793103449
act/11	mean	proj	2	16	False	True	asc	1	0.034482758620689655	0.27586206896551724	0.034482758620689655	0.4827586206896552
embed	mean	proj	6	7	True	True	asc	1	0.034482758620689655	0.4482758620689655	0.034482758620689655	0.5862068965517241
embed	mean	proj	6	7	True	False	asc	1	0.034482758620689655	0.4482758620689655	0.034482758620689655	0.5862068965517241
embed	mean	proj	5	13	True	True	asc	1	0.10344827586206896	0.5862068965517241	0.034482758620689655	0.4482758620689655
embed	mean	proj	5	13	True	False	asc	1	0.06896551724137931	0.5172413793103449	0.034482758620689655	0.4827586206896552
embed	mean	proj	4	19	True	False	asc	1	0.06896551724137931	0.5862068965517241	0.034482758620689655	0.4827586206896552
embed	mean	proj	4	20	True	True	asc	1	0.06896551724137931	0.6206896551724138	0.034482758620689655	0.4827586206896552
embed	mean	proj	5	7	True	True	asc	1	0.06896551724137931	0.5172413793103449	0.034482758620689655	0.4827586206896552
embed	mean	proj	5	7	True	False	asc	1	0.06896551724137931	0.5172413793103449	0.034482758620689655	0.4827586206896552
embed	mean	proj	5	8	True	True	asc	1	0.034482758620689655	0.4827586206896552	0.034482758620689655	0.4482758620689655
embed	mean	proj	5	8	True	False	asc	1	0.034482758620689655	0.4827586206896552	0.034482758620689655	0.4482758620689655
embed	mean	proj	5	12	True	False	asc	1	0.06896551724137931	0.5172413793103449	0.034482758620689655	0.4827586206896552
embed	mean	proj	4	15	True	False	asc	1	0.06896551724137931	0.6206896551724138	0.034482758620689655	0.4827586206896552
embed	mean	proj	4	16	True	True	asc	1	0.06896551724137931	0.6206896551724138	0.034482758620689655	0.5517241379310345
embed	mean	proj	4	16	True	False	asc	1	0.06896551724137931	0.6206896551724138	0.034482758620689655	0.4827586206896552
embed	mean	proj	4	17	True	True	asc	1	0.06896551724137931	0.6206896551724138	0.034482758620689655	0.5172413793103449
embed	mean	proj	4	17	True	False	asc	1	0.06896551724137931	0.6206896551724138	0.034482758620689655	0.4827586206896552
embed	mean	proj	4	18	True	True	asc	1	0.06896551724137931	0.6206896551724138	0.034482758620689655	0.4827586206896552
embed	mean	proj	4	18	True	False	asc	1	0.06896551724137931	0.5862068965517241	0.034482758620689655	0.4482758620689655
embed	mean	proj	4	19	True	True	asc	1	0.06896551724137931	0.6206896551724138	0.034482758620689655	0.4827586206896552
embed	mean	proj	4	11	True	False	asc	1	0.06896551724137931	0.5172413793103449	0.034482758620689655	0.4482758620689655
embed	mean	proj	4	12	True	True	asc	1	0.06896551724137931	0.5172413793103449	0.034482758620689655	0.41379310344827586
embed	mean	proj	4	12	True	False	asc	1	0.06896551724137931	0.5172413793103449	0.034482758620689655	0.4482758620689655
embed	mean	proj	4	13	True	True	asc	1	0.06896551724137931	0.5862068965517241	0.034482758620689655	0.41379310344827586
embed	mean	proj	4	14	True	True	asc	1	0.06896551724137931	0.6206896551724138	0.034482758620689655	0.4827586206896552
embed	mean	proj	4	14	True	False	asc	1	0.06896551724137931	0.5862068965517241	0.034482758620689655	0.5172413793103449
embed	mean	proj	4	15	True	True	asc	1	0.10344827586206896	0.6206896551724138	0.034482758620689655	0.4827586206896552
embed	mean	proj	4	11	True	True	asc	1	0.06896551724137931	0.5172413793103449	0.034482758620689655	0.41379310344827586
act/3	mean	proj	11	20	True	True	asc	1	0.10344827586206896	0.5517241379310345	0.034482758620689655	0.5172413793103449
act/3	mean	proj	11	20	True	False	asc	1	0.10344827586206896	0.5517241379310345	0.034482758620689655	0.4827586206896552
act/3	mean	proj	12	13	True	True	asc	1	0.06896551724137931	0.3793103448275862	0.034482758620689655	0.41379310344827586
act/3	mean	proj	12	13	True	False	asc	1	0.06896551724137931	0.3793103448275862	0.034482758620689655	0.41379310344827586
act/3	mean	proj	12	14	True	True	asc	1	0.06896551724137931	0.41379310344827586	0.034482758620689655	0.4482758620689655
act/3	mean	proj	11	15	True	True	asc	1	0.10344827586206896	0.6206896551724138	0.034482758620689655	0.4482758620689655
act/3	mean	proj	11	15	True	False	asc	1	0.10344827586206896	0.6206896551724138	0.034482758620689655	0.4482758620689655
act/3	mean	proj	11	16	True	True	asc	1	0.10344827586206896	0.6551724137931034	0.034482758620689655	0.4482758620689655
act/3	mean	proj	11	16	True	False	asc	1	0.10344827586206896	0.6551724137931034	0.034482758620689655	0.4482758620689655
act/3	mean	proj	10	20	True	True	asc	1	0.10344827586206896	0.5517241379310345	0.034482758620689655	0.41379310344827586
act/3	mean	proj	10	20	True	False	asc	1	0.10344827586206896	0.5517241379310345	0.034482758620689655	0.41379310344827586
act/3	mean	proj	10	12	True	False	asc	1	0.034482758620689655	0.4482758620689655	0.034482758620689655	0.4482758620689655
act/3	mean	proj	10	13	True	True	asc	1	0.06896551724137931	0.4827586206896552	0.034482758620689655	0.5172413793103449
act/3	mean	proj	10	13	True	False	asc	1	0.06896551724137931	0.5172413793103449	0.034482758620689655	0.5172413793103449
act/3	mean	proj	10	14	True	True	asc	1	0.06896551724137931	0.41379310344827586	0.034482758620689655	0.5172413793103449
act/3	mean	proj	10	14	True	False	asc	1	0.06896551724137931	0.41379310344827586	0.034482758620689655	0.5172413793103449
act/3	mean	proj	14	18	True	False	asc	1	0.10344827586206896	0.4482758620689655	0.034482758620689655	0.5862068965517241
act/3	mean	proj	15	16	True	True	asc	1	0.034482758620689655	0.4827586206896552	0.034482758620689655	0.3103448275862069
act/3	mean	proj	15	16	True	False	asc	1	0.034482758620689655	0.4827586206896552	0.034482758620689655	0.3103448275862069
act/3	mean	proj	15	17	True	True	asc	1	0.10344827586206896	0.5517241379310345	0.034482758620689655	0.4827586206896552
act/3	mean	proj	13	15	True	False	asc	1	0.1724137931034483	0.5862068965517241	0.034482758620689655	0.5517241379310345
act/3	mean	proj	14	15	True	True	asc	1	0.1724137931034483	0.6551724137931034	0.034482758620689655	0.5172413793103449
act/3	mean	proj	14	15	True	False	asc	1	0.1724137931034483	0.6551724137931034	0.034482758620689655	0.5172413793103449
act/3	mean	proj	14	18	True	True	asc	1	0.10344827586206896	0.4482758620689655	0.034482758620689655	0.5862068965517241
act/3	mean	proj	12	18	True	False	asc	1	0.06896551724137931	0.5517241379310345	0.034482758620689655	0.5517241379310345
act/3	mean	proj	12	19	True	True	asc	1	0.10344827586206896	0.5862068965517241	0.034482758620689655	0.4827586206896552
act/3	mean	proj	12	19	True	False	asc	1	0.13793103448275862	0.6551724137931034	0.034482758620689655	0.4827586206896552
act/3	mean	proj	12	20	True	True	asc	1	0.13793103448275862	0.6206896551724138	0.034482758620689655	0.4827586206896552
act/3	mean	proj	12	20	True	False	asc	1	0.13793103448275862	0.6551724137931034	0.034482758620689655	0.4827586206896552
act/3	mean	proj	13	15	True	True	asc	1	0.1724137931034483	0.5862068965517241	0.034482758620689655	0.5517241379310345
act/3	mean	proj	12	14	True	False	asc	1	0.06896551724137931	0.4482758620689655	0.034482758620689655	0.4482758620689655
act/3	mean	proj	12	15	True	True	asc	1	0.13793103448275862	0.5862068965517241	0.034482758620689655	0.4827586206896552
act/3	mean	proj	12	15	True	False	asc	1	0.13793103448275862	0.6206896551724138	0.034482758620689655	0.4827586206896552
act/3	mean	proj	12	16	True	True	asc	1	0.13793103448275862	0.6896551724137931	0.034482758620689655	0.5172413793103449
act/3	mean	proj	12	16	True	False	asc	1	0.13793103448275862	0.6896551724137931	0.034482758620689655	0.5172413793103449
act/3	mean	proj	12	17	True	True	asc	1	0.06896551724137931	0.5517241379310345	0.034482758620689655	0.5517241379310345
act/3	mean	proj	12	17	True	False	asc	1	0.06896551724137931	0.5517241379310345	0.034482758620689655	0.5517241379310345
act/3	mean	proj	12	18	True	True	asc	1	0.06896551724137931	0.5517241379310345	0.034482758620689655	0.5517241379310345
embed	mean	proj	3	10	True	False	asc	1	0.06896551724137931	0.5862068965517241	0.034482758620689655	0.41379310344827586
embed	mean	proj	3	11	True	False	asc	1	0.06896551724137931	0.5862068965517241	0.034482758620689655	0.41379310344827586
embed	mean	proj	3	13	True	True	asc	1	0.10344827586206896	0.6206896551724138	0.034482758620689655	0.4827586206896552
embed	mean	proj	3	6	True	False	asc	1	0.13793103448275862	0.6206896551724138	0.034482758620689655	0.5517241379310345
act/19	mean	proj	14	19	False	False	asc	1	0.1724137931034483	0.5172413793103449	0.034482758620689655	0.4482758620689655
act/19	mean	proj	14	20	False	True	asc	1	0.10344827586206896	0.4482758620689655	0.034482758620689655	0.3793103448275862
act/19	mean	proj	14	20	False	False	asc	1	0.10344827586206896	0.4482758620689655	0.034482758620689655	0.41379310344827586
act/3	mean	proj	15	19	True	True	asc	1	0.13793103448275862	0.4482758620689655	0.034482758620689655	0.3793103448275862
act/3	mean	proj	15	19	True	False	asc	1	0.10344827586206896	0.4482758620689655	0.034482758620689655	0.41379310344827586
act/3	mean	proj	15	20	True	True	asc	1	0.10344827586206896	0.3793103448275862	0.034482758620689655	0.4827586206896552
act/3	mean	proj	15	20	True	False	asc	1	0.10344827586206896	0.41379310344827586	0.034482758620689655	0.4827586206896552
act/3	mean	proj	16	17	True	True	asc	1	0.13793103448275862	0.4827586206896552	0.034482758620689655	0.4827586206896552
act/19	mean	proj	18	20	False	True	asc	1	0.06896551724137931	0.3793103448275862	0.034482758620689655	0.41379310344827586
act/19	mean	proj	18	20	False	False	asc	1	0.06896551724137931	0.3793103448275862	0.034482758620689655	0.41379310344827586
act/23	mean	proj	0	2	True	True	asc	1	0.10344827586206896	0.27586206896551724	0.034482758620689655	0.3448275862068966
act/23	mean	proj	0	2	True	False	asc	1	0.10344827586206896	0.27586206896551724	0.034482758620689655	0.3448275862068966
act/19	mean	proj	14	19	False	True	asc	1	0.1724137931034483	0.5517241379310345	0.034482758620689655	0.4482758620689655
act/19	mean	proj	17	19	False	True	asc	1	0.10344827586206896	0.5172413793103449	0.034482758620689655	0.4827586206896552
act/19	mean	proj	17	19	False	False	asc	1	0.10344827586206896	0.5172413793103449	0.034482758620689655	0.4827586206896552
act/19	mean	proj	17	20	False	True	asc	1	0.06896551724137931	0.41379310344827586	0.034482758620689655	0.4827586206896552
act/19	mean	proj	17	20	False	False	asc	1	0.06896551724137931	0.41379310344827586	0.034482758620689655	0.4827586206896552
act/3	mean	proj	15	17	True	False	asc	1	0.10344827586206896	0.5517241379310345	0.034482758620689655	0.4827586206896552
act/19	mean	proj	15	19	False	True	asc	1	0.20689655172413793	0.5862068965517241	0.034482758620689655	0.4827586206896552
act/19	mean	proj	15	19	False	False	asc	1	0.20689655172413793	0.5862068965517241	0.034482758620689655	0.4482758620689655
act/19	mean	proj	15	20	False	True	asc	1	0.20689655172413793	0.4827586206896552	0.034482758620689655	0.4482758620689655
act/19	mean	proj	15	20	False	False	asc	1	0.20689655172413793	0.4482758620689655	0.034482758620689655	0.4827586206896552
embed	mean	proj	2	11	True	False	asc	1	0.06896551724137931	0.5862068965517241	0.034482758620689655	0.4482758620689655
embed	mean	proj	2	12	True	True	asc	1	0.06896551724137931	0.5862068965517241	0.034482758620689655	0.4827586206896552
embed	mean	proj	2	12	True	False	asc	1	0.06896551724137931	0.5862068965517241	0.034482758620689655	0.4827586206896552
embed	mean	proj	2	7	True	False	asc	1	0.10344827586206896	0.5517241379310345	0.034482758620689655	0.4482758620689655
embed	mean	proj	2	11	True	True	asc	1	0.06896551724137931	0.5862068965517241	0.034482758620689655	0.4827586206896552
act/11	mean	proj	4	12	False	False	asc	1	0.06896551724137931	0.3103448275862069	0.034482758620689655	0.5172413793103449
embed	mean	proj	2	3	True	True	asc	1	0.0	0.20689655172413793	0.034482758620689655	0.41379310344827586
embed	mean	proj	2	3	True	False	asc	1	0.0	0.20689655172413793	0.034482758620689655	0.41379310344827586
embed	mean	proj	2	5	True	True	asc	1	0.06896551724137931	0.3448275862068966	0.034482758620689655	0.5172413793103449
embed	mean	proj	2	5	True	False	asc	1	0.10344827586206896	0.41379310344827586	0.034482758620689655	0.5517241379310345
act/3	mean	proj	0	9	False	False	asc	1	0.06896551724137931	0.4482758620689655	0.034482758620689655	0.3448275862068966
act/3	mean	proj	0	10	False	True	asc	1	0.06896551724137931	0.4482758620689655	0.034482758620689655	0.3448275862068966
act/3	mean	proj	0	10	False	False	asc	1	0.06896551724137931	0.4482758620689655	0.034482758620689655	0.3448275862068966
act/3	mean	proj	0	11	False	True	asc	1	0.06896551724137931	0.4482758620689655	0.034482758620689655	0.3448275862068966
act/3	mean	proj	0	11	False	False	asc	1	0.06896551724137931	0.4482758620689655	0.034482758620689655	0.3448275862068966
act/3	mean	proj	0	12	False	True	asc	1	0.06896551724137931	0.4482758620689655	0.034482758620689655	0.3448275862068966
act/3	mean	proj	0	12	False	False	asc	1	0.06896551724137931	0.4482758620689655	0.034482758620689655	0.3448275862068966
act/3	mean	proj	0	13	False	True	asc	1	0.06896551724137931	0.4482758620689655	0.034482758620689655	0.3448275862068966
act/3	mean	proj	0	5	False	False	asc	1	0.06896551724137931	0.4482758620689655	0.034482758620689655	0.3448275862068966
act/3	mean	proj	0	6	False	True	asc	1	0.06896551724137931	0.4482758620689655	0.034482758620689655	0.3448275862068966
act/3	mean	proj	0	6	False	False	asc	1	0.06896551724137931	0.4482758620689655	0.034482758620689655	0.3448275862068966
act/3	mean	proj	0	7	False	True	asc	1	0.06896551724137931	0.4482758620689655	0.034482758620689655	0.3448275862068966
act/3	mean	proj	0	7	False	False	asc	1	0.06896551724137931	0.4482758620689655	0.034482758620689655	0.3448275862068966
act/3	mean	proj	0	8	False	True	asc	1	0.06896551724137931	0.4482758620689655	0.034482758620689655	0.3448275862068966
act/3	mean	proj	0	8	False	False	asc	1	0.06896551724137931	0.4482758620689655	0.034482758620689655	0.3448275862068966
act/3	mean	proj	0	9	False	True	asc	1	0.06896551724137931	0.4482758620689655	0.034482758620689655	0.3448275862068966
act/3	mean	proj	0	1	False	False	asc	1	0.06896551724137931	0.4482758620689655	0.034482758620689655	0.3448275862068966
act/3	mean	proj	0	2	False	True	asc	1	0.06896551724137931	0.4482758620689655	0.034482758620689655	0.3448275862068966
act/3	mean	proj	0	2	False	False	asc	1	0.06896551724137931	0.4482758620689655	0.034482758620689655	0.3448275862068966
act/3	mean	proj	0	3	False	True	asc	1	0.06896551724137931	0.4482758620689655	0.034482758620689655	0.3448275862068966
act/3	mean	proj	0	3	False	False	asc	1	0.06896551724137931	0.4482758620689655	0.034482758620689655	0.3448275862068966
act/3	mean	proj	0	4	False	True	asc	1	0.06896551724137931	0.4482758620689655	0.034482758620689655	0.3448275862068966
act/3	mean	proj	0	4	False	False	asc	1	0.06896551724137931	0.4482758620689655	0.034482758620689655	0.3448275862068966
act/3	mean	proj	0	5	False	True	asc	1	0.06896551724137931	0.4482758620689655	0.034482758620689655	0.3448275862068966
act/3	mean	proj	16	17	True	False	asc	1	0.13793103448275862	0.4827586206896552	0.034482758620689655	0.4827586206896552
act/3	mean	proj	16	19	True	True	asc	1	0.13793103448275862	0.4482758620689655	0.034482758620689655	0.4827586206896552
act/3	mean	proj	16	19	True	False	asc	1	0.13793103448275862	0.4482758620689655	0.034482758620689655	0.4827586206896552
act/3	mean	proj	16	20	True	True	asc	1	0.13793103448275862	0.41379310344827586	0.034482758620689655	0.4827586206896552
act/3	mean	proj	16	20	True	False	asc	1	0.13793103448275862	0.41379310344827586	0.034482758620689655	0.4482758620689655
act/3	mean	proj	17	20	True	True	asc	1	0.13793103448275862	0.41379310344827586	0.034482758620689655	0.41379310344827586
act/3	mean	proj	17	20	True	False	asc	1	0.13793103448275862	0.41379310344827586	0.034482758620689655	0.41379310344827586
act/3	mean	proj	0	1	False	True	asc	1	0.06896551724137931	0.4482758620689655	0.034482758620689655	0.3448275862068966
act/3	mean	proj	1	9	False	False	asc	1	0.20689655172413793	0.4827586206896552	0.034482758620689655	0.5517241379310345
act/3	mean	proj	1	2	False	False	asc	1	0.06896551724137931	0.3448275862068966	0.034482758620689655	0.4827586206896552
act/3	mean	proj	0	17	False	False	asc	1	0.06896551724137931	0.4482758620689655	0.034482758620689655	0.3448275862068966
act/3	mean	proj	0	18	False	True	asc	1	0.06896551724137931	0.4482758620689655	0.034482758620689655	0.3448275862068966
act/3	mean	proj	0	18	False	False	asc	1	0.06896551724137931	0.4482758620689655	0.034482758620689655	0.3448275862068966
act/3	mean	proj	0	19	False	True	asc	1	0.06896551724137931	0.4482758620689655	0.034482758620689655	0.3448275862068966
act/3	mean	proj	0	19	False	False	asc	1	0.06896551724137931	0.41379310344827586	0.034482758620689655	0.3448275862068966
act/3	mean	proj	0	20	False	True	asc	1	0.06896551724137931	0.4482758620689655	0.034482758620689655	0.3448275862068966
act/3	mean	proj	0	20	False	False	asc	1	0.06896551724137931	0.41379310344827586	0.034482758620689655	0.3448275862068966
act/3	mean	proj	1	2	False	True	asc	1	0.06896551724137931	0.3448275862068966	0.034482758620689655	0.4827586206896552
act/3	mean	proj	0	13	False	False	asc	1	0.06896551724137931	0.4482758620689655	0.034482758620689655	0.3448275862068966
act/3	mean	proj	0	14	False	True	asc	1	0.06896551724137931	0.4482758620689655	0.034482758620689655	0.3448275862068966
act/3	mean	proj	0	14	False	False	asc	1	0.06896551724137931	0.4482758620689655	0.034482758620689655	0.3448275862068966
act/3	mean	proj	0	15	False	True	asc	1	0.06896551724137931	0.4482758620689655	0.034482758620689655	0.3448275862068966
act/3	mean	proj	0	15	False	False	asc	1	0.06896551724137931	0.4482758620689655	0.034482758620689655	0.3448275862068966
act/3	mean	proj	0	16	False	True	asc	1	0.06896551724137931	0.4482758620689655	0.034482758620689655	0.3448275862068966
act/3	mean	proj	0	16	False	False	asc	1	0.06896551724137931	0.4482758620689655	0.034482758620689655	0.3448275862068966
act/3	mean	proj	0	17	False	True	asc	1	0.06896551724137931	0.4482758620689655	0.034482758620689655	0.3448275862068966
act/11	mean	proj	4	10	False	True	asc	1	0.034482758620689655	0.2413793103448276	0.034482758620689655	0.4827586206896552
act/11	mean	proj	4	10	False	False	asc	1	0.034482758620689655	0.27586206896551724	0.034482758620689655	0.4482758620689655
act/11	mean	proj	4	11	False	False	asc	1	0.034482758620689655	0.2413793103448276	0.034482758620689655	0.4827586206896552
act/11	mean	proj	4	12	False	True	asc	1	0.034482758620689655	0.2413793103448276	0.034482758620689655	0.4827586206896552
embed	mean	proj	1	5	True	False	asc	1	0.10344827586206896	0.3793103448275862	0.034482758620689655	0.3448275862068966
embed	mean	proj	1	7	True	True	asc	1	0.06896551724137931	0.41379310344827586	0.034482758620689655	0.3448275862068966
embed	mean	proj	1	7	True	False	asc	1	0.06896551724137931	0.4482758620689655	0.034482758620689655	0.27586206896551724
act/11	mean	proj	3	13	False	True	asc	1	0.06896551724137931	0.3103448275862069	0.034482758620689655	0.4482758620689655
act/11	mean	proj	3	13	False	False	asc	1	0.06896551724137931	0.3103448275862069	0.034482758620689655	0.4482758620689655
act/11	mean	proj	3	14	False	True	asc	1	0.06896551724137931	0.27586206896551724	0.034482758620689655	0.41379310344827586
act/11	mean	proj	5	7	False	True	asc	1	0.034482758620689655	0.41379310344827586	0.034482758620689655	0.4827586206896552
act/11	mean	proj	5	7	False	False	asc	1	0.034482758620689655	0.41379310344827586	0.034482758620689655	0.4827586206896552
embed	mean	proj	1	2	True	True	asc	1	0.034482758620689655	0.3793103448275862	0.034482758620689655	0.4482758620689655
embed	mean	proj	1	2	True	False	asc	1	0.034482758620689655	0.3793103448275862	0.034482758620689655	0.4482758620689655
embed	mean	proj	1	3	True	True	asc	1	0.06896551724137931	0.3793103448275862	0.034482758620689655	0.3793103448275862
embed	mean	proj	1	3	True	False	asc	1	0.06896551724137931	0.3793103448275862	0.034482758620689655	0.3793103448275862
act/3	mean	proj	2	4	False	False	asc	1	0.10344827586206896	0.3793103448275862	0.034482758620689655	0.4482758620689655
act/3	mean	proj	1	18	False	False	asc	1	0.13793103448275862	0.4482758620689655	0.034482758620689655	0.4827586206896552
act/3	mean	proj	1	19	False	False	asc	1	0.1724137931034483	0.4482758620689655	0.034482758620689655	0.4827586206896552
act/3	mean	proj	1	20	False	False	asc	1	0.1724137931034483	0.4482758620689655	0.034482758620689655	0.4827586206896552
act/3	mean	proj	2	4	False	True	asc	1	0.10344827586206896	0.3793103448275862	0.034482758620689655	0.4482758620689655
act/3	mean	proj	1	14	False	False	asc	1	0.1724137931034483	0.4482758620689655	0.034482758620689655	0.4827586206896552
act/3	mean	proj	1	15	False	False	asc	1	0.1724137931034483	0.4482758620689655	0.034482758620689655	0.4827586206896552
act/3	mean	proj	1	16	False	False	asc	1	0.1724137931034483	0.41379310344827586	0.034482758620689655	0.4827586206896552
act/3	mean	proj	1	17	False	False	asc	1	0.1724137931034483	0.4482758620689655	0.034482758620689655	0.4827586206896552
act/3	mean	proj	1	11	False	False	asc	1	0.20689655172413793	0.4482758620689655	0.034482758620689655	0.4482758620689655
act/3	mean	proj	1	12	False	False	asc	1	0.20689655172413793	0.4827586206896552	0.034482758620689655	0.4827586206896552
act/3	mean	proj	1	13	False	False	asc	1	0.1724137931034483	0.4482758620689655	0.034482758620689655	0.4827586206896552
act/11	mean	proj	4	14	False	True	asc	1	0.034482758620689655	0.27586206896551724	0.034482758620689655	0.41379310344827586
embed	mean	proj	0	9	True	True	asc	1	0.0	0.4827586206896552	0.034482758620689655	0.5172413793103449
embed	mean	proj	0	10	True	True	asc	1	0.0	0.4827586206896552	0.034482758620689655	0.5172413793103449
embed	mean	proj	0	11	True	True	asc	1	0.0	0.4827586206896552	0.034482758620689655	0.5172413793103449
embed	mean	proj	0	12	True	True	asc	1	0.0	0.4827586206896552	0.034482758620689655	0.5172413793103449
embed	mean	proj	0	13	True	True	asc	1	0.0	0.4827586206896552	0.034482758620689655	0.5517241379310345
embed	mean	proj	0	14	True	True	asc	1	0.0	0.4482758620689655	0.034482758620689655	0.5862068965517241
act/11	mean	proj	4	13	False	True	asc	1	0.034482758620689655	0.2413793103448276	0.034482758620689655	0.4827586206896552
act/11	mean	proj	4	13	False	False	asc	1	0.034482758620689655	0.2413793103448276	0.034482758620689655	0.41379310344827586
embed	mean	proj	0	6	True	True	asc	1	0.034482758620689655	0.4827586206896552	0.034482758620689655	0.5862068965517241
embed	mean	proj	0	7	True	True	asc	1	0.0	0.5172413793103449	0.034482758620689655	0.5172413793103449
embed	mean	proj	0	8	True	True	asc	1	0.0	0.5172413793103449	0.034482758620689655	0.5172413793103449
act/7	mean	norm_l2	0	0	True	False	asc	1	0.06896551724137931	0.27586206896551724	0.034482758620689655	0.3793103448275862
act/7	mean	norm_l1	0	0	True	False	asc	1	0.034482758620689655	0.20689655172413793	0.034482758620689655	0.41379310344827586
act/7	mean	norm_l2	0	0	False	False	asc	1	0.0	0.3103448275862069	0.034482758620689655	0.3448275862068966
embed	mean	proj	0	1	True	True	asc	1	0.0	0.3103448275862069	0.034482758620689655	0.4482758620689655
embed	mean	proj	0	1	True	False	asc	1	0.0	0.3103448275862069	0.034482758620689655	0.4482758620689655
act/11	mean	proj	6	8	False	True	asc	1	0.034482758620689655	0.27586206896551724	0.034482758620689655	0.41379310344827586
act/11	mean	proj	6	8	False	False	asc	1	0.034482758620689655	0.27586206896551724	0.034482758620689655	0.41379310344827586
act/11	mean	proj	6	15	False	False	asc	1	0.034482758620689655	0.27586206896551724	0.034482758620689655	0.3793103448275862
act/7	mean	proj	19	20	False	True	asc	1	0.06896551724137931	0.2413793103448276	0.034482758620689655	0.3103448275862069
act/7	mean	proj	19	20	False	False	asc	1	0.06896551724137931	0.2413793103448276	0.034482758620689655	0.3103448275862069
act/11	mean	proj	5	15	False	False	asc	1	0.034482758620689655	0.27586206896551724	0.034482758620689655	0.41379310344827586
act/7	mean	proj	15	16	False	True	asc	1	0.13793103448275862	0.5517241379310345	0.034482758620689655	0.5517241379310345
act/7	mean	proj	15	16	False	False	asc	1	0.13793103448275862	0.5517241379310345	0.034482758620689655	0.5517241379310345
act/7	mean	proj	16	17	False	True	asc	1	0.06896551724137931	0.4482758620689655	0.034482758620689655	0.41379310344827586
act/7	mean	proj	16	17	False	False	asc	1	0.06896551724137931	0.4482758620689655	0.034482758620689655	0.41379310344827586
act/7	mean	proj	16	20	False	True	asc	1	0.10344827586206896	0.3103448275862069	0.034482758620689655	0.41379310344827586
act/7	mean	proj	16	20	False	False	asc	1	0.10344827586206896	0.3103448275862069	0.034482758620689655	0.41379310344827586
act/7	mean	proj	17	20	False	True	asc	1	0.06896551724137931	0.3793103448275862	0.034482758620689655	0.4827586206896552
act/7	mean	proj	17	20	False	False	asc	1	0.06896551724137931	0.3793103448275862	0.034482758620689655	0.4827586206896552
act/3	mean	proj	3	9	False	True	asc	1	0.06896551724137931	0.2413793103448276	0.034482758620689655	0.41379310344827586
act/11	mean	proj	7	16	False	True	asc	1	0.034482758620689655	0.2413793103448276	0.034482758620689655	0.3103448275862069
act/7	mean	proj	14	20	False	False	asc	1	0.1724137931034483	0.4827586206896552	0.034482758620689655	0.3793103448275862
act/11	mean	proj	6	19	False	True	asc	1	0.034482758620689655	0.3448275862068966	0.034482758620689655	0.3448275862068966
act/11	mean	proj	7	8	False	True	asc	1	0.034482758620689655	0.3448275862068966	0.034482758620689655	0.3793103448275862
act/11	mean	proj	7	8	False	False	asc	1	0.034482758620689655	0.3448275862068966	0.034482758620689655	0.3793103448275862
act/11	mean	proj	7	15	False	True	asc	1	0.034482758620689655	0.3793103448275862	0.034482758620689655	0.3103448275862069
act/11	mean	proj	9	10	False	False	asc	1	0.06896551724137931	0.3448275862068966	0.034482758620689655	0.41379310344827586
act/7	mean	proj	12	20	False	True	asc	1	0.06896551724137931	0.4482758620689655	0.034482758620689655	0.4827586206896552
act/7	mean	proj	12	20	False	False	asc	1	0.06896551724137931	0.4482758620689655	0.034482758620689655	0.4827586206896552
act/11	mean	proj	6	16	False	True	asc	1	0.034482758620689655	0.27586206896551724	0.034482758620689655	0.3448275862068966
act/11	mean	proj	6	17	False	True	asc	1	0.034482758620689655	0.3103448275862069	0.034482758620689655	0.27586206896551724
act/11	mean	proj	6	18	False	True	asc	1	0.034482758620689655	0.27586206896551724	0.034482758620689655	0.3103448275862069
act/11	mean	proj	9	10	False	True	asc	1	0.06896551724137931	0.3448275862068966	0.034482758620689655	0.41379310344827586
act/11	mean	proj	10	12	False	False	asc	1	0.034482758620689655	0.4482758620689655	0.034482758620689655	0.4827586206896552
act/11	mean	proj	10	12	False	True	asc	1	0.034482758620689655	0.4482758620689655	0.034482758620689655	0.4827586206896552
act/7	mean	proj	12	14	False	True	asc	1	0.034482758620689655	0.4482758620689655	0.034482758620689655	0.5172413793103449
act/7	mean	proj	12	14	False	False	asc	1	0.034482758620689655	0.4482758620689655	0.034482758620689655	0.4827586206896552
act/7	mean	proj	11	18	False	False	asc	1	0.034482758620689655	0.3793103448275862	0.034482758620689655	0.3793103448275862
act/7	mean	proj	11	19	False	False	asc	1	0.06896551724137931	0.3448275862068966	0.034482758620689655	0.3103448275862069
act/7	mean	proj	11	13	False	True	asc	1	0.034482758620689655	0.41379310344827586	0.034482758620689655	0.41379310344827586
act/7	mean	proj	11	13	False	False	asc	1	0.034482758620689655	0.41379310344827586	0.034482758620689655	0.41379310344827586
act/7	mean	proj	11	14	False	True	asc	1	0.034482758620689655	0.27586206896551724	0.034482758620689655	0.3103448275862069
act/7	mean	proj	11	14	False	False	asc	1	0.034482758620689655	0.27586206896551724	0.034482758620689655	0.3103448275862069
act/7	mean	proj	11	15	False	True	asc	1	0.034482758620689655	0.27586206896551724	0.034482758620689655	0.3448275862068966
act/7	mean	proj	11	15	False	False	asc	1	0.034482758620689655	0.27586206896551724	0.034482758620689655	0.3448275862068966
act/7	mean	proj	10	18	False	False	asc	1	0.034482758620689655	0.2413793103448276	0.034482758620689655	0.3793103448275862
act/7	mean	proj	10	19	False	True	asc	1	0.034482758620689655	0.20689655172413793	0.034482758620689655	0.3793103448275862
act/7	mean	proj	10	19	False	False	asc	1	0.034482758620689655	0.20689655172413793	0.034482758620689655	0.3793103448275862
act/7	mean	proj	10	12	False	False	asc	1	0.06896551724137931	0.3793103448275862	0.034482758620689655	0.3103448275862069
act/7	mean	proj	10	13	False	True	asc	1	0.06896551724137931	0.3793103448275862	0.034482758620689655	0.3448275862068966
act/7	mean	proj	10	13	False	False	asc	1	0.06896551724137931	0.3793103448275862	0.034482758620689655	0.3448275862068966
act/7	mean	proj	10	14	False	True	asc	1	0.06896551724137931	0.3103448275862069	0.034482758620689655	0.3793103448275862
act/7	mean	proj	10	14	False	False	asc	1	0.06896551724137931	0.3103448275862069	0.034482758620689655	0.3793103448275862
act/7	mean	proj	10	15	False	True	asc	1	0.034482758620689655	0.3103448275862069	0.034482758620689655	0.3793103448275862
act/7	mean	proj	10	15	False	False	asc	1	0.034482758620689655	0.3103448275862069	0.034482758620689655	0.3793103448275862
act/7	mean	proj	10	11	False	True	asc	1	0.06896551724137931	0.27586206896551724	0.034482758620689655	0.3448275862068966
act/7	mean	proj	10	11	False	False	asc	1	0.06896551724137931	0.27586206896551724	0.034482758620689655	0.3448275862068966
act/7	mean	proj	10	12	False	True	asc	1	0.06896551724137931	0.3793103448275862	0.034482758620689655	0.3103448275862069
act/7	mean	proj	9	14	False	False	asc	1	0.06896551724137931	0.3793103448275862	0.034482758620689655	0.3793103448275862
act/7	mean	proj	9	15	False	True	asc	1	0.034482758620689655	0.3448275862068966	0.034482758620689655	0.3793103448275862
act/7	mean	proj	9	15	False	False	asc	1	0.034482758620689655	0.3448275862068966	0.034482758620689655	0.3793103448275862
act/7	mean	proj	9	14	False	True	asc	1	0.06896551724137931	0.3793103448275862	0.034482758620689655	0.3793103448275862
act/7	mean	proj	8	14	False	False	asc	1	0.06896551724137931	0.27586206896551724	0.034482758620689655	0.3103448275862069
act/7	mean	proj	8	15	False	True	asc	1	0.034482758620689655	0.2413793103448276	0.034482758620689655	0.3448275862068966
act/7	mean	proj	8	15	False	False	asc	1	0.034482758620689655	0.2413793103448276	0.034482758620689655	0.3448275862068966
act/7	mean	proj	8	11	False	True	asc	1	0.034482758620689655	0.3103448275862069	0.034482758620689655	0.3448275862068966
act/7	mean	proj	8	11	False	False	asc	1	0.034482758620689655	0.3103448275862069	0.034482758620689655	0.3448275862068966
act/7	mean	proj	8	13	False	True	asc	1	0.06896551724137931	0.3103448275862069	0.034482758620689655	0.3448275862068966
act/7	mean	proj	8	13	False	False	asc	1	0.06896551724137931	0.3103448275862069	0.034482758620689655	0.3448275862068966
act/7	mean	proj	8	14	False	True	asc	1	0.06896551724137931	0.27586206896551724	0.034482758620689655	0.3103448275862069
act/7	mean	proj	7	15	False	False	asc	1	0.034482758620689655	0.2413793103448276	0.034482758620689655	0.3103448275862069
act/3	mean	proj	4	18	False	False	asc	1	0.034482758620689655	0.20689655172413793	0.034482758620689655	0.3448275862068966
act/3	mean	proj	4	19	False	True	asc	1	0.034482758620689655	0.27586206896551724	0.034482758620689655	0.3448275862068966
act/3	mean	proj	4	19	False	False	asc	1	0.034482758620689655	0.2413793103448276	0.034482758620689655	0.3448275862068966
act/3	mean	proj	4	20	False	True	asc	1	0.034482758620689655	0.27586206896551724	0.034482758620689655	0.3793103448275862
act/3	mean	proj	4	20	False	False	asc	1	0.034482758620689655	0.2413793103448276	0.034482758620689655	0.3448275862068966
act/3	mean	proj	5	6	False	True	asc	1	0.10344827586206896	0.4482758620689655	0.034482758620689655	0.41379310344827586
act/3	mean	proj	5	6	False	False	asc	1	0.10344827586206896	0.4482758620689655	0.034482758620689655	0.41379310344827586
act/19	mean	proj	12	19	False	False	asc	1	0.1724137931034483	0.41379310344827586	0.034482758620689655	0.5172413793103449
act/3	mean	proj	4	15	False	False	asc	1	0.034482758620689655	0.2413793103448276	0.034482758620689655	0.3448275862068966
act/3	mean	proj	4	16	False	False	asc	1	0.034482758620689655	0.20689655172413793	0.034482758620689655	0.3448275862068966
act/3	mean	proj	4	17	False	False	asc	1	0.034482758620689655	0.20689655172413793	0.034482758620689655	0.3448275862068966
act/19	mean	proj	12	15	False	True	asc	1	0.10344827586206896	0.3103448275862069	0.034482758620689655	0.5517241379310345
act/19	mean	proj	12	15	False	False	asc	1	0.06896551724137931	0.3103448275862069	0.034482758620689655	0.5517241379310345
act/7	mean	proj	7	8	False	True	asc	1	0.1724137931034483	0.41379310344827586	0.034482758620689655	0.5172413793103449
act/7	mean	proj	7	8	False	False	asc	1	0.1724137931034483	0.41379310344827586	0.034482758620689655	0.5172413793103449
act/7	mean	proj	7	13	False	True	asc	1	0.06896551724137931	0.3103448275862069	0.034482758620689655	0.3103448275862069
act/7	mean	proj	7	13	False	False	asc	1	0.06896551724137931	0.3103448275862069	0.034482758620689655	0.3103448275862069
act/7	mean	proj	7	14	False	True	asc	1	0.06896551724137931	0.27586206896551724	0.034482758620689655	0.27586206896551724
act/7	mean	proj	7	14	False	False	asc	1	0.06896551724137931	0.27586206896551724	0.034482758620689655	0.27586206896551724
act/7	mean	proj	7	15	False	True	asc	1	0.034482758620689655	0.2413793103448276	0.034482758620689655	0.3103448275862069
act/7	mean	proj	6	13	False	True	asc	1	0.06896551724137931	0.27586206896551724	0.034482758620689655	0.3448275862068966
act/7	mean	proj	6	13	False	False	asc	1	0.06896551724137931	0.27586206896551724	0.034482758620689655	0.3448275862068966
act/7	mean	proj	6	14	False	True	asc	1	0.06896551724137931	0.27586206896551724	0.034482758620689655	0.3103448275862069
act/7	mean	proj	6	14	False	False	asc	1	0.06896551724137931	0.27586206896551724	0.034482758620689655	0.3103448275862069
act/7	mean	proj	6	15	False	True	asc	1	0.06896551724137931	0.3103448275862069	0.034482758620689655	0.3448275862068966
act/7	mean	proj	6	15	False	False	asc	1	0.06896551724137931	0.3103448275862069	0.034482758620689655	0.3448275862068966
act/7	mean	proj	5	18	False	False	asc	1	0.06896551724137931	0.27586206896551724	0.034482758620689655	0.3448275862068966
act/7	mean	proj	5	19	False	False	asc	1	0.06896551724137931	0.27586206896551724	0.034482758620689655	0.3448275862068966
act/7	mean	proj	5	20	False	True	asc	1	0.034482758620689655	0.2413793103448276	0.034482758620689655	0.3448275862068966
act/7	mean	proj	5	14	False	False	asc	1	0.034482758620689655	0.27586206896551724	0.034482758620689655	0.3103448275862069
act/7	mean	proj	5	15	False	False	asc	1	0.034482758620689655	0.27586206896551724	0.034482758620689655	0.3448275862068966
act/11	mean	proj	12	13	False	True	asc	1	0.06896551724137931	0.27586206896551724	0.034482758620689655	0.4482758620689655
act/11	mean	proj	12	13	False	False	asc	1	0.06896551724137931	0.27586206896551724	0.034482758620689655	0.4482758620689655
act/11	mean	proj	12	14	False	True	asc	1	0.10344827586206896	0.3103448275862069	0.034482758620689655	0.4482758620689655
act/11	mean	proj	12	14	False	False	asc	1	0.10344827586206896	0.3448275862068966	0.034482758620689655	0.4482758620689655
act/11	mean	proj	12	15	False	True	asc	1	0.10344827586206896	0.27586206896551724	0.034482758620689655	0.41379310344827586
act/11	mean	proj	12	15	False	False	asc	1	0.10344827586206896	0.3103448275862069	0.034482758620689655	0.4482758620689655
act/3	mean	proj	5	18	False	True	asc	1	0.034482758620689655	0.27586206896551724	0.034482758620689655	0.3448275862068966
act/3	mean	proj	5	18	False	False	asc	1	0.034482758620689655	0.27586206896551724	0.034482758620689655	0.3448275862068966
act/3	mean	proj	5	19	False	True	asc	1	0.034482758620689655	0.27586206896551724	0.034482758620689655	0.3448275862068966
act/3	mean	proj	5	19	False	False	asc	1	0.034482758620689655	0.27586206896551724	0.034482758620689655	0.3448275862068966
act/3	mean	proj	5	20	False	True	asc	1	0.034482758620689655	0.27586206896551724	0.034482758620689655	0.3448275862068966
act/3	mean	proj	5	20	False	False	asc	1	0.034482758620689655	0.27586206896551724	0.034482758620689655	0.3448275862068966
act/3	mean	proj	6	10	False	True	asc	1	0.034482758620689655	0.27586206896551724	0.034482758620689655	0.3793103448275862
act/19	mean	proj	10	11	False	False	asc	1	0.10344827586206896	0.41379310344827586	0.034482758620689655	0.4827586206896552
act/19	mean	proj	7	8	False	True	asc	1	0.034482758620689655	0.27586206896551724	0.034482758620689655	0.3793103448275862
act/19	mean	proj	7	8	False	False	asc	1	0.034482758620689655	0.27586206896551724	0.034482758620689655	0.3793103448275862
act/19	mean	proj	10	11	False	True	asc	1	0.10344827586206896	0.41379310344827586	0.034482758620689655	0.4827586206896552
act/3	mean	proj	5	10	False	True	asc	1	0.034482758620689655	0.3103448275862069	0.034482758620689655	0.3793103448275862
act/3	mean	proj	5	10	False	False	asc	1	0.034482758620689655	0.3103448275862069	0.034482758620689655	0.3793103448275862
act/7	mean	proj	5	8	False	False	asc	1	0.0	0.2413793103448276	0.034482758620689655	0.3448275862068966
act/7	mean	proj	4	18	False	False	asc	1	0.034482758620689655	0.20689655172413793	0.034482758620689655	0.3448275862068966
act/7	mean	proj	4	19	False	False	asc	1	0.034482758620689655	0.20689655172413793	0.034482758620689655	0.3448275862068966
act/7	mean	proj	5	7	False	True	asc	1	0.0	0.3103448275862069	0.034482758620689655	0.3103448275862069
act/7	mean	proj	5	7	False	False	asc	1	0.0	0.3103448275862069	0.034482758620689655	0.3103448275862069
act/7	mean	proj	5	8	False	True	asc	1	0.0	0.27586206896551724	0.034482758620689655	0.3448275862068966
act/7	mean	proj	4	9	False	False	asc	1	0.034482758620689655	0.20689655172413793	0.034482758620689655	0.4827586206896552
act/7	mean	proj	4	10	False	True	asc	1	0.10344827586206896	0.27586206896551724	0.034482758620689655	0.5517241379310345
act/7	mean	proj	4	10	False	False	asc	1	0.10344827586206896	0.3103448275862069	0.034482758620689655	0.5172413793103449
act/7	mean	proj	4	11	False	False	asc	1	0.06896551724137931	0.3103448275862069	0.034482758620689655	0.41379310344827586
act/7	mean	proj	4	12	False	False	asc	1	0.06896551724137931	0.27586206896551724	0.034482758620689655	0.41379310344827586
act/7	mean	proj	4	6	False	True	asc	1	0.0	0.2413793103448276	0.034482758620689655	0.41379310344827586
act/7	mean	proj	4	6	False	False	asc	1	0.0	0.2413793103448276	0.034482758620689655	0.4482758620689655
act/7	mean	proj	4	7	False	True	asc	1	0.034482758620689655	0.27586206896551724	0.034482758620689655	0.3448275862068966
act/7	mean	proj	4	7	False	False	asc	1	0.034482758620689655	0.27586206896551724	0.034482758620689655	0.3448275862068966
act/7	mean	proj	4	8	False	True	asc	1	0.034482758620689655	0.2413793103448276	0.034482758620689655	0.3448275862068966
act/7	mean	proj	4	8	False	False	asc	1	0.034482758620689655	0.2413793103448276	0.034482758620689655	0.3448275862068966
act/7	mean	proj	4	9	False	True	asc	1	0.034482758620689655	0.20689655172413793	0.034482758620689655	0.4827586206896552
act/3	mean	proj	7	10	False	False	asc	1	0.034482758620689655	0.3448275862068966	0.034482758620689655	0.3793103448275862
act/3	mean	proj	7	11	False	True	asc	1	0.034482758620689655	0.2413793103448276	0.034482758620689655	0.3103448275862069
act/3	mean	proj	7	11	False	False	asc	1	0.0	0.27586206896551724	0.034482758620689655	0.3103448275862069
act/3	mean	proj	7	12	False	True	asc	1	0.0	0.27586206896551724	0.034482758620689655	0.3103448275862069
act/3	mean	proj	7	12	False	False	asc	1	0.0	0.2413793103448276	0.034482758620689655	0.3103448275862069
act/3	mean	proj	7	13	False	True	asc	1	0.034482758620689655	0.2413793103448276	0.034482758620689655	0.3103448275862069
act/3	mean	proj	7	13	False	False	asc	1	0.034482758620689655	0.2413793103448276	0.034482758620689655	0.3103448275862069
act/3	mean	proj	7	14	False	True	asc	1	0.034482758620689655	0.2413793103448276	0.034482758620689655	0.3448275862068966
act/3	mean	proj	6	18	False	False	asc	1	0.034482758620689655	0.27586206896551724	0.034482758620689655	0.3448275862068966
act/3	mean	proj	6	19	False	True	asc	1	0.034482758620689655	0.27586206896551724	0.034482758620689655	0.3448275862068966
act/3	mean	proj	6	19	False	False	asc	1	0.034482758620689655	0.27586206896551724	0.034482758620689655	0.3448275862068966
act/3	mean	proj	6	20	False	True	asc	1	0.034482758620689655	0.2413793103448276	0.034482758620689655	0.3448275862068966
act/3	mean	proj	6	20	False	False	asc	1	0.034482758620689655	0.2413793103448276	0.034482758620689655	0.3793103448275862
act/3	mean	proj	7	8	False	True	asc	1	0.034482758620689655	0.3448275862068966	0.034482758620689655	0.5862068965517241
act/3	mean	proj	7	8	False	False	asc	1	0.034482758620689655	0.3448275862068966	0.034482758620689655	0.5862068965517241
act/3	mean	proj	7	10	False	True	asc	1	0.034482758620689655	0.3448275862068966	0.034482758620689655	0.41379310344827586
act/3	mean	proj	6	14	False	False	asc	1	0.034482758620689655	0.20689655172413793	0.034482758620689655	0.3448275862068966
act/3	mean	proj	6	15	False	True	asc	1	0.034482758620689655	0.20689655172413793	0.034482758620689655	0.3448275862068966
act/3	mean	proj	6	15	False	False	asc	1	0.034482758620689655	0.20689655172413793	0.034482758620689655	0.3448275862068966
act/3	mean	proj	6	16	False	True	asc	1	0.034482758620689655	0.2413793103448276	0.034482758620689655	0.3448275862068966
act/3	mean	proj	6	16	False	False	asc	1	0.034482758620689655	0.2413793103448276	0.034482758620689655	0.3448275862068966
act/3	mean	proj	6	17	False	True	asc	1	0.034482758620689655	0.2413793103448276	0.034482758620689655	0.3448275862068966
act/3	mean	proj	6	17	False	False	asc	1	0.034482758620689655	0.27586206896551724	0.034482758620689655	0.3448275862068966
act/3	mean	proj	6	18	False	True	asc	1	0.034482758620689655	0.2413793103448276	0.034482758620689655	0.3448275862068966
act/3	mean	proj	6	10	False	False	asc	1	0.034482758620689655	0.27586206896551724	0.034482758620689655	0.3793103448275862
act/3	mean	proj	6	11	False	True	asc	1	0.0	0.3103448275862069	0.034482758620689655	0.3103448275862069
act/3	mean	proj	6	11	False	False	asc	1	0.0	0.27586206896551724	0.034482758620689655	0.3103448275862069
act/3	mean	proj	6	12	False	True	asc	1	0.0	0.27586206896551724	0.034482758620689655	0.3103448275862069
act/3	mean	proj	6	12	False	False	asc	1	0.0	0.27586206896551724	0.034482758620689655	0.3103448275862069
act/3	mean	proj	6	13	False	True	asc	1	0.0	0.2413793103448276	0.034482758620689655	0.3103448275862069
act/3	mean	proj	6	13	False	False	asc	1	0.0	0.2413793103448276	0.034482758620689655	0.3103448275862069
act/3	mean	proj	6	14	False	True	asc	1	0.034482758620689655	0.2413793103448276	0.034482758620689655	0.3448275862068966
act/3	mean	proj	8	12	False	False	asc	1	0.0	0.3448275862068966	0.034482758620689655	0.3793103448275862
act/3	mean	proj	8	13	False	True	asc	1	0.034482758620689655	0.27586206896551724	0.034482758620689655	0.3448275862068966
act/3	mean	proj	8	13	False	False	asc	1	0.034482758620689655	0.27586206896551724	0.034482758620689655	0.3448275862068966
act/3	mean	proj	8	14	False	True	asc	1	0.034482758620689655	0.2413793103448276	0.034482758620689655	0.3793103448275862
act/3	mean	proj	8	14	False	False	asc	1	0.034482758620689655	0.2413793103448276	0.034482758620689655	0.3793103448275862
act/3	mean	proj	8	15	False	True	asc	1	0.034482758620689655	0.2413793103448276	0.034482758620689655	0.3448275862068966
act/3	mean	proj	8	16	False	True	asc	1	0.06896551724137931	0.3103448275862069	0.034482758620689655	0.3448275862068966
act/19	mean	proj	5	19	False	False	asc	1	0.10344827586206896	0.27586206896551724	0.034482758620689655	0.6206896551724138
act/19	mean	proj	5	20	False	True	asc	1	0.06896551724137931	0.20689655172413793	0.034482758620689655	0.4482758620689655
act/3	mean	proj	8	11	False	True	asc	1	0.0	0.3103448275862069	0.034482758620689655	0.3103448275862069
act/3	mean	proj	8	11	False	False	asc	1	0.0	0.3103448275862069	0.034482758620689655	0.3103448275862069
act/3	mean	proj	8	12	False	True	asc	1	0.0	0.3448275862068966	0.034482758620689655	0.3793103448275862
act/3	mean	proj	7	18	False	False	asc	1	0.034482758620689655	0.2413793103448276	0.034482758620689655	0.3448275862068966
act/3	mean	proj	7	19	False	True	asc	1	0.034482758620689655	0.2413793103448276	0.034482758620689655	0.3448275862068966
act/3	mean	proj	7	19	False	False	asc	1	0.034482758620689655	0.2413793103448276	0.034482758620689655	0.3448275862068966
act/3	mean	proj	7	20	False	True	asc	1	0.034482758620689655	0.20689655172413793	0.034482758620689655	0.3448275862068966
act/3	mean	proj	7	20	False	False	asc	1	0.034482758620689655	0.2413793103448276	0.034482758620689655	0.3793103448275862
act/19	mean	proj	5	18	False	True	asc	1	0.06896551724137931	0.27586206896551724	0.034482758620689655	0.5172413793103449
act/19	mean	proj	5	18	False	False	asc	1	0.10344827586206896	0.3103448275862069	0.034482758620689655	0.5517241379310345
act/19	mean	proj	5	19	False	True	asc	1	0.06896551724137931	0.27586206896551724	0.034482758620689655	0.5517241379310345
act/3	mean	proj	7	14	False	False	asc	1	0.034482758620689655	0.20689655172413793	0.034482758620689655	0.3448275862068966
act/3	mean	proj	7	15	False	True	asc	1	0.034482758620689655	0.20689655172413793	0.034482758620689655	0.3448275862068966
act/3	mean	proj	7	15	False	False	asc	1	0.034482758620689655	0.20689655172413793	0.034482758620689655	0.3448275862068966
act/3	mean	proj	7	16	False	True	asc	1	0.034482758620689655	0.20689655172413793	0.034482758620689655	0.3448275862068966
act/3	mean	proj	7	16	False	False	asc	1	0.034482758620689655	0.2413793103448276	0.034482758620689655	0.3448275862068966
act/3	mean	proj	7	17	False	True	asc	1	0.034482758620689655	0.20689655172413793	0.034482758620689655	0.3448275862068966
act/3	mean	proj	7	17	False	False	asc	1	0.034482758620689655	0.2413793103448276	0.034482758620689655	0.3448275862068966
act/3	mean	proj	7	18	False	True	asc	1	0.034482758620689655	0.20689655172413793	0.034482758620689655	0.3448275862068966
act/3	mean	proj	10	12	False	True	asc	1	0.10344827586206896	0.3448275862068966	0.034482758620689655	0.5517241379310345
act/3	mean	proj	10	12	False	False	asc	1	0.10344827586206896	0.3448275862068966	0.034482758620689655	0.5517241379310345
act/3	mean	proj	8	20	False	False	asc	1	0.034482758620689655	0.2413793103448276	0.034482758620689655	0.3448275862068966
act/3	mean	proj	9	10	False	True	asc	1	0.10344827586206896	0.4482758620689655	0.034482758620689655	0.5172413793103449
act/3	mean	proj	9	10	False	False	asc	1	0.10344827586206896	0.4482758620689655	0.034482758620689655	0.5172413793103449
act/3	mean	proj	8	16	False	False	asc	1	0.06896551724137931	0.3103448275862069	0.034482758620689655	0.3448275862068966
act/3	mean	proj	8	17	False	True	asc	1	0.034482758620689655	0.27586206896551724	0.034482758620689655	0.3448275862068966
act/3	mean	proj	8	17	False	False	asc	1	0.034482758620689655	0.27586206896551724	0.034482758620689655	0.3448275862068966
act/3	mean	proj	8	18	False	True	asc	1	0.034482758620689655	0.27586206896551724	0.034482758620689655	0.3448275862068966
act/3	mean	proj	8	18	False	False	asc	1	0.034482758620689655	0.27586206896551724	0.034482758620689655	0.3448275862068966
act/3	mean	proj	8	19	False	True	asc	1	0.034482758620689655	0.27586206896551724	0.034482758620689655	0.3448275862068966
act/3	mean	proj	8	19	False	False	asc	1	0.034482758620689655	0.27586206896551724	0.034482758620689655	0.3448275862068966
act/3	mean	proj	8	20	False	True	asc	1	0.034482758620689655	0.27586206896551724	0.034482758620689655	0.3448275862068966
act/7	mean	proj	3	9	False	False	asc	1	0.06896551724137931	0.3103448275862069	0.034482758620689655	0.5172413793103449
act/7	mean	proj	3	10	False	True	asc	1	0.06896551724137931	0.3448275862068966	0.034482758620689655	0.4827586206896552
act/7	mean	proj	3	10	False	False	asc	1	0.06896551724137931	0.3448275862068966	0.034482758620689655	0.4827586206896552
act/7	mean	proj	3	11	False	True	asc	1	0.06896551724137931	0.3448275862068966	0.034482758620689655	0.4482758620689655
act/7	mean	proj	3	11	False	False	asc	1	0.06896551724137931	0.3103448275862069	0.034482758620689655	0.5172413793103449
act/7	mean	proj	3	12	False	True	asc	1	0.06896551724137931	0.3793103448275862	0.034482758620689655	0.4482758620689655
act/7	mean	proj	3	12	False	False	asc	1	0.06896551724137931	0.3103448275862069	0.034482758620689655	0.4827586206896552
act/7	mean	proj	3	5	False	True	asc	1	0.06896551724137931	0.5517241379310345	0.034482758620689655	0.5517241379310345
act/7	mean	proj	3	8	False	True	asc	1	0.06896551724137931	0.3793103448275862	0.034482758620689655	0.5172413793103449
act/7	mean	proj	3	9	False	True	asc	1	0.06896551724137931	0.3448275862068966	0.034482758620689655	0.4482758620689655
act/7	mean	proj	1	19	False	True	asc	1	0.10344827586206896	0.4482758620689655	0.034482758620689655	0.41379310344827586
act/7	mean	proj	1	19	False	False	asc	1	0.10344827586206896	0.4482758620689655	0.034482758620689655	0.3793103448275862
act/7	mean	proj	1	20	False	True	asc	1	0.10344827586206896	0.4482758620689655	0.034482758620689655	0.41379310344827586
act/7	mean	proj	1	20	False	False	asc	1	0.10344827586206896	0.41379310344827586	0.034482758620689655	0.41379310344827586
act/7	mean	proj	1	15	False	False	asc	1	0.10344827586206896	0.3793103448275862	0.034482758620689655	0.3793103448275862
act/7	mean	proj	1	16	False	False	asc	1	0.10344827586206896	0.3448275862068966	0.034482758620689655	0.41379310344827586
act/7	mean	proj	1	17	False	True	asc	1	0.10344827586206896	0.4482758620689655	0.034482758620689655	0.41379310344827586
act/7	mean	proj	1	17	False	False	asc	1	0.10344827586206896	0.3793103448275862	0.034482758620689655	0.41379310344827586
act/7	mean	proj	1	18	False	True	asc	1	0.10344827586206896	0.4482758620689655	0.034482758620689655	0.4482758620689655
act/7	mean	proj	1	18	False	False	asc	1	0.10344827586206896	0.3793103448275862	0.034482758620689655	0.3793103448275862
act/3	mean	proj	11	20	False	True	asc	1	0.10344827586206896	0.4827586206896552	0.034482758620689655	0.3793103448275862
act/3	mean	proj	11	20	False	False	asc	1	0.10344827586206896	0.4827586206896552	0.034482758620689655	0.3793103448275862
act/3	mean	proj	12	16	False	True	asc	1	0.10344827586206896	0.5517241379310345	0.034482758620689655	0.41379310344827586
act/3	mean	proj	12	16	False	False	asc	1	0.13793103448275862	0.5862068965517241	0.034482758620689655	0.41379310344827586
act/3	mean	proj	11	12	False	False	asc	1	0.06896551724137931	0.4482758620689655	0.034482758620689655	0.41379310344827586
act/3	mean	proj	11	13	False	True	asc	1	0.06896551724137931	0.41379310344827586	0.034482758620689655	0.4482758620689655
act/3	mean	proj	11	13	False	False	asc	1	0.06896551724137931	0.41379310344827586	0.034482758620689655	0.4482758620689655
act/3	mean	proj	11	16	False	False	asc	1	0.13793103448275862	0.6551724137931034	0.034482758620689655	0.3793103448275862
act/3	mean	proj	11	18	False	True	asc	1	0.10344827586206896	0.5172413793103449	0.034482758620689655	0.5172413793103449
act/3	mean	proj	11	19	False	True	asc	1	0.10344827586206896	0.5517241379310345	0.034482758620689655	0.4827586206896552
act/3	mean	proj	10	17	False	False	asc	1	0.10344827586206896	0.4482758620689655	0.034482758620689655	0.5172413793103449
act/3	mean	proj	10	20	False	True	asc	1	0.10344827586206896	0.4482758620689655	0.034482758620689655	0.41379310344827586
act/3	mean	proj	10	20	False	False	asc	1	0.10344827586206896	0.4482758620689655	0.034482758620689655	0.41379310344827586
act/3	mean	proj	11	12	False	True	asc	1	0.06896551724137931	0.4482758620689655	0.034482758620689655	0.41379310344827586
act/3	mean	proj	10	14	False	True	asc	1	0.06896551724137931	0.2413793103448276	0.034482758620689655	0.41379310344827586
act/3	mean	proj	10	14	False	False	asc	1	0.06896551724137931	0.27586206896551724	0.034482758620689655	0.41379310344827586
act/3	mean	proj	10	15	False	True	asc	1	0.06896551724137931	0.3103448275862069	0.034482758620689655	0.4482758620689655
act/3	mean	proj	10	15	False	False	asc	1	0.06896551724137931	0.3103448275862069	0.034482758620689655	0.4482758620689655
act/3	mean	proj	10	16	False	True	asc	1	0.10344827586206896	0.4482758620689655	0.034482758620689655	0.4827586206896552
act/3	mean	proj	10	16	False	False	asc	1	0.10344827586206896	0.4827586206896552	0.034482758620689655	0.4827586206896552
act/3	mean	proj	10	17	False	True	asc	1	0.10344827586206896	0.41379310344827586	0.034482758620689655	0.5172413793103449
act/7	mean	proj	1	11	False	False	asc	1	0.1724137931034483	0.41379310344827586	0.034482758620689655	0.3793103448275862
act/7	mean	proj	1	12	False	False	asc	1	0.1724137931034483	0.4482758620689655	0.034482758620689655	0.41379310344827586
act/7	mean	proj	1	13	False	False	asc	1	0.1724137931034483	0.4482758620689655	0.034482758620689655	0.41379310344827586
act/7	mean	proj	1	14	False	False	asc	1	0.13793103448275862	0.41379310344827586	0.034482758620689655	0.3793103448275862
act/7	mean	proj	1	9	False	False	asc	1	0.13793103448275862	0.4482758620689655	0.034482758620689655	0.41379310344827586
act/7	mean	proj	1	10	False	False	asc	1	0.1724137931034483	0.4482758620689655	0.034482758620689655	0.3793103448275862
act/7	mean	proj	0	17	False	True	asc	1	0.0	0.27586206896551724	0.034482758620689655	0.3448275862068966
act/7	mean	proj	0	17	False	False	asc	1	0.0	0.27586206896551724	0.034482758620689655	0.3448275862068966
act/7	mean	proj	0	18	False	True	asc	1	0.0	0.27586206896551724	0.034482758620689655	0.3448275862068966
act/7	mean	proj	0	18	False	False	asc	1	0.0	0.27586206896551724	0.034482758620689655	0.3448275862068966
act/7	mean	proj	0	19	False	True	asc	1	0.0	0.27586206896551724	0.034482758620689655	0.3448275862068966
act/7	mean	proj	0	19	False	False	asc	1	0.0	0.27586206896551724	0.034482758620689655	0.3448275862068966
act/7	mean	proj	0	20	False	True	asc	1	0.0	0.27586206896551724	0.034482758620689655	0.3448275862068966
act/7	mean	proj	0	20	False	False	asc	1	0.0	0.27586206896551724	0.034482758620689655	0.3448275862068966
act/3	mean	proj	15	16	False	True	asc	1	0.1724137931034483	0.6551724137931034	0.034482758620689655	0.4482758620689655
act/3	mean	proj	15	16	False	False	asc	1	0.1724137931034483	0.6551724137931034	0.034482758620689655	0.4482758620689655
act/19	mean	proj	4	18	False	True	asc	1	0.10344827586206896	0.3103448275862069	0.034482758620689655	0.5517241379310345
act/19	mean	proj	4	18	False	False	asc	1	0.10344827586206896	0.3448275862068966	0.034482758620689655	0.5862068965517241
act/19	mean	proj	4	19	False	True	asc	1	0.10344827586206896	0.3103448275862069	0.034482758620689655	0.5517241379310345
act/19	mean	proj	4	19	False	False	asc	1	0.10344827586206896	0.3448275862068966	0.034482758620689655	0.6206896551724138
act/19	mean	proj	4	20	False	True	asc	1	0.10344827586206896	0.2413793103448276	0.034482758620689655	0.4827586206896552
act/3	mean	proj	13	20	False	False	asc	1	0.10344827586206896	0.5172413793103449	0.034482758620689655	0.4482758620689655
act/3	mean	proj	14	16	False	True	asc	1	0.1724137931034483	0.5862068965517241	0.034482758620689655	0.5862068965517241
act/3	mean	proj	14	16	False	False	asc	1	0.1724137931034483	0.5862068965517241	0.034482758620689655	0.5862068965517241
act/3	mean	proj	14	19	False	True	asc	1	0.10344827586206896	0.3793103448275862	0.034482758620689655	0.4827586206896552
act/3	mean	proj	14	19	False	False	asc	1	0.13793103448275862	0.41379310344827586	0.034482758620689655	0.4827586206896552
act/3	mean	proj	13	14	False	True	asc	1	0.06896551724137931	0.4482758620689655	0.034482758620689655	0.41379310344827586
act/3	mean	proj	13	14	False	False	asc	1	0.06896551724137931	0.4482758620689655	0.034482758620689655	0.41379310344827586
act/3	mean	proj	13	16	False	True	asc	1	0.13793103448275862	0.6551724137931034	0.034482758620689655	0.5172413793103449
act/3	mean	proj	13	19	False	True	asc	1	0.10344827586206896	0.5862068965517241	0.034482758620689655	0.4827586206896552
act/3	mean	proj	13	19	False	False	asc	1	0.10344827586206896	0.5862068965517241	0.034482758620689655	0.4827586206896552
act/3	mean	proj	13	20	False	True	asc	1	0.10344827586206896	0.5862068965517241	0.034482758620689655	0.4482758620689655
act/7	mean	proj	0	13	False	True	asc	1	0.0	0.27586206896551724	0.034482758620689655	0.3448275862068966
act/7	mean	proj	0	13	False	False	asc	1	0.0	0.27586206896551724	0.034482758620689655	0.3448275862068966
act/7	mean	proj	0	14	False	True	asc	1	0.0	0.27586206896551724	0.034482758620689655	0.3448275862068966
act/7	mean	proj	0	14	False	False	asc	1	0.0	0.27586206896551724	0.034482758620689655	0.3448275862068966
act/7	mean	proj	0	15	False	True	asc	1	0.0	0.27586206896551724	0.034482758620689655	0.3448275862068966
act/7	mean	proj	0	15	False	False	asc	1	0.0	0.27586206896551724	0.034482758620689655	0.3448275862068966
act/7	mean	proj	0	16	False	True	asc	1	0.0	0.27586206896551724	0.034482758620689655	0.3448275862068966
act/7	mean	proj	0	16	False	False	asc	1	0.0	0.27586206896551724	0.034482758620689655	0.3448275862068966
act/7	mean	proj	0	9	False	True	asc	1	0.0	0.27586206896551724	0.034482758620689655	0.3448275862068966
act/7	mean	proj	0	9	False	False	asc	1	0.0	0.27586206896551724	0.034482758620689655	0.3448275862068966
act/7	mean	proj	0	10	False	True	asc	1	0.0	0.27586206896551724	0.034482758620689655	0.3448275862068966
act/7	mean	proj	0	10	False	False	asc	1	0.0	0.27586206896551724	0.034482758620689655	0.3448275862068966
act/7	mean	proj	0	11	False	True	asc	1	0.0	0.27586206896551724	0.034482758620689655	0.3448275862068966
act/7	mean	proj	0	11	False	False	asc	1	0.0	0.27586206896551724	0.034482758620689655	0.3448275862068966
act/7	mean	proj	0	12	False	True	asc	1	0.0	0.27586206896551724	0.034482758620689655	0.3448275862068966
act/7	mean	proj	0	12	False	False	asc	1	0.0	0.27586206896551724	0.034482758620689655	0.3448275862068966
act/7	mean	proj	0	5	False	True	asc	1	0.0	0.27586206896551724	0.034482758620689655	0.3448275862068966
act/7	mean	proj	0	5	False	False	asc	1	0.0	0.27586206896551724	0.034482758620689655	0.3448275862068966
act/7	mean	proj	0	6	False	True	asc	1	0.0	0.27586206896551724	0.034482758620689655	0.3448275862068966
act/7	mean	proj	0	6	False	False	asc	1	0.0	0.27586206896551724	0.034482758620689655	0.3448275862068966
act/7	mean	proj	0	7	False	True	asc	1	0.0	0.27586206896551724	0.034482758620689655	0.3448275862068966
act/7	mean	proj	0	7	False	False	asc	1	0.0	0.27586206896551724	0.034482758620689655	0.3448275862068966
act/7	mean	proj	0	8	False	True	asc	1	0.0	0.27586206896551724	0.034482758620689655	0.3448275862068966
act/7	mean	proj	0	8	False	False	asc	1	0.0	0.3103448275862069	0.034482758620689655	0.3448275862068966
act/7	mean	proj	0	1	False	True	asc	1	0.0	0.27586206896551724	0.034482758620689655	0.3448275862068966
act/7	mean	proj	0	1	False	False	asc	1	0.0	0.27586206896551724	0.034482758620689655	0.3448275862068966
act/7	mean	proj	0	2	False	True	asc	1	0.0	0.27586206896551724	0.034482758620689655	0.3448275862068966
act/7	mean	proj	0	2	False	False	asc	1	0.0	0.27586206896551724	0.034482758620689655	0.3448275862068966
act/7	mean	proj	0	3	False	True	asc	1	0.0	0.27586206896551724	0.034482758620689655	0.3448275862068966
act/7	mean	proj	0	3	False	False	asc	1	0.0	0.27586206896551724	0.034482758620689655	0.3448275862068966
act/7	mean	proj	0	4	False	True	asc	1	0.0	0.27586206896551724	0.034482758620689655	0.3448275862068966
act/7	mean	proj	0	4	False	False	asc	1	0.0	0.27586206896551724	0.034482758620689655	0.3448275862068966
act/3	mean	proj	18	19	False	True	asc	1	0.06896551724137931	0.4482758620689655	0.034482758620689655	0.3103448275862069
act/3	mean	proj	18	19	False	False	asc	1	0.06896551724137931	0.4482758620689655	0.034482758620689655	0.3103448275862069
act/3	mean	norm_l2	0	0	True	False	asc	1	0.06896551724137931	0.3448275862068966	0.034482758620689655	0.3448275862068966
act/3	mean	norm_l1	0	0	True	False	asc	1	0.06896551724137931	0.3103448275862069	0.034482758620689655	0.27586206896551724
act/3	mean	norm_l2	0	0	False	False	asc	1	0.06896551724137931	0.41379310344827586	0.034482758620689655	0.3448275862068966
act/19	mean	proj	5	15	False	False	asc	1	0.034482758620689655	0.1724137931034483	0.034482758620689655	0.5172413793103449
act/19	mean	proj	5	16	False	True	asc	1	0.06896551724137931	0.2413793103448276	0.034482758620689655	0.4827586206896552
act/19	mean	proj	5	16	False	False	asc	1	0.10344827586206896	0.27586206896551724	0.034482758620689655	0.5862068965517241
act/19	mean	proj	5	17	False	True	asc	1	0.06896551724137931	0.27586206896551724	0.034482758620689655	0.5172413793103449
act/3	mean	proj	15	19	False	True	asc	1	0.20689655172413793	0.4482758620689655	0.034482758620689655	0.4482758620689655
act/3	mean	proj	15	19	False	False	asc	1	0.20689655172413793	0.4482758620689655	0.034482758620689655	0.4482758620689655
act/3	mean	proj	15	20	False	True	asc	1	0.20689655172413793	0.5172413793103449	0.034482758620689655	0.4482758620689655
act/3	mean	proj	15	20	False	False	asc	1	0.20689655172413793	0.5172413793103449	0.034482758620689655	0.4827586206896552
act/19	mean	proj	5	11	False	True	asc	1	0.034482758620689655	0.2413793103448276	0.034482758620689655	0.5172413793103449
act/19	mean	proj	5	12	False	True	asc	1	0.06896551724137931	0.2413793103448276	0.034482758620689655	0.5517241379310345
act/19	mean	proj	5	12	False	False	asc	1	0.06896551724137931	0.2413793103448276	0.034482758620689655	0.5172413793103449
act/19	mean	proj	5	13	False	True	asc	1	0.034482758620689655	0.20689655172413793	0.034482758620689655	0.5517241379310345
act/19	mean	proj	5	13	False	False	asc	1	0.06896551724137931	0.27586206896551724	0.034482758620689655	0.5517241379310345
act/19	mean	proj	5	14	False	True	asc	1	0.034482758620689655	0.20689655172413793	0.034482758620689655	0.5517241379310345
act/19	mean	proj	5	14	False	False	asc	1	0.034482758620689655	0.1724137931034483	0.034482758620689655	0.5172413793103449
act/19	mean	proj	5	15	False	True	asc	1	0.034482758620689655	0.20689655172413793	0.034482758620689655	0.5172413793103449
act/19	mean	proj	5	7	False	True	asc	1	0.06896551724137931	0.3103448275862069	0.034482758620689655	0.3103448275862069
act/19	mean	proj	5	8	False	True	asc	1	0.034482758620689655	0.3103448275862069	0.034482758620689655	0.3793103448275862
act/19	mean	proj	5	8	False	False	asc	1	0.034482758620689655	0.3103448275862069	0.034482758620689655	0.3793103448275862
act/19	mean	proj	5	9	False	True	asc	1	0.034482758620689655	0.3103448275862069	0.034482758620689655	0.5517241379310345
act/19	mean	proj	5	10	False	True	asc	1	0.034482758620689655	0.27586206896551724	0.034482758620689655	0.5172413793103449
act/19	mean	proj	5	10	False	False	asc	1	0.034482758620689655	0.27586206896551724	0.034482758620689655	0.4827586206896552
act/31	mean	proj	0	1	True	True	asc	1	0.034482758620689655	0.3103448275862069	0.034482758620689655	0.3448275862068966
act/31	mean	proj	0	1	True	False	asc	1	0.034482758620689655	0.3103448275862069	0.034482758620689655	0.3448275862068966
act/31	mean	proj	0	3	True	False	asc	1	0.06896551724137931	0.4482758620689655	0.034482758620689655	0.4482758620689655
act/7	mean	proj	15	18	True	True	asc	1	0.10344827586206896	0.4827586206896552	0.034482758620689655	0.3793103448275862
act/7	mean	proj	15	18	True	False	asc	1	0.13793103448275862	0.5172413793103449	0.034482758620689655	0.3793103448275862
act/7	mean	proj	15	19	True	True	asc	1	0.13793103448275862	0.41379310344827586	0.034482758620689655	0.4482758620689655
act/7	mean	proj	15	19	True	False	asc	1	0.13793103448275862	0.41379310344827586	0.034482758620689655	0.4482758620689655
act/7	mean	proj	15	20	True	True	asc	1	0.13793103448275862	0.41379310344827586	0.034482758620689655	0.4827586206896552
act/7	mean	proj	15	20	True	False	asc	1	0.13793103448275862	0.41379310344827586	0.034482758620689655	0.4827586206896552
act/11	mean	proj	13	20	False	True	asc	1	0.06896551724137931	0.4482758620689655	0.034482758620689655	0.4482758620689655
act/11	mean	proj	13	20	False	False	asc	1	0.10344827586206896	0.4827586206896552	0.034482758620689655	0.41379310344827586
act/11	mean	proj	14	18	False	True	asc	1	0.034482758620689655	0.3103448275862069	0.034482758620689655	0.3793103448275862
act/11	mean	proj	14	18	False	False	asc	1	0.034482758620689655	0.3103448275862069	0.034482758620689655	0.3793103448275862
act/11	mean	proj	14	19	False	True	asc	1	0.034482758620689655	0.3103448275862069	0.034482758620689655	0.3448275862068966
act/11	mean	proj	14	19	False	False	asc	1	0.034482758620689655	0.3103448275862069	0.034482758620689655	0.3448275862068966
act/11	mean	proj	13	17	False	True	asc	1	0.10344827586206896	0.3103448275862069	0.034482758620689655	0.4827586206896552
act/11	mean	proj	13	17	False	False	asc	1	0.10344827586206896	0.3103448275862069	0.034482758620689655	0.4827586206896552
act/11	mean	proj	12	20	False	True	asc	1	0.06896551724137931	0.4827586206896552	0.034482758620689655	0.41379310344827586
act/11	mean	proj	12	20	False	False	asc	1	0.06896551724137931	0.4827586206896552	0.034482758620689655	0.41379310344827586
act/11	mean	proj	13	14	False	True	asc	1	0.13793103448275862	0.3793103448275862	0.034482758620689655	0.5172413793103449
act/11	mean	proj	13	14	False	False	asc	1	0.13793103448275862	0.3793103448275862	0.034482758620689655	0.5172413793103449
act/31	mean	proj	0	18	True	False	asc	1	0.10344827586206896	0.3103448275862069	0.034482758620689655	0.4482758620689655
act/31	mean	proj	0	19	True	True	asc	1	0.10344827586206896	0.3448275862068966	0.034482758620689655	0.3793103448275862
act/31	mean	proj	0	19	True	False	asc	1	0.10344827586206896	0.3103448275862069	0.034482758620689655	0.4482758620689655
act/31	mean	proj	0	20	True	True	asc	1	0.10344827586206896	0.3448275862068966	0.034482758620689655	0.3793103448275862
act/31	mean	proj	0	20	True	False	asc	1	0.10344827586206896	0.3103448275862069	0.034482758620689655	0.4482758620689655
act/19	mean	proj	4	12	False	False	asc	1	0.06896551724137931	0.2413793103448276	0.034482758620689655	0.5172413793103449
act/19	mean	proj	4	14	False	True	asc	1	0.06896551724137931	0.2413793103448276	0.034482758620689655	0.5172413793103449
act/19	mean	proj	4	14	False	False	asc	1	0.06896551724137931	0.20689655172413793	0.034482758620689655	0.5517241379310345
act/19	mean	proj	4	15	False	True	asc	1	0.06896551724137931	0.2413793103448276	0.034482758620689655	0.5172413793103449
act/19	mean	proj	4	15	False	False	asc	1	0.06896551724137931	0.20689655172413793	0.034482758620689655	0.5517241379310345
act/31	mean	proj	0	17	True	True	asc	1	0.10344827586206896	0.3448275862068966	0.034482758620689655	0.3793103448275862
act/31	mean	proj	0	17	True	False	asc	1	0.10344827586206896	0.27586206896551724	0.034482758620689655	0.41379310344827586
act/31	mean	proj	0	18	True	True	asc	1	0.10344827586206896	0.3448275862068966	0.034482758620689655	0.3793103448275862
act/19	mean	proj	4	7	False	True	asc	1	0.034482758620689655	0.3103448275862069	0.034482758620689655	0.3793103448275862
act/19	mean	proj	4	7	False	False	asc	1	0.034482758620689655	0.3103448275862069	0.034482758620689655	0.3793103448275862
act/19	mean	proj	4	8	False	True	asc	1	0.034482758620689655	0.27586206896551724	0.034482758620689655	0.3793103448275862
act/19	mean	proj	4	8	False	False	asc	1	0.034482758620689655	0.27586206896551724	0.034482758620689655	0.3793103448275862
act/19	mean	proj	4	9	False	True	asc	1	0.06896551724137931	0.3103448275862069	0.034482758620689655	0.5517241379310345
act/19	mean	proj	4	10	False	True	asc	1	0.06896551724137931	0.27586206896551724	0.034482758620689655	0.4827586206896552
act/19	mean	proj	4	10	False	False	asc	1	0.06896551724137931	0.3103448275862069	0.034482758620689655	0.4827586206896552
act/19	mean	proj	4	12	False	True	asc	1	0.06896551724137931	0.2413793103448276	0.034482758620689655	0.5172413793103449
act/19	mean	proj	3	17	False	True	asc	1	0.06896551724137931	0.27586206896551724	0.034482758620689655	0.5517241379310345
act/19	mean	proj	3	17	False	False	asc	1	0.10344827586206896	0.2413793103448276	0.034482758620689655	0.5517241379310345
act/19	mean	proj	3	18	False	True	asc	1	0.06896551724137931	0.2413793103448276	0.034482758620689655	0.5517241379310345
act/19	mean	proj	3	18	False	False	asc	1	0.10344827586206896	0.27586206896551724	0.034482758620689655	0.5517241379310345
act/19	mean	proj	3	19	False	True	asc	1	0.06896551724137931	0.2413793103448276	0.034482758620689655	0.5517241379310345
act/19	mean	proj	3	19	False	False	asc	1	0.06896551724137931	0.27586206896551724	0.034482758620689655	0.5517241379310345
act/31	mean	proj	1	17	True	False	asc	1	0.06896551724137931	0.27586206896551724	0.034482758620689655	0.5172413793103449
act/31	mean	proj	1	18	True	False	asc	1	0.034482758620689655	0.20689655172413793	0.034482758620689655	0.5172413793103449
act/31	mean	proj	1	19	True	False	asc	1	0.034482758620689655	0.20689655172413793	0.034482758620689655	0.5172413793103449
act/31	mean	proj	1	20	True	False	asc	1	0.06896551724137931	0.27586206896551724	0.034482758620689655	0.4827586206896552
act/31	mean	proj	1	8	True	False	asc	1	0.06896551724137931	0.27586206896551724	0.034482758620689655	0.4482758620689655
act/31	mean	proj	1	11	True	False	asc	1	0.034482758620689655	0.1724137931034483	0.034482758620689655	0.4482758620689655
act/31	mean	proj	1	12	True	False	asc	1	0.034482758620689655	0.1724137931034483	0.034482758620689655	0.4482758620689655
act/31	mean	proj	1	13	True	False	asc	1	0.034482758620689655	0.1724137931034483	0.034482758620689655	0.41379310344827586
act/31	mean	proj	1	14	True	False	asc	1	0.034482758620689655	0.1724137931034483	0.034482758620689655	0.4482758620689655
act/31	mean	proj	1	15	True	False	asc	1	0.034482758620689655	0.2413793103448276	0.034482758620689655	0.41379310344827586
act/31	mean	proj	1	16	True	False	asc	1	0.034482758620689655	0.2413793103448276	0.034482758620689655	0.4482758620689655
act/7	mean	proj	13	20	True	True	asc	1	0.13793103448275862	0.6206896551724138	0.034482758620689655	0.5172413793103449
act/7	mean	proj	13	20	True	False	asc	1	0.13793103448275862	0.6206896551724138	0.034482758620689655	0.5172413793103449
act/7	mean	proj	14	16	True	True	asc	1	0.20689655172413793	0.5517241379310345	0.034482758620689655	0.4482758620689655
act/7	mean	proj	14	16	True	False	asc	1	0.20689655172413793	0.5517241379310345	0.034482758620689655	0.4482758620689655
act/7	mean	proj	14	19	True	False	asc	1	0.1724137931034483	0.5172413793103449	0.034482758620689655	0.4482758620689655
act/7	mean	proj	14	20	True	False	asc	1	0.1724137931034483	0.5172413793103449	0.034482758620689655	0.4482758620689655
act/11	mean	proj	18	20	False	True	asc	1	0.20689655172413793	0.6206896551724138	0.034482758620689655	0.4482758620689655
act/11	mean	proj	18	20	False	False	asc	1	0.20689655172413793	0.6206896551724138	0.034482758620689655	0.4482758620689655
act/7	mean	proj	13	14	True	True	asc	1	0.034482758620689655	0.3448275862068966	0.034482758620689655	0.4482758620689655
act/7	mean	proj	13	14	True	False	asc	1	0.034482758620689655	0.3448275862068966	0.034482758620689655	0.4482758620689655
act/7	mean	proj	13	19	True	True	asc	1	0.13793103448275862	0.5862068965517241	0.034482758620689655	0.4827586206896552
act/7	mean	proj	13	19	True	False	asc	1	0.13793103448275862	0.5862068965517241	0.034482758620689655	0.4827586206896552
act/7	mean	proj	11	19	True	True	asc	1	0.10344827586206896	0.4827586206896552	0.034482758620689655	0.4827586206896552
act/7	mean	proj	11	19	True	False	asc	1	0.10344827586206896	0.5517241379310345	0.034482758620689655	0.4482758620689655
act/7	mean	proj	11	20	True	True	asc	1	0.10344827586206896	0.4482758620689655	0.034482758620689655	0.5172413793103449
act/7	mean	proj	11	20	True	False	asc	1	0.10344827586206896	0.4827586206896552	0.034482758620689655	0.5517241379310345
act/11	mean	proj	14	20	False	True	asc	1	0.06896551724137931	0.41379310344827586	0.034482758620689655	0.3103448275862069
act/11	mean	proj	14	20	False	False	asc	1	0.06896551724137931	0.4482758620689655	0.034482758620689655	0.3103448275862069
act/15	mean	proj	0	14	True	False	asc	1	0.10344827586206896	0.3103448275862069	0.034482758620689655	0.41379310344827586
act/7	mean	proj	10	20	True	True	asc	1	0.10344827586206896	0.4482758620689655	0.034482758620689655	0.41379310344827586
act/7	mean	proj	10	20	True	False	asc	1	0.10344827586206896	0.5172413793103449	0.034482758620689655	0.41379310344827586
act/19	mean	proj	3	6	False	True	asc	1	0.06896551724137931	0.3448275862068966	0.034482758620689655	0.4482758620689655
act/19	mean	proj	3	6	False	False	asc	1	0.06896551724137931	0.3793103448275862	0.034482758620689655	0.4482758620689655
act/19	mean	proj	3	7	False	True	asc	1	0.06896551724137931	0.3448275862068966	0.034482758620689655	0.4482758620689655
act/19	mean	proj	3	7	False	False	asc	1	0.06896551724137931	0.3103448275862069	0.034482758620689655	0.41379310344827586
act/31	mean	proj	3	6	True	True	asc	1	0.034482758620689655	0.3103448275862069	0.034482758620689655	0.3103448275862069
act/31	mean	proj	3	6	True	False	asc	1	0.034482758620689655	0.27586206896551724	0.034482758620689655	0.3103448275862069
act/31	mean	proj	3	7	True	True	asc	1	0.034482758620689655	0.2413793103448276	0.034482758620689655	0.3448275862068966
act/31	mean	proj	3	7	True	False	asc	1	0.034482758620689655	0.2413793103448276	0.034482758620689655	0.3448275862068966
act/15	mean	proj	0	4	True	False	asc	1	0.06896551724137931	0.3103448275862069	0.034482758620689655	0.2413793103448276
act/15	mean	proj	0	6	True	False	asc	1	0.06896551724137931	0.3448275862068966	0.034482758620689655	0.3448275862068966
act/15	mean	proj	0	7	True	False	asc	1	0.06896551724137931	0.3448275862068966	0.034482758620689655	0.3103448275862069
act/11	mean	norm_l1	0	0	True	False	asc	1	0.06896551724137931	0.2413793103448276	0.034482758620689655	0.3448275862068966
act/11	mean	norm_l2	0	0	False	False	asc	1	0.0	0.27586206896551724	0.034482758620689655	0.3448275862068966
act/11	mean	norm_l1	0	0	False	False	asc	1	0.034482758620689655	0.27586206896551724	0.034482758620689655	0.3793103448275862
act/15	mean	proj	0	2	True	True	asc	1	0.034482758620689655	0.27586206896551724	0.034482758620689655	0.27586206896551724
act/15	mean	proj	0	2	True	False	asc	1	0.034482758620689655	0.27586206896551724	0.034482758620689655	0.27586206896551724
act/7	mean	proj	10	17	True	True	asc	1	0.034482758620689655	0.3793103448275862	0.034482758620689655	0.3793103448275862
act/7	mean	proj	10	17	True	False	asc	1	0.034482758620689655	0.3793103448275862	0.034482758620689655	0.3448275862068966
act/7	mean	proj	10	18	True	True	asc	1	0.06896551724137931	0.41379310344827586	0.034482758620689655	0.3793103448275862
act/7	mean	proj	10	18	True	False	asc	1	0.06896551724137931	0.41379310344827586	0.034482758620689655	0.41379310344827586
act/7	mean	proj	10	19	True	True	asc	1	0.06896551724137931	0.41379310344827586	0.034482758620689655	0.3793103448275862
act/7	mean	proj	10	19	True	False	asc	1	0.06896551724137931	0.4482758620689655	0.034482758620689655	0.4482758620689655
act/7	mean	proj	10	13	True	True	asc	1	0.06896551724137931	0.3103448275862069	0.034482758620689655	0.3448275862068966
act/7	mean	proj	10	13	True	False	asc	1	0.06896551724137931	0.3103448275862069	0.034482758620689655	0.3448275862068966
act/7	mean	proj	10	14	True	True	asc	1	0.034482758620689655	0.27586206896551724	0.034482758620689655	0.3448275862068966
act/7	mean	proj	10	14	True	False	asc	1	0.034482758620689655	0.27586206896551724	0.034482758620689655	0.3448275862068966
act/7	mean	proj	9	18	True	True	asc	1	0.034482758620689655	0.27586206896551724	0.034482758620689655	0.3793103448275862
act/7	mean	proj	9	18	True	False	asc	1	0.034482758620689655	0.27586206896551724	0.034482758620689655	0.3793103448275862
act/15	mean	proj	1	11	True	True	asc	1	0.06896551724137931	0.3103448275862069	0.034482758620689655	0.4482758620689655
act/15	mean	proj	1	11	True	False	asc	1	0.06896551724137931	0.27586206896551724	0.034482758620689655	0.4482758620689655
act/7	mean	proj	9	14	True	True	asc	1	0.034482758620689655	0.2413793103448276	0.034482758620689655	0.3793103448275862
act/7	mean	proj	9	14	True	False	asc	1	0.034482758620689655	0.2413793103448276	0.034482758620689655	0.3793103448275862
act/15	mean	proj	1	7	True	True	asc	1	0.034482758620689655	0.3103448275862069	0.034482758620689655	0.4482758620689655
act/15	mean	proj	1	7	True	False	asc	1	0.06896551724137931	0.3448275862068966	0.034482758620689655	0.4827586206896552
act/15	mean	proj	1	8	True	True	asc	1	0.034482758620689655	0.3103448275862069	0.034482758620689655	0.4482758620689655
act/15	mean	proj	1	8	True	False	asc	1	0.06896551724137931	0.3793103448275862	0.034482758620689655	0.4482758620689655
act/15	mean	proj	1	9	True	True	asc	1	0.034482758620689655	0.27586206896551724	0.034482758620689655	0.4482758620689655
act/15	mean	proj	1	9	True	False	asc	1	0.06896551724137931	0.3103448275862069	0.034482758620689655	0.4482758620689655
act/15	mean	proj	1	10	True	True	asc	1	0.034482758620689655	0.27586206896551724	0.034482758620689655	0.4482758620689655
act/15	mean	proj	1	10	True	False	asc	1	0.06896551724137931	0.27586206896551724	0.034482758620689655	0.4482758620689655
act/15	mean	proj	1	3	True	True	asc	1	0.034482758620689655	0.3448275862068966	0.034482758620689655	0.41379310344827586
act/15	mean	proj	1	4	True	True	asc	1	0.034482758620689655	0.27586206896551724	0.034482758620689655	0.41379310344827586
act/15	mean	proj	1	4	True	False	asc	1	0.034482758620689655	0.3103448275862069	0.034482758620689655	0.5172413793103449
act/15	mean	proj	1	5	True	True	asc	1	0.034482758620689655	0.3448275862068966	0.034482758620689655	0.4482758620689655
act/15	mean	proj	1	5	True	False	asc	1	0.06896551724137931	0.3448275862068966	0.034482758620689655	0.4827586206896552
act/15	mean	proj	1	6	True	True	asc	1	0.034482758620689655	0.27586206896551724	0.034482758620689655	0.4482758620689655
act/15	mean	proj	1	6	True	False	asc	1	0.06896551724137931	0.27586206896551724	0.034482758620689655	0.4482758620689655
act/19	mean	proj	3	16	False	True	asc	1	0.06896551724137931	0.2413793103448276	0.034482758620689655	0.5172413793103449
act/19	mean	proj	3	16	False	False	asc	1	0.10344827586206896	0.27586206896551724	0.034482758620689655	0.5517241379310345
act/19	mean	proj	3	12	False	True	asc	1	0.06896551724137931	0.2413793103448276	0.034482758620689655	0.4827586206896552
act/19	mean	proj	3	12	False	False	asc	1	0.06896551724137931	0.20689655172413793	0.034482758620689655	0.5172413793103449
act/19	mean	proj	3	13	False	True	asc	1	0.06896551724137931	0.27586206896551724	0.034482758620689655	0.41379310344827586
act/19	mean	proj	3	13	False	False	asc	1	0.06896551724137931	0.20689655172413793	0.034482758620689655	0.4827586206896552
act/19	mean	proj	3	14	False	True	asc	1	0.06896551724137931	0.3103448275862069	0.034482758620689655	0.4482758620689655
act/19	mean	proj	3	14	False	False	asc	1	0.06896551724137931	0.1724137931034483	0.034482758620689655	0.5172413793103449
act/19	mean	proj	3	15	False	True	asc	1	0.06896551724137931	0.3103448275862069	0.034482758620689655	0.4827586206896552
act/19	mean	proj	3	15	False	False	asc	1	0.06896551724137931	0.1724137931034483	0.034482758620689655	0.5172413793103449
act/19	mean	proj	3	8	False	True	asc	1	0.06896551724137931	0.27586206896551724	0.034482758620689655	0.41379310344827586
act/19	mean	proj	3	8	False	False	asc	1	0.06896551724137931	0.3103448275862069	0.034482758620689655	0.41379310344827586
act/19	mean	proj	3	9	False	True	asc	1	0.034482758620689655	0.27586206896551724	0.034482758620689655	0.4482758620689655
act/19	mean	proj	3	9	False	False	asc	1	0.034482758620689655	0.27586206896551724	0.034482758620689655	0.5862068965517241
act/19	mean	proj	3	10	False	True	asc	1	0.034482758620689655	0.3103448275862069	0.034482758620689655	0.3793103448275862
act/19	mean	proj	3	10	False	False	asc	1	0.034482758620689655	0.27586206896551724	0.034482758620689655	0.4482758620689655
act/19	mean	proj	3	11	False	True	asc	1	0.06896551724137931	0.3103448275862069	0.034482758620689655	0.3793103448275862
act/19	mean	proj	3	11	False	False	asc	1	0.06896551724137931	0.27586206896551724	0.034482758620689655	0.4827586206896552
act/31	mean	proj	4	17	True	False	asc	1	0.034482758620689655	0.2413793103448276	0.034482758620689655	0.3448275862068966
act/31	mean	proj	4	18	True	False	asc	1	0.034482758620689655	0.20689655172413793	0.034482758620689655	0.3793103448275862
act/31	mean	proj	4	19	True	True	asc	1	0.034482758620689655	0.20689655172413793	0.034482758620689655	0.3448275862068966
act/31	mean	proj	4	7	True	True	asc	1	0.06896551724137931	0.3793103448275862	0.034482758620689655	0.5172413793103449
act/31	mean	proj	4	7	True	False	asc	1	0.06896551724137931	0.3793103448275862	0.034482758620689655	0.4827586206896552
act/15	mean	proj	0	17	True	False	asc	1	0.10344827586206896	0.3103448275862069	0.034482758620689655	0.41379310344827586
act/15	mean	proj	0	18	True	False	asc	1	0.10344827586206896	0.3448275862068966	0.034482758620689655	0.41379310344827586
act/15	mean	proj	0	19	True	False	asc	1	0.10344827586206896	0.3448275862068966	0.034482758620689655	0.3793103448275862
act/15	mean	proj	0	20	True	False	asc	1	0.10344827586206896	0.3448275862068966	0.034482758620689655	0.41379310344827586
act/7	mean	proj	9	12	True	False	asc	1	0.06896551724137931	0.3448275862068966	0.034482758620689655	0.3793103448275862
act/7	mean	proj	9	13	True	True	asc	1	0.06896551724137931	0.3103448275862069	0.034482758620689655	0.3793103448275862
act/7	mean	proj	9	13	True	False	asc	1	0.06896551724137931	0.27586206896551724	0.034482758620689655	0.3793103448275862
act/15	mean	proj	0	15	True	False	asc	1	0.10344827586206896	0.3103448275862069	0.034482758620689655	0.41379310344827586
act/15	mean	proj	0	16	True	False	asc	1	0.10344827586206896	0.3103448275862069	0.034482758620689655	0.41379310344827586
act/7	mean	proj	9	10	True	True	asc	1	0.10344827586206896	0.3793103448275862	0.034482758620689655	0.4482758620689655
act/7	mean	proj	9	10	True	False	asc	1	0.10344827586206896	0.3793103448275862	0.034482758620689655	0.4482758620689655
act/7	mean	proj	9	11	True	True	asc	1	0.06896551724137931	0.3793103448275862	0.034482758620689655	0.3793103448275862
act/7	mean	proj	9	11	True	False	asc	1	0.06896551724137931	0.3793103448275862	0.034482758620689655	0.3448275862068966
act/7	mean	proj	9	12	True	True	asc	1	0.06896551724137931	0.3448275862068966	0.034482758620689655	0.3793103448275862
act/7	mean	proj	8	12	True	True	asc	1	0.034482758620689655	0.3103448275862069	0.034482758620689655	0.41379310344827586
act/7	mean	proj	8	12	True	False	asc	1	0.034482758620689655	0.3448275862068966	0.034482758620689655	0.41379310344827586
act/7	mean	proj	8	13	True	True	asc	1	0.06896551724137931	0.27586206896551724	0.034482758620689655	0.3793103448275862
act/7	mean	proj	8	13	True	False	asc	1	0.06896551724137931	0.27586206896551724	0.034482758620689655	0.3793103448275862
act/7	mean	proj	8	14	True	True	asc	1	0.034482758620689655	0.2413793103448276	0.034482758620689655	0.3793103448275862
act/7	mean	proj	8	14	True	False	asc	1	0.034482758620689655	0.2413793103448276	0.034482758620689655	0.3793103448275862
act/7	mean	proj	7	20	True	True	asc	1	0.034482758620689655	0.2413793103448276	0.034482758620689655	0.3793103448275862
act/7	mean	proj	7	12	True	False	asc	1	0.06896551724137931	0.3448275862068966	0.034482758620689655	0.3448275862068966
act/7	mean	proj	7	13	True	True	asc	1	0.06896551724137931	0.3103448275862069	0.034482758620689655	0.41379310344827586
act/7	mean	proj	7	13	True	False	asc	1	0.06896551724137931	0.3103448275862069	0.034482758620689655	0.3448275862068966
act/7	mean	proj	7	14	True	True	asc	1	0.034482758620689655	0.27586206896551724	0.034482758620689655	0.3793103448275862
act/7	mean	proj	7	14	True	False	asc	1	0.034482758620689655	0.27586206896551724	0.034482758620689655	0.3793103448275862
act/7	mean	proj	7	8	True	True	asc	1	0.13793103448275862	0.3793103448275862	0.034482758620689655	0.3793103448275862
act/7	mean	proj	7	8	True	False	asc	1	0.13793103448275862	0.3793103448275862	0.034482758620689655	0.3793103448275862
act/7	mean	proj	7	9	True	True	asc	1	0.10344827586206896	0.3448275862068966	0.034482758620689655	0.41379310344827586
act/7	mean	proj	7	9	True	False	asc	1	0.10344827586206896	0.3448275862068966	0.034482758620689655	0.41379310344827586
act/7	mean	proj	7	12	True	True	asc	1	0.06896551724137931	0.3448275862068966	0.034482758620689655	0.3448275862068966
act/31	mean	proj	5	18	True	False	asc	1	0.06896551724137931	0.2413793103448276	0.034482758620689655	0.3793103448275862
act/31	mean	proj	5	19	True	True	asc	1	0.06896551724137931	0.2413793103448276	0.034482758620689655	0.3793103448275862
act/31	mean	proj	5	19	True	False	asc	1	0.06896551724137931	0.27586206896551724	0.034482758620689655	0.41379310344827586
act/31	mean	proj	5	20	True	True	asc	1	0.034482758620689655	0.20689655172413793	0.034482758620689655	0.4482758620689655
act/31	mean	proj	5	20	True	False	asc	1	0.034482758620689655	0.2413793103448276	0.034482758620689655	0.4482758620689655
act/31	mean	proj	5	13	True	False	asc	1	0.034482758620689655	0.3103448275862069	0.034482758620689655	0.41379310344827586
act/31	mean	proj	5	14	True	True	asc	1	0.034482758620689655	0.1724137931034483	0.034482758620689655	0.41379310344827586
act/31	mean	proj	5	14	True	False	asc	1	0.034482758620689655	0.20689655172413793	0.034482758620689655	0.41379310344827586
act/31	mean	proj	5	16	True	True	asc	1	0.034482758620689655	0.20689655172413793	0.034482758620689655	0.3448275862068966
act/31	mean	proj	5	17	True	False	asc	1	0.034482758620689655	0.2413793103448276	0.034482758620689655	0.3448275862068966
act/31	mean	proj	5	11	True	False	asc	1	0.034482758620689655	0.2413793103448276	0.034482758620689655	0.41379310344827586
act/31	mean	proj	5	12	True	True	asc	1	0.034482758620689655	0.20689655172413793	0.034482758620689655	0.41379310344827586
act/31	mean	proj	5	12	True	False	asc	1	0.034482758620689655	0.27586206896551724	0.034482758620689655	0.41379310344827586
act/31	mean	proj	5	13	True	True	asc	1	0.034482758620689655	0.2413793103448276	0.034482758620689655	0.41379310344827586
act/31	mean	proj	4	19	True	False	asc	1	0.06896551724137931	0.27586206896551724	0.034482758620689655	0.41379310344827586
act/31	mean	proj	4	20	True	True	asc	1	0.034482758620689655	0.2413793103448276	0.034482758620689655	0.3448275862068966
act/31	mean	proj	4	20	True	False	asc	1	0.034482758620689655	0.27586206896551724	0.034482758620689655	0.41379310344827586
act/31	mean	proj	5	7	True	True	asc	1	0.034482758620689655	0.3103448275862069	0.034482758620689655	0.4827586206896552
act/31	mean	proj	5	7	True	False	asc	1	0.034482758620689655	0.3103448275862069	0.034482758620689655	0.4827586206896552
act/7	mean	proj	6	10	True	False	asc	1	0.10344827586206896	0.3103448275862069	0.034482758620689655	0.3448275862068966
act/7	mean	proj	6	12	True	True	asc	1	0.06896551724137931	0.3103448275862069	0.034482758620689655	0.3448275862068966
act/7	mean	proj	6	12	True	False	asc	1	0.06896551724137931	0.3103448275862069	0.034482758620689655	0.3448275862068966
act/7	mean	proj	6	13	True	True	asc	1	0.06896551724137931	0.3103448275862069	0.034482758620689655	0.3448275862068966
act/7	mean	proj	6	13	True	False	asc	1	0.06896551724137931	0.3103448275862069	0.034482758620689655	0.3103448275862069
act/7	mean	proj	6	14	True	True	asc	1	0.06896551724137931	0.3103448275862069	0.034482758620689655	0.3793103448275862
act/7	mean	proj	6	14	True	False	asc	1	0.034482758620689655	0.27586206896551724	0.034482758620689655	0.3448275862068966
act/7	mean	proj	6	8	True	True	asc	1	0.13793103448275862	0.41379310344827586	0.034482758620689655	0.4827586206896552
act/7	mean	proj	6	8	True	False	asc	1	0.13793103448275862	0.41379310344827586	0.034482758620689655	0.4827586206896552
act/7	mean	proj	6	9	True	True	asc	1	0.13793103448275862	0.3793103448275862	0.034482758620689655	0.3448275862068966
act/7	mean	proj	6	9	True	False	asc	1	0.13793103448275862	0.41379310344827586	0.034482758620689655	0.3448275862068966
act/7	mean	proj	6	10	True	True	asc	1	0.10344827586206896	0.3103448275862069	0.034482758620689655	0.3448275862068966
act/31	mean	proj	6	15	True	True	asc	1	0.034482758620689655	0.2413793103448276	0.034482758620689655	0.3793103448275862
act/31	mean	proj	6	18	True	False	asc	1	0.06896551724137931	0.3103448275862069	0.034482758620689655	0.3793103448275862
act/31	mean	proj	6	19	True	True	asc	1	0.06896551724137931	0.27586206896551724	0.034482758620689655	0.41379310344827586
act/31	mean	proj	6	19	True	False	asc	1	0.06896551724137931	0.3448275862068966	0.034482758620689655	0.4482758620689655
act/31	mean	proj	6	20	True	True	asc	1	0.034482758620689655	0.3103448275862069	0.034482758620689655	0.41379310344827586
act/31	mean	proj	6	20	True	False	asc	1	0.034482758620689655	0.3103448275862069	0.034482758620689655	0.4827586206896552
act/19	mean	proj	2	4	False	True	asc	1	0.13793103448275862	0.3103448275862069	0.034482758620689655	0.3103448275862069
act/19	mean	proj	2	6	False	True	asc	1	0.034482758620689655	0.4482758620689655	0.034482758620689655	0.5172413793103449
act/19	mean	proj	2	7	False	True	asc	1	0.034482758620689655	0.3793103448275862	0.034482758620689655	0.5172413793103449
act/19	mean	proj	2	7	False	False	asc	1	0.034482758620689655	0.41379310344827586	0.034482758620689655	0.5517241379310345
act/19	mean	proj	2	8	False	True	asc	1	0.034482758620689655	0.3793103448275862	0.034482758620689655	0.5172413793103449
act/19	mean	proj	2	8	False	False	asc	1	0.034482758620689655	0.41379310344827586	0.034482758620689655	0.5172413793103449
act/31	mean	proj	6	14	True	True	asc	1	0.034482758620689655	0.2413793103448276	0.034482758620689655	0.3793103448275862
act/31	mean	proj	6	14	True	False	asc	1	0.034482758620689655	0.27586206896551724	0.034482758620689655	0.3793103448275862
act/31	mean	proj	6	12	True	True	asc	1	0.034482758620689655	0.3103448275862069	0.034482758620689655	0.4482758620689655
act/31	mean	proj	6	12	True	False	asc	1	0.034482758620689655	0.3103448275862069	0.034482758620689655	0.4482758620689655
act/31	mean	proj	6	13	True	True	asc	1	0.034482758620689655	0.3103448275862069	0.034482758620689655	0.4482758620689655
act/31	mean	proj	6	13	True	False	asc	1	0.034482758620689655	0.3103448275862069	0.034482758620689655	0.4482758620689655
act/19	mean	proj	1	20	False	True	asc	1	0.13793103448275862	0.27586206896551724	0.034482758620689655	0.3448275862068966
act/19	mean	proj	1	20	False	False	asc	1	0.13793103448275862	0.3448275862068966	0.034482758620689655	0.3448275862068966
act/31	mean	proj	6	11	True	True	asc	1	0.034482758620689655	0.27586206896551724	0.034482758620689655	0.4482758620689655
act/31	mean	proj	6	11	True	False	asc	1	0.034482758620689655	0.27586206896551724	0.034482758620689655	0.4482758620689655
act/7	mean	proj	5	7	True	False	asc	1	0.034482758620689655	0.20689655172413793	0.034482758620689655	0.3793103448275862
act/7	mean	proj	5	12	True	True	asc	1	0.06896551724137931	0.3103448275862069	0.034482758620689655	0.3448275862068966
act/7	mean	proj	5	12	True	False	asc	1	0.06896551724137931	0.3103448275862069	0.034482758620689655	0.3448275862068966
act/7	mean	proj	5	13	True	True	asc	1	0.06896551724137931	0.3103448275862069	0.034482758620689655	0.3448275862068966
act/7	mean	proj	5	13	True	False	asc	1	0.06896551724137931	0.3103448275862069	0.034482758620689655	0.3448275862068966
act/7	mean	proj	5	14	True	True	asc	1	0.06896551724137931	0.3103448275862069	0.034482758620689655	0.3448275862068966
act/7	mean	proj	5	14	True	False	asc	1	0.034482758620689655	0.27586206896551724	0.034482758620689655	0.3448275862068966
act/7	mean	proj	4	18	True	False	asc	1	0.0	0.20689655172413793	0.034482758620689655	0.3448275862068966
act/7	mean	proj	4	19	True	True	asc	1	0.034482758620689655	0.20689655172413793	0.034482758620689655	0.41379310344827586
act/7	mean	proj	4	20	True	True	asc	1	0.034482758620689655	0.20689655172413793	0.034482758620689655	0.3448275862068966
act/7	mean	proj	5	6	True	True	asc	1	0.06896551724137931	0.3448275862068966	0.034482758620689655	0.3793103448275862
act/7	mean	proj	5	6	True	False	asc	1	0.06896551724137931	0.3448275862068966	0.034482758620689655	0.3793103448275862
act/7	mean	proj	5	7	True	True	asc	1	0.034482758620689655	0.1724137931034483	0.034482758620689655	0.41379310344827586
act/7	mean	proj	4	14	True	False	asc	1	0.06896551724137931	0.2413793103448276	0.034482758620689655	0.3448275862068966
act/7	mean	proj	4	15	True	True	asc	1	0.034482758620689655	0.2413793103448276	0.034482758620689655	0.3103448275862069
act/7	mean	proj	4	15	True	False	asc	1	0.034482758620689655	0.20689655172413793	0.034482758620689655	0.3448275862068966
act/7	mean	proj	4	16	True	True	asc	1	0.034482758620689655	0.20689655172413793	0.034482758620689655	0.3448275862068966
act/7	mean	proj	4	16	True	False	asc	1	0.034482758620689655	0.20689655172413793	0.034482758620689655	0.3448275862068966
act/7	mean	proj	4	17	True	True	asc	1	0.034482758620689655	0.20689655172413793	0.034482758620689655	0.3448275862068966
act/7	mean	proj	4	17	True	False	asc	1	0.034482758620689655	0.20689655172413793	0.034482758620689655	0.3448275862068966
act/7	mean	proj	4	18	True	True	asc	1	0.034482758620689655	0.20689655172413793	0.034482758620689655	0.3448275862068966
act/7	mean	proj	4	11	True	True	asc	1	0.034482758620689655	0.20689655172413793	0.034482758620689655	0.3793103448275862
act/7	mean	proj	4	12	True	True	asc	1	0.034482758620689655	0.27586206896551724	0.034482758620689655	0.27586206896551724
act/7	mean	proj	4	13	True	True	asc	1	0.034482758620689655	0.2413793103448276	0.034482758620689655	0.27586206896551724
act/7	mean	proj	4	14	True	True	asc	1	0.034482758620689655	0.2413793103448276	0.034482758620689655	0.27586206896551724
act/19	mean	proj	1	17	False	False	asc	1	0.13793103448275862	0.3448275862068966	0.034482758620689655	0.3793103448275862
act/19	mean	proj	1	18	False	True	asc	1	0.1724137931034483	0.27586206896551724	0.034482758620689655	0.3448275862068966
act/19	mean	proj	1	18	False	False	asc	1	0.13793103448275862	0.3448275862068966	0.034482758620689655	0.3793103448275862
act/19	mean	proj	1	19	False	True	asc	1	0.13793103448275862	0.27586206896551724	0.034482758620689655	0.3448275862068966
act/19	mean	proj	1	19	False	False	asc	1	0.13793103448275862	0.3448275862068966	0.034482758620689655	0.3448275862068966
act/19	mean	proj	1	3	False	True	asc	1	0.06896551724137931	0.27586206896551724	0.034482758620689655	0.3103448275862069
act/19	mean	proj	1	13	False	False	asc	1	0.13793103448275862	0.3448275862068966	0.034482758620689655	0.3448275862068966
act/19	mean	proj	1	14	False	True	asc	1	0.1724137931034483	0.27586206896551724	0.034482758620689655	0.3103448275862069
act/19	mean	proj	1	14	False	False	asc	1	0.13793103448275862	0.3448275862068966	0.034482758620689655	0.3448275862068966
act/19	mean	proj	1	15	False	True	asc	1	0.1724137931034483	0.27586206896551724	0.034482758620689655	0.3103448275862069
act/19	mean	proj	1	15	False	False	asc	1	0.13793103448275862	0.3448275862068966	0.034482758620689655	0.3793103448275862
act/19	mean	proj	1	16	False	True	asc	1	0.1724137931034483	0.27586206896551724	0.034482758620689655	0.3448275862068966
act/19	mean	proj	1	16	False	False	asc	1	0.13793103448275862	0.3448275862068966	0.034482758620689655	0.3793103448275862
act/19	mean	proj	1	17	False	True	asc	1	0.1724137931034483	0.27586206896551724	0.034482758620689655	0.3448275862068966
act/19	mean	proj	1	9	False	True	asc	1	0.13793103448275862	0.27586206896551724	0.034482758620689655	0.3103448275862069
act/19	mean	proj	1	9	False	False	asc	1	0.10344827586206896	0.3103448275862069	0.034482758620689655	0.3103448275862069
act/19	mean	proj	1	10	False	True	asc	1	0.13793103448275862	0.27586206896551724	0.034482758620689655	0.3103448275862069
act/19	mean	proj	1	10	False	False	asc	1	0.10344827586206896	0.3103448275862069	0.034482758620689655	0.3103448275862069
act/19	mean	proj	1	11	False	True	asc	1	0.13793103448275862	0.27586206896551724	0.034482758620689655	0.3103448275862069
act/19	mean	proj	1	12	False	True	asc	1	0.1724137931034483	0.27586206896551724	0.034482758620689655	0.3103448275862069
act/19	mean	proj	1	12	False	False	asc	1	0.10344827586206896	0.3103448275862069	0.034482758620689655	0.3103448275862069
act/19	mean	proj	1	13	False	True	asc	1	0.1724137931034483	0.27586206896551724	0.034482758620689655	0.3103448275862069
act/31	mean	proj	7	9	True	True	asc	1	0.034482758620689655	0.13793103448275862	0.034482758620689655	0.41379310344827586
act/31	mean	proj	7	9	True	False	asc	1	0.034482758620689655	0.13793103448275862	0.034482758620689655	0.41379310344827586
act/31	mean	proj	7	10	True	True	asc	1	0.0	0.27586206896551724	0.034482758620689655	0.41379310344827586
act/31	mean	proj	7	10	True	False	asc	1	0.0	0.27586206896551724	0.034482758620689655	0.41379310344827586
act/31	mean	proj	7	11	True	True	asc	1	0.0	0.27586206896551724	0.034482758620689655	0.4827586206896552
act/31	mean	proj	7	11	True	False	asc	1	0.0	0.27586206896551724	0.034482758620689655	0.4827586206896552
act/19	mean	proj	14	15	True	False	asc	1	0.10344827586206896	0.27586206896551724	0.034482758620689655	0.3103448275862069
act/19	mean	proj	14	18	True	False	asc	1	0.13793103448275862	0.4827586206896552	0.034482758620689655	0.4827586206896552
act/19	mean	proj	14	19	True	False	asc	1	0.10344827586206896	0.4482758620689655	0.034482758620689655	0.4482758620689655
act/19	mean	proj	16	17	True	False	asc	1	0.034482758620689655	0.41379310344827586	0.034482758620689655	0.4482758620689655
act/19	mean	proj	16	18	True	True	asc	1	0.13793103448275862	0.3448275862068966	0.034482758620689655	0.4482758620689655
act/19	mean	proj	16	18	True	False	asc	1	0.13793103448275862	0.3448275862068966	0.034482758620689655	0.4482758620689655
act/19	mean	proj	16	19	True	True	asc	1	0.06896551724137931	0.3103448275862069	0.034482758620689655	0.41379310344827586
act/19	mean	proj	16	19	True	False	asc	1	0.06896551724137931	0.27586206896551724	0.034482758620689655	0.41379310344827586
act/19	mean	proj	16	20	True	True	asc	1	0.06896551724137931	0.3448275862068966	0.034482758620689655	0.3448275862068966
act/19	mean	proj	16	20	True	False	asc	1	0.034482758620689655	0.3448275862068966	0.034482758620689655	0.3448275862068966
act/19	mean	proj	14	15	True	True	asc	1	0.10344827586206896	0.27586206896551724	0.034482758620689655	0.3103448275862069
act/31	mean	proj	8	11	True	True	asc	1	0.06896551724137931	0.3103448275862069	0.034482758620689655	0.5517241379310345
act/31	mean	proj	8	11	True	False	asc	1	0.06896551724137931	0.3103448275862069	0.034482758620689655	0.5517241379310345
act/31	mean	proj	8	18	True	True	asc	1	0.10344827586206896	0.3448275862068966	0.034482758620689655	0.5517241379310345
act/31	mean	proj	8	18	True	False	asc	1	0.10344827586206896	0.3448275862068966	0.034482758620689655	0.5172413793103449
act/31	mean	proj	8	20	True	True	asc	1	0.13793103448275862	0.4482758620689655	0.034482758620689655	0.5172413793103449
act/31	mean	proj	8	20	True	False	asc	1	0.13793103448275862	0.4482758620689655	0.034482758620689655	0.4827586206896552
act/19	mean	proj	16	17	True	True	asc	1	0.034482758620689655	0.41379310344827586	0.034482758620689655	0.4482758620689655
act/19	mean	proj	1	3	False	False	asc	1	0.06896551724137931	0.27586206896551724	0.034482758620689655	0.3103448275862069
act/31	mean	proj	7	18	True	True	asc	1	0.06896551724137931	0.3448275862068966	0.034482758620689655	0.4482758620689655
act/31	mean	proj	7	18	True	False	asc	1	0.06896551724137931	0.3103448275862069	0.034482758620689655	0.3448275862068966
act/31	mean	proj	7	19	True	True	asc	1	0.06896551724137931	0.3103448275862069	0.034482758620689655	0.4482758620689655
act/31	mean	proj	7	19	True	False	asc	1	0.06896551724137931	0.3103448275862069	0.034482758620689655	0.4827586206896552
act/31	mean	proj	7	20	True	True	asc	1	0.06896551724137931	0.3448275862068966	0.034482758620689655	0.41379310344827586
act/31	mean	proj	7	20	True	False	asc	1	0.06896551724137931	0.3103448275862069	0.034482758620689655	0.3793103448275862
act/19	mean	proj	10	14	True	False	asc	1	0.10344827586206896	0.3448275862068966	0.034482758620689655	0.5517241379310345
act/19	mean	proj	11	12	True	True	asc	1	0.06896551724137931	0.3103448275862069	0.034482758620689655	0.4482758620689655
act/19	mean	proj	11	12	True	False	asc	1	0.06896551724137931	0.3103448275862069	0.034482758620689655	0.4482758620689655
act/19	mean	proj	6	7	True	True	asc	1	0.06896551724137931	0.41379310344827586	0.034482758620689655	0.5517241379310345
act/19	mean	proj	12	14	True	True	asc	1	0.06896551724137931	0.27586206896551724	0.034482758620689655	0.4482758620689655
act/19	mean	proj	12	14	True	False	asc	1	0.06896551724137931	0.27586206896551724	0.034482758620689655	0.4827586206896552
act/19	mean	proj	13	14	True	True	asc	1	0.034482758620689655	0.27586206896551724	0.034482758620689655	0.41379310344827586
act/19	mean	proj	13	14	True	False	asc	1	0.034482758620689655	0.27586206896551724	0.034482758620689655	0.41379310344827586
act/19	mean	proj	10	14	True	True	asc	1	0.10344827586206896	0.3448275862068966	0.034482758620689655	0.5172413793103449
act/31	mean	proj	10	11	True	False	asc	1	0.10344827586206896	0.3793103448275862	0.034482758620689655	0.4482758620689655
act/31	mean	proj	10	12	True	True	asc	1	0.13793103448275862	0.4482758620689655	0.034482758620689655	0.4482758620689655
act/31	mean	proj	10	12	True	False	asc	1	0.13793103448275862	0.4482758620689655	0.034482758620689655	0.4482758620689655
act/19	mean	proj	15	20	True	True	asc	1	0.0	0.3793103448275862	0.034482758620689655	0.5172413793103449
act/19	mean	proj	15	20	True	False	asc	1	0.0	0.3793103448275862	0.034482758620689655	0.5172413793103449
act/31	mean	proj	9	10	True	True	asc	1	0.034482758620689655	0.3793103448275862	0.034482758620689655	0.3448275862068966
act/31	mean	proj	9	10	True	False	asc	1	0.034482758620689655	0.3793103448275862	0.034482758620689655	0.3448275862068966
act/31	mean	proj	10	11	True	True	asc	1	0.10344827586206896	0.3793103448275862	0.034482758620689655	0.4482758620689655
act/7	mean	proj	4	6	True	False	asc	1	0.10344827586206896	0.20689655172413793	0.034482758620689655	0.5172413793103449
act/7	mean	proj	4	7	True	True	asc	1	0.06896551724137931	0.20689655172413793	0.034482758620689655	0.3793103448275862
act/7	mean	proj	4	5	True	True	asc	1	0.06896551724137931	0.3103448275862069	0.034482758620689655	0.3448275862068966
act/7	mean	proj	4	5	True	False	asc	1	0.06896551724137931	0.3103448275862069	0.034482758620689655	0.3448275862068966
act/7	mean	proj	4	6	True	True	asc	1	0.10344827586206896	0.20689655172413793	0.034482758620689655	0.5172413793103449
act/31	mean	proj	13	19	True	True	asc	1	0.13793103448275862	0.41379310344827586	0.034482758620689655	0.4827586206896552
act/31	mean	proj	13	20	True	False	asc	1	0.13793103448275862	0.5172413793103449	0.034482758620689655	0.41379310344827586
act/19	mean	proj	3	19	True	False	asc	1	0.10344827586206896	0.3448275862068966	0.034482758620689655	0.5862068965517241
act/19	mean	proj	3	20	True	False	asc	1	0.10344827586206896	0.3448275862068966	0.034482758620689655	0.5862068965517241
act/19	mean	proj	4	6	True	True	asc	1	0.034482758620689655	0.3103448275862069	0.034482758620689655	0.3793103448275862
act/19	mean	proj	4	6	True	False	asc	1	0.034482758620689655	0.3103448275862069	0.034482758620689655	0.3793103448275862
act/19	mean	proj	4	7	True	True	asc	1	0.034482758620689655	0.27586206896551724	0.034482758620689655	0.3793103448275862
act/31	mean	proj	13	14	True	True	asc	1	0.06896551724137931	0.3103448275862069	0.034482758620689655	0.6206896551724138
act/31	mean	proj	13	14	True	False	asc	1	0.06896551724137931	0.3103448275862069	0.034482758620689655	0.6206896551724138
act/31	mean	proj	13	17	True	True	asc	1	0.1724137931034483	0.3793103448275862	0.034482758620689655	0.41379310344827586
act/31	mean	proj	13	17	True	False	asc	1	0.1724137931034483	0.41379310344827586	0.034482758620689655	0.41379310344827586
act/31	mean	proj	11	16	True	True	asc	1	0.1724137931034483	0.3793103448275862	0.034482758620689655	0.5862068965517241
act/31	mean	proj	11	16	True	False	asc	1	0.1724137931034483	0.3793103448275862	0.034482758620689655	0.5862068965517241
act/31	mean	proj	11	17	True	True	asc	1	0.10344827586206896	0.3793103448275862	0.034482758620689655	0.4482758620689655
act/31	mean	proj	11	17	True	False	asc	1	0.13793103448275862	0.41379310344827586	0.034482758620689655	0.4482758620689655
act/31	mean	proj	11	20	True	True	asc	1	0.1724137931034483	0.4827586206896552	0.034482758620689655	0.5172413793103449
act/31	mean	proj	11	20	True	False	asc	1	0.1724137931034483	0.4827586206896552	0.034482758620689655	0.4827586206896552
act/31	mean	proj	12	17	True	True	asc	1	0.1724137931034483	0.4482758620689655	0.034482758620689655	0.3793103448275862
act/31	mean	proj	12	17	True	False	asc	1	0.1724137931034483	0.4482758620689655	0.034482758620689655	0.3793103448275862
act/19	mean	proj	6	7	True	False	asc	1	0.06896551724137931	0.41379310344827586	0.034482758620689655	0.5517241379310345
act/19	mean	proj	6	14	True	True	asc	1	0.10344827586206896	0.4482758620689655	0.034482758620689655	0.6206896551724138
act/19	mean	proj	4	19	True	False	asc	1	0.10344827586206896	0.27586206896551724	0.034482758620689655	0.5862068965517241
act/19	mean	proj	4	20	True	True	asc	1	0.06896551724137931	0.2413793103448276	0.034482758620689655	0.4827586206896552
act/19	mean	proj	4	20	True	False	asc	1	0.06896551724137931	0.27586206896551724	0.034482758620689655	0.6206896551724138
act/31	mean	proj	10	20	True	True	asc	1	0.1724137931034483	0.5172413793103449	0.034482758620689655	0.5517241379310345
act/31	mean	proj	10	20	True	False	asc	1	0.1724137931034483	0.5517241379310345	0.034482758620689655	0.4827586206896552
act/7	mean	proj	3	6	True	True	asc	1	0.034482758620689655	0.1724137931034483	0.034482758620689655	0.3793103448275862
act/7	mean	proj	3	7	True	True	asc	1	0.034482758620689655	0.2413793103448276	0.034482758620689655	0.27586206896551724
act/7	mean	proj	3	7	True	False	asc	1	0.034482758620689655	0.27586206896551724	0.034482758620689655	0.3103448275862069
act/7	mean	proj	2	8	True	False	asc	1	0.06896551724137931	0.2413793103448276	0.034482758620689655	0.3103448275862069
act/7	mean	proj	2	9	True	False	asc	1	0.06896551724137931	0.27586206896551724	0.034482758620689655	0.3103448275862069
act/7	mean	proj	0	18	True	False	asc	1	0.06896551724137931	0.4482758620689655	0.034482758620689655	0.4482758620689655
act/7	mean	proj	0	19	True	False	asc	1	0.06896551724137931	0.4482758620689655	0.034482758620689655	0.41379310344827586
act/7	mean	proj	0	20	True	False	asc	1	0.06896551724137931	0.41379310344827586	0.034482758620689655	0.41379310344827586
act/7	mean	proj	0	14	True	False	asc	1	0.06896551724137931	0.3793103448275862	0.034482758620689655	0.3793103448275862
act/7	mean	proj	0	15	True	False	asc	1	0.10344827586206896	0.41379310344827586	0.034482758620689655	0.41379310344827586
act/7	mean	proj	0	16	True	False	asc	1	0.06896551724137931	0.41379310344827586	0.034482758620689655	0.3793103448275862
act/7	mean	proj	0	17	True	False	asc	1	0.06896551724137931	0.41379310344827586	0.034482758620689655	0.3793103448275862
act/31	mean	proj	15	18	True	True	asc	1	0.10344827586206896	0.3448275862068966	0.034482758620689655	0.3793103448275862
act/31	mean	proj	15	18	True	False	asc	1	0.10344827586206896	0.3448275862068966	0.034482758620689655	0.3793103448275862
act/19	mean	proj	4	18	True	True	asc	1	0.06896551724137931	0.2413793103448276	0.034482758620689655	0.5517241379310345
act/19	mean	proj	4	18	True	False	asc	1	0.10344827586206896	0.27586206896551724	0.034482758620689655	0.5517241379310345
act/31	mean	proj	14	18	True	True	asc	1	0.20689655172413793	0.3793103448275862	0.034482758620689655	0.4827586206896552
act/31	mean	proj	14	18	True	False	asc	1	0.20689655172413793	0.3793103448275862	0.034482758620689655	0.4827586206896552
act/31	mean	proj	14	20	True	True	asc	1	0.10344827586206896	0.4482758620689655	0.034482758620689655	0.4827586206896552
act/31	mean	proj	14	20	True	False	asc	1	0.10344827586206896	0.4482758620689655	0.034482758620689655	0.4827586206896552
act/31	mean	proj	15	16	True	True	asc	1	0.10344827586206896	0.3793103448275862	0.034482758620689655	0.3448275862068966
act/31	mean	proj	15	16	True	False	asc	1	0.10344827586206896	0.3793103448275862	0.034482758620689655	0.3448275862068966
act/19	mean	proj	4	12	True	True	asc	1	0.034482758620689655	0.20689655172413793	0.034482758620689655	0.5517241379310345
act/19	mean	proj	4	12	True	False	asc	1	0.034482758620689655	0.2413793103448276	0.034482758620689655	0.5517241379310345
act/19	mean	proj	4	13	True	True	asc	1	0.034482758620689655	0.20689655172413793	0.034482758620689655	0.5862068965517241
act/19	mean	proj	4	13	True	False	asc	1	0.034482758620689655	0.20689655172413793	0.034482758620689655	0.5862068965517241
act/19	mean	proj	4	14	True	True	asc	1	0.034482758620689655	0.2413793103448276	0.034482758620689655	0.5862068965517241
act/19	mean	proj	4	14	True	False	asc	1	0.034482758620689655	0.2413793103448276	0.034482758620689655	0.5517241379310345
act/19	mean	proj	4	16	True	False	asc	1	0.10344827586206896	0.27586206896551724	0.034482758620689655	0.5517241379310345
act/19	mean	proj	4	17	True	False	asc	1	0.10344827586206896	0.27586206896551724	0.034482758620689655	0.5862068965517241
act/19	mean	proj	4	7	True	False	asc	1	0.034482758620689655	0.27586206896551724	0.034482758620689655	0.3448275862068966
act/19	mean	proj	4	8	True	True	asc	1	0.034482758620689655	0.3103448275862069	0.034482758620689655	0.5517241379310345
act/19	mean	proj	4	8	True	False	asc	1	0.034482758620689655	0.2413793103448276	0.034482758620689655	0.5517241379310345
act/19	mean	proj	4	9	True	True	asc	1	0.034482758620689655	0.27586206896551724	0.034482758620689655	0.4827586206896552
act/19	mean	proj	4	9	True	False	asc	1	0.034482758620689655	0.2413793103448276	0.034482758620689655	0.4482758620689655
act/19	mean	proj	4	10	True	True	asc	1	0.034482758620689655	0.3103448275862069	0.034482758620689655	0.4827586206896552
act/19	mean	proj	4	11	True	True	asc	1	0.06896551724137931	0.2413793103448276	0.034482758620689655	0.4827586206896552
act/19	mean	proj	4	11	True	False	asc	1	0.06896551724137931	0.20689655172413793	0.034482758620689655	0.5172413793103449
act/19	mean	proj	3	14	True	True	asc	1	0.10344827586206896	0.41379310344827586	0.034482758620689655	0.6206896551724138
act/31	mean	proj	18	20	True	True	asc	1	0.13793103448275862	0.3103448275862069	0.034482758620689655	0.4482758620689655
act/31	mean	proj	18	20	True	False	asc	1	0.13793103448275862	0.3103448275862069	0.034482758620689655	0.4482758620689655
act/19	mean	proj	2	5	True	True	asc	1	0.06896551724137931	0.4482758620689655	0.034482758620689655	0.4827586206896552
act/19	mean	proj	2	5	True	False	asc	1	0.06896551724137931	0.5172413793103449	0.034482758620689655	0.4482758620689655
act/19	mean	proj	2	6	True	True	asc	1	0.06896551724137931	0.4482758620689655	0.034482758620689655	0.5172413793103449
act/19	mean	proj	2	6	True	False	asc	1	0.06896551724137931	0.5517241379310345	0.034482758620689655	0.4827586206896552
act/19	mean	proj	2	7	True	True	asc	1	0.06896551724137931	0.41379310344827586	0.034482758620689655	0.41379310344827586
act/19	mean	proj	3	9	True	False	asc	1	0.10344827586206896	0.41379310344827586	0.034482758620689655	0.4482758620689655
act/19	mean	proj	3	10	True	True	asc	1	0.10344827586206896	0.41379310344827586	0.034482758620689655	0.5172413793103449
act/19	mean	proj	3	11	True	True	asc	1	0.10344827586206896	0.41379310344827586	0.034482758620689655	0.5172413793103449
act/19	mean	proj	3	11	True	False	asc	1	0.06896551724137931	0.3448275862068966	0.034482758620689655	0.5172413793103449
act/19	mean	proj	3	12	True	True	asc	1	0.13793103448275862	0.4482758620689655	0.034482758620689655	0.5862068965517241
act/19	mean	proj	3	12	True	False	asc	1	0.06896551724137931	0.3103448275862069	0.034482758620689655	0.6206896551724138
act/19	mean	proj	3	13	True	True	asc	1	0.10344827586206896	0.3103448275862069	0.034482758620689655	0.6206896551724138
act/19	mean	proj	3	13	True	False	asc	1	0.10344827586206896	0.3448275862068966	0.034482758620689655	0.6551724137931034
act/19	mean	proj	2	20	True	False	asc	1	0.10344827586206896	0.2413793103448276	0.034482758620689655	0.5862068965517241
act/19	mean	proj	3	6	True	True	asc	1	0.06896551724137931	0.5172413793103449	0.034482758620689655	0.4482758620689655
act/19	mean	proj	3	6	True	False	asc	1	0.06896551724137931	0.5172413793103449	0.034482758620689655	0.4827586206896552
act/19	mean	proj	3	7	True	True	asc	1	0.034482758620689655	0.3793103448275862	0.034482758620689655	0.3448275862068966
act/19	mean	proj	3	7	True	False	asc	1	0.034482758620689655	0.3793103448275862	0.034482758620689655	0.3448275862068966
act/19	mean	proj	3	8	True	True	asc	1	0.10344827586206896	0.4482758620689655	0.034482758620689655	0.6206896551724138
act/19	mean	proj	3	8	True	False	asc	1	0.10344827586206896	0.4482758620689655	0.034482758620689655	0.6551724137931034
act/19	mean	proj	3	9	True	True	asc	1	0.10344827586206896	0.4827586206896552	0.034482758620689655	0.5172413793103449
act/31	mean	proj	16	18	True	True	asc	1	0.1724137931034483	0.3448275862068966	0.034482758620689655	0.3793103448275862
act/31	mean	proj	17	18	True	True	asc	1	0.06896551724137931	0.3448275862068966	0.034482758620689655	0.4827586206896552
act/31	mean	proj	17	18	True	False	asc	1	0.06896551724137931	0.3448275862068966	0.034482758620689655	0.4827586206896552
act/31	mean	proj	17	20	True	True	asc	1	0.13793103448275862	0.41379310344827586	0.034482758620689655	0.4482758620689655
act/31	mean	proj	17	20	True	False	asc	1	0.13793103448275862	0.41379310344827586	0.034482758620689655	0.4482758620689655
act/19	mean	proj	2	20	True	True	asc	1	0.06896551724137931	0.2413793103448276	0.034482758620689655	0.5172413793103449
act/7	mean	proj	0	9	True	False	asc	1	0.1724137931034483	0.4482758620689655	0.034482758620689655	0.3793103448275862
act/7	mean	proj	0	11	True	False	asc	1	0.13793103448275862	0.3793103448275862	0.034482758620689655	0.3448275862068966
act/7	mean	proj	0	12	True	False	asc	1	0.10344827586206896	0.41379310344827586	0.034482758620689655	0.3793103448275862
act/7	mean	proj	0	13	True	False	asc	1	0.06896551724137931	0.41379310344827586	0.034482758620689655	0.3793103448275862
act/31_normed	mean	norm_l2	0	0	True	False	asc	1	0.034482758620689655	0.3103448275862069	0.034482758620689655	0.4827586206896552
act/31_normed	mean	proj	16	20	False	True	asc	1	0.10344827586206896	0.3793103448275862	0.034482758620689655	0.5172413793103449
act/31_normed	mean	proj	16	20	False	False	asc	1	0.06896551724137931	0.3793103448275862	0.034482758620689655	0.5172413793103449
act/31_normed	mean	proj	17	19	False	True	asc	1	0.0	0.41379310344827586	0.034482758620689655	0.5862068965517241
act/31_normed	mean	proj	17	19	False	False	asc	1	0.0	0.41379310344827586	0.034482758620689655	0.5862068965517241
act/31_normed	mean	proj	18	19	False	True	asc	1	0.06896551724137931	0.27586206896551724	0.034482758620689655	0.3448275862068966
act/31_normed	mean	proj	18	19	False	False	asc	1	0.06896551724137931	0.27586206896551724	0.034482758620689655	0.3448275862068966
act/31_normed	mean	proj	19	20	False	True	asc	1	0.06896551724137931	0.3793103448275862	0.034482758620689655	0.41379310344827586
act/31_normed	mean	proj	19	20	False	False	asc	1	0.06896551724137931	0.3793103448275862	0.034482758620689655	0.41379310344827586
act/31	mean	proj	1	6	False	True	asc	1	0.06896551724137931	0.41379310344827586	0.034482758620689655	0.3103448275862069
act/31	mean	proj	1	7	False	True	asc	1	0.06896551724137931	0.41379310344827586	0.034482758620689655	0.3103448275862069
act/31	mean	proj	1	7	False	False	asc	1	0.06896551724137931	0.3448275862068966	0.034482758620689655	0.3793103448275862
act/31	mean	proj	1	8	False	True	asc	1	0.10344827586206896	0.41379310344827586	0.034482758620689655	0.3103448275862069
act/31	mean	proj	1	8	False	False	asc	1	0.06896551724137931	0.27586206896551724	0.034482758620689655	0.3448275862068966
act/31	mean	proj	1	9	False	True	asc	1	0.10344827586206896	0.3448275862068966	0.034482758620689655	0.27586206896551724
act/19	mean	proj	2	19	True	True	asc	1	0.06896551724137931	0.2413793103448276	0.034482758620689655	0.4827586206896552
act/19	mean	proj	2	19	True	False	asc	1	0.10344827586206896	0.2413793103448276	0.034482758620689655	0.5862068965517241
act/19	mean	proj	2	3	True	True	asc	1	0.034482758620689655	0.3793103448275862	0.034482758620689655	0.41379310344827586
act/19	mean	proj	2	3	True	False	asc	1	0.034482758620689655	0.3793103448275862	0.034482758620689655	0.41379310344827586
act/31	mean	proj	1	2	False	True	asc	1	0.034482758620689655	0.3103448275862069	0.034482758620689655	0.3448275862068966
act/31	mean	proj	1	2	False	False	asc	1	0.034482758620689655	0.3103448275862069	0.034482758620689655	0.3448275862068966
act/19	mean	proj	2	14	True	False	asc	1	0.06896551724137931	0.2413793103448276	0.034482758620689655	0.5517241379310345
act/19	mean	proj	2	15	True	True	asc	1	0.10344827586206896	0.27586206896551724	0.034482758620689655	0.5862068965517241
act/19	mean	proj	2	15	True	False	asc	1	0.10344827586206896	0.2413793103448276	0.034482758620689655	0.5517241379310345
act/19	mean	proj	2	16	True	True	asc	1	0.10344827586206896	0.27586206896551724	0.034482758620689655	0.6206896551724138
act/19	mean	proj	2	16	True	False	asc	1	0.10344827586206896	0.20689655172413793	0.034482758620689655	0.6206896551724138
act/19	mean	proj	2	17	True	True	asc	1	0.06896551724137931	0.2413793103448276	0.034482758620689655	0.5862068965517241
act/19	mean	proj	2	17	True	False	asc	1	0.10344827586206896	0.2413793103448276	0.034482758620689655	0.5862068965517241
act/19	mean	proj	2	18	True	False	asc	1	0.10344827586206896	0.2413793103448276	0.034482758620689655	0.5862068965517241
act/19	mean	proj	2	8	True	True	asc	1	0.06896551724137931	0.3448275862068966	0.034482758620689655	0.4482758620689655
act/19	mean	proj	2	9	True	True	asc	1	0.06896551724137931	0.3103448275862069	0.034482758620689655	0.3448275862068966
act/19	mean	proj	2	10	True	True	asc	1	0.10344827586206896	0.3448275862068966	0.034482758620689655	0.3103448275862069
act/19	mean	proj	2	12	True	True	asc	1	0.06896551724137931	0.3103448275862069	0.034482758620689655	0.41379310344827586
act/19	mean	proj	2	12	True	False	asc	1	0.06896551724137931	0.27586206896551724	0.034482758620689655	0.4827586206896552
act/19	mean	proj	2	13	True	True	asc	1	0.06896551724137931	0.3103448275862069	0.034482758620689655	0.41379310344827586
act/19	mean	proj	2	13	True	False	asc	1	0.06896551724137931	0.2413793103448276	0.034482758620689655	0.4827586206896552
act/19	mean	proj	2	14	True	True	asc	1	0.06896551724137931	0.3448275862068966	0.034482758620689655	0.4482758620689655
act/31	mean	proj	1	14	False	False	asc	1	0.10344827586206896	0.27586206896551724	0.034482758620689655	0.3448275862068966
act/31	mean	proj	1	15	False	True	asc	1	0.10344827586206896	0.3103448275862069	0.034482758620689655	0.27586206896551724
act/31	mean	proj	1	15	False	False	asc	1	0.10344827586206896	0.27586206896551724	0.034482758620689655	0.3448275862068966
act/31	mean	proj	1	16	False	True	asc	1	0.10344827586206896	0.3103448275862069	0.034482758620689655	0.27586206896551724
act/31	mean	proj	1	16	False	False	asc	1	0.10344827586206896	0.27586206896551724	0.034482758620689655	0.3793103448275862
act/31	mean	proj	1	17	False	True	asc	1	0.10344827586206896	0.3103448275862069	0.034482758620689655	0.27586206896551724
act/31	mean	proj	1	17	False	False	asc	1	0.10344827586206896	0.20689655172413793	0.034482758620689655	0.3793103448275862
act/31	mean	proj	1	18	False	True	asc	1	0.10344827586206896	0.3103448275862069	0.034482758620689655	0.3103448275862069
act/19	mean	proj	0	20	True	False	asc	1	0.13793103448275862	0.3448275862068966	0.034482758620689655	0.3448275862068966
act/19	mean	proj	1	2	True	True	asc	1	0.06896551724137931	0.41379310344827586	0.034482758620689655	0.41379310344827586
act/19	mean	proj	1	2	True	False	asc	1	0.06896551724137931	0.41379310344827586	0.034482758620689655	0.41379310344827586
act/31	mean	proj	1	12	False	True	asc	1	0.06896551724137931	0.27586206896551724	0.034482758620689655	0.27586206896551724
act/31	mean	proj	1	12	False	False	asc	1	0.13793103448275862	0.27586206896551724	0.034482758620689655	0.3793103448275862
act/31	mean	proj	1	13	False	True	asc	1	0.06896551724137931	0.27586206896551724	0.034482758620689655	0.27586206896551724
act/31	mean	proj	1	13	False	False	asc	1	0.10344827586206896	0.2413793103448276	0.034482758620689655	0.3793103448275862
act/31	mean	proj	1	14	False	True	asc	1	0.10344827586206896	0.27586206896551724	0.034482758620689655	0.27586206896551724
act/19	mean	proj	0	12	True	False	asc	1	0.10344827586206896	0.3103448275862069	0.034482758620689655	0.3103448275862069
act/19	mean	proj	0	13	True	False	asc	1	0.10344827586206896	0.3103448275862069	0.034482758620689655	0.3103448275862069
act/19	mean	proj	0	14	True	False	asc	1	0.13793103448275862	0.3103448275862069	0.034482758620689655	0.3448275862068966
act/19	mean	proj	0	15	True	False	asc	1	0.10344827586206896	0.3103448275862069	0.034482758620689655	0.3448275862068966
act/19	mean	proj	0	16	True	False	asc	1	0.10344827586206896	0.3103448275862069	0.034482758620689655	0.3448275862068966
act/19	mean	proj	0	17	True	False	asc	1	0.10344827586206896	0.3103448275862069	0.034482758620689655	0.3448275862068966
act/19	mean	proj	0	18	True	False	asc	1	0.13793103448275862	0.3448275862068966	0.034482758620689655	0.3448275862068966
act/19	mean	proj	0	19	True	False	asc	1	0.13793103448275862	0.3448275862068966	0.034482758620689655	0.3448275862068966
act/31	mean	proj	1	9	False	False	asc	1	0.06896551724137931	0.27586206896551724	0.034482758620689655	0.3103448275862069
act/31	mean	proj	1	10	False	True	asc	1	0.06896551724137931	0.3448275862068966	0.034482758620689655	0.27586206896551724
act/31	mean	proj	1	10	False	False	asc	1	0.06896551724137931	0.27586206896551724	0.034482758620689655	0.3103448275862069
act/31	mean	proj	1	11	False	True	asc	1	0.06896551724137931	0.27586206896551724	0.034482758620689655	0.3103448275862069
act/31	mean	proj	1	11	False	False	asc	1	0.13793103448275862	0.27586206896551724	0.034482758620689655	0.3448275862068966
act/19	mean	proj	0	9	True	False	asc	1	0.13793103448275862	0.3103448275862069	0.034482758620689655	0.3103448275862069
act/19	mean	proj	0	10	True	False	asc	1	0.10344827586206896	0.3103448275862069	0.034482758620689655	0.3103448275862069
act/19	mean	proj	0	11	True	False	asc	1	0.10344827586206896	0.3103448275862069	0.034482758620689655	0.3103448275862069
act/19	mean	proj	0	2	True	True	asc	1	0.06896551724137931	0.27586206896551724	0.034482758620689655	0.3103448275862069
act/19	mean	proj	0	2	True	False	asc	1	0.06896551724137931	0.27586206896551724	0.034482758620689655	0.3103448275862069
act/19	mean	proj	0	3	True	True	asc	1	0.1724137931034483	0.3103448275862069	0.034482758620689655	0.3103448275862069
act/19	mean	proj	0	8	True	False	asc	1	0.13793103448275862	0.3103448275862069	0.034482758620689655	0.3103448275862069
act/31	mean	proj	3	4	False	True	asc	1	0.06896551724137931	0.5172413793103449	0.034482758620689655	0.5517241379310345
act/31	mean	proj	3	4	False	False	asc	1	0.06896551724137931	0.5172413793103449	0.034482758620689655	0.5517241379310345
act/15	mean	proj	17	18	False	False	asc	1	0.034482758620689655	0.3793103448275862	0.034482758620689655	0.4827586206896552
act/15	mean	proj	17	19	False	True	asc	1	0.034482758620689655	0.20689655172413793	0.034482758620689655	0.4482758620689655
act/15	mean	proj	17	19	False	False	asc	1	0.034482758620689655	0.20689655172413793	0.034482758620689655	0.4482758620689655
act/15	mean	norm_l1	0	0	False	False	asc	1	0.034482758620689655	0.27586206896551724	0.034482758620689655	0.3793103448275862
act/31	mean	proj	1	18	False	False	asc	1	0.10344827586206896	0.2413793103448276	0.034482758620689655	0.4482758620689655
act/31	mean	proj	1	19	False	True	asc	1	0.10344827586206896	0.3103448275862069	0.034482758620689655	0.3103448275862069
act/31	mean	proj	1	19	False	False	asc	1	0.10344827586206896	0.2413793103448276	0.034482758620689655	0.4482758620689655
act/31	mean	proj	1	20	False	True	asc	1	0.10344827586206896	0.3103448275862069	0.034482758620689655	0.3103448275862069
act/31	mean	proj	1	20	False	False	asc	1	0.10344827586206896	0.2413793103448276	0.034482758620689655	0.4482758620689655
act/31	mean	proj	2	5	False	False	asc	1	0.10344827586206896	0.5172413793103449	0.034482758620689655	0.5172413793103449
act/31	mean	proj	2	8	False	False	asc	1	0.034482758620689655	0.2413793103448276	0.034482758620689655	0.41379310344827586
act/15	mean	proj	17	18	False	True	asc	1	0.034482758620689655	0.3793103448275862	0.034482758620689655	0.4827586206896552
act/15	mean	proj	2	6	True	True	asc	1	0.034482758620689655	0.3448275862068966	0.034482758620689655	0.5517241379310345
act/15	mean	proj	2	6	True	False	asc	1	0.034482758620689655	0.3793103448275862	0.034482758620689655	0.5172413793103449
act/15	mean	proj	2	7	True	True	asc	1	0.034482758620689655	0.41379310344827586	0.034482758620689655	0.5517241379310345
act/15	mean	proj	2	7	True	False	asc	1	0.06896551724137931	0.41379310344827586	0.034482758620689655	0.5517241379310345
act/15	mean	proj	2	8	True	True	asc	1	0.034482758620689655	0.41379310344827586	0.034482758620689655	0.5517241379310345
act/15	mean	proj	2	9	True	True	asc	1	0.034482758620689655	0.3448275862068966	0.034482758620689655	0.5517241379310345
act/15	mean	proj	2	9	True	False	asc	1	0.034482758620689655	0.3448275862068966	0.034482758620689655	0.5517241379310345
act/15	mean	proj	1	18	True	True	asc	1	0.034482758620689655	0.3103448275862069	0.034482758620689655	0.4482758620689655
act/15	mean	proj	1	19	True	True	asc	1	0.034482758620689655	0.3103448275862069	0.034482758620689655	0.4482758620689655
act/15	mean	proj	1	20	True	True	asc	1	0.034482758620689655	0.3103448275862069	0.034482758620689655	0.4482758620689655
act/15	mean	proj	1	13	True	False	asc	1	0.034482758620689655	0.3103448275862069	0.034482758620689655	0.4482758620689655
act/15	mean	proj	1	14	True	True	asc	1	0.06896551724137931	0.3103448275862069	0.034482758620689655	0.4482758620689655
act/15	mean	proj	1	15	True	True	asc	1	0.034482758620689655	0.3103448275862069	0.034482758620689655	0.4482758620689655
act/15	mean	proj	1	16	True	True	asc	1	0.034482758620689655	0.3103448275862069	0.034482758620689655	0.4482758620689655
act/15	mean	proj	1	17	True	True	asc	1	0.034482758620689655	0.3103448275862069	0.034482758620689655	0.4482758620689655
act/31_normed	mean	proj	14	20	False	False	asc	1	0.0	0.41379310344827586	0.034482758620689655	0.5517241379310345
act/31_normed	mean	proj	15	16	False	True	asc	1	0.06896551724137931	0.41379310344827586	0.034482758620689655	0.41379310344827586
act/31_normed	mean	proj	15	16	False	False	asc	1	0.06896551724137931	0.41379310344827586	0.034482758620689655	0.41379310344827586
act/31_normed	mean	proj	15	20	False	True	asc	1	0.06896551724137931	0.41379310344827586	0.034482758620689655	0.5862068965517241
act/31_normed	mean	proj	15	20	False	False	asc	1	0.06896551724137931	0.41379310344827586	0.034482758620689655	0.5862068965517241
act/15	mean	proj	1	12	True	True	asc	1	0.06896551724137931	0.3103448275862069	0.034482758620689655	0.4482758620689655
act/15	mean	proj	1	12	True	False	asc	1	0.034482758620689655	0.3103448275862069	0.034482758620689655	0.41379310344827586
act/15	mean	proj	1	13	True	True	asc	1	0.06896551724137931	0.27586206896551724	0.034482758620689655	0.4482758620689655
act/31	mean	proj	4	5	False	True	asc	1	0.034482758620689655	0.2413793103448276	0.034482758620689655	0.2413793103448276
act/31	mean	proj	4	5	False	False	asc	1	0.034482758620689655	0.2413793103448276	0.034482758620689655	0.2413793103448276
act/31	mean	proj	4	6	False	True	asc	1	0.06896551724137931	0.20689655172413793	0.034482758620689655	0.3103448275862069
act/31	mean	proj	4	6	False	False	asc	1	0.06896551724137931	0.1724137931034483	0.034482758620689655	0.3103448275862069
act/31	mean	proj	4	7	False	True	asc	1	0.06896551724137931	0.20689655172413793	0.034482758620689655	0.3793103448275862
act/31	mean	proj	4	7	False	False	asc	1	0.06896551724137931	0.20689655172413793	0.034482758620689655	0.3793103448275862
act/31_normed	mean	proj	13	20	False	False	asc	1	0.0	0.4827586206896552	0.034482758620689655	0.5517241379310345
act/31_normed	mean	proj	14	15	False	True	asc	1	0.0	0.20689655172413793	0.034482758620689655	0.3448275862068966
act/31_normed	mean	proj	14	15	False	False	asc	1	0.0	0.20689655172413793	0.034482758620689655	0.3448275862068966
act/31_normed	mean	proj	14	19	False	True	asc	1	0.034482758620689655	0.41379310344827586	0.034482758620689655	0.4482758620689655
act/31_normed	mean	proj	14	19	False	False	asc	1	0.034482758620689655	0.41379310344827586	0.034482758620689655	0.4482758620689655
act/31_normed	mean	proj	14	20	False	True	asc	1	0.0	0.41379310344827586	0.034482758620689655	0.5517241379310345
act/31_normed	mean	proj	13	17	False	True	asc	1	0.034482758620689655	0.3448275862068966	0.034482758620689655	0.3448275862068966
act/31_normed	mean	proj	13	17	False	False	asc	1	0.034482758620689655	0.27586206896551724	0.034482758620689655	0.3448275862068966
act/31_normed	mean	proj	13	19	False	True	asc	1	0.034482758620689655	0.4482758620689655	0.034482758620689655	0.4482758620689655
act/31_normed	mean	proj	13	19	False	False	asc	1	0.034482758620689655	0.4827586206896552	0.034482758620689655	0.4482758620689655
act/31_normed	mean	proj	13	20	False	True	asc	1	0.0	0.4827586206896552	0.034482758620689655	0.5517241379310345
act/15	mean	proj	2	12	True	False	asc	1	0.06896551724137931	0.27586206896551724	0.034482758620689655	0.5517241379310345
act/15	mean	proj	2	13	True	True	asc	1	0.034482758620689655	0.27586206896551724	0.034482758620689655	0.5172413793103449
act/15	mean	proj	2	13	True	False	asc	1	0.034482758620689655	0.27586206896551724	0.034482758620689655	0.4827586206896552
act/31	mean	proj	5	6	False	True	asc	1	0.034482758620689655	0.3448275862068966	0.034482758620689655	0.3793103448275862
act/31	mean	proj	5	6	False	False	asc	1	0.034482758620689655	0.3448275862068966	0.034482758620689655	0.3793103448275862
act/31	mean	proj	5	9	False	True	asc	1	0.034482758620689655	0.3103448275862069	0.034482758620689655	0.41379310344827586
act/31	mean	proj	4	9	False	True	asc	1	0.06896551724137931	0.20689655172413793	0.034482758620689655	0.3793103448275862
act/31	mean	proj	4	9	False	False	asc	1	0.06896551724137931	0.20689655172413793	0.034482758620689655	0.3793103448275862
act/31_normed	mean	proj	12	15	False	False	asc	1	0.034482758620689655	0.3448275862068966	0.034482758620689655	0.3793103448275862
act/31_normed	mean	proj	13	14	False	True	asc	1	0.034482758620689655	0.3103448275862069	0.034482758620689655	0.3793103448275862
act/31_normed	mean	proj	13	14	False	False	asc	1	0.034482758620689655	0.3103448275862069	0.034482758620689655	0.3793103448275862
act/15	mean	proj	2	10	True	True	asc	1	0.034482758620689655	0.3103448275862069	0.034482758620689655	0.5862068965517241
act/15	mean	proj	2	10	True	False	asc	1	0.034482758620689655	0.3103448275862069	0.034482758620689655	0.5862068965517241
act/15	mean	proj	2	11	True	True	asc	1	0.034482758620689655	0.27586206896551724	0.034482758620689655	0.5172413793103449
act/15	mean	proj	2	11	True	False	asc	1	0.06896551724137931	0.27586206896551724	0.034482758620689655	0.5862068965517241
act/15	mean	proj	2	12	True	True	asc	1	0.034482758620689655	0.27586206896551724	0.034482758620689655	0.5172413793103449
act/15	mean	proj	3	19	True	True	asc	1	0.034482758620689655	0.3103448275862069	0.034482758620689655	0.4482758620689655
act/15	mean	proj	3	20	True	True	asc	1	0.034482758620689655	0.3103448275862069	0.034482758620689655	0.4482758620689655
act/31_normed	mean	proj	12	13	False	True	asc	1	0.034482758620689655	0.27586206896551724	0.034482758620689655	0.5172413793103449
act/31_normed	mean	proj	12	13	False	False	asc	1	0.034482758620689655	0.27586206896551724	0.034482758620689655	0.5172413793103449
act/31_normed	mean	proj	12	15	False	True	asc	1	0.034482758620689655	0.3448275862068966	0.034482758620689655	0.3793103448275862
act/15	mean	proj	3	13	True	False	asc	1	0.034482758620689655	0.3103448275862069	0.034482758620689655	0.4827586206896552
act/15	mean	proj	3	14	True	True	asc	1	0.034482758620689655	0.3448275862068966	0.034482758620689655	0.5172413793103449
act/15	mean	proj	3	18	True	True	asc	1	0.034482758620689655	0.3103448275862069	0.034482758620689655	0.5172413793103449
act/31_normed	mean	proj	10	18	False	False	asc	1	0.06896551724137931	0.3103448275862069	0.034482758620689655	0.5862068965517241
act/31_normed	mean	proj	11	14	False	True	asc	1	0.06896551724137931	0.3793103448275862	0.034482758620689655	0.5517241379310345
act/31_normed	mean	proj	11	14	False	False	asc	1	0.06896551724137931	0.3793103448275862	0.034482758620689655	0.5517241379310345
act/15	mean	proj	3	13	True	True	asc	1	0.034482758620689655	0.3793103448275862	0.034482758620689655	0.5517241379310345
act/15	mean	proj	5	6	True	False	asc	1	0.034482758620689655	0.41379310344827586	0.034482758620689655	0.3448275862068966
act/15	mean	proj	5	7	True	True	asc	1	0.06896551724137931	0.3103448275862069	0.034482758620689655	0.5172413793103449
act/15	mean	proj	5	7	True	False	asc	1	0.06896551724137931	0.3103448275862069	0.034482758620689655	0.5172413793103449
act/15	mean	proj	5	8	True	True	asc	1	0.06896551724137931	0.4827586206896552	0.034482758620689655	0.6551724137931034
act/15	mean	proj	5	8	True	False	asc	1	0.06896551724137931	0.4827586206896552	0.034482758620689655	0.6551724137931034
act/15	mean	proj	5	9	True	True	asc	1	0.06896551724137931	0.3793103448275862	0.034482758620689655	0.5517241379310345
act/15	mean	proj	5	9	True	False	asc	1	0.06896551724137931	0.3793103448275862	0.034482758620689655	0.5517241379310345
act/31_normed	mean	proj	9	20	False	True	asc	1	0.10344827586206896	0.3793103448275862	0.034482758620689655	0.5172413793103449
act/15	mean	proj	4	17	True	True	asc	1	0.034482758620689655	0.3103448275862069	0.034482758620689655	0.6206896551724138
act/15	mean	proj	4	18	True	True	asc	1	0.034482758620689655	0.27586206896551724	0.034482758620689655	0.6206896551724138
act/15	mean	proj	5	6	True	True	asc	1	0.034482758620689655	0.41379310344827586	0.034482758620689655	0.3448275862068966
act/31_normed	mean	proj	8	20	False	False	asc	1	0.10344827586206896	0.3793103448275862	0.034482758620689655	0.41379310344827586
act/31_normed	mean	proj	9	10	False	True	asc	1	0.0	0.3103448275862069	0.034482758620689655	0.41379310344827586
act/31_normed	mean	proj	9	10	False	False	asc	1	0.0	0.3103448275862069	0.034482758620689655	0.41379310344827586
act/15	mean	proj	4	13	True	False	asc	1	0.034482758620689655	0.3448275862068966	0.034482758620689655	0.5862068965517241
act/15	mean	proj	4	15	True	True	asc	1	0.034482758620689655	0.3103448275862069	0.034482758620689655	0.5862068965517241
act/15	mean	proj	4	16	True	True	asc	1	0.034482758620689655	0.3103448275862069	0.034482758620689655	0.5862068965517241
act/15	mean	proj	6	7	True	True	asc	1	0.0	0.3103448275862069	0.034482758620689655	0.4482758620689655
act/15	mean	proj	6	7	True	False	asc	1	0.0	0.3103448275862069	0.034482758620689655	0.4482758620689655
act/15	mean	proj	6	8	True	True	asc	1	0.034482758620689655	0.3793103448275862	0.034482758620689655	0.5172413793103449
act/15	mean	proj	6	8	True	False	asc	1	0.034482758620689655	0.41379310344827586	0.034482758620689655	0.5172413793103449
act/15	mean	proj	6	9	True	True	asc	1	0.0	0.3448275862068966	0.034482758620689655	0.4482758620689655
act/15	mean	proj	6	9	True	False	asc	1	0.0	0.3103448275862069	0.034482758620689655	0.41379310344827586
act/15	mean	proj	6	10	True	True	asc	1	0.034482758620689655	0.20689655172413793	0.034482758620689655	0.5172413793103449
act/15	mean	proj	6	10	True	False	asc	1	0.06896551724137931	0.2413793103448276	0.034482758620689655	0.4482758620689655
act/31	mean	proj	6	10	False	True	asc	1	0.034482758620689655	0.27586206896551724	0.034482758620689655	0.41379310344827586
act/31	mean	proj	6	11	False	True	asc	1	0.034482758620689655	0.2413793103448276	0.034482758620689655	0.4482758620689655
act/15	mean	proj	14	15	False	True	asc	1	0.034482758620689655	0.41379310344827586	0.034482758620689655	0.4827586206896552
act/31	mean	proj	5	18	False	True	asc	1	0.034482758620689655	0.1724137931034483	0.034482758620689655	0.41379310344827586
act/31	mean	proj	5	18	False	False	asc	1	0.06896551724137931	0.20689655172413793	0.034482758620689655	0.41379310344827586
act/31	mean	proj	5	19	False	True	asc	1	0.034482758620689655	0.20689655172413793	0.034482758620689655	0.41379310344827586
act/31	mean	proj	5	19	False	False	asc	1	0.06896551724137931	0.2413793103448276	0.034482758620689655	0.41379310344827586
act/31	mean	proj	5	20	False	True	asc	1	0.034482758620689655	0.1724137931034483	0.034482758620689655	0.41379310344827586
act/31	mean	proj	5	20	False	False	asc	1	0.034482758620689655	0.1724137931034483	0.034482758620689655	0.41379310344827586
act/31	mean	proj	6	8	False	True	asc	1	0.034482758620689655	0.20689655172413793	0.034482758620689655	0.5172413793103449
act/31	mean	proj	6	8	False	False	asc	1	0.034482758620689655	0.20689655172413793	0.034482758620689655	0.5172413793103449
act/31	mean	proj	5	14	False	True	asc	1	0.034482758620689655	0.2413793103448276	0.034482758620689655	0.3793103448275862
act/31	mean	proj	5	14	False	False	asc	1	0.06896551724137931	0.2413793103448276	0.034482758620689655	0.3448275862068966
act/31	mean	proj	5	15	False	True	asc	1	0.06896551724137931	0.2413793103448276	0.034482758620689655	0.3793103448275862
act/31	mean	proj	5	15	False	False	asc	1	0.06896551724137931	0.2413793103448276	0.034482758620689655	0.3448275862068966
act/31	mean	proj	5	16	False	True	asc	1	0.06896551724137931	0.2413793103448276	0.034482758620689655	0.3793103448275862
act/31	mean	proj	5	16	False	False	asc	1	0.06896551724137931	0.2413793103448276	0.034482758620689655	0.3793103448275862
act/31	mean	proj	5	17	False	True	asc	1	0.034482758620689655	0.20689655172413793	0.034482758620689655	0.3793103448275862
act/31	mean	proj	5	17	False	False	asc	1	0.06896551724137931	0.2413793103448276	0.034482758620689655	0.41379310344827586
act/31	mean	proj	5	11	False	True	asc	1	0.034482758620689655	0.2413793103448276	0.034482758620689655	0.3793103448275862
act/31	mean	proj	5	11	False	False	asc	1	0.034482758620689655	0.2413793103448276	0.034482758620689655	0.3793103448275862
act/31	mean	proj	5	12	False	False	asc	1	0.034482758620689655	0.2413793103448276	0.034482758620689655	0.3793103448275862
act/31	mean	proj	5	13	False	True	asc	1	0.034482758620689655	0.2413793103448276	0.034482758620689655	0.3793103448275862
act/31	mean	proj	5	13	False	False	asc	1	0.06896551724137931	0.2413793103448276	0.034482758620689655	0.3793103448275862
act/31	mean	proj	6	19	False	True	asc	1	0.06896551724137931	0.2413793103448276	0.034482758620689655	0.3793103448275862
act/31	mean	proj	6	19	False	False	asc	1	0.06896551724137931	0.2413793103448276	0.034482758620689655	0.41379310344827586
act/31	mean	proj	6	20	False	True	asc	1	0.034482758620689655	0.20689655172413793	0.034482758620689655	0.3793103448275862
act/31	mean	proj	6	20	False	False	asc	1	0.034482758620689655	0.20689655172413793	0.034482758620689655	0.41379310344827586
act/15	mean	proj	16	19	False	False	asc	1	0.06896551724137931	0.3793103448275862	0.034482758620689655	0.3793103448275862
act/31	mean	proj	6	12	False	True	asc	1	0.034482758620689655	0.2413793103448276	0.034482758620689655	0.4482758620689655
act/31	mean	proj	6	15	False	True	asc	1	0.06896551724137931	0.2413793103448276	0.034482758620689655	0.41379310344827586
act/31	mean	proj	6	15	False	False	asc	1	0.06896551724137931	0.2413793103448276	0.034482758620689655	0.41379310344827586
act/31	mean	proj	6	16	False	True	asc	1	0.06896551724137931	0.2413793103448276	0.034482758620689655	0.41379310344827586
act/31	mean	proj	6	17	False	True	asc	1	0.06896551724137931	0.2413793103448276	0.034482758620689655	0.41379310344827586
act/31	mean	proj	6	18	False	True	asc	1	0.06896551724137931	0.2413793103448276	0.034482758620689655	0.3793103448275862
act/31	mean	proj	6	18	False	False	asc	1	0.06896551724137931	0.2413793103448276	0.034482758620689655	0.4482758620689655
act/15	mean	proj	14	19	False	False	asc	1	0.034482758620689655	0.41379310344827586	0.034482758620689655	0.41379310344827586
act/15	mean	proj	14	20	False	True	asc	1	0.06896551724137931	0.3103448275862069	0.034482758620689655	0.41379310344827586
act/15	mean	proj	14	20	False	False	asc	1	0.034482758620689655	0.3103448275862069	0.034482758620689655	0.41379310344827586
act/15	mean	proj	16	18	False	True	asc	1	0.06896551724137931	0.4827586206896552	0.034482758620689655	0.41379310344827586
act/15	mean	proj	16	18	False	False	asc	1	0.06896551724137931	0.4827586206896552	0.034482758620689655	0.41379310344827586
act/15	mean	proj	16	19	False	True	asc	1	0.06896551724137931	0.3793103448275862	0.034482758620689655	0.41379310344827586
act/15	mean	proj	14	15	False	False	asc	1	0.034482758620689655	0.41379310344827586	0.034482758620689655	0.4827586206896552
act/15	mean	proj	14	16	False	True	asc	1	0.06896551724137931	0.3448275862068966	0.034482758620689655	0.5517241379310345
act/15	mean	proj	14	16	False	False	asc	1	0.06896551724137931	0.3448275862068966	0.034482758620689655	0.5517241379310345
act/15	mean	proj	14	17	False	True	asc	1	0.06896551724137931	0.4482758620689655	0.034482758620689655	0.5172413793103449
act/15	mean	proj	14	17	False	False	asc	1	0.06896551724137931	0.4482758620689655	0.034482758620689655	0.5172413793103449
act/15	mean	proj	14	18	False	True	asc	1	0.0	0.3103448275862069	0.034482758620689655	0.3793103448275862
act/15	mean	proj	14	18	False	False	asc	1	0.0	0.3103448275862069	0.034482758620689655	0.41379310344827586
act/15	mean	proj	14	19	False	True	asc	1	0.034482758620689655	0.41379310344827586	0.034482758620689655	0.4482758620689655
act/31	mean	proj	7	18	False	True	asc	1	0.06896551724137931	0.2413793103448276	0.034482758620689655	0.4482758620689655
act/31	mean	proj	7	18	False	False	asc	1	0.06896551724137931	0.2413793103448276	0.034482758620689655	0.41379310344827586
act/31	mean	proj	7	19	False	True	asc	1	0.06896551724137931	0.27586206896551724	0.034482758620689655	0.41379310344827586
act/31	mean	proj	7	19	False	False	asc	1	0.06896551724137931	0.2413793103448276	0.034482758620689655	0.3793103448275862
act/31	mean	proj	7	20	False	True	asc	1	0.034482758620689655	0.2413793103448276	0.034482758620689655	0.41379310344827586
act/31	mean	proj	7	20	False	False	asc	1	0.034482758620689655	0.20689655172413793	0.034482758620689655	0.41379310344827586
act/15	mean	proj	13	14	False	True	asc	1	0.06896551724137931	0.4827586206896552	0.034482758620689655	0.4482758620689655
act/15	mean	proj	13	14	False	False	asc	1	0.06896551724137931	0.4827586206896552	0.034482758620689655	0.4482758620689655
act/15	mean	proj	13	16	False	True	asc	1	0.10344827586206896	0.41379310344827586	0.034482758620689655	0.5517241379310345
act/15	mean	proj	13	16	False	False	asc	1	0.10344827586206896	0.41379310344827586	0.034482758620689655	0.5517241379310345
act/15	mean	proj	13	17	False	True	asc	1	0.06896551724137931	0.4482758620689655	0.034482758620689655	0.5172413793103449
act/15	mean	proj	13	17	False	False	asc	1	0.06896551724137931	0.4482758620689655	0.034482758620689655	0.5172413793103449
act/15	mean	proj	13	18	False	True	asc	1	0.0	0.3793103448275862	0.034482758620689655	0.41379310344827586
act/15	mean	proj	13	18	False	False	asc	1	0.0	0.3793103448275862	0.034482758620689655	0.41379310344827586
act/15	mean	proj	12	17	False	True	asc	1	0.06896551724137931	0.3448275862068966	0.034482758620689655	0.5517241379310345
act/15	mean	proj	12	17	False	False	asc	1	0.06896551724137931	0.3448275862068966	0.034482758620689655	0.5172413793103449
act/15	mean	proj	12	18	False	True	asc	1	0.06896551724137931	0.2413793103448276	0.034482758620689655	0.4827586206896552
act/15	mean	proj	12	18	False	False	asc	1	0.034482758620689655	0.2413793103448276	0.034482758620689655	0.4827586206896552
act/15	mean	proj	11	19	False	True	asc	1	0.10344827586206896	0.3448275862068966	0.034482758620689655	0.5172413793103449
act/15	mean	proj	11	19	False	False	asc	1	0.10344827586206896	0.3448275862068966	0.034482758620689655	0.5172413793103449
act/15	mean	proj	12	14	False	True	asc	1	0.13793103448275862	0.3793103448275862	0.034482758620689655	0.5172413793103449
act/15	mean	proj	12	14	False	False	asc	1	0.13793103448275862	0.3793103448275862	0.034482758620689655	0.5172413793103449
act/15	mean	proj	12	16	False	True	asc	1	0.10344827586206896	0.3448275862068966	0.034482758620689655	0.5862068965517241
act/15	mean	proj	12	16	False	False	asc	1	0.10344827586206896	0.3793103448275862	0.034482758620689655	0.6206896551724138
act/15	mean	proj	11	17	False	False	asc	1	0.034482758620689655	0.3103448275862069	0.034482758620689655	0.4482758620689655
act/15	mean	proj	11	18	False	True	asc	1	0.034482758620689655	0.27586206896551724	0.034482758620689655	0.41379310344827586
act/15	mean	proj	11	18	False	False	asc	1	0.034482758620689655	0.2413793103448276	0.034482758620689655	0.3448275862068966
act/31	mean	proj	8	19	False	False	asc	1	0.10344827586206896	0.3448275862068966	0.034482758620689655	0.4827586206896552
act/31	mean	proj	8	20	False	True	asc	1	0.13793103448275862	0.3103448275862069	0.034482758620689655	0.4827586206896552
act/31	mean	proj	8	20	False	False	asc	1	0.10344827586206896	0.3103448275862069	0.034482758620689655	0.4482758620689655
act/31	mean	proj	9	10	False	True	asc	1	0.0	0.27586206896551724	0.034482758620689655	0.3103448275862069
act/31	mean	proj	9	10	False	False	asc	1	0.0	0.27586206896551724	0.034482758620689655	0.3103448275862069
act/15	mean	proj	11	12	False	False	asc	1	0.06896551724137931	0.3793103448275862	0.034482758620689655	0.5172413793103449
act/15	mean	proj	11	14	False	True	asc	1	0.06896551724137931	0.4827586206896552	0.034482758620689655	0.41379310344827586
act/15	mean	proj	11	14	False	False	asc	1	0.06896551724137931	0.4827586206896552	0.034482758620689655	0.41379310344827586
act/15	mean	proj	11	15	False	True	asc	1	0.034482758620689655	0.41379310344827586	0.034482758620689655	0.4482758620689655
act/15	mean	proj	11	15	False	False	asc	1	0.034482758620689655	0.3793103448275862	0.034482758620689655	0.4827586206896552
act/15	mean	proj	11	16	False	True	asc	1	0.034482758620689655	0.3793103448275862	0.034482758620689655	0.4482758620689655
act/15	mean	proj	11	16	False	False	asc	1	0.06896551724137931	0.41379310344827586	0.034482758620689655	0.4827586206896552
act/15	mean	proj	11	17	False	True	asc	1	0.034482758620689655	0.3103448275862069	0.034482758620689655	0.41379310344827586
act/15	mean	proj	10	17	False	False	asc	1	0.034482758620689655	0.27586206896551724	0.034482758620689655	0.4827586206896552
act/15	mean	proj	11	12	False	True	asc	1	0.06896551724137931	0.3793103448275862	0.034482758620689655	0.5172413793103449
act/31	mean	proj	8	10	False	True	asc	1	0.0	0.3103448275862069	0.034482758620689655	0.3103448275862069
act/31	mean	proj	8	10	False	False	asc	1	0.0	0.3103448275862069	0.034482758620689655	0.3103448275862069
act/15	mean	proj	10	12	False	True	asc	1	0.034482758620689655	0.3103448275862069	0.034482758620689655	0.4827586206896552
act/15	mean	proj	10	12	False	False	asc	1	0.034482758620689655	0.3103448275862069	0.034482758620689655	0.4827586206896552
act/15	mean	proj	10	14	False	True	asc	1	0.034482758620689655	0.3103448275862069	0.034482758620689655	0.41379310344827586
act/15	mean	proj	10	14	False	False	asc	1	0.034482758620689655	0.3448275862068966	0.034482758620689655	0.41379310344827586
act/15	mean	proj	10	15	False	True	asc	1	0.034482758620689655	0.3448275862068966	0.034482758620689655	0.5172413793103449
act/15	mean	proj	10	15	False	False	asc	1	0.06896551724137931	0.3448275862068966	0.034482758620689655	0.5517241379310345
act/15	mean	proj	5	17	True	True	asc	1	0.034482758620689655	0.3103448275862069	0.034482758620689655	0.6206896551724138
act/15	mean	proj	5	18	True	True	asc	1	0.10344827586206896	0.3793103448275862	0.034482758620689655	0.6206896551724138
act/15	mean	proj	5	19	True	True	asc	1	0.10344827586206896	0.3793103448275862	0.034482758620689655	0.6206896551724138
act/15	mean	proj	5	20	True	True	asc	1	0.034482758620689655	0.3448275862068966	0.034482758620689655	0.5172413793103449
act/15	mean	proj	5	20	True	False	asc	1	0.034482758620689655	0.3448275862068966	0.034482758620689655	0.4827586206896552
act/15	mean	proj	5	13	True	True	asc	1	0.06896551724137931	0.27586206896551724	0.034482758620689655	0.5862068965517241
act/15	mean	proj	5	13	True	False	asc	1	0.06896551724137931	0.3103448275862069	0.034482758620689655	0.5517241379310345
act/15	mean	proj	5	15	True	True	asc	1	0.10344827586206896	0.3793103448275862	0.034482758620689655	0.6206896551724138
act/15	mean	proj	5	16	True	True	asc	1	0.06896551724137931	0.3103448275862069	0.034482758620689655	0.6551724137931034
act/31_normed	mean	proj	7	19	False	False	asc	1	0.034482758620689655	0.2413793103448276	0.034482758620689655	0.3448275862068966
act/31_normed	mean	proj	7	20	False	True	asc	1	0.034482758620689655	0.2413793103448276	0.034482758620689655	0.3448275862068966
act/31_normed	mean	proj	7	20	False	False	asc	1	0.034482758620689655	0.2413793103448276	0.034482758620689655	0.3448275862068966
act/31_normed	mean	proj	8	10	False	True	asc	1	0.0	0.3103448275862069	0.034482758620689655	0.41379310344827586
act/31_normed	mean	proj	8	10	False	False	asc	1	0.0	0.3103448275862069	0.034482758620689655	0.41379310344827586
act/15	mean	proj	5	11	True	False	asc	1	0.06896551724137931	0.41379310344827586	0.034482758620689655	0.4827586206896552
act/31_normed	mean	proj	7	15	False	True	asc	1	0.034482758620689655	0.2413793103448276	0.034482758620689655	0.41379310344827586
act/31_normed	mean	proj	7	15	False	False	asc	1	0.034482758620689655	0.2413793103448276	0.034482758620689655	0.41379310344827586
act/31_normed	mean	proj	7	16	False	True	asc	1	0.034482758620689655	0.2413793103448276	0.034482758620689655	0.3793103448275862
act/31_normed	mean	proj	7	16	False	False	asc	1	0.034482758620689655	0.2413793103448276	0.034482758620689655	0.3793103448275862
act/31_normed	mean	proj	7	17	False	True	asc	1	0.034482758620689655	0.2413793103448276	0.034482758620689655	0.3793103448275862
act/31_normed	mean	proj	7	18	False	True	asc	1	0.034482758620689655	0.2413793103448276	0.034482758620689655	0.3448275862068966
act/31_normed	mean	proj	7	18	False	False	asc	1	0.034482758620689655	0.2413793103448276	0.034482758620689655	0.3103448275862069
act/31_normed	mean	proj	7	19	False	True	asc	1	0.034482758620689655	0.2413793103448276	0.034482758620689655	0.3448275862068966
act/31	mean	proj	11	12	False	True	asc	1	0.10344827586206896	0.5172413793103449	0.034482758620689655	0.5172413793103449
act/31	mean	proj	11	12	False	False	asc	1	0.10344827586206896	0.5172413793103449	0.034482758620689655	0.5172413793103449
act/31	mean	proj	11	14	False	True	asc	1	0.10344827586206896	0.4827586206896552	0.034482758620689655	0.6206896551724138
act/31	mean	proj	11	14	False	False	asc	1	0.10344827586206896	0.4827586206896552	0.034482758620689655	0.6206896551724138
act/15	mean	proj	9	17	False	True	asc	1	0.034482758620689655	0.20689655172413793	0.034482758620689655	0.3793103448275862
act/15	mean	proj	9	17	False	False	asc	1	0.034482758620689655	0.20689655172413793	0.034482758620689655	0.3793103448275862
act/15	mean	proj	9	12	False	True	asc	1	0.034482758620689655	0.2413793103448276	0.034482758620689655	0.3793103448275862
act/15	mean	proj	9	12	False	False	asc	1	0.034482758620689655	0.2413793103448276	0.034482758620689655	0.3793103448275862
act/15	mean	proj	9	15	False	True	asc	1	0.034482758620689655	0.3103448275862069	0.034482758620689655	0.5172413793103449
act/15	mean	proj	9	15	False	False	asc	1	0.034482758620689655	0.3103448275862069	0.034482758620689655	0.4827586206896552
act/15	mean	proj	9	16	False	True	asc	1	0.034482758620689655	0.2413793103448276	0.034482758620689655	0.3793103448275862
act/15	mean	proj	9	16	False	False	asc	1	0.034482758620689655	0.2413793103448276	0.034482758620689655	0.3793103448275862
act/15	mean	proj	8	17	False	True	asc	1	0.034482758620689655	0.27586206896551724	0.034482758620689655	0.3793103448275862
act/15	mean	proj	8	17	False	False	asc	1	0.034482758620689655	0.27586206896551724	0.034482758620689655	0.3793103448275862
act/31_normed	mean	proj	7	13	False	True	asc	1	0.06896551724137931	0.27586206896551724	0.034482758620689655	0.41379310344827586
act/31_normed	mean	proj	7	13	False	False	asc	1	0.06896551724137931	0.27586206896551724	0.034482758620689655	0.4482758620689655
act/31_normed	mean	proj	7	14	False	True	asc	1	0.034482758620689655	0.27586206896551724	0.034482758620689655	0.3793103448275862
act/31_normed	mean	proj	7	14	False	False	asc	1	0.06896551724137931	0.27586206896551724	0.034482758620689655	0.3793103448275862
act/15	mean	proj	6	19	True	True	asc	1	0.034482758620689655	0.2413793103448276	0.034482758620689655	0.4482758620689655
act/15	mean	proj	6	20	True	True	asc	1	0.034482758620689655	0.27586206896551724	0.034482758620689655	0.41379310344827586
act/15	mean	proj	7	13	True	True	asc	1	0.034482758620689655	0.3793103448275862	0.034482758620689655	0.4482758620689655
act/15	mean	proj	7	13	True	False	asc	1	0.034482758620689655	0.3448275862068966	0.034482758620689655	0.4827586206896552
act/15	mean	proj	7	14	True	True	asc	1	0.034482758620689655	0.3448275862068966	0.034482758620689655	0.41379310344827586
act/15	mean	proj	7	14	True	False	asc	1	0.034482758620689655	0.3103448275862069	0.034482758620689655	0.4482758620689655
act/15	mean	proj	6	15	True	True	asc	1	0.06896551724137931	0.3103448275862069	0.034482758620689655	0.4827586206896552
act/15	mean	proj	6	15	True	False	asc	1	0.034482758620689655	0.3103448275862069	0.034482758620689655	0.4482758620689655
act/15	mean	proj	6	16	True	True	asc	1	0.06896551724137931	0.3103448275862069	0.034482758620689655	0.4482758620689655
act/15	mean	proj	6	16	True	False	asc	1	0.034482758620689655	0.3103448275862069	0.034482758620689655	0.41379310344827586
act/15	mean	proj	6	18	True	True	asc	1	0.034482758620689655	0.3103448275862069	0.034482758620689655	0.4482758620689655
act/31_normed	mean	proj	6	20	False	True	asc	1	0.034482758620689655	0.20689655172413793	0.034482758620689655	0.3793103448275862
act/31_normed	mean	proj	6	20	False	False	asc	1	0.034482758620689655	0.20689655172413793	0.034482758620689655	0.41379310344827586
act/15	mean	proj	6	13	True	True	asc	1	0.06896551724137931	0.3103448275862069	0.034482758620689655	0.4482758620689655
act/15	mean	proj	6	13	True	False	asc	1	0.034482758620689655	0.2413793103448276	0.034482758620689655	0.4827586206896552
act/15	mean	proj	6	14	True	True	asc	1	0.034482758620689655	0.27586206896551724	0.034482758620689655	0.4482758620689655
act/15	mean	proj	6	14	True	False	asc	1	0.034482758620689655	0.3103448275862069	0.034482758620689655	0.41379310344827586
act/31	mean	proj	12	15	False	True	asc	1	0.034482758620689655	0.3448275862068966	0.034482758620689655	0.3793103448275862
act/31	mean	proj	12	16	False	True	asc	1	0.0	0.27586206896551724	0.034482758620689655	0.3103448275862069
act/31	mean	proj	13	15	False	True	asc	1	0.034482758620689655	0.3448275862068966	0.034482758620689655	0.4827586206896552
act/31	mean	proj	13	15	False	False	asc	1	0.034482758620689655	0.3448275862068966	0.034482758620689655	0.4827586206896552
act/31	mean	proj	13	16	False	True	asc	1	0.0	0.3793103448275862	0.034482758620689655	0.41379310344827586
act/31	mean	proj	13	16	False	False	asc	1	0.0	0.3793103448275862	0.034482758620689655	0.3793103448275862
act/31	mean	proj	13	20	False	True	asc	1	0.034482758620689655	0.41379310344827586	0.034482758620689655	0.5517241379310345
act/15	mean	proj	8	15	False	True	asc	1	0.034482758620689655	0.2413793103448276	0.034482758620689655	0.3793103448275862
act/15	mean	proj	8	15	False	False	asc	1	0.034482758620689655	0.3103448275862069	0.034482758620689655	0.4482758620689655
act/15	mean	proj	8	16	False	True	asc	1	0.034482758620689655	0.3103448275862069	0.034482758620689655	0.3793103448275862
act/15	mean	proj	8	16	False	False	asc	1	0.034482758620689655	0.3448275862068966	0.034482758620689655	0.3793103448275862
act/31	mean	proj	12	13	False	True	asc	1	0.06896551724137931	0.41379310344827586	0.034482758620689655	0.3793103448275862
act/31	mean	proj	12	13	False	False	asc	1	0.06896551724137931	0.41379310344827586	0.034482758620689655	0.3793103448275862
act/31	mean	proj	12	14	False	True	asc	1	0.06896551724137931	0.3793103448275862	0.034482758620689655	0.41379310344827586
act/31	mean	proj	12	14	False	False	asc	1	0.06896551724137931	0.3793103448275862	0.034482758620689655	0.41379310344827586
act/15	mean	proj	7	17	False	True	asc	1	0.034482758620689655	0.2413793103448276	0.034482758620689655	0.3793103448275862
act/15	mean	proj	7	17	False	False	asc	1	0.034482758620689655	0.27586206896551724	0.034482758620689655	0.3793103448275862
act/15	mean	proj	7	20	False	True	asc	1	0.034482758620689655	0.27586206896551724	0.034482758620689655	0.41379310344827586
act/15	mean	proj	7	20	False	False	asc	1	0.034482758620689655	0.27586206896551724	0.034482758620689655	0.3793103448275862
act/31	mean	proj	11	15	False	True	asc	1	0.06896551724137931	0.3448275862068966	0.034482758620689655	0.5517241379310345
act/31	mean	proj	11	15	False	False	asc	1	0.06896551724137931	0.3448275862068966	0.034482758620689655	0.5862068965517241
act/31	mean	proj	11	16	False	True	asc	1	0.06896551724137931	0.41379310344827586	0.034482758620689655	0.5862068965517241
act/31	mean	proj	11	16	False	False	asc	1	0.06896551724137931	0.41379310344827586	0.034482758620689655	0.5517241379310345
act/15	mean	proj	7	15	False	True	asc	1	0.06896551724137931	0.27586206896551724	0.034482758620689655	0.5172413793103449
act/15	mean	proj	7	15	False	False	asc	1	0.034482758620689655	0.2413793103448276	0.034482758620689655	0.4827586206896552
act/15	mean	proj	7	16	False	True	asc	1	0.034482758620689655	0.27586206896551724	0.034482758620689655	0.3793103448275862
act/15	mean	proj	7	16	False	False	asc	1	0.034482758620689655	0.3103448275862069	0.034482758620689655	0.3793103448275862
act/15	mean	proj	5	15	False	False	asc	1	0.034482758620689655	0.3103448275862069	0.034482758620689655	0.5517241379310345
act/15	mean	proj	6	8	False	True	asc	1	0.06896551724137931	0.41379310344827586	0.034482758620689655	0.6206896551724138
act/15	mean	proj	6	19	False	True	asc	1	0.06896551724137931	0.3103448275862069	0.034482758620689655	0.6551724137931034
act/15	mean	proj	6	20	False	False	asc	1	0.034482758620689655	0.2413793103448276	0.034482758620689655	0.4827586206896552
act/15	mean	proj	7	8	False	True	asc	1	0.06896551724137931	0.3448275862068966	0.034482758620689655	0.5172413793103449
act/15	mean	proj	7	8	False	False	asc	1	0.06896551724137931	0.3448275862068966	0.034482758620689655	0.5172413793103449
act/15	mean	proj	5	14	False	True	asc	1	0.034482758620689655	0.27586206896551724	0.034482758620689655	0.5517241379310345
act/15	mean	proj	5	14	False	False	asc	1	0.034482758620689655	0.27586206896551724	0.034482758620689655	0.4827586206896552
act/15	mean	proj	6	13	False	False	asc	1	0.034482758620689655	0.3103448275862069	0.034482758620689655	0.6551724137931034
act/15	mean	proj	6	14	False	True	asc	1	0.06896551724137931	0.3793103448275862	0.034482758620689655	0.6896551724137931
act/15	mean	proj	6	15	False	False	asc	1	0.06896551724137931	0.3793103448275862	0.034482758620689655	0.5862068965517241
act/15	mean	proj	6	16	False	True	asc	1	0.034482758620689655	0.3448275862068966	0.034482758620689655	0.6206896551724138
act/15	mean	proj	6	17	False	False	asc	1	0.06896551724137931	0.3448275862068966	0.034482758620689655	0.6206896551724138
act/15	mean	proj	6	18	False	True	asc	1	0.06896551724137931	0.3448275862068966	0.034482758620689655	0.6896551724137931
act/31	mean	proj	13	20	False	False	asc	1	0.0	0.4482758620689655	0.034482758620689655	0.5517241379310345
act/31	mean	proj	14	15	False	True	asc	1	0.06896551724137931	0.3103448275862069	0.034482758620689655	0.41379310344827586
act/31	mean	proj	14	15	False	False	asc	1	0.06896551724137931	0.3103448275862069	0.034482758620689655	0.41379310344827586
act/15	mean	proj	6	10	False	True	asc	1	0.034482758620689655	0.41379310344827586	0.034482758620689655	0.5862068965517241
act/15	mean	proj	6	10	False	False	asc	1	0.034482758620689655	0.41379310344827586	0.034482758620689655	0.5862068965517241
act/15	mean	proj	6	11	False	True	asc	1	0.034482758620689655	0.3103448275862069	0.034482758620689655	0.5517241379310345
act/15	mean	proj	6	12	False	True	asc	1	0.06896551724137931	0.41379310344827586	0.034482758620689655	0.6206896551724138
act/15	mean	proj	6	13	False	True	asc	1	0.034482758620689655	0.3448275862068966	0.034482758620689655	0.6896551724137931
act/31	mean	proj	19	20	False	True	asc	1	0.06896551724137931	0.2413793103448276	0.034482758620689655	0.3448275862068966
act/31	mean	proj	19	20	False	False	asc	1	0.06896551724137931	0.2413793103448276	0.034482758620689655	0.3448275862068966
act/15	mean	proj	5	7	False	True	asc	1	0.034482758620689655	0.3103448275862069	0.034482758620689655	0.41379310344827586
act/15	mean	proj	5	7	False	False	asc	1	0.034482758620689655	0.27586206896551724	0.034482758620689655	0.4827586206896552
act/31	mean	proj	17	20	False	True	asc	1	0.0	0.41379310344827586	0.034482758620689655	0.5517241379310345
act/31	mean	proj	17	20	False	False	asc	1	0.0	0.41379310344827586	0.034482758620689655	0.5517241379310345
act/31	mean	proj	16	20	False	False	asc	1	0.034482758620689655	0.3793103448275862	0.034482758620689655	0.6206896551724138
act/15	mean	proj	4	14	False	True	asc	1	0.034482758620689655	0.20689655172413793	0.034482758620689655	0.5172413793103449
act/15	mean	proj	4	14	False	False	asc	1	0.034482758620689655	0.20689655172413793	0.034482758620689655	0.4827586206896552
act/15	mean	proj	4	15	False	False	asc	1	0.034482758620689655	0.27586206896551724	0.034482758620689655	0.4827586206896552
act/15	mean	proj	6	8	False	False	asc	1	0.06896551724137931	0.3793103448275862	0.034482758620689655	0.6206896551724138
act/15	mean	proj	6	9	False	True	asc	1	0.10344827586206896	0.4827586206896552	0.034482758620689655	0.6551724137931034
act/15	mean	proj	6	9	False	False	asc	1	0.10344827586206896	0.4482758620689655	0.034482758620689655	0.6206896551724138
act/31	mean	proj	14	20	False	True	asc	1	0.0	0.3448275862068966	0.034482758620689655	0.5517241379310345
act/31	mean	proj	14	20	False	False	asc	1	0.0	0.3793103448275862	0.034482758620689655	0.5517241379310345
act/31	mean	proj	15	20	False	True	asc	1	0.034482758620689655	0.4482758620689655	0.034482758620689655	0.5517241379310345
act/31	mean	proj	15	20	False	False	asc	1	0.034482758620689655	0.4482758620689655	0.034482758620689655	0.5517241379310345
act/31	mean	proj	16	20	False	True	asc	1	0.034482758620689655	0.3448275862068966	0.034482758620689655	0.6206896551724138
act/31_normed	mean	proj	6	16	False	True	asc	1	0.034482758620689655	0.2413793103448276	0.034482758620689655	0.41379310344827586
act/31_normed	mean	proj	6	16	False	False	asc	1	0.034482758620689655	0.2413793103448276	0.034482758620689655	0.41379310344827586
act/31_normed	mean	proj	6	17	False	True	asc	1	0.034482758620689655	0.20689655172413793	0.034482758620689655	0.3793103448275862
act/31_normed	mean	proj	6	17	False	False	asc	1	0.034482758620689655	0.20689655172413793	0.034482758620689655	0.3793103448275862
act/31_normed	mean	proj	6	18	False	True	asc	1	0.034482758620689655	0.20689655172413793	0.034482758620689655	0.3793103448275862
act/31_normed	mean	proj	6	18	False	False	asc	1	0.034482758620689655	0.20689655172413793	0.034482758620689655	0.41379310344827586
act/31_normed	mean	proj	6	19	False	True	asc	1	0.034482758620689655	0.20689655172413793	0.034482758620689655	0.3793103448275862
act/31_normed	mean	proj	6	19	False	False	asc	1	0.034482758620689655	0.20689655172413793	0.034482758620689655	0.41379310344827586
act/31_normed	mean	proj	6	11	False	True	asc	1	0.034482758620689655	0.27586206896551724	0.034482758620689655	0.4482758620689655
act/31_normed	mean	proj	6	11	False	False	asc	1	0.034482758620689655	0.2413793103448276	0.034482758620689655	0.4827586206896552
act/31_normed	mean	proj	6	12	False	True	asc	1	0.034482758620689655	0.2413793103448276	0.034482758620689655	0.4827586206896552
act/31_normed	mean	proj	6	12	False	False	asc	1	0.034482758620689655	0.2413793103448276	0.034482758620689655	0.4827586206896552
act/31_normed	mean	proj	6	13	False	True	asc	1	0.034482758620689655	0.2413793103448276	0.034482758620689655	0.4482758620689655
act/31_normed	mean	proj	6	14	False	True	asc	1	0.034482758620689655	0.2413793103448276	0.034482758620689655	0.4482758620689655
act/31_normed	mean	proj	6	15	False	False	asc	1	0.034482758620689655	0.2413793103448276	0.034482758620689655	0.4482758620689655
act/31_normed	mean	proj	5	20	False	True	asc	1	0.034482758620689655	0.1724137931034483	0.034482758620689655	0.3793103448275862
act/31_normed	mean	proj	5	20	False	False	asc	1	0.034482758620689655	0.1724137931034483	0.034482758620689655	0.3793103448275862
act/31_normed	mean	proj	6	8	False	True	asc	1	0.034482758620689655	0.2413793103448276	0.034482758620689655	0.5517241379310345
act/31_normed	mean	proj	6	8	False	False	asc	1	0.034482758620689655	0.2413793103448276	0.034482758620689655	0.5172413793103449
act/31_normed	mean	proj	6	10	False	True	asc	1	0.034482758620689655	0.27586206896551724	0.034482758620689655	0.4482758620689655
act/31_normed	mean	proj	6	10	False	False	asc	1	0.034482758620689655	0.27586206896551724	0.034482758620689655	0.4482758620689655
act/31_normed	mean	proj	5	16	False	True	asc	1	0.034482758620689655	0.20689655172413793	0.034482758620689655	0.3793103448275862
act/31_normed	mean	proj	5	16	False	False	asc	1	0.034482758620689655	0.20689655172413793	0.034482758620689655	0.3793103448275862
act/31_normed	mean	proj	5	17	False	True	asc	1	0.034482758620689655	0.20689655172413793	0.034482758620689655	0.3448275862068966
act/31_normed	mean	proj	5	17	False	False	asc	1	0.034482758620689655	0.20689655172413793	0.034482758620689655	0.3448275862068966
act/31_normed	mean	proj	5	18	False	True	asc	1	0.034482758620689655	0.20689655172413793	0.034482758620689655	0.3448275862068966
act/31_normed	mean	proj	5	18	False	False	asc	1	0.034482758620689655	0.1724137931034483	0.034482758620689655	0.3793103448275862
act/31_normed	mean	proj	5	19	False	True	asc	1	0.034482758620689655	0.1724137931034483	0.034482758620689655	0.3448275862068966
act/31_normed	mean	proj	5	19	False	False	asc	1	0.034482758620689655	0.1724137931034483	0.034482758620689655	0.3793103448275862
act/31_normed	mean	proj	0	3	True	False	asc	1	0.13793103448275862	0.4827586206896552	0.034482758620689655	0.4827586206896552
act/31_normed	mean	proj	5	13	False	False	asc	1	0.06896551724137931	0.27586206896551724	0.034482758620689655	0.3793103448275862
act/31_normed	mean	proj	5	14	False	False	asc	1	0.06896551724137931	0.2413793103448276	0.034482758620689655	0.3793103448275862
act/31_normed	mean	proj	5	15	False	True	asc	1	0.034482758620689655	0.20689655172413793	0.034482758620689655	0.3793103448275862
act/31_normed	mean	proj	5	15	False	False	asc	1	0.034482758620689655	0.20689655172413793	0.034482758620689655	0.3793103448275862
act/31_normed	mean	proj	5	11	False	False	asc	1	0.034482758620689655	0.2413793103448276	0.034482758620689655	0.3793103448275862
act/31_normed	mean	proj	5	6	False	True	asc	1	0.034482758620689655	0.41379310344827586	0.034482758620689655	0.4482758620689655
act/31_normed	mean	proj	5	6	False	False	asc	1	0.034482758620689655	0.41379310344827586	0.034482758620689655	0.4482758620689655
act/31_normed	mean	proj	5	7	False	True	asc	1	0.06896551724137931	0.4482758620689655	0.034482758620689655	0.5517241379310345
act/31_normed	mean	proj	5	7	False	False	asc	1	0.06896551724137931	0.4482758620689655	0.034482758620689655	0.5517241379310345
act/31_normed	mean	proj	4	6	False	False	asc	1	0.06896551724137931	0.1724137931034483	0.034482758620689655	0.3448275862068966
act/31_normed	mean	proj	4	7	False	False	asc	1	0.06896551724137931	0.20689655172413793	0.034482758620689655	0.3793103448275862
act/31_normed	mean	proj	4	9	False	True	asc	1	0.06896551724137931	0.20689655172413793	0.034482758620689655	0.3793103448275862
act/31_normed	mean	proj	4	9	False	False	asc	1	0.06896551724137931	0.20689655172413793	0.034482758620689655	0.3793103448275862
act/31_normed	mean	proj	4	5	False	True	asc	1	0.034482758620689655	0.27586206896551724	0.034482758620689655	0.3103448275862069
act/31_normed	mean	proj	4	5	False	False	asc	1	0.034482758620689655	0.27586206896551724	0.034482758620689655	0.3103448275862069
act/31_normed	mean	proj	4	6	False	True	asc	1	0.06896551724137931	0.1724137931034483	0.034482758620689655	0.3448275862068966
act/31_normed	mean	proj	1	14	True	False	asc	1	0.06896551724137931	0.20689655172413793	0.034482758620689655	0.4482758620689655
act/31_normed	mean	proj	1	15	True	False	asc	1	0.06896551724137931	0.2413793103448276	0.034482758620689655	0.4482758620689655
act/31_normed	mean	proj	1	16	True	False	asc	1	0.034482758620689655	0.20689655172413793	0.034482758620689655	0.4827586206896552
act/31_normed	mean	proj	1	17	True	False	asc	1	0.06896551724137931	0.27586206896551724	0.034482758620689655	0.5862068965517241
act/31_normed	mean	proj	1	18	True	False	asc	1	0.034482758620689655	0.27586206896551724	0.034482758620689655	0.5172413793103449
act/31_normed	mean	proj	1	19	True	False	asc	1	0.06896551724137931	0.3103448275862069	0.034482758620689655	0.5172413793103449
act/31_normed	mean	proj	1	20	True	False	asc	1	0.06896551724137931	0.3103448275862069	0.034482758620689655	0.5172413793103449
act/31_normed	mean	proj	0	20	True	False	asc	1	0.10344827586206896	0.3103448275862069	0.034482758620689655	0.41379310344827586
act/31_normed	mean	proj	1	4	True	False	asc	1	0.10344827586206896	0.4827586206896552	0.034482758620689655	0.41379310344827586
act/31_normed	mean	proj	1	8	True	False	asc	1	0.06896551724137931	0.27586206896551724	0.034482758620689655	0.4827586206896552
act/31_normed	mean	proj	1	11	True	False	asc	1	0.06896551724137931	0.20689655172413793	0.034482758620689655	0.5172413793103449
act/31_normed	mean	proj	1	12	True	False	asc	1	0.06896551724137931	0.20689655172413793	0.034482758620689655	0.4482758620689655
act/31_normed	mean	proj	1	13	True	False	asc	1	0.034482758620689655	0.1724137931034483	0.034482758620689655	0.41379310344827586
act/31_normed	mean	proj	2	5	False	False	asc	1	0.13793103448275862	0.5172413793103449	0.034482758620689655	0.5172413793103449
act/31_normed	mean	proj	3	4	False	True	asc	1	0.06896551724137931	0.5172413793103449	0.034482758620689655	0.5862068965517241
act/31_normed	mean	proj	3	4	False	False	asc	1	0.06896551724137931	0.5172413793103449	0.034482758620689655	0.5862068965517241
act/15	mean	proj	8	14	True	True	asc	1	0.06896551724137931	0.27586206896551724	0.034482758620689655	0.4827586206896552
act/15	mean	proj	8	14	True	False	asc	1	0.06896551724137931	0.27586206896551724	0.034482758620689655	0.5517241379310345
act/15	mean	proj	8	15	True	True	asc	1	0.034482758620689655	0.27586206896551724	0.034482758620689655	0.5862068965517241
act/15	mean	proj	8	15	True	False	asc	1	0.034482758620689655	0.27586206896551724	0.034482758620689655	0.5862068965517241
act/15	mean	proj	8	16	True	True	asc	1	0.034482758620689655	0.3103448275862069	0.034482758620689655	0.4482758620689655
act/15	mean	proj	8	16	True	False	asc	1	0.034482758620689655	0.3103448275862069	0.034482758620689655	0.4482758620689655
act/15	mean	proj	8	11	True	True	asc	1	0.034482758620689655	0.20689655172413793	0.034482758620689655	0.41379310344827586
act/15	mean	proj	8	11	True	False	asc	1	0.034482758620689655	0.20689655172413793	0.034482758620689655	0.41379310344827586
act/15	mean	proj	7	15	True	True	asc	1	0.034482758620689655	0.27586206896551724	0.034482758620689655	0.4482758620689655
act/15	mean	proj	7	15	True	False	asc	1	0.034482758620689655	0.27586206896551724	0.034482758620689655	0.4482758620689655
act/15	mean	proj	7	16	True	True	asc	1	0.034482758620689655	0.3448275862068966	0.034482758620689655	0.4482758620689655
act/15	mean	proj	7	16	True	False	asc	1	0.034482758620689655	0.3103448275862069	0.034482758620689655	0.4482758620689655
act/31_normed	mean	proj	1	17	False	True	asc	1	0.10344827586206896	0.3103448275862069	0.034482758620689655	0.27586206896551724
act/31_normed	mean	proj	1	17	False	False	asc	1	0.10344827586206896	0.27586206896551724	0.034482758620689655	0.3793103448275862
act/31_normed	mean	proj	1	18	False	True	asc	1	0.10344827586206896	0.3103448275862069	0.034482758620689655	0.3103448275862069
act/31_normed	mean	proj	1	18	False	False	asc	1	0.10344827586206896	0.2413793103448276	0.034482758620689655	0.4827586206896552
act/31_normed	mean	proj	1	19	False	True	asc	1	0.10344827586206896	0.3103448275862069	0.034482758620689655	0.3103448275862069
act/31_normed	mean	proj	1	19	False	False	asc	1	0.10344827586206896	0.2413793103448276	0.034482758620689655	0.4827586206896552
act/31_normed	mean	proj	1	20	False	True	asc	1	0.10344827586206896	0.3103448275862069	0.034482758620689655	0.3103448275862069
act/31_normed	mean	proj	1	20	False	False	asc	1	0.10344827586206896	0.2413793103448276	0.034482758620689655	0.4827586206896552
act/31_normed	mean	proj	1	13	False	True	asc	1	0.10344827586206896	0.27586206896551724	0.034482758620689655	0.3103448275862069
act/31_normed	mean	proj	1	14	False	True	asc	1	0.10344827586206896	0.3103448275862069	0.034482758620689655	0.27586206896551724
act/31_normed	mean	proj	1	14	False	False	asc	1	0.10344827586206896	0.27586206896551724	0.034482758620689655	0.41379310344827586
act/31_normed	mean	proj	1	15	False	True	asc	1	0.10344827586206896	0.3103448275862069	0.034482758620689655	0.27586206896551724
act/31_normed	mean	proj	1	15	False	False	asc	1	0.10344827586206896	0.27586206896551724	0.034482758620689655	0.41379310344827586
act/31_normed	mean	proj	1	16	False	True	asc	1	0.10344827586206896	0.3103448275862069	0.034482758620689655	0.27586206896551724
act/31_normed	mean	proj	1	16	False	False	asc	1	0.10344827586206896	0.27586206896551724	0.034482758620689655	0.41379310344827586
act/31_normed	mean	proj	3	7	True	False	asc	1	0.06896551724137931	0.20689655172413793	0.034482758620689655	0.3448275862068966
act/31_normed	mean	proj	3	4	True	True	asc	1	0.06896551724137931	0.3448275862068966	0.034482758620689655	0.3103448275862069
act/31_normed	mean	proj	3	4	True	False	asc	1	0.06896551724137931	0.3448275862068966	0.034482758620689655	0.3103448275862069
act/31_normed	mean	proj	3	6	True	True	asc	1	0.06896551724137931	0.2413793103448276	0.034482758620689655	0.3103448275862069
act/31_normed	mean	proj	3	6	True	False	asc	1	0.06896551724137931	0.2413793103448276	0.034482758620689655	0.3103448275862069
act/31_normed	mean	proj	3	7	True	True	asc	1	0.06896551724137931	0.20689655172413793	0.034482758620689655	0.3448275862068966
act/31_normed	mean	proj	1	9	False	True	asc	1	0.06896551724137931	0.3103448275862069	0.034482758620689655	0.3103448275862069
act/31_normed	mean	proj	1	9	False	False	asc	1	0.06896551724137931	0.27586206896551724	0.034482758620689655	0.3103448275862069
act/31_normed	mean	proj	1	10	False	True	asc	1	0.06896551724137931	0.3103448275862069	0.034482758620689655	0.27586206896551724
act/31_normed	mean	proj	1	10	False	False	asc	1	0.06896551724137931	0.27586206896551724	0.034482758620689655	0.3103448275862069
act/31_normed	mean	proj	1	12	False	True	asc	1	0.10344827586206896	0.27586206896551724	0.034482758620689655	0.3103448275862069
act/15	mean	proj	10	13	True	True	asc	1	0.034482758620689655	0.3448275862068966	0.034482758620689655	0.41379310344827586
act/15	mean	proj	10	13	True	False	asc	1	0.06896551724137931	0.3793103448275862	0.034482758620689655	0.41379310344827586
act/31_normed	mean	proj	1	6	False	True	asc	1	0.10344827586206896	0.4482758620689655	0.034482758620689655	0.3103448275862069
act/31_normed	mean	proj	1	6	False	False	asc	1	0.10344827586206896	0.3793103448275862	0.034482758620689655	0.3448275862068966
act/31_normed	mean	proj	1	7	False	True	asc	1	0.10344827586206896	0.3793103448275862	0.034482758620689655	0.3448275862068966
act/31_normed	mean	proj	1	7	False	False	asc	1	0.10344827586206896	0.41379310344827586	0.034482758620689655	0.4482758620689655
act/31_normed	mean	proj	1	8	False	True	asc	1	0.06896551724137931	0.3448275862068966	0.034482758620689655	0.3448275862068966
act/31_normed	mean	proj	1	8	False	False	asc	1	0.06896551724137931	0.3103448275862069	0.034482758620689655	0.3103448275862069
act/15	mean	proj	9	14	True	True	asc	1	0.06896551724137931	0.3793103448275862	0.034482758620689655	0.5172413793103449
act/15	mean	proj	9	14	True	False	asc	1	0.06896551724137931	0.3793103448275862	0.034482758620689655	0.5172413793103449
act/15	mean	proj	9	15	True	True	asc	1	0.034482758620689655	0.3448275862068966	0.034482758620689655	0.5172413793103449
act/15	mean	proj	9	15	True	False	asc	1	0.06896551724137931	0.3793103448275862	0.034482758620689655	0.5172413793103449
act/15	mean	proj	9	16	True	True	asc	1	0.034482758620689655	0.3448275862068966	0.034482758620689655	0.5172413793103449
act/15	mean	proj	9	16	True	False	asc	1	0.034482758620689655	0.3448275862068966	0.034482758620689655	0.5172413793103449
act/31_normed	mean	proj	4	7	True	False	asc	1	0.034482758620689655	0.41379310344827586	0.034482758620689655	0.5172413793103449
act/31_normed	mean	proj	4	5	True	True	asc	1	0.034482758620689655	0.4482758620689655	0.034482758620689655	0.41379310344827586
act/31_normed	mean	proj	4	5	True	False	asc	1	0.034482758620689655	0.4482758620689655	0.034482758620689655	0.41379310344827586
act/31_normed	mean	proj	4	6	True	True	asc	1	0.06896551724137931	0.41379310344827586	0.034482758620689655	0.4827586206896552
act/31_normed	mean	proj	4	6	True	False	asc	1	0.06896551724137931	0.41379310344827586	0.034482758620689655	0.4827586206896552
act/31_normed	mean	proj	4	7	True	True	asc	1	0.034482758620689655	0.41379310344827586	0.034482758620689655	0.4827586206896552
act/31_normed	mean	proj	1	2	False	True	asc	1	0.034482758620689655	0.27586206896551724	0.034482758620689655	0.3103448275862069
act/31_normed	mean	proj	1	2	False	False	asc	1	0.034482758620689655	0.27586206896551724	0.034482758620689655	0.3103448275862069
act/31_normed	mean	proj	1	5	False	True	asc	1	0.06896551724137931	0.41379310344827586	0.034482758620689655	0.3103448275862069
act/15	mean	proj	11	17	True	True	asc	1	0.06896551724137931	0.27586206896551724	0.034482758620689655	0.3793103448275862
act/15	mean	proj	11	17	True	False	asc	1	0.034482758620689655	0.27586206896551724	0.034482758620689655	0.3793103448275862
act/15	mean	proj	11	19	True	True	asc	1	0.13793103448275862	0.3793103448275862	0.034482758620689655	0.5172413793103449
act/15	mean	proj	11	19	True	False	asc	1	0.13793103448275862	0.41379310344827586	0.034482758620689655	0.5517241379310345
act/15	mean	proj	11	13	True	True	asc	1	0.10344827586206896	0.3793103448275862	0.034482758620689655	0.41379310344827586
act/15	mean	proj	11	13	True	False	asc	1	0.10344827586206896	0.3793103448275862	0.034482758620689655	0.41379310344827586
act/15	mean	proj	11	14	True	True	asc	1	0.10344827586206896	0.3448275862068966	0.034482758620689655	0.41379310344827586
act/15	mean	proj	11	14	True	False	asc	1	0.10344827586206896	0.3103448275862069	0.034482758620689655	0.41379310344827586
act/15	mean	proj	11	15	True	True	asc	1	0.10344827586206896	0.3103448275862069	0.034482758620689655	0.4827586206896552
act/15	mean	proj	11	15	True	False	asc	1	0.10344827586206896	0.3103448275862069	0.034482758620689655	0.4827586206896552
act/15	mean	proj	11	16	True	True	asc	1	0.06896551724137931	0.3103448275862069	0.034482758620689655	0.4482758620689655
act/15	mean	proj	11	16	True	False	asc	1	0.06896551724137931	0.3103448275862069	0.034482758620689655	0.4482758620689655
act/31_normed	mean	proj	16	20	True	True	asc	1	0.06896551724137931	0.4482758620689655	0.034482758620689655	0.5517241379310345
act/31_normed	mean	proj	16	20	True	False	asc	1	0.06896551724137931	0.4482758620689655	0.034482758620689655	0.5172413793103449
act/31_normed	mean	proj	17	20	True	True	asc	1	0.034482758620689655	0.41379310344827586	0.034482758620689655	0.4482758620689655
act/31_normed	mean	proj	17	20	True	False	asc	1	0.034482758620689655	0.41379310344827586	0.034482758620689655	0.4482758620689655
act/31_normed	mean	proj	18	20	True	True	asc	1	0.06896551724137931	0.5517241379310345	0.034482758620689655	0.4482758620689655
act/31_normed	mean	proj	18	20	True	False	asc	1	0.06896551724137931	0.5517241379310345	0.034482758620689655	0.4482758620689655
act/15	mean	proj	12	19	True	False	asc	1	0.06896551724137931	0.3103448275862069	0.034482758620689655	0.5172413793103449
act/15	mean	proj	13	19	True	False	asc	1	0.034482758620689655	0.3793103448275862	0.034482758620689655	0.4482758620689655
act/15	mean	proj	12	16	True	True	asc	1	0.034482758620689655	0.3448275862068966	0.034482758620689655	0.5172413793103449
act/15	mean	proj	12	16	True	False	asc	1	0.034482758620689655	0.3448275862068966	0.034482758620689655	0.5172413793103449
act/15	mean	proj	12	17	True	True	asc	1	0.034482758620689655	0.3448275862068966	0.034482758620689655	0.41379310344827586
act/15	mean	proj	12	17	True	False	asc	1	0.034482758620689655	0.3448275862068966	0.034482758620689655	0.41379310344827586
act/15	mean	proj	3	10	False	True	asc	1	0.034482758620689655	0.2413793103448276	0.034482758620689655	0.4827586206896552
act/15	mean	proj	3	10	False	False	asc	1	0.034482758620689655	0.20689655172413793	0.034482758620689655	0.5517241379310345
act/15	mean	proj	3	11	False	True	asc	1	0.034482758620689655	0.2413793103448276	0.034482758620689655	0.5172413793103449
act/15	mean	proj	3	11	False	False	asc	1	0.034482758620689655	0.20689655172413793	0.034482758620689655	0.5517241379310345
act/15	mean	proj	3	12	False	True	asc	1	0.034482758620689655	0.2413793103448276	0.034482758620689655	0.4482758620689655
act/15	mean	proj	3	12	False	False	asc	1	0.034482758620689655	0.2413793103448276	0.034482758620689655	0.4482758620689655
act/15	mean	proj	3	13	False	True	asc	1	0.034482758620689655	0.2413793103448276	0.034482758620689655	0.4482758620689655
act/15	mean	proj	3	13	False	False	asc	1	0.034482758620689655	0.2413793103448276	0.034482758620689655	0.4827586206896552
act/31_normed	mean	proj	4	19	True	False	asc	1	0.06896551724137931	0.3103448275862069	0.034482758620689655	0.3448275862068966
act/31_normed	mean	proj	4	20	True	True	asc	1	0.034482758620689655	0.3103448275862069	0.034482758620689655	0.3793103448275862
act/31_normed	mean	proj	4	20	True	False	asc	1	0.034482758620689655	0.27586206896551724	0.034482758620689655	0.4482758620689655
act/15	mean	proj	3	7	False	True	asc	1	0.034482758620689655	0.3793103448275862	0.034482758620689655	0.4827586206896552
act/15	mean	proj	3	7	False	False	asc	1	0.034482758620689655	0.3793103448275862	0.034482758620689655	0.4827586206896552
act/15	mean	proj	3	8	False	True	asc	1	0.034482758620689655	0.3103448275862069	0.034482758620689655	0.5172413793103449
act/15	mean	proj	3	8	False	False	asc	1	0.034482758620689655	0.2413793103448276	0.034482758620689655	0.5517241379310345
act/15	mean	proj	3	9	False	True	asc	1	0.034482758620689655	0.27586206896551724	0.034482758620689655	0.4827586206896552
act/31_normed	mean	proj	4	16	True	False	asc	1	0.034482758620689655	0.2413793103448276	0.034482758620689655	0.3793103448275862
act/31_normed	mean	proj	4	17	True	False	asc	1	0.034482758620689655	0.27586206896551724	0.034482758620689655	0.3448275862068966
act/31_normed	mean	proj	4	18	True	True	asc	1	0.034482758620689655	0.27586206896551724	0.034482758620689655	0.3448275862068966
act/31_normed	mean	proj	4	18	True	False	asc	1	0.06896551724137931	0.3103448275862069	0.034482758620689655	0.3448275862068966
act/31_normed	mean	proj	4	19	True	True	asc	1	0.034482758620689655	0.27586206896551724	0.034482758620689655	0.3448275862068966
act/31_normed	mean	proj	14	20	True	False	asc	1	0.1724137931034483	0.4482758620689655	0.034482758620689655	0.4827586206896552
act/31_normed	mean	proj	15	16	True	True	asc	1	0.0	0.27586206896551724	0.034482758620689655	0.3448275862068966
act/31_normed	mean	proj	15	16	True	False	asc	1	0.0	0.27586206896551724	0.034482758620689655	0.3448275862068966
act/31_normed	mean	proj	15	18	True	True	asc	1	0.0	0.3793103448275862	0.034482758620689655	0.5172413793103449
act/31_normed	mean	proj	15	18	True	False	asc	1	0.0	0.3793103448275862	0.034482758620689655	0.5172413793103449
act/31_normed	mean	proj	15	20	True	True	asc	1	0.06896551724137931	0.4827586206896552	0.034482758620689655	0.5517241379310345
act/31_normed	mean	proj	15	20	True	False	asc	1	0.06896551724137931	0.4827586206896552	0.034482758620689655	0.5517241379310345
act/15	mean	proj	16	20	True	False	asc	1	0.13793103448275862	0.3103448275862069	0.034482758620689655	0.3793103448275862
act/31_normed	mean	proj	13	20	True	True	asc	1	0.13793103448275862	0.5172413793103449	0.034482758620689655	0.5172413793103449
act/31_normed	mean	proj	13	20	True	False	asc	1	0.13793103448275862	0.5172413793103449	0.034482758620689655	0.4827586206896552
act/31_normed	mean	proj	14	17	True	True	asc	1	0.13793103448275862	0.3448275862068966	0.034482758620689655	0.4482758620689655
act/31_normed	mean	proj	14	17	True	False	asc	1	0.13793103448275862	0.3448275862068966	0.034482758620689655	0.4482758620689655
act/31_normed	mean	proj	14	20	True	True	asc	1	0.1724137931034483	0.4482758620689655	0.034482758620689655	0.4827586206896552
act/15	mean	proj	15	19	True	False	asc	1	0.0	0.3103448275862069	0.034482758620689655	0.41379310344827586
act/15	mean	proj	15	20	True	True	asc	1	0.034482758620689655	0.20689655172413793	0.034482758620689655	0.3793103448275862
act/15	mean	proj	15	20	True	False	asc	1	0.034482758620689655	0.20689655172413793	0.034482758620689655	0.3448275862068966
act/15	mean	proj	16	17	True	True	asc	1	0.06896551724137931	0.3448275862068966	0.034482758620689655	0.4482758620689655
act/15	mean	proj	16	17	True	False	asc	1	0.06896551724137931	0.3448275862068966	0.034482758620689655	0.4482758620689655
act/15	mean	proj	16	18	True	True	asc	1	0.06896551724137931	0.3448275862068966	0.034482758620689655	0.5172413793103449
act/15	mean	proj	16	18	True	False	asc	1	0.06896551724137931	0.3448275862068966	0.034482758620689655	0.5172413793103449
act/15	mean	proj	16	20	True	True	asc	1	0.13793103448275862	0.3103448275862069	0.034482758620689655	0.3793103448275862
act/31_normed	mean	proj	13	17	True	False	asc	1	0.20689655172413793	0.3448275862068966	0.034482758620689655	0.5172413793103449
act/15	mean	proj	14	20	True	True	asc	1	0.034482758620689655	0.3103448275862069	0.034482758620689655	0.41379310344827586
act/15	mean	proj	14	20	True	False	asc	1	0.034482758620689655	0.3103448275862069	0.034482758620689655	0.41379310344827586
act/15	mean	proj	15	17	True	True	asc	1	0.0	0.3793103448275862	0.034482758620689655	0.4482758620689655
act/15	mean	proj	15	17	True	False	asc	1	0.0	0.3793103448275862	0.034482758620689655	0.4482758620689655
act/15	mean	proj	15	18	True	True	asc	1	0.0	0.3448275862068966	0.034482758620689655	0.3793103448275862
act/15	mean	proj	15	18	True	False	asc	1	0.0	0.3448275862068966	0.034482758620689655	0.3793103448275862
act/15	mean	proj	15	19	True	True	asc	1	0.0	0.3103448275862069	0.034482758620689655	0.41379310344827586
act/31_normed	mean	proj	5	11	True	True	asc	1	0.034482758620689655	0.27586206896551724	0.034482758620689655	0.3793103448275862
act/31_normed	mean	proj	5	11	True	False	asc	1	0.034482758620689655	0.3103448275862069	0.034482758620689655	0.41379310344827586
act/31_normed	mean	proj	5	12	True	True	asc	1	0.034482758620689655	0.27586206896551724	0.034482758620689655	0.3793103448275862
act/31_normed	mean	proj	5	12	True	False	asc	1	0.034482758620689655	0.3103448275862069	0.034482758620689655	0.3793103448275862
act/31_normed	mean	proj	5	13	True	True	asc	1	0.034482758620689655	0.20689655172413793	0.034482758620689655	0.3793103448275862
act/31_normed	mean	proj	5	13	True	False	asc	1	0.034482758620689655	0.2413793103448276	0.034482758620689655	0.3793103448275862
act/31_normed	mean	proj	5	14	True	True	asc	1	0.034482758620689655	0.20689655172413793	0.034482758620689655	0.3793103448275862
act/31_normed	mean	proj	5	14	True	False	asc	1	0.034482758620689655	0.20689655172413793	0.034482758620689655	0.3793103448275862
act/15	mean	proj	4	5	False	True	asc	1	0.0	0.2413793103448276	0.034482758620689655	0.3103448275862069
act/15	mean	proj	4	5	False	False	asc	1	0.0	0.2413793103448276	0.034482758620689655	0.3103448275862069
act/31_normed	mean	proj	6	13	True	False	asc	1	0.034482758620689655	0.3103448275862069	0.034482758620689655	0.3793103448275862
act/31_normed	mean	proj	6	14	True	True	asc	1	0.034482758620689655	0.27586206896551724	0.034482758620689655	0.3793103448275862
act/31_normed	mean	proj	6	14	True	False	asc	1	0.034482758620689655	0.3103448275862069	0.034482758620689655	0.3793103448275862
act/31_normed	mean	proj	6	15	True	True	asc	1	0.034482758620689655	0.2413793103448276	0.034482758620689655	0.3448275862068966
act/31_normed	mean	proj	6	15	True	False	asc	1	0.034482758620689655	0.27586206896551724	0.034482758620689655	0.41379310344827586
act/31_normed	mean	proj	6	16	True	True	asc	1	0.034482758620689655	0.3103448275862069	0.034482758620689655	0.3448275862068966
act/31_normed	mean	proj	6	17	True	False	asc	1	0.034482758620689655	0.2413793103448276	0.034482758620689655	0.41379310344827586
act/31_normed	mean	proj	6	9	True	False	asc	1	0.0	0.3103448275862069	0.034482758620689655	0.3793103448275862
act/31_normed	mean	proj	6	10	True	True	asc	1	0.0	0.27586206896551724	0.034482758620689655	0.41379310344827586
act/31_normed	mean	proj	6	10	True	False	asc	1	0.0	0.27586206896551724	0.034482758620689655	0.41379310344827586
act/31_normed	mean	proj	6	11	True	True	asc	1	0.0	0.27586206896551724	0.034482758620689655	0.41379310344827586
act/31_normed	mean	proj	6	11	True	False	asc	1	0.0	0.27586206896551724	0.034482758620689655	0.41379310344827586
act/31_normed	mean	proj	6	12	True	True	asc	1	0.034482758620689655	0.27586206896551724	0.034482758620689655	0.3793103448275862
act/31_normed	mean	proj	6	12	True	False	asc	1	0.034482758620689655	0.27586206896551724	0.034482758620689655	0.3793103448275862
act/31_normed	mean	proj	6	13	True	True	asc	1	0.034482758620689655	0.27586206896551724	0.034482758620689655	0.3793103448275862
act/31_normed	mean	proj	5	19	True	False	asc	1	0.06896551724137931	0.27586206896551724	0.034482758620689655	0.41379310344827586
act/31_normed	mean	proj	5	20	True	True	asc	1	0.034482758620689655	0.2413793103448276	0.034482758620689655	0.41379310344827586
act/31_normed	mean	proj	5	20	True	False	asc	1	0.034482758620689655	0.27586206896551724	0.034482758620689655	0.4482758620689655
act/31_normed	mean	proj	6	7	True	True	asc	1	0.034482758620689655	0.3448275862068966	0.034482758620689655	0.41379310344827586
act/31_normed	mean	proj	6	7	True	False	asc	1	0.034482758620689655	0.3448275862068966	0.034482758620689655	0.41379310344827586
act/31_normed	mean	proj	6	9	True	True	asc	1	0.0	0.3103448275862069	0.034482758620689655	0.3793103448275862
act/31_normed	mean	proj	5	15	True	True	asc	1	0.034482758620689655	0.20689655172413793	0.034482758620689655	0.3793103448275862
act/31_normed	mean	proj	5	15	True	False	asc	1	0.034482758620689655	0.20689655172413793	0.034482758620689655	0.3793103448275862
act/31_normed	mean	proj	5	16	True	True	asc	1	0.034482758620689655	0.20689655172413793	0.034482758620689655	0.3448275862068966
act/31_normed	mean	proj	5	17	True	False	asc	1	0.034482758620689655	0.20689655172413793	0.034482758620689655	0.3448275862068966
act/31_normed	mean	proj	5	18	True	True	asc	1	0.034482758620689655	0.2413793103448276	0.034482758620689655	0.3793103448275862
act/31_normed	mean	proj	5	18	True	False	asc	1	0.06896551724137931	0.27586206896551724	0.034482758620689655	0.41379310344827586
act/31_normed	mean	proj	5	19	True	True	asc	1	0.034482758620689655	0.2413793103448276	0.034482758620689655	0.3448275862068966
act/31_normed	mean	proj	8	9	True	True	asc	1	0.034482758620689655	0.3793103448275862	0.034482758620689655	0.27586206896551724
act/31_normed	mean	proj	8	9	True	False	asc	1	0.034482758620689655	0.3793103448275862	0.034482758620689655	0.27586206896551724
act/31_normed	mean	proj	8	11	True	True	asc	1	0.0	0.27586206896551724	0.034482758620689655	0.5862068965517241
act/31_normed	mean	proj	8	11	True	False	asc	1	0.0	0.27586206896551724	0.034482758620689655	0.5862068965517241
act/15	mean	proj	2	8	False	True	asc	1	0.034482758620689655	0.27586206896551724	0.034482758620689655	0.4482758620689655
act/15	mean	proj	2	8	False	False	asc	1	0.034482758620689655	0.3793103448275862	0.034482758620689655	0.4827586206896552
act/31_normed	mean	proj	7	14	True	True	asc	1	0.034482758620689655	0.27586206896551724	0.034482758620689655	0.41379310344827586
act/31_normed	mean	proj	7	14	True	False	asc	1	0.034482758620689655	0.3103448275862069	0.034482758620689655	0.41379310344827586
act/31_normed	mean	proj	7	17	True	True	asc	1	0.034482758620689655	0.3448275862068966	0.034482758620689655	0.41379310344827586
act/31_normed	mean	proj	7	17	True	False	asc	1	0.034482758620689655	0.3448275862068966	0.034482758620689655	0.41379310344827586
act/31_normed	mean	proj	7	18	True	True	asc	1	0.06896551724137931	0.3448275862068966	0.034482758620689655	0.41379310344827586
act/31_normed	mean	proj	7	18	True	False	asc	1	0.06896551724137931	0.3103448275862069	0.034482758620689655	0.3793103448275862
act/31_normed	mean	proj	7	20	True	True	asc	1	0.06896551724137931	0.3448275862068966	0.034482758620689655	0.3793103448275862
act/31_normed	mean	proj	7	20	True	False	asc	1	0.06896551724137931	0.27586206896551724	0.034482758620689655	0.3793103448275862
act/31_normed	mean	proj	7	10	True	True	asc	1	0.0	0.20689655172413793	0.034482758620689655	0.41379310344827586
act/31_normed	mean	proj	7	10	True	False	asc	1	0.0	0.20689655172413793	0.034482758620689655	0.3793103448275862
act/31_normed	mean	proj	7	11	True	True	asc	1	0.0	0.20689655172413793	0.034482758620689655	0.41379310344827586
act/31_normed	mean	proj	7	11	True	False	asc	1	0.0	0.20689655172413793	0.034482758620689655	0.41379310344827586
act/31_normed	mean	proj	7	12	True	True	asc	1	0.034482758620689655	0.2413793103448276	0.034482758620689655	0.41379310344827586
act/31_normed	mean	proj	7	12	True	False	asc	1	0.034482758620689655	0.27586206896551724	0.034482758620689655	0.41379310344827586
act/31_normed	mean	proj	7	13	True	True	asc	1	0.034482758620689655	0.27586206896551724	0.034482758620689655	0.41379310344827586
act/31_normed	mean	proj	7	13	True	False	asc	1	0.034482758620689655	0.27586206896551724	0.034482758620689655	0.41379310344827586
act/31_normed	mean	proj	6	18	True	True	asc	1	0.034482758620689655	0.27586206896551724	0.034482758620689655	0.41379310344827586
act/31_normed	mean	proj	6	18	True	False	asc	1	0.06896551724137931	0.3103448275862069	0.034482758620689655	0.3448275862068966
act/31_normed	mean	proj	6	20	True	True	asc	1	0.034482758620689655	0.27586206896551724	0.034482758620689655	0.3793103448275862
act/31_normed	mean	proj	6	20	True	False	asc	1	0.034482758620689655	0.27586206896551724	0.034482758620689655	0.4482758620689655
act/31_normed	mean	proj	7	9	True	True	asc	1	0.0	0.2413793103448276	0.034482758620689655	0.3103448275862069
act/31_normed	mean	proj	7	9	True	False	asc	1	0.0	0.2413793103448276	0.034482758620689655	0.3103448275862069
act/31_normed	mean	proj	12	17	True	False	asc	1	0.10344827586206896	0.3103448275862069	0.034482758620689655	0.41379310344827586
act/31_normed	mean	proj	12	18	True	True	asc	1	0.20689655172413793	0.4827586206896552	0.034482758620689655	0.41379310344827586
act/31_normed	mean	proj	12	18	True	False	asc	1	0.20689655172413793	0.4827586206896552	0.034482758620689655	0.3793103448275862
act/31_normed	mean	proj	12	20	True	True	asc	1	0.13793103448275862	0.5172413793103449	0.034482758620689655	0.4827586206896552
act/31_normed	mean	proj	12	20	True	False	asc	1	0.10344827586206896	0.5172413793103449	0.034482758620689655	0.5172413793103449
act/31_normed	mean	proj	13	15	True	True	asc	1	0.10344827586206896	0.3103448275862069	0.034482758620689655	0.6551724137931034
act/31_normed	mean	proj	13	15	True	False	asc	1	0.10344827586206896	0.3103448275862069	0.034482758620689655	0.6551724137931034
act/31_normed	mean	proj	13	17	True	True	asc	1	0.20689655172413793	0.3448275862068966	0.034482758620689655	0.5172413793103449
act/15	mean	proj	0	3	False	False	asc	1	0.06896551724137931	0.3448275862068966	0.034482758620689655	0.3103448275862069
act/15	mean	proj	0	5	False	False	asc	1	0.10344827586206896	0.3793103448275862	0.034482758620689655	0.3103448275862069
act/31_normed	mean	proj	11	17	True	True	asc	1	0.10344827586206896	0.3448275862068966	0.034482758620689655	0.4482758620689655
act/31_normed	mean	proj	12	13	True	True	asc	1	0.06896551724137931	0.41379310344827586	0.034482758620689655	0.5172413793103449
act/31_normed	mean	proj	12	13	True	False	asc	1	0.06896551724137931	0.41379310344827586	0.034482758620689655	0.5172413793103449
act/31_normed	mean	proj	12	16	True	True	asc	1	0.1724137931034483	0.3448275862068966	0.034482758620689655	0.5172413793103449
act/31_normed	mean	proj	12	16	True	False	asc	1	0.1724137931034483	0.3448275862068966	0.034482758620689655	0.5172413793103449
act/31_normed	mean	proj	12	17	True	True	asc	1	0.10344827586206896	0.3103448275862069	0.034482758620689655	0.4482758620689655
act/31_normed	mean	proj	11	16	True	True	asc	1	0.13793103448275862	0.3103448275862069	0.034482758620689655	0.5517241379310345
act/31_normed	mean	proj	11	16	True	False	asc	1	0.13793103448275862	0.3103448275862069	0.034482758620689655	0.5517241379310345
act/15	mean	proj	17	20	True	True	asc	1	0.10344827586206896	0.3448275862068966	0.034482758620689655	0.3793103448275862
act/15	mean	proj	17	20	True	False	asc	1	0.10344827586206896	0.3448275862068966	0.034482758620689655	0.3793103448275862
act/15	mean	proj	1	5	False	False	asc	1	0.06896551724137931	0.3448275862068966	0.034482758620689655	0.2413793103448276
act/15	mean	proj	1	7	False	False	asc	1	0.06896551724137931	0.3103448275862069	0.034482758620689655	0.3103448275862069
act/31_normed	mean	proj	8	17	True	True	asc	1	0.10344827586206896	0.3103448275862069	0.034482758620689655	0.5172413793103449
act/31_normed	mean	proj	8	17	True	False	asc	1	0.10344827586206896	0.3103448275862069	0.034482758620689655	0.5172413793103449
act/31_normed	mean	proj	8	18	True	True	asc	1	0.10344827586206896	0.3793103448275862	0.034482758620689655	0.4827586206896552
act/31_normed	mean	proj	8	18	True	False	asc	1	0.13793103448275862	0.3793103448275862	0.034482758620689655	0.4827586206896552
act/15	mean	proj	2	17	False	True	asc	1	0.034482758620689655	0.3448275862068966	0.034482758620689655	0.4827586206896552
act/15	mean	proj	2	18	False	True	asc	1	0.034482758620689655	0.3103448275862069	0.034482758620689655	0.4827586206896552
act/15	mean	proj	2	19	False	True	asc	1	0.034482758620689655	0.3103448275862069	0.034482758620689655	0.4827586206896552
act/15	mean	proj	2	20	False	True	asc	1	0.034482758620689655	0.3103448275862069	0.034482758620689655	0.4827586206896552
act/15	mean	proj	2	13	False	True	asc	1	0.034482758620689655	0.3103448275862069	0.034482758620689655	0.4827586206896552
act/15	mean	proj	2	13	False	False	asc	1	0.034482758620689655	0.3448275862068966	0.034482758620689655	0.4482758620689655
act/15	mean	proj	2	14	False	True	asc	1	0.034482758620689655	0.3103448275862069	0.034482758620689655	0.4827586206896552
act/15	mean	proj	2	15	False	True	asc	1	0.034482758620689655	0.3103448275862069	0.034482758620689655	0.4827586206896552
act/15	mean	proj	2	16	False	True	asc	1	0.034482758620689655	0.3448275862068966	0.034482758620689655	0.4827586206896552
act/15	mean	proj	2	9	False	True	asc	1	0.034482758620689655	0.3103448275862069	0.034482758620689655	0.4482758620689655
act/15	mean	proj	2	9	False	False	asc	1	0.034482758620689655	0.3793103448275862	0.034482758620689655	0.4827586206896552
act/15	mean	proj	2	10	False	True	asc	1	0.034482758620689655	0.3103448275862069	0.034482758620689655	0.4482758620689655
act/15	mean	proj	2	10	False	False	asc	1	0.034482758620689655	0.3448275862068966	0.034482758620689655	0.4482758620689655
act/15	mean	proj	2	11	False	True	asc	1	0.034482758620689655	0.27586206896551724	0.034482758620689655	0.4482758620689655
act/15	mean	proj	2	11	False	False	asc	1	0.034482758620689655	0.3103448275862069	0.034482758620689655	0.4482758620689655
act/15	mean	proj	2	12	False	True	asc	1	0.034482758620689655	0.3103448275862069	0.034482758620689655	0.4482758620689655
act/15	mean	proj	2	12	False	False	asc	1	0.034482758620689655	0.27586206896551724	0.034482758620689655	0.41379310344827586
act/15	mean	proj	2	5	False	False	asc	1	0.034482758620689655	0.41379310344827586	0.034482758620689655	0.5172413793103449
act/15	mean	proj	2	6	False	True	asc	1	0.034482758620689655	0.3793103448275862	0.034482758620689655	0.41379310344827586
act/15	mean	proj	2	6	False	False	asc	1	0.034482758620689655	0.3448275862068966	0.034482758620689655	0.4827586206896552
act/15	mean	proj	2	7	False	True	asc	1	0.034482758620689655	0.27586206896551724	0.034482758620689655	0.4482758620689655
act/15	mean	proj	2	7	False	False	asc	1	0.034482758620689655	0.3103448275862069	0.034482758620689655	0.41379310344827586
act/15	mean	proj	1	17	False	True	asc	1	0.06896551724137931	0.3103448275862069	0.034482758620689655	0.3103448275862069
act/15	mean	proj	1	17	False	False	asc	1	0.13793103448275862	0.3103448275862069	0.034482758620689655	0.41379310344827586
act/15	mean	proj	1	18	False	True	asc	1	0.06896551724137931	0.3103448275862069	0.034482758620689655	0.3103448275862069
act/15	mean	proj	1	19	False	True	asc	1	0.06896551724137931	0.3103448275862069	0.034482758620689655	0.3103448275862069
act/15	mean	proj	1	19	False	False	asc	1	0.13793103448275862	0.27586206896551724	0.034482758620689655	0.3793103448275862
act/15	mean	proj	1	20	False	True	asc	1	0.06896551724137931	0.3103448275862069	0.034482758620689655	0.3103448275862069
act/15	mean	proj	1	12	False	True	asc	1	0.06896551724137931	0.3103448275862069	0.034482758620689655	0.3103448275862069
act/15	mean	proj	1	13	False	True	asc	1	0.06896551724137931	0.3103448275862069	0.034482758620689655	0.3103448275862069
act/15	mean	proj	1	14	False	True	asc	1	0.06896551724137931	0.3103448275862069	0.034482758620689655	0.3103448275862069
act/15	mean	proj	1	14	False	False	asc	1	0.10344827586206896	0.3448275862068966	0.034482758620689655	0.41379310344827586
act/15	mean	proj	1	15	False	True	asc	1	0.06896551724137931	0.3103448275862069	0.034482758620689655	0.3103448275862069
act/15	mean	proj	1	15	False	False	asc	1	0.10344827586206896	0.3448275862068966	0.034482758620689655	0.41379310344827586
act/15	mean	proj	1	16	False	True	asc	1	0.06896551724137931	0.3103448275862069	0.034482758620689655	0.3103448275862069
act/15	mean	proj	1	16	False	False	asc	1	0.10344827586206896	0.3103448275862069	0.034482758620689655	0.41379310344827586
act/31_normed	mean	proj	8	19	True	True	asc	1	0.10344827586206896	0.41379310344827586	0.034482758620689655	0.5172413793103449
act/31_normed	mean	proj	8	19	True	False	asc	1	0.10344827586206896	0.41379310344827586	0.034482758620689655	0.4482758620689655
act/31_normed	mean	proj	8	20	True	True	asc	1	0.13793103448275862	0.4482758620689655	0.034482758620689655	0.4482758620689655
act/31_normed	mean	proj	8	20	True	False	asc	1	0.13793103448275862	0.4482758620689655	0.034482758620689655	0.4482758620689655
act/15	mean	proj	1	10	False	True	asc	1	0.06896551724137931	0.3103448275862069	0.034482758620689655	0.3103448275862069
act/15	mean	proj	1	11	False	True	asc	1	0.06896551724137931	0.3103448275862069	0.034482758620689655	0.3103448275862069
act/11	mean	proj	0	2	True	True	asc	1	0.06896551724137931	0.3103448275862069	0.034482758620689655	0.3103448275862069
act/11	mean	proj	0	1	True	False	asc	1	0.06896551724137931	0.3103448275862069	0.034482758620689655	0.3793103448275862
embed	mean	norm_l2	0	0	True	False	asc	1	0.034482758620689655	0.3793103448275862	0.034482758620689655	0.3103448275862069
act/11	mean	proj	0	1	True	True	asc	1	0.06896551724137931	0.3103448275862069	0.034482758620689655	0.3793103448275862
embed	mean	norm_l1	0	0	False	False	asc	1	0.06896551724137931	0.3448275862068966	0.034482758620689655	0.5172413793103449
act/11	mean	proj	0	3	True	False	asc	1	0.10344827586206896	0.41379310344827586	0.034482758620689655	0.41379310344827586
act/11	mean	proj	0	2	True	False	asc	1	0.06896551724137931	0.3103448275862069	0.034482758620689655	0.3103448275862069
embed	mean	proj	17	20	False	True	asc	1	0.034482758620689655	0.4482758620689655	0.034482758620689655	0.41379310344827586
embed	mean	proj	17	20	False	False	asc	1	0.034482758620689655	0.4482758620689655	0.034482758620689655	0.41379310344827586
embed	mean	proj	18	19	False	True	asc	1	0.034482758620689655	0.3103448275862069	0.034482758620689655	0.27586206896551724
embed	mean	proj	18	19	False	False	asc	1	0.034482758620689655	0.3103448275862069	0.034482758620689655	0.27586206896551724
act/11	mean	proj	1	16	True	True	asc	1	0.034482758620689655	0.27586206896551724	0.034482758620689655	0.5172413793103449
act/11	mean	proj	1	17	True	True	asc	1	0.034482758620689655	0.27586206896551724	0.034482758620689655	0.4827586206896552
embed	mean	proj	12	13	False	True	asc	1	0.0	0.27586206896551724	0.034482758620689655	0.4827586206896552
embed	mean	proj	12	13	False	False	asc	1	0.0	0.27586206896551724	0.034482758620689655	0.4827586206896552
embed	mean	proj	12	20	False	True	asc	1	0.13793103448275862	0.4482758620689655	0.034482758620689655	0.3103448275862069
embed	mean	proj	12	20	False	False	asc	1	0.13793103448275862	0.4482758620689655	0.034482758620689655	0.3103448275862069
act/11	mean	proj	1	12	True	True	asc	1	0.034482758620689655	0.27586206896551724	0.034482758620689655	0.5172413793103449
act/11	mean	proj	1	12	True	False	asc	1	0.034482758620689655	0.27586206896551724	0.034482758620689655	0.3793103448275862
act/11	mean	proj	1	13	True	True	asc	1	0.034482758620689655	0.27586206896551724	0.034482758620689655	0.5172413793103449
act/11	mean	proj	1	13	True	False	asc	1	0.034482758620689655	0.27586206896551724	0.034482758620689655	0.3448275862068966
act/11	mean	proj	1	14	True	True	asc	1	0.034482758620689655	0.27586206896551724	0.034482758620689655	0.5172413793103449
act/11	mean	proj	1	15	True	True	asc	1	0.034482758620689655	0.27586206896551724	0.034482758620689655	0.5172413793103449
act/11	mean	proj	0	18	True	False	asc	1	0.06896551724137931	0.27586206896551724	0.034482758620689655	0.3793103448275862
act/11	mean	proj	0	20	True	False	asc	1	0.10344827586206896	0.3448275862068966	0.034482758620689655	0.41379310344827586
embed	mean	proj	13	20	False	True	asc	1	0.1724137931034483	0.4827586206896552	0.034482758620689655	0.3448275862068966
embed	mean	proj	13	20	False	False	asc	1	0.1724137931034483	0.4827586206896552	0.034482758620689655	0.3448275862068966
embed	mean	proj	14	20	False	True	asc	1	0.1724137931034483	0.4827586206896552	0.034482758620689655	0.4482758620689655
act/11	mean	proj	0	14	True	False	asc	1	0.10344827586206896	0.3448275862068966	0.034482758620689655	0.3793103448275862
act/11	mean	proj	0	15	True	False	asc	1	0.06896551724137931	0.3448275862068966	0.034482758620689655	0.3793103448275862
act/11	mean	proj	0	16	True	False	asc	1	0.10344827586206896	0.3103448275862069	0.034482758620689655	0.41379310344827586
act/11	mean	proj	0	17	True	False	asc	1	0.06896551724137931	0.27586206896551724	0.034482758620689655	0.3793103448275862
act/11	mean	proj	0	10	True	False	asc	1	0.06896551724137931	0.3448275862068966	0.034482758620689655	0.3793103448275862
act/11	mean	proj	0	12	True	False	asc	1	0.06896551724137931	0.3448275862068966	0.034482758620689655	0.3448275862068966
act/11	mean	proj	0	13	True	False	asc	1	0.10344827586206896	0.3448275862068966	0.034482758620689655	0.3793103448275862
act/11	mean	proj	0	8	True	False	asc	1	0.10344827586206896	0.3448275862068966	0.034482758620689655	0.3793103448275862
act/11	mean	proj	1	6	True	False	asc	1	0.034482758620689655	0.3448275862068966	0.0	0.5172413793103449
act/11	mean	proj	0	5	True	True	asc	1	0.10344827586206896	0.4482758620689655	0.0	0.27586206896551724
act/11	mean	proj	0	5	True	False	asc	1	0.06896551724137931	0.3793103448275862	0.0	0.3448275862068966
act/11	mean	proj	0	6	True	True	asc	1	0.10344827586206896	0.41379310344827586	0.0	0.2413793103448276
act/11	mean	proj	0	6	True	False	asc	1	0.06896551724137931	0.3448275862068966	0.0	0.3448275862068966
act/11	mean	proj	0	7	True	True	asc	1	0.10344827586206896	0.41379310344827586	0.0	0.2413793103448276
act/11	mean	proj	0	7	True	False	asc	1	0.06896551724137931	0.27586206896551724	0.0	0.3103448275862069
act/11	mean	proj	0	8	True	True	asc	1	0.10344827586206896	0.41379310344827586	0.0	0.27586206896551724
act/11	mean	proj	0	9	True	True	asc	1	0.10344827586206896	0.41379310344827586	0.0	0.27586206896551724
act/11	mean	proj	0	10	True	True	asc	1	0.10344827586206896	0.41379310344827586	0.0	0.27586206896551724
act/11	mean	proj	0	11	True	True	asc	1	0.10344827586206896	0.41379310344827586	0.0	0.3103448275862069
act/11	mean	proj	0	12	True	True	asc	1	0.10344827586206896	0.41379310344827586	0.0	0.3103448275862069
act/11	mean	proj	0	13	True	True	asc	1	0.10344827586206896	0.41379310344827586	0.0	0.27586206896551724
act/11	mean	proj	0	14	True	True	asc	1	0.10344827586206896	0.41379310344827586	0.0	0.3103448275862069
act/11	mean	proj	0	15	True	True	asc	1	0.10344827586206896	0.41379310344827586	0.0	0.27586206896551724
act/11	mean	proj	0	16	True	True	asc	1	0.10344827586206896	0.41379310344827586	0.0	0.27586206896551724
act/11	mean	proj	0	17	True	True	asc	1	0.10344827586206896	0.41379310344827586	0.0	0.27586206896551724
act/11	mean	proj	0	18	True	True	asc	1	0.10344827586206896	0.41379310344827586	0.0	0.27586206896551724
act/11	mean	proj	0	19	True	True	asc	1	0.10344827586206896	0.41379310344827586	0.0	0.27586206896551724
act/11	mean	proj	0	20	True	True	asc	1	0.10344827586206896	0.41379310344827586	0.0	0.27586206896551724
act/11	mean	proj	1	14	True	False	asc	1	0.034482758620689655	0.27586206896551724	0.0	0.3448275862068966
act/11	mean	proj	1	15	True	False	asc	1	0.034482758620689655	0.2413793103448276	0.0	0.3448275862068966
act/11	mean	proj	1	16	True	False	asc	1	0.034482758620689655	0.2413793103448276	0.0	0.3448275862068966
act/11	mean	proj	1	17	True	False	asc	1	0.034482758620689655	0.27586206896551724	0.0	0.3448275862068966
act/11	mean	proj	0	4	True	True	asc	1	0.10344827586206896	0.4482758620689655	0.0	0.2413793103448276
act/11	mean	proj	1	19	True	False	asc	1	0.034482758620689655	0.3103448275862069	0.0	0.3448275862068966
act/11	mean	proj	1	20	True	False	asc	1	0.034482758620689655	0.3103448275862069	0.0	0.3448275862068966
act/11	mean	proj	2	14	True	True	asc	1	0.06896551724137931	0.2413793103448276	0.0	0.4482758620689655
act/11	mean	proj	2	14	True	False	asc	1	0.06896551724137931	0.2413793103448276	0.0	0.41379310344827586
act/27	mean	proj	14	15	True	True	asc	1	0.034482758620689655	0.3103448275862069	0.0	0.3103448275862069
act/27	mean	proj	14	15	True	False	asc	1	0.034482758620689655	0.3103448275862069	0.0	0.3103448275862069
act/27	mean	proj	14	16	True	True	asc	1	0.10344827586206896	0.5517241379310345	0.0	0.3103448275862069
act/27	mean	proj	14	16	True	False	asc	1	0.10344827586206896	0.5517241379310345	0.0	0.3103448275862069
act/27	mean	proj	3	8	True	False	asc	1	0.06896551724137931	0.20689655172413793	0.0	0.4482758620689655
act/27	mean	proj	4	6	True	True	asc	1	0.034482758620689655	0.3103448275862069	0.0	0.4482758620689655
act/27	mean	proj	4	6	True	False	asc	1	0.034482758620689655	0.3103448275862069	0.0	0.4482758620689655
act/27	mean	proj	1	3	False	True	asc	1	0.06896551724137931	0.27586206896551724	0.0	0.3448275862068966
act/27	mean	proj	1	3	False	False	asc	1	0.06896551724137931	0.27586206896551724	0.0	0.3448275862068966
act/27	mean	proj	2	8	True	False	asc	1	0.13793103448275862	0.41379310344827586	0.0	0.4827586206896552
act/11	mean	proj	3	14	True	False	asc	1	0.06896551724137931	0.3793103448275862	0.0	0.41379310344827586
act/11	mean	proj	1	18	True	False	asc	1	0.034482758620689655	0.27586206896551724	0.0	0.3448275862068966
act/27	mean	proj	4	9	True	True	asc	1	0.034482758620689655	0.2413793103448276	0.0	0.4827586206896552
act/27	mean	proj	4	9	True	False	asc	1	0.06896551724137931	0.2413793103448276	0.0	0.4827586206896552
act/27	mean	proj	5	6	True	True	asc	1	0.0	0.27586206896551724	0.0	0.4482758620689655
act/27	mean	proj	5	6	True	False	asc	1	0.0	0.27586206896551724	0.0	0.4482758620689655
act/27	mean	proj	5	7	True	True	asc	1	0.034482758620689655	0.3448275862068966	0.0	0.3793103448275862
act/27	mean	proj	5	7	True	False	asc	1	0.034482758620689655	0.3448275862068966	0.0	0.3793103448275862
act/27	mean	proj	3	7	True	False	asc	1	0.06896551724137931	0.3793103448275862	0.0	0.5172413793103449
act/27	mean	proj	3	8	True	True	asc	1	0.06896551724137931	0.2413793103448276	0.0	0.4827586206896552
act/27	mean	proj	0	2	True	False	asc	1	0.10344827586206896	0.3103448275862069	0.0	0.3103448275862069
act/27	mean	proj	2	10	True	False	asc	1	0.10344827586206896	0.3448275862068966	0.0	0.4827586206896552
act/27	mean	proj	2	11	True	True	asc	1	0.13793103448275862	0.3793103448275862	0.0	0.5172413793103449
act/27	mean	proj	2	11	True	False	asc	1	0.10344827586206896	0.3448275862068966	0.0	0.4827586206896552
act/27	mean	proj	3	6	True	True	asc	1	0.06896551724137931	0.4482758620689655	0.0	0.5172413793103449
act/27	mean	proj	3	6	True	False	asc	1	0.06896551724137931	0.4827586206896552	0.0	0.5172413793103449
act/27	mean	proj	4	8	True	True	asc	1	0.034482758620689655	0.2413793103448276	0.0	0.3793103448275862
act/27	mean	proj	4	8	True	False	asc	1	0.034482758620689655	0.2413793103448276	0.0	0.3793103448275862
act/31_normed	mean	proj	5	8	True	False	asc	1	0.034482758620689655	0.27586206896551724	0.0	0.41379310344827586
act/31_normed	mean	proj	5	9	True	True	asc	1	0.034482758620689655	0.3103448275862069	0.0	0.3793103448275862
act/31_normed	mean	proj	5	9	True	False	asc	1	0.034482758620689655	0.3448275862068966	0.0	0.3793103448275862
act/31_normed	mean	proj	5	10	True	True	asc	1	0.034482758620689655	0.27586206896551724	0.0	0.3793103448275862
act/31_normed	mean	proj	5	10	True	False	asc	1	0.034482758620689655	0.27586206896551724	0.0	0.3793103448275862
act/15	mean	proj	17	18	True	True	asc	1	0.13793103448275862	0.2413793103448276	0.0	0.4827586206896552
act/15	mean	proj	17	18	True	False	asc	1	0.13793103448275862	0.2413793103448276	0.0	0.4827586206896552
act/31_normed	mean	proj	16	18	True	True	asc	1	0.034482758620689655	0.3793103448275862	0.0	0.3793103448275862
act/15	mean	proj	3	18	False	False	asc	1	0.034482758620689655	0.3103448275862069	0.0	0.3793103448275862
act/15	mean	proj	3	19	False	True	asc	1	0.034482758620689655	0.3103448275862069	0.0	0.41379310344827586
act/15	mean	proj	3	19	False	False	asc	1	0.034482758620689655	0.3103448275862069	0.0	0.3793103448275862
act/15	mean	proj	3	20	False	True	asc	1	0.034482758620689655	0.3103448275862069	0.0	0.3793103448275862
act/15	mean	proj	3	20	False	False	asc	1	0.034482758620689655	0.27586206896551724	0.0	0.3448275862068966
act/15	mean	proj	4	6	False	True	asc	1	0.034482758620689655	0.3103448275862069	0.0	0.3103448275862069
act/15	mean	proj	4	6	False	False	asc	1	0.034482758620689655	0.27586206896551724	0.0	0.3103448275862069
act/31_normed	mean	proj	5	8	True	True	asc	1	0.034482758620689655	0.27586206896551724	0.0	0.3793103448275862
act/15	mean	proj	3	14	False	False	asc	1	0.034482758620689655	0.2413793103448276	0.0	0.4482758620689655
act/15	mean	proj	3	15	False	True	asc	1	0.034482758620689655	0.2413793103448276	0.0	0.4827586206896552
act/15	mean	proj	3	15	False	False	asc	1	0.034482758620689655	0.27586206896551724	0.0	0.5172413793103449
act/15	mean	proj	3	16	False	True	asc	1	0.034482758620689655	0.27586206896551724	0.0	0.41379310344827586
act/15	mean	proj	3	16	False	False	asc	1	0.034482758620689655	0.3103448275862069	0.0	0.4827586206896552
act/15	mean	proj	3	17	False	True	asc	1	0.034482758620689655	0.27586206896551724	0.0	0.41379310344827586
act/15	mean	proj	3	17	False	False	asc	1	0.034482758620689655	0.3103448275862069	0.0	0.41379310344827586
act/15	mean	proj	3	18	False	True	asc	1	0.034482758620689655	0.27586206896551724	0.0	0.41379310344827586
act/31_normed	mean	proj	7	8	True	False	asc	1	0.034482758620689655	0.27586206896551724	0.0	0.3103448275862069
act/31_normed	mean	proj	8	10	True	True	asc	1	0.0	0.3448275862068966	0.0	0.5172413793103449
act/31_normed	mean	proj	8	10	True	False	asc	1	0.0	0.3448275862068966	0.0	0.5172413793103449
act/31_normed	mean	proj	5	17	True	True	asc	1	0.034482758620689655	0.20689655172413793	0.0	0.3448275862068966
act/31_normed	mean	proj	6	8	True	True	asc	1	0.0	0.3103448275862069	0.0	0.3448275862068966
act/31_normed	mean	proj	6	8	True	False	asc	1	0.0	0.3448275862068966	0.0	0.3448275862068966
act/31_normed	mean	proj	6	17	True	True	asc	1	0.034482758620689655	0.27586206896551724	0.0	0.3448275862068966
act/15	mean	proj	3	14	False	True	asc	1	0.034482758620689655	0.27586206896551724	0.0	0.41379310344827586
act/31_normed	mean	proj	19	20	True	False	asc	1	0.06896551724137931	0.5172413793103449	0.0	0.41379310344827586
act/15	mean	proj	10	14	True	True	asc	1	0.06896551724137931	0.41379310344827586	0.0	0.41379310344827586
act/15	mean	proj	10	14	True	False	asc	1	0.06896551724137931	0.41379310344827586	0.0	0.41379310344827586
act/15	mean	proj	10	15	True	True	asc	1	0.10344827586206896	0.3793103448275862	0.0	0.4482758620689655
act/15	mean	proj	10	15	True	False	asc	1	0.10344827586206896	0.3793103448275862	0.0	0.4482758620689655
act/15	mean	proj	10	16	True	True	asc	1	0.06896551724137931	0.3103448275862069	0.0	0.41379310344827586
act/15	mean	proj	10	16	True	False	asc	1	0.06896551724137931	0.3103448275862069	0.0	0.3793103448275862
act/15	mean	proj	10	17	True	True	asc	1	0.06896551724137931	0.3793103448275862	0.0	0.3448275862068966
act/15	mean	proj	12	19	True	True	asc	1	0.06896551724137931	0.27586206896551724	0.0	0.4482758620689655
act/15	mean	proj	12	20	True	True	asc	1	0.06896551724137931	0.27586206896551724	0.0	0.41379310344827586
act/15	mean	proj	12	20	True	False	asc	1	0.06896551724137931	0.27586206896551724	0.0	0.3793103448275862
act/15	mean	proj	13	14	True	True	asc	1	0.06896551724137931	0.27586206896551724	0.0	0.3793103448275862
act/15	mean	proj	13	14	True	False	asc	1	0.06896551724137931	0.27586206896551724	0.0	0.3793103448275862
act/15	mean	proj	13	20	True	True	asc	1	0.034482758620689655	0.3103448275862069	0.0	0.3103448275862069
act/15	mean	proj	13	20	True	False	asc	1	0.034482758620689655	0.27586206896551724	0.0	0.3103448275862069
act/31_normed	mean	proj	19	20	True	True	asc	1	0.06896551724137931	0.5172413793103449	0.0	0.41379310344827586
act/31_normed	mean	proj	4	15	True	False	asc	1	0.034482758620689655	0.2413793103448276	0.0	0.3448275862068966
act/31_normed	mean	proj	4	16	True	True	asc	1	0.034482758620689655	0.2413793103448276	0.0	0.3793103448275862
act/31_normed	mean	proj	4	17	True	True	asc	1	0.034482758620689655	0.2413793103448276	0.0	0.3103448275862069
act/31_normed	mean	proj	16	18	True	False	asc	1	0.034482758620689655	0.3793103448275862	0.0	0.3793103448275862
act/15	mean	proj	12	14	True	True	asc	1	0.06896551724137931	0.3448275862068966	0.0	0.3448275862068966
act/15	mean	proj	12	14	True	False	asc	1	0.06896551724137931	0.3448275862068966	0.0	0.3448275862068966
act/15	mean	proj	12	18	True	True	asc	1	0.06896551724137931	0.3103448275862069	0.0	0.41379310344827586
act/15	mean	proj	12	18	True	False	asc	1	0.034482758620689655	0.3103448275862069	0.0	0.41379310344827586
act/31_normed	mean	proj	4	11	True	False	asc	1	0.034482758620689655	0.27586206896551724	0.0	0.41379310344827586
act/31_normed	mean	proj	4	12	True	True	asc	1	0.034482758620689655	0.3103448275862069	0.0	0.41379310344827586
act/31_normed	mean	proj	4	12	True	False	asc	1	0.034482758620689655	0.3103448275862069	0.0	0.41379310344827586
act/31_normed	mean	proj	4	13	True	True	asc	1	0.034482758620689655	0.27586206896551724	0.0	0.3793103448275862
act/31_normed	mean	proj	4	13	True	False	asc	1	0.034482758620689655	0.27586206896551724	0.0	0.3793103448275862
act/31_normed	mean	proj	4	14	True	True	asc	1	0.034482758620689655	0.2413793103448276	0.0	0.3793103448275862
act/31_normed	mean	proj	4	14	True	False	asc	1	0.034482758620689655	0.2413793103448276	0.0	0.3793103448275862
act/31_normed	mean	proj	4	15	True	True	asc	1	0.034482758620689655	0.2413793103448276	0.0	0.3448275862068966
act/31_normed	mean	proj	3	15	True	False	asc	1	0.034482758620689655	0.27586206896551724	0.0	0.3448275862068966
act/31_normed	mean	proj	3	16	True	True	asc	1	0.034482758620689655	0.27586206896551724	0.0	0.3448275862068966
act/31_normed	mean	proj	3	16	True	False	asc	1	0.034482758620689655	0.27586206896551724	0.0	0.3448275862068966
act/31_normed	mean	proj	3	17	True	True	asc	1	0.034482758620689655	0.27586206896551724	0.0	0.3448275862068966
act/31_normed	mean	proj	3	17	True	False	asc	1	0.034482758620689655	0.27586206896551724	0.0	0.3448275862068966
act/31_normed	mean	proj	3	18	True	True	asc	1	0.034482758620689655	0.27586206896551724	0.0	0.3448275862068966
act/31_normed	mean	proj	3	18	True	False	asc	1	0.034482758620689655	0.27586206896551724	0.0	0.3448275862068966
act/31_normed	mean	proj	3	19	True	True	asc	1	0.034482758620689655	0.27586206896551724	0.0	0.3448275862068966
act/31_normed	mean	proj	3	11	True	False	asc	1	0.034482758620689655	0.27586206896551724	0.0	0.3448275862068966
act/31_normed	mean	proj	3	12	True	True	asc	1	0.034482758620689655	0.27586206896551724	0.0	0.3448275862068966
act/31_normed	mean	proj	3	12	True	False	asc	1	0.034482758620689655	0.27586206896551724	0.0	0.3448275862068966
act/31_normed	mean	proj	3	13	True	True	asc	1	0.034482758620689655	0.27586206896551724	0.0	0.3448275862068966
act/31_normed	mean	proj	3	13	True	False	asc	1	0.034482758620689655	0.27586206896551724	0.0	0.3448275862068966
act/31_normed	mean	proj	3	14	True	True	asc	1	0.034482758620689655	0.27586206896551724	0.0	0.3448275862068966
act/31_normed	mean	proj	3	14	True	False	asc	1	0.034482758620689655	0.27586206896551724	0.0	0.3448275862068966
act/31_normed	mean	proj	3	15	True	True	asc	1	0.034482758620689655	0.27586206896551724	0.0	0.3448275862068966
act/15	mean	proj	11	18	True	False	asc	1	0.13793103448275862	0.3103448275862069	0.0	0.41379310344827586
act/15	mean	proj	11	20	True	True	asc	1	0.06896551724137931	0.3103448275862069	0.0	0.3793103448275862
act/15	mean	proj	11	20	True	False	asc	1	0.06896551724137931	0.3103448275862069	0.0	0.3793103448275862
act/31_normed	mean	proj	1	3	False	True	asc	1	0.06896551724137931	0.27586206896551724	0.0	0.3448275862068966
act/31_normed	mean	proj	1	3	False	False	asc	1	0.06896551724137931	0.27586206896551724	0.0	0.3448275862068966
act/31_normed	mean	proj	1	5	False	False	asc	1	0.06896551724137931	0.4482758620689655	0.0	0.27586206896551724
act/15	mean	proj	8	19	True	True	asc	1	0.034482758620689655	0.27586206896551724	0.0	0.4482758620689655
act/15	mean	proj	8	19	True	False	asc	1	0.034482758620689655	0.3103448275862069	0.0	0.5172413793103449
act/15	mean	proj	10	17	True	False	asc	1	0.034482758620689655	0.3103448275862069	0.0	0.3448275862068966
act/15	mean	proj	10	18	True	True	asc	1	0.06896551724137931	0.3448275862068966	0.0	0.3793103448275862
act/15	mean	proj	10	18	True	False	asc	1	0.06896551724137931	0.3103448275862069	0.0	0.41379310344827586
act/15	mean	proj	10	19	True	True	asc	1	0.06896551724137931	0.3793103448275862	0.0	0.4827586206896552
act/15	mean	proj	10	19	True	False	asc	1	0.06896551724137931	0.3793103448275862	0.0	0.5172413793103449
act/15	mean	proj	10	20	True	True	asc	1	0.034482758620689655	0.27586206896551724	0.0	0.3793103448275862
act/15	mean	proj	10	20	True	False	asc	1	0.034482758620689655	0.27586206896551724	0.0	0.3793103448275862
act/15	mean	proj	11	18	True	True	asc	1	0.13793103448275862	0.3103448275862069	0.0	0.41379310344827586
act/31_normed	mean	proj	2	13	True	True	asc	1	0.034482758620689655	0.2413793103448276	0.0	0.3793103448275862
act/31_normed	mean	proj	2	13	True	False	asc	1	0.034482758620689655	0.27586206896551724	0.0	0.3448275862068966
act/31_normed	mean	proj	2	14	True	True	asc	1	0.034482758620689655	0.2413793103448276	0.0	0.3793103448275862
act/31_normed	mean	proj	2	14	True	False	asc	1	0.034482758620689655	0.27586206896551724	0.0	0.3448275862068966
act/31_normed	mean	proj	2	15	True	True	asc	1	0.034482758620689655	0.2413793103448276	0.0	0.3793103448275862
act/31_normed	mean	proj	2	15	True	False	asc	1	0.034482758620689655	0.2413793103448276	0.0	0.3448275862068966
act/31_normed	mean	proj	2	16	True	True	asc	1	0.034482758620689655	0.20689655172413793	0.0	0.3793103448275862
act/31_normed	mean	proj	2	16	True	False	asc	1	0.034482758620689655	0.2413793103448276	0.0	0.3448275862068966
act/15	mean	proj	9	19	True	True	asc	1	0.06896551724137931	0.3448275862068966	0.0	0.5517241379310345
act/15	mean	proj	9	19	True	False	asc	1	0.06896551724137931	0.3448275862068966	0.0	0.5172413793103449
act/15	mean	proj	9	20	True	True	asc	1	0.034482758620689655	0.3448275862068966	0.0	0.4482758620689655
act/15	mean	proj	9	20	True	False	asc	1	0.034482758620689655	0.3448275862068966	0.0	0.3793103448275862
act/31_normed	mean	proj	1	11	False	True	asc	1	0.10344827586206896	0.27586206896551724	0.0	0.3103448275862069
act/31_normed	mean	proj	1	11	False	False	asc	1	0.10344827586206896	0.27586206896551724	0.0	0.3793103448275862
act/31_normed	mean	proj	1	12	False	False	asc	1	0.13793103448275862	0.3103448275862069	0.0	0.4482758620689655
act/31_normed	mean	proj	2	12	True	False	asc	1	0.034482758620689655	0.2413793103448276	0.0	0.3448275862068966
act/31_normed	mean	proj	4	10	True	False	asc	1	0.034482758620689655	0.27586206896551724	0.0	0.3793103448275862
act/31_normed	mean	proj	4	11	True	True	asc	1	0.034482758620689655	0.3103448275862069	0.0	0.41379310344827586
act/15	mean	proj	8	20	True	True	asc	1	0.034482758620689655	0.3448275862068966	0.0	0.41379310344827586
act/15	mean	proj	8	20	True	False	asc	1	0.034482758620689655	0.3448275862068966	0.0	0.41379310344827586
act/15	mean	proj	9	17	True	True	asc	1	0.034482758620689655	0.3448275862068966	0.0	0.5172413793103449
act/15	mean	proj	9	17	True	False	asc	1	0.034482758620689655	0.3448275862068966	0.0	0.5172413793103449
act/15	mean	proj	9	18	True	True	asc	1	0.06896551724137931	0.3448275862068966	0.0	0.5172413793103449
act/15	mean	proj	9	18	True	False	asc	1	0.06896551724137931	0.3793103448275862	0.0	0.5172413793103449
act/31_normed	mean	proj	3	19	True	False	asc	1	0.034482758620689655	0.27586206896551724	0.0	0.3448275862068966
act/31_normed	mean	proj	3	20	True	True	asc	1	0.034482758620689655	0.27586206896551724	0.0	0.3448275862068966
act/31_normed	mean	proj	3	20	True	False	asc	1	0.034482758620689655	0.27586206896551724	0.0	0.3448275862068966
act/31_normed	mean	proj	4	8	True	True	asc	1	0.034482758620689655	0.27586206896551724	0.0	0.3448275862068966
act/31_normed	mean	proj	4	8	True	False	asc	1	0.034482758620689655	0.3103448275862069	0.0	0.3448275862068966
act/31_normed	mean	proj	4	9	True	True	asc	1	0.034482758620689655	0.3448275862068966	0.0	0.3793103448275862
act/31_normed	mean	proj	4	9	True	False	asc	1	0.034482758620689655	0.3793103448275862	0.0	0.3793103448275862
act/31_normed	mean	proj	4	10	True	True	asc	1	0.034482758620689655	0.27586206896551724	0.0	0.3793103448275862
act/15	mean	proj	7	20	True	True	asc	1	0.034482758620689655	0.3448275862068966	0.0	0.41379310344827586
act/15	mean	proj	7	20	True	False	asc	1	0.034482758620689655	0.3103448275862069	0.0	0.41379310344827586
act/15	mean	proj	8	9	True	True	asc	1	0.034482758620689655	0.1724137931034483	0.0	0.3103448275862069
act/15	mean	proj	8	9	True	False	asc	1	0.034482758620689655	0.1724137931034483	0.0	0.3103448275862069
act/15	mean	proj	8	17	True	True	asc	1	0.034482758620689655	0.3448275862068966	0.0	0.4482758620689655
act/15	mean	proj	8	17	True	False	asc	1	0.034482758620689655	0.3448275862068966	0.0	0.4482758620689655
act/15	mean	proj	8	18	True	True	asc	1	0.034482758620689655	0.27586206896551724	0.0	0.4827586206896552
act/15	mean	proj	8	18	True	False	asc	1	0.034482758620689655	0.3448275862068966	0.0	0.5172413793103449
act/31_normed	mean	proj	3	11	True	True	asc	1	0.034482758620689655	0.27586206896551724	0.0	0.3448275862068966
act/31_normed	mean	proj	1	13	False	False	asc	1	0.10344827586206896	0.27586206896551724	0.0	0.4482758620689655
act/15	mean	proj	7	17	True	True	asc	1	0.034482758620689655	0.3448275862068966	0.0	0.41379310344827586
act/15	mean	proj	7	17	True	False	asc	1	0.034482758620689655	0.3448275862068966	0.0	0.4482758620689655
act/15	mean	proj	7	18	True	True	asc	1	0.034482758620689655	0.3103448275862069	0.0	0.41379310344827586
act/15	mean	proj	7	18	True	False	asc	1	0.034482758620689655	0.3448275862068966	0.0	0.4827586206896552
act/15	mean	proj	7	19	True	True	asc	1	0.034482758620689655	0.3448275862068966	0.0	0.41379310344827586
act/15	mean	proj	7	19	True	False	asc	1	0.034482758620689655	0.3448275862068966	0.0	0.4827586206896552
act/31_normed	mean	proj	3	5	True	True	asc	1	0.06896551724137931	0.27586206896551724	0.0	0.3448275862068966
act/31_normed	mean	proj	3	5	True	False	asc	1	0.06896551724137931	0.27586206896551724	0.0	0.3448275862068966
act/31_normed	mean	proj	3	8	True	True	asc	1	0.06896551724137931	0.2413793103448276	0.0	0.3448275862068966
act/31_normed	mean	proj	3	8	True	False	asc	1	0.06896551724137931	0.2413793103448276	0.0	0.3448275862068966
act/31_normed	mean	proj	3	9	True	True	asc	1	0.034482758620689655	0.2413793103448276	0.0	0.3448275862068966
act/31_normed	mean	proj	3	9	True	False	asc	1	0.034482758620689655	0.2413793103448276	0.0	0.3448275862068966
act/31_normed	mean	proj	3	10	True	True	asc	1	0.034482758620689655	0.27586206896551724	0.0	0.3448275862068966
act/31_normed	mean	proj	3	10	True	False	asc	1	0.034482758620689655	0.27586206896551724	0.0	0.3448275862068966
act/31_normed	mean	proj	2	17	True	True	asc	1	0.034482758620689655	0.20689655172413793	0.0	0.3793103448275862
act/31_normed	mean	proj	2	17	True	False	asc	1	0.034482758620689655	0.20689655172413793	0.0	0.3448275862068966
act/31_normed	mean	proj	2	18	True	True	asc	1	0.034482758620689655	0.2413793103448276	0.0	0.3793103448275862
act/31_normed	mean	proj	2	18	True	False	asc	1	0.034482758620689655	0.2413793103448276	0.0	0.3448275862068966
act/31_normed	mean	proj	2	19	True	True	asc	1	0.034482758620689655	0.2413793103448276	0.0	0.3793103448275862
act/31_normed	mean	proj	2	19	True	False	asc	1	0.034482758620689655	0.20689655172413793	0.0	0.3448275862068966
act/31_normed	mean	proj	2	20	True	True	asc	1	0.034482758620689655	0.2413793103448276	0.0	0.3793103448275862
act/31_normed	mean	proj	2	20	True	False	asc	1	0.034482758620689655	0.20689655172413793	0.0	0.3448275862068966
act/31_normed	mean	proj	2	5	True	False	asc	1	0.06896551724137931	0.41379310344827586	0.0	0.41379310344827586
act/31_normed	mean	proj	2	6	True	True	asc	1	0.034482758620689655	0.4827586206896552	0.0	0.4482758620689655
act/31_normed	mean	proj	2	6	True	False	asc	1	0.034482758620689655	0.4482758620689655	0.0	0.4827586206896552
act/31_normed	mean	proj	2	7	True	True	asc	1	0.034482758620689655	0.3793103448275862	0.0	0.3793103448275862
act/31_normed	mean	proj	2	7	True	False	asc	1	0.034482758620689655	0.3448275862068966	0.0	0.3448275862068966
act/31_normed	mean	proj	2	8	True	True	asc	1	0.034482758620689655	0.2413793103448276	0.0	0.3793103448275862
act/31_normed	mean	proj	2	8	True	False	asc	1	0.034482758620689655	0.2413793103448276	0.0	0.3448275862068966
act/31_normed	mean	proj	2	9	True	True	asc	1	0.034482758620689655	0.2413793103448276	0.0	0.3793103448275862
act/31_normed	mean	proj	3	13	False	True	asc	1	0.034482758620689655	0.20689655172413793	0.0	0.3448275862068966
act/31_normed	mean	proj	3	13	False	False	asc	1	0.034482758620689655	0.20689655172413793	0.0	0.3448275862068966
act/31_normed	mean	proj	3	14	False	True	asc	1	0.034482758620689655	0.2413793103448276	0.0	0.3448275862068966
act/31_normed	mean	proj	0	19	True	False	asc	1	0.10344827586206896	0.27586206896551724	0.0	0.41379310344827586
act/31_normed	mean	proj	0	20	True	True	asc	1	0.10344827586206896	0.3448275862068966	0.0	0.3793103448275862
act/31_normed	mean	proj	2	4	True	True	asc	1	0.034482758620689655	0.4827586206896552	0.0	0.41379310344827586
act/31_normed	mean	proj	2	4	True	False	asc	1	0.034482758620689655	0.4827586206896552	0.0	0.3448275862068966
act/31_normed	mean	proj	2	5	True	True	asc	1	0.06896551724137931	0.4482758620689655	0.0	0.41379310344827586
act/31_normed	mean	proj	3	9	False	True	asc	1	0.034482758620689655	0.1724137931034483	0.0	0.3793103448275862
act/31_normed	mean	proj	3	9	False	False	asc	1	0.034482758620689655	0.1724137931034483	0.0	0.3448275862068966
act/31_normed	mean	proj	3	10	False	True	asc	1	0.034482758620689655	0.20689655172413793	0.0	0.3448275862068966
act/31_normed	mean	proj	3	10	False	False	asc	1	0.034482758620689655	0.2413793103448276	0.0	0.3448275862068966
act/31_normed	mean	proj	3	11	False	True	asc	1	0.034482758620689655	0.20689655172413793	0.0	0.3448275862068966
act/31_normed	mean	proj	3	11	False	False	asc	1	0.034482758620689655	0.1724137931034483	0.0	0.3448275862068966
act/31_normed	mean	proj	3	12	False	True	asc	1	0.034482758620689655	0.20689655172413793	0.0	0.3448275862068966
act/31_normed	mean	proj	3	12	False	False	asc	1	0.034482758620689655	0.20689655172413793	0.0	0.3448275862068966
act/31_normed	mean	proj	3	5	False	True	asc	1	0.06896551724137931	0.4827586206896552	0.0	0.4482758620689655
act/31_normed	mean	proj	3	5	False	False	asc	1	0.06896551724137931	0.4827586206896552	0.0	0.4482758620689655
act/31_normed	mean	proj	3	6	False	True	asc	1	0.06896551724137931	0.3103448275862069	0.0	0.3793103448275862
act/31_normed	mean	proj	3	6	False	False	asc	1	0.06896551724137931	0.2413793103448276	0.0	0.3448275862068966
act/31_normed	mean	proj	3	7	False	True	asc	1	0.034482758620689655	0.3448275862068966	0.0	0.4482758620689655
act/31_normed	mean	proj	3	7	False	False	asc	1	0.034482758620689655	0.3103448275862069	0.0	0.41379310344827586
act/31_normed	mean	proj	3	8	False	True	asc	1	0.034482758620689655	0.1724137931034483	0.0	0.3448275862068966
act/31_normed	mean	proj	3	8	False	False	asc	1	0.034482758620689655	0.13793103448275862	0.0	0.3448275862068966
act/31_normed	mean	proj	4	11	False	False	asc	1	0.06896551724137931	0.20689655172413793	0.0	0.41379310344827586
act/31_normed	mean	proj	4	12	False	True	asc	1	0.034482758620689655	0.20689655172413793	0.0	0.3793103448275862
act/31_normed	mean	proj	4	12	False	False	asc	1	0.034482758620689655	0.20689655172413793	0.0	0.41379310344827586
act/31_normed	mean	proj	4	13	False	True	asc	1	0.034482758620689655	0.20689655172413793	0.0	0.3793103448275862
act/31_normed	mean	proj	4	13	False	False	asc	1	0.034482758620689655	0.20689655172413793	0.0	0.41379310344827586
act/31_normed	mean	proj	4	14	False	True	asc	1	0.034482758620689655	0.20689655172413793	0.0	0.3793103448275862
act/31_normed	mean	proj	4	14	False	False	asc	1	0.034482758620689655	0.20689655172413793	0.0	0.41379310344827586
act/31_normed	mean	proj	4	15	False	True	asc	1	0.034482758620689655	0.20689655172413793	0.0	0.3793103448275862
act/31_normed	mean	proj	3	19	False	False	asc	1	0.034482758620689655	0.2413793103448276	0.0	0.3448275862068966
act/31_normed	mean	proj	3	20	False	True	asc	1	0.034482758620689655	0.2413793103448276	0.0	0.3448275862068966
act/31_normed	mean	proj	3	20	False	False	asc	1	0.034482758620689655	0.2413793103448276	0.0	0.3448275862068966
act/31_normed	mean	proj	4	8	False	True	asc	1	0.06896551724137931	0.20689655172413793	0.0	0.3793103448275862
act/31_normed	mean	proj	4	8	False	False	asc	1	0.06896551724137931	0.20689655172413793	0.0	0.3793103448275862
act/31_normed	mean	proj	4	10	False	True	asc	1	0.06896551724137931	0.20689655172413793	0.0	0.3793103448275862
act/31_normed	mean	proj	4	10	False	False	asc	1	0.06896551724137931	0.20689655172413793	0.0	0.3793103448275862
act/31_normed	mean	proj	4	11	False	True	asc	1	0.06896551724137931	0.20689655172413793	0.0	0.41379310344827586
act/31_normed	mean	proj	3	15	False	False	asc	1	0.034482758620689655	0.27586206896551724	0.0	0.3448275862068966
act/31_normed	mean	proj	3	16	False	True	asc	1	0.034482758620689655	0.2413793103448276	0.0	0.3448275862068966
act/31_normed	mean	proj	3	16	False	False	asc	1	0.034482758620689655	0.27586206896551724	0.0	0.3448275862068966
act/31_normed	mean	proj	3	17	False	True	asc	1	0.034482758620689655	0.2413793103448276	0.0	0.3448275862068966
act/31_normed	mean	proj	3	17	False	False	asc	1	0.034482758620689655	0.27586206896551724	0.0	0.3448275862068966
act/31_normed	mean	proj	3	18	False	True	asc	1	0.034482758620689655	0.2413793103448276	0.0	0.3448275862068966
act/31_normed	mean	proj	3	18	False	False	asc	1	0.034482758620689655	0.2413793103448276	0.0	0.3448275862068966
act/31_normed	mean	proj	3	19	False	True	asc	1	0.034482758620689655	0.2413793103448276	0.0	0.3448275862068966
act/31_normed	mean	proj	2	9	True	False	asc	1	0.034482758620689655	0.2413793103448276	0.0	0.3448275862068966
act/31_normed	mean	proj	2	10	True	True	asc	1	0.034482758620689655	0.2413793103448276	0.0	0.3793103448275862
act/31_normed	mean	proj	2	10	True	False	asc	1	0.034482758620689655	0.2413793103448276	0.0	0.3448275862068966
act/31_normed	mean	proj	2	11	True	True	asc	1	0.034482758620689655	0.2413793103448276	0.0	0.3793103448275862
act/31_normed	mean	proj	2	11	True	False	asc	1	0.034482758620689655	0.2413793103448276	0.0	0.3448275862068966
act/31_normed	mean	proj	2	12	True	True	asc	1	0.034482758620689655	0.2413793103448276	0.0	0.3793103448275862
act/31_normed	mean	proj	3	14	False	False	asc	1	0.034482758620689655	0.27586206896551724	0.0	0.3448275862068966
act/31_normed	mean	proj	3	15	False	True	asc	1	0.034482758620689655	0.2413793103448276	0.0	0.3448275862068966
act/31_normed	mean	proj	0	5	True	True	asc	1	0.10344827586206896	0.4482758620689655	0.0	0.4482758620689655
act/31_normed	mean	proj	0	5	True	False	asc	1	0.10344827586206896	0.3793103448275862	0.0	0.3793103448275862
act/31_normed	mean	proj	0	6	True	True	asc	1	0.10344827586206896	0.41379310344827586	0.0	0.41379310344827586
act/31_normed	mean	proj	0	6	True	False	asc	1	0.13793103448275862	0.3793103448275862	0.0	0.4482758620689655
act/31_normed	mean	proj	0	7	True	True	asc	1	0.10344827586206896	0.41379310344827586	0.0	0.3793103448275862
act/31_normed	mean	proj	0	7	True	False	asc	1	0.13793103448275862	0.3793103448275862	0.0	0.3793103448275862
act/31_normed	mean	proj	0	8	True	True	asc	1	0.06896551724137931	0.3793103448275862	0.0	0.3793103448275862
act/31_normed	mean	proj	0	8	True	False	asc	1	0.13793103448275862	0.3103448275862069	0.0	0.3793103448275862
act/31_normed	mean	proj	5	10	False	False	asc	1	0.034482758620689655	0.3103448275862069	0.0	0.3793103448275862
act/31_normed	mean	proj	5	11	False	True	asc	1	0.034482758620689655	0.27586206896551724	0.0	0.3448275862068966
act/31_normed	mean	proj	5	12	False	True	asc	1	0.034482758620689655	0.27586206896551724	0.0	0.3448275862068966
act/31_normed	mean	proj	5	12	False	False	asc	1	0.034482758620689655	0.27586206896551724	0.0	0.3448275862068966
act/31_normed	mean	proj	5	13	False	True	asc	1	0.034482758620689655	0.27586206896551724	0.0	0.3448275862068966
act/31_normed	mean	proj	5	14	False	True	asc	1	0.034482758620689655	0.2413793103448276	0.0	0.3448275862068966
act/31_normed	mean	proj	0	4	True	True	asc	1	0.13793103448275862	0.5172413793103449	0.0	0.3793103448275862
act/31_normed	mean	proj	0	4	True	False	asc	1	0.13793103448275862	0.4827586206896552	0.0	0.3448275862068966
act/31_normed	mean	proj	4	19	False	False	asc	1	0.034482758620689655	0.20689655172413793	0.0	0.3793103448275862
act/31_normed	mean	proj	4	20	False	True	asc	1	0.034482758620689655	0.20689655172413793	0.0	0.3793103448275862
act/31_normed	mean	proj	4	20	False	False	asc	1	0.034482758620689655	0.1724137931034483	0.0	0.3793103448275862
act/31_normed	mean	proj	5	8	False	True	asc	1	0.06896551724137931	0.3103448275862069	0.0	0.5172413793103449
act/31_normed	mean	proj	5	8	False	False	asc	1	0.06896551724137931	0.3103448275862069	0.0	0.4827586206896552
act/31_normed	mean	proj	5	9	False	True	asc	1	0.034482758620689655	0.27586206896551724	0.0	0.3448275862068966
act/31_normed	mean	proj	5	9	False	False	asc	1	0.034482758620689655	0.3103448275862069	0.0	0.3448275862068966
act/31_normed	mean	proj	5	10	False	True	asc	1	0.034482758620689655	0.3103448275862069	0.0	0.3793103448275862
act/31_normed	mean	proj	4	15	False	False	asc	1	0.034482758620689655	0.20689655172413793	0.0	0.41379310344827586
act/31_normed	mean	proj	4	16	False	True	asc	1	0.034482758620689655	0.20689655172413793	0.0	0.3793103448275862
act/31_normed	mean	proj	4	16	False	False	asc	1	0.034482758620689655	0.20689655172413793	0.0	0.41379310344827586
act/31_normed	mean	proj	4	17	False	True	asc	1	0.034482758620689655	0.20689655172413793	0.0	0.3793103448275862
act/31_normed	mean	proj	4	17	False	False	asc	1	0.034482758620689655	0.20689655172413793	0.0	0.3793103448275862
act/31_normed	mean	proj	4	18	False	True	asc	1	0.034482758620689655	0.20689655172413793	0.0	0.3793103448275862
act/31_normed	mean	proj	4	18	False	False	asc	1	0.034482758620689655	0.20689655172413793	0.0	0.3793103448275862
act/31_normed	mean	proj	4	19	False	True	asc	1	0.034482758620689655	0.20689655172413793	0.0	0.3793103448275862
act/15	mean	proj	4	16	False	False	asc	1	0.034482758620689655	0.27586206896551724	0.0	0.4482758620689655
act/15	mean	proj	4	17	False	False	asc	1	0.034482758620689655	0.1724137931034483	0.0	0.4482758620689655
act/15	mean	proj	4	18	False	False	asc	1	0.034482758620689655	0.2413793103448276	0.0	0.4827586206896552
act/15	mean	proj	4	19	False	False	asc	1	0.034482758620689655	0.20689655172413793	0.0	0.4482758620689655
act/15	mean	proj	4	20	False	False	asc	1	0.034482758620689655	0.2413793103448276	0.0	0.4482758620689655
act/31	mean	proj	18	19	False	True	asc	1	0.1724137931034483	0.4482758620689655	0.0	0.4482758620689655
act/31	mean	proj	18	19	False	False	asc	1	0.1724137931034483	0.4482758620689655	0.0	0.4482758620689655
act/31	mean	proj	18	20	False	True	asc	1	0.06896551724137931	0.41379310344827586	0.0	0.41379310344827586
act/31_normed	mean	proj	0	17	True	True	asc	1	0.10344827586206896	0.3448275862068966	0.0	0.3793103448275862
act/31_normed	mean	proj	0	17	True	False	asc	1	0.10344827586206896	0.27586206896551724	0.0	0.4482758620689655
act/31_normed	mean	proj	0	18	True	True	asc	1	0.10344827586206896	0.3448275862068966	0.0	0.3793103448275862
act/31_normed	mean	proj	0	18	True	False	asc	1	0.10344827586206896	0.27586206896551724	0.0	0.41379310344827586
act/31_normed	mean	proj	0	19	True	True	asc	1	0.10344827586206896	0.3448275862068966	0.0	0.3793103448275862
act/31_normed	mean	proj	6	9	False	True	asc	1	0.034482758620689655	0.2413793103448276	0.0	0.41379310344827586
act/31_normed	mean	proj	6	9	False	False	asc	1	0.034482758620689655	0.2413793103448276	0.0	0.41379310344827586
act/31_normed	mean	proj	6	15	False	True	asc	1	0.034482758620689655	0.20689655172413793	0.0	0.41379310344827586
act/31_normed	mean	proj	0	13	True	True	asc	1	0.10344827586206896	0.3793103448275862	0.0	0.3793103448275862
act/31_normed	mean	proj	0	13	True	False	asc	1	0.13793103448275862	0.3448275862068966	0.0	0.41379310344827586
act/31_normed	mean	proj	0	14	True	True	asc	1	0.10344827586206896	0.3793103448275862	0.0	0.3793103448275862
act/31_normed	mean	proj	0	14	True	False	asc	1	0.13793103448275862	0.3103448275862069	0.0	0.3448275862068966
act/31_normed	mean	proj	0	15	True	True	asc	1	0.10344827586206896	0.3793103448275862	0.0	0.3793103448275862
act/31_normed	mean	proj	0	15	True	False	asc	1	0.13793103448275862	0.3103448275862069	0.0	0.3793103448275862
act/31_normed	mean	proj	0	16	True	True	asc	1	0.10344827586206896	0.3448275862068966	0.0	0.3793103448275862
act/31_normed	mean	proj	0	16	True	False	asc	1	0.13793103448275862	0.3103448275862069	0.0	0.3793103448275862
act/31_normed	mean	proj	0	9	True	True	asc	1	0.06896551724137931	0.3793103448275862	0.0	0.3793103448275862
act/31_normed	mean	proj	0	9	True	False	asc	1	0.10344827586206896	0.27586206896551724	0.0	0.3793103448275862
act/31_normed	mean	proj	0	10	True	True	asc	1	0.10344827586206896	0.3448275862068966	0.0	0.3793103448275862
act/31_normed	mean	proj	0	10	True	False	asc	1	0.13793103448275862	0.27586206896551724	0.0	0.3793103448275862
act/31_normed	mean	proj	0	11	True	True	asc	1	0.10344827586206896	0.3793103448275862	0.0	0.3793103448275862
act/31_normed	mean	proj	0	11	True	False	asc	1	0.13793103448275862	0.3103448275862069	0.0	0.41379310344827586
act/31_normed	mean	proj	0	12	True	True	asc	1	0.10344827586206896	0.3793103448275862	0.0	0.3793103448275862
act/31_normed	mean	proj	0	12	True	False	asc	1	0.13793103448275862	0.27586206896551724	0.0	0.41379310344827586
act/15	mean	proj	6	17	True	False	asc	1	0.034482758620689655	0.27586206896551724	0.0	0.3793103448275862
act/15	mean	proj	6	18	True	False	asc	1	0.034482758620689655	0.27586206896551724	0.0	0.4482758620689655
act/15	mean	proj	6	19	True	False	asc	1	0.034482758620689655	0.27586206896551724	0.0	0.4827586206896552
act/15	mean	proj	6	20	True	False	asc	1	0.034482758620689655	0.27586206896551724	0.0	0.3793103448275862
act/31_normed	mean	proj	7	9	False	True	asc	1	0.034482758620689655	0.27586206896551724	0.0	0.3448275862068966
act/31_normed	mean	proj	7	9	False	False	asc	1	0.034482758620689655	0.27586206896551724	0.0	0.3448275862068966
act/31_normed	mean	proj	7	10	False	True	asc	1	0.0	0.3103448275862069	0.0	0.41379310344827586
act/31_normed	mean	proj	7	10	False	False	asc	1	0.0	0.3103448275862069	0.0	0.41379310344827586
act/15	mean	proj	7	18	False	True	asc	1	0.034482758620689655	0.2413793103448276	0.0	0.3448275862068966
act/15	mean	proj	7	18	False	False	asc	1	0.034482758620689655	0.27586206896551724	0.0	0.3448275862068966
act/15	mean	proj	7	19	False	True	asc	1	0.034482758620689655	0.3103448275862069	0.0	0.3448275862068966
act/15	mean	proj	7	19	False	False	asc	1	0.034482758620689655	0.3103448275862069	0.0	0.41379310344827586
act/31	mean	proj	12	15	False	False	asc	1	0.034482758620689655	0.3448275862068966	0.0	0.3793103448275862
act/31_normed	mean	proj	7	8	False	True	asc	1	0.034482758620689655	0.2413793103448276	0.0	0.41379310344827586
act/31_normed	mean	proj	7	8	False	False	asc	1	0.034482758620689655	0.2413793103448276	0.0	0.41379310344827586
act/15	mean	proj	6	17	True	True	asc	1	0.034482758620689655	0.3103448275862069	0.0	0.41379310344827586
act/15	mean	proj	6	19	False	False	asc	1	0.034482758620689655	0.3103448275862069	0.0	0.5517241379310345
act/15	mean	proj	6	20	False	True	asc	1	0.06896551724137931	0.3103448275862069	0.0	0.5862068965517241
act/15	mean	proj	5	16	False	False	asc	1	0.034482758620689655	0.2413793103448276	0.0	0.5517241379310345
act/15	mean	proj	5	17	False	False	asc	1	0.034482758620689655	0.20689655172413793	0.0	0.5862068965517241
act/15	mean	proj	5	18	False	False	asc	1	0.034482758620689655	0.20689655172413793	0.0	0.5517241379310345
act/15	mean	proj	5	19	False	False	asc	1	0.034482758620689655	0.2413793103448276	0.0	0.5172413793103449
act/15	mean	proj	5	20	False	True	asc	1	0.06896551724137931	0.2413793103448276	0.0	0.5172413793103449
act/15	mean	proj	5	20	False	False	asc	1	0.034482758620689655	0.20689655172413793	0.0	0.5172413793103449
act/31	mean	proj	18	20	False	False	asc	1	0.06896551724137931	0.41379310344827586	0.0	0.41379310344827586
act/31_normed	mean	proj	0	1	True	True	asc	1	0.0	0.27586206896551724	0.0	0.3448275862068966
act/31_normed	mean	proj	0	1	True	False	asc	1	0.0	0.27586206896551724	0.0	0.3448275862068966
act/31_normed	mean	proj	0	2	True	True	asc	1	0.034482758620689655	0.27586206896551724	0.0	0.3793103448275862
act/31_normed	mean	proj	0	2	True	False	asc	1	0.034482758620689655	0.27586206896551724	0.0	0.3793103448275862
act/31_normed	mean	proj	0	3	True	True	asc	1	0.06896551724137931	0.4482758620689655	0.0	0.4482758620689655
act/15	mean	proj	6	16	False	False	asc	1	0.034482758620689655	0.3103448275862069	0.0	0.5862068965517241
act/15	mean	proj	6	18	False	False	asc	1	0.034482758620689655	0.27586206896551724	0.0	0.6206896551724138
act/15	mean	proj	5	17	True	False	asc	1	0.034482758620689655	0.3103448275862069	0.0	0.5862068965517241
act/15	mean	proj	5	18	True	False	asc	1	0.06896551724137931	0.3448275862068966	0.0	0.6206896551724138
act/15	mean	proj	5	19	True	False	asc	1	0.06896551724137931	0.3103448275862069	0.0	0.6206896551724138
act/15	mean	proj	10	18	False	True	asc	1	0.034482758620689655	0.27586206896551724	0.0	0.3793103448275862
act/15	mean	proj	10	18	False	False	asc	1	0.034482758620689655	0.27586206896551724	0.0	0.3793103448275862
act/15	mean	proj	10	19	False	True	asc	1	0.06896551724137931	0.3103448275862069	0.0	0.4827586206896552
act/15	mean	proj	10	19	False	False	asc	1	0.06896551724137931	0.3103448275862069	0.0	0.4827586206896552
act/15	mean	proj	10	20	False	True	asc	1	0.034482758620689655	0.27586206896551724	0.0	0.3793103448275862
act/31	mean	proj	11	13	False	True	asc	1	0.13793103448275862	0.4827586206896552	0.0	0.6206896551724138
act/31	mean	proj	11	13	False	False	asc	1	0.13793103448275862	0.4827586206896552	0.0	0.6206896551724138
act/31_normed	mean	proj	8	9	False	True	asc	1	0.06896551724137931	0.3448275862068966	0.0	0.27586206896551724
act/31_normed	mean	proj	8	9	False	False	asc	1	0.06896551724137931	0.3448275862068966	0.0	0.27586206896551724
act/15	mean	proj	5	14	True	True	asc	1	0.06896551724137931	0.3103448275862069	0.0	0.5862068965517241
act/15	mean	proj	5	14	True	False	asc	1	0.034482758620689655	0.3448275862068966	0.0	0.5172413793103449
act/15	mean	proj	5	15	True	False	asc	1	0.034482758620689655	0.27586206896551724	0.0	0.5517241379310345
act/15	mean	proj	5	16	True	False	asc	1	0.06896551724137931	0.3793103448275862	0.0	0.5862068965517241
act/15	mean	proj	9	18	False	True	asc	1	0.034482758620689655	0.2413793103448276	0.0	0.3448275862068966
act/15	mean	proj	9	18	False	False	asc	1	0.034482758620689655	0.2413793103448276	0.0	0.3448275862068966
act/15	mean	proj	9	19	False	True	asc	1	0.034482758620689655	0.27586206896551724	0.0	0.41379310344827586
act/15	mean	proj	9	19	False	False	asc	1	0.034482758620689655	0.27586206896551724	0.0	0.4482758620689655
act/15	mean	proj	9	20	False	True	asc	1	0.034482758620689655	0.27586206896551724	0.0	0.41379310344827586
act/15	mean	proj	9	20	False	False	asc	1	0.034482758620689655	0.27586206896551724	0.0	0.3793103448275862
act/15	mean	proj	10	11	False	True	asc	1	0.034482758620689655	0.3448275862068966	0.0	0.4482758620689655
act/15	mean	proj	10	11	False	False	asc	1	0.034482758620689655	0.3448275862068966	0.0	0.4482758620689655
act/15	mean	proj	8	18	False	True	asc	1	0.034482758620689655	0.27586206896551724	0.0	0.3793103448275862
act/15	mean	proj	8	18	False	False	asc	1	0.034482758620689655	0.27586206896551724	0.0	0.3793103448275862
act/15	mean	proj	8	19	False	True	asc	1	0.034482758620689655	0.3103448275862069	0.0	0.3793103448275862
act/15	mean	proj	8	19	False	False	asc	1	0.034482758620689655	0.3103448275862069	0.0	0.3793103448275862
act/15	mean	proj	8	20	False	True	asc	1	0.034482758620689655	0.3103448275862069	0.0	0.41379310344827586
act/15	mean	proj	8	20	False	False	asc	1	0.034482758620689655	0.3103448275862069	0.0	0.3793103448275862
act/15	mean	proj	9	10	False	True	asc	1	0.034482758620689655	0.2413793103448276	0.0	0.41379310344827586
act/15	mean	proj	9	10	False	False	asc	1	0.034482758620689655	0.2413793103448276	0.0	0.41379310344827586
act/15	mean	proj	4	15	True	False	asc	1	0.034482758620689655	0.27586206896551724	0.0	0.5517241379310345
act/15	mean	proj	4	16	True	False	asc	1	0.034482758620689655	0.3103448275862069	0.0	0.5517241379310345
act/15	mean	proj	4	17	True	False	asc	1	0.034482758620689655	0.3103448275862069	0.0	0.5517241379310345
act/15	mean	proj	4	18	True	False	asc	1	0.034482758620689655	0.3103448275862069	0.0	0.5517241379310345
act/15	mean	proj	4	19	True	False	asc	1	0.034482758620689655	0.3103448275862069	0.0	0.5862068965517241
act/15	mean	proj	4	20	True	False	asc	1	0.06896551724137931	0.3103448275862069	0.0	0.4482758620689655
act/31_normed	mean	proj	11	12	False	True	asc	1	0.06896551724137931	0.5172413793103449	0.0	0.5172413793103449
act/31_normed	mean	proj	11	12	False	False	asc	1	0.06896551724137931	0.5172413793103449	0.0	0.5172413793103449
act/31	mean	proj	5	10	False	False	asc	1	0.034482758620689655	0.27586206896551724	0.0	0.41379310344827586
act/31	mean	proj	5	12	False	True	asc	1	0.034482758620689655	0.27586206896551724	0.0	0.3448275862068966
act/31	mean	proj	6	9	False	True	asc	1	0.034482758620689655	0.2413793103448276	0.0	0.3793103448275862
act/31	mean	proj	6	9	False	False	asc	1	0.034482758620689655	0.2413793103448276	0.0	0.3793103448275862
act/31	mean	proj	6	10	False	False	asc	1	0.034482758620689655	0.27586206896551724	0.0	0.41379310344827586
act/15	mean	proj	13	20	False	True	asc	1	0.034482758620689655	0.3103448275862069	0.0	0.3793103448275862
act/15	mean	proj	13	20	False	False	asc	1	0.034482758620689655	0.3103448275862069	0.0	0.3793103448275862
act/15	mean	proj	4	14	True	False	asc	1	0.034482758620689655	0.3103448275862069	0.0	0.5517241379310345
act/15	mean	proj	13	19	False	False	asc	1	0.034482758620689655	0.3448275862068966	0.0	0.3793103448275862
act/15	mean	proj	16	17	False	True	asc	1	0.0	0.3103448275862069	0.0	0.3448275862068966
act/15	mean	proj	16	17	False	False	asc	1	0.0	0.3103448275862069	0.0	0.3448275862068966
act/31	mean	proj	7	9	False	True	asc	1	0.034482758620689655	0.27586206896551724	0.0	0.41379310344827586
act/31	mean	proj	7	9	False	False	asc	1	0.034482758620689655	0.27586206896551724	0.0	0.41379310344827586
act/31	mean	proj	7	10	False	True	asc	1	0.034482758620689655	0.3103448275862069	0.0	0.41379310344827586
act/31	mean	proj	7	10	False	False	asc	1	0.034482758620689655	0.3103448275862069	0.0	0.41379310344827586
act/31	mean	proj	5	10	False	True	asc	1	0.034482758620689655	0.27586206896551724	0.0	0.41379310344827586
act/15	mean	proj	10	20	False	False	asc	1	0.034482758620689655	0.3103448275862069	0.0	0.41379310344827586
act/15	mean	proj	11	20	False	True	asc	1	0.034482758620689655	0.3103448275862069	0.0	0.41379310344827586
act/15	mean	proj	11	20	False	False	asc	1	0.034482758620689655	0.3103448275862069	0.0	0.41379310344827586
act/15	mean	proj	12	19	False	True	asc	1	0.13793103448275862	0.3103448275862069	0.0	0.4827586206896552
act/15	mean	proj	12	19	False	False	asc	1	0.13793103448275862	0.3103448275862069	0.0	0.5517241379310345
act/15	mean	proj	12	20	False	True	asc	1	0.06896551724137931	0.2413793103448276	0.0	0.4482758620689655
act/15	mean	proj	12	20	False	False	asc	1	0.06896551724137931	0.2413793103448276	0.0	0.4482758620689655
act/15	mean	proj	13	19	False	True	asc	1	0.034482758620689655	0.3793103448275862	0.0	0.3793103448275862
act/31	mean	proj	4	17	False	True	asc	1	0.034482758620689655	0.20689655172413793	0.0	0.3793103448275862
act/31	mean	proj	4	17	False	False	asc	1	0.034482758620689655	0.20689655172413793	0.0	0.3793103448275862
act/31	mean	proj	4	18	False	True	asc	1	0.034482758620689655	0.20689655172413793	0.0	0.3793103448275862
act/31	mean	proj	4	18	False	False	asc	1	0.034482758620689655	0.2413793103448276	0.0	0.3793103448275862
act/31	mean	proj	4	19	False	True	asc	1	0.034482758620689655	0.20689655172413793	0.0	0.3793103448275862
act/31	mean	proj	4	19	False	False	asc	1	0.034482758620689655	0.2413793103448276	0.0	0.3793103448275862
act/31	mean	proj	4	20	False	True	asc	1	0.034482758620689655	0.20689655172413793	0.0	0.3793103448275862
act/31	mean	proj	4	20	False	False	asc	1	0.034482758620689655	0.2413793103448276	0.0	0.3793103448275862
act/31	mean	proj	4	13	False	True	asc	1	0.034482758620689655	0.20689655172413793	0.0	0.3793103448275862
act/31	mean	proj	4	13	False	False	asc	1	0.034482758620689655	0.20689655172413793	0.0	0.41379310344827586
act/31	mean	proj	4	14	False	True	asc	1	0.034482758620689655	0.20689655172413793	0.0	0.3793103448275862
act/31	mean	proj	4	14	False	False	asc	1	0.034482758620689655	0.20689655172413793	0.0	0.41379310344827586
act/31	mean	proj	4	15	False	True	asc	1	0.034482758620689655	0.20689655172413793	0.0	0.3793103448275862
act/31	mean	proj	4	15	False	False	asc	1	0.034482758620689655	0.20689655172413793	0.0	0.3793103448275862
act/31	mean	proj	4	16	False	True	asc	1	0.034482758620689655	0.20689655172413793	0.0	0.3793103448275862
act/31	mean	proj	4	16	False	False	asc	1	0.034482758620689655	0.20689655172413793	0.0	0.3793103448275862
act/15	mean	proj	3	19	True	False	asc	1	0.034482758620689655	0.3103448275862069	0.0	0.5172413793103449
act/15	mean	proj	3	20	True	False	asc	1	0.034482758620689655	0.3448275862068966	0.0	0.41379310344827586
act/31	mean	proj	4	10	False	True	asc	1	0.06896551724137931	0.20689655172413793	0.0	0.3793103448275862
act/31	mean	proj	4	10	False	False	asc	1	0.06896551724137931	0.20689655172413793	0.0	0.3793103448275862
act/31	mean	proj	4	11	False	True	asc	1	0.06896551724137931	0.20689655172413793	0.0	0.3793103448275862
act/31	mean	proj	4	11	False	False	asc	1	0.034482758620689655	0.20689655172413793	0.0	0.41379310344827586
act/31	mean	proj	4	12	False	True	asc	1	0.034482758620689655	0.20689655172413793	0.0	0.3793103448275862
act/31	mean	proj	4	12	False	False	asc	1	0.034482758620689655	0.20689655172413793	0.0	0.41379310344827586
act/31_normed	mean	proj	11	13	False	True	asc	1	0.10344827586206896	0.4827586206896552	0.0	0.6206896551724138
act/31_normed	mean	proj	11	13	False	False	asc	1	0.10344827586206896	0.4827586206896552	0.0	0.5862068965517241
act/15	mean	proj	3	14	True	False	asc	1	0.034482758620689655	0.3103448275862069	0.0	0.41379310344827586
act/15	mean	proj	3	15	True	False	asc	1	0.034482758620689655	0.27586206896551724	0.0	0.4827586206896552
act/15	mean	proj	3	16	True	False	asc	1	0.034482758620689655	0.27586206896551724	0.0	0.4482758620689655
act/15	mean	proj	3	17	True	True	asc	1	0.034482758620689655	0.3103448275862069	0.0	0.5172413793103449
act/15	mean	proj	3	17	True	False	asc	1	0.034482758620689655	0.27586206896551724	0.0	0.4482758620689655
act/15	mean	proj	3	18	True	False	asc	1	0.034482758620689655	0.3103448275862069	0.0	0.4827586206896552
act/31	mean	proj	3	9	False	False	asc	1	0.034482758620689655	0.1724137931034483	0.0	0.3448275862068966
act/31	mean	proj	3	10	False	True	asc	1	0.034482758620689655	0.20689655172413793	0.0	0.3103448275862069
act/31	mean	proj	3	10	False	False	asc	1	0.034482758620689655	0.27586206896551724	0.0	0.3448275862068966
act/31	mean	proj	3	11	False	True	asc	1	0.034482758620689655	0.20689655172413793	0.0	0.3793103448275862
act/31	mean	proj	3	11	False	False	asc	1	0.034482758620689655	0.20689655172413793	0.0	0.3448275862068966
act/31	mean	proj	3	12	False	True	asc	1	0.034482758620689655	0.20689655172413793	0.0	0.3793103448275862
act/31	mean	proj	3	12	False	False	asc	1	0.034482758620689655	0.20689655172413793	0.0	0.3448275862068966
act/31	mean	proj	3	13	False	True	asc	1	0.034482758620689655	0.20689655172413793	0.0	0.3448275862068966
act/15	mean	proj	2	19	True	False	asc	1	0.06896551724137931	0.3448275862068966	0.0	0.4827586206896552
act/15	mean	proj	2	20	True	True	asc	1	0.034482758620689655	0.3448275862068966	0.0	0.41379310344827586
act/15	mean	proj	2	20	True	False	asc	1	0.06896551724137931	0.3793103448275862	0.0	0.3793103448275862
act/31_normed	mean	proj	13	16	False	True	asc	1	0.0	0.3793103448275862	0.0	0.3103448275862069
act/31_normed	mean	proj	13	16	False	False	asc	1	0.0	0.41379310344827586	0.0	0.3103448275862069
act/31_normed	mean	proj	14	16	False	True	asc	1	0.0	0.27586206896551724	0.0	0.3793103448275862
act/31_normed	mean	proj	14	16	False	False	asc	1	0.0	0.27586206896551724	0.0	0.3793103448275862
act/31	mean	proj	3	9	False	True	asc	1	0.034482758620689655	0.1724137931034483	0.0	0.3448275862068966
act/15	mean	proj	2	15	True	False	asc	1	0.06896551724137931	0.3103448275862069	0.0	0.4482758620689655
act/15	mean	proj	2	16	True	True	asc	1	0.034482758620689655	0.27586206896551724	0.0	0.4827586206896552
act/15	mean	proj	2	16	True	False	asc	1	0.034482758620689655	0.3448275862068966	0.0	0.41379310344827586
act/15	mean	proj	2	17	True	True	asc	1	0.034482758620689655	0.3103448275862069	0.0	0.4827586206896552
act/15	mean	proj	2	17	True	False	asc	1	0.034482758620689655	0.3103448275862069	0.0	0.41379310344827586
act/15	mean	proj	2	18	True	True	asc	1	0.034482758620689655	0.3103448275862069	0.0	0.4827586206896552
act/15	mean	proj	2	18	True	False	asc	1	0.06896551724137931	0.3448275862068966	0.0	0.4482758620689655
act/15	mean	proj	2	19	True	True	asc	1	0.034482758620689655	0.3103448275862069	0.0	0.4827586206896552
act/31	mean	proj	5	7	False	True	asc	1	0.10344827586206896	0.3793103448275862	0.0	0.4827586206896552
act/31	mean	proj	5	7	False	False	asc	1	0.10344827586206896	0.3793103448275862	0.0	0.4482758620689655
act/31	mean	proj	5	8	False	True	asc	1	0.06896551724137931	0.27586206896551724	0.0	0.5862068965517241
act/31	mean	proj	5	8	False	False	asc	1	0.06896551724137931	0.27586206896551724	0.0	0.5862068965517241
act/31	mean	proj	5	9	False	False	asc	1	0.034482758620689655	0.27586206896551724	0.0	0.41379310344827586
act/15	mean	proj	2	14	True	True	asc	1	0.034482758620689655	0.27586206896551724	0.0	0.4827586206896552
act/15	mean	proj	2	14	True	False	asc	1	0.06896551724137931	0.3103448275862069	0.0	0.3793103448275862
act/15	mean	proj	2	15	True	True	asc	1	0.034482758620689655	0.3103448275862069	0.0	0.4827586206896552
act/15	mean	proj	2	5	True	True	asc	1	0.034482758620689655	0.3448275862068966	0.0	0.4482758620689655
act/15	mean	proj	2	5	True	False	asc	1	0.034482758620689655	0.3448275862068966	0.0	0.4482758620689655
act/15	mean	proj	18	19	False	True	asc	1	0.13793103448275862	0.3103448275862069	0.0	0.3793103448275862
act/15	mean	proj	18	19	False	False	asc	1	0.13793103448275862	0.3103448275862069	0.0	0.3793103448275862
act/15	mean	proj	19	20	False	True	asc	1	0.034482758620689655	0.2413793103448276	0.0	0.3103448275862069
act/15	mean	proj	19	20	False	False	asc	1	0.034482758620689655	0.2413793103448276	0.0	0.3103448275862069
act/19	mean	proj	0	1	True	True	asc	1	0.034482758620689655	0.27586206896551724	0.0	0.3793103448275862
act/19	mean	proj	0	1	True	False	asc	1	0.034482758620689655	0.27586206896551724	0.0	0.3793103448275862
act/31	mean	proj	4	8	False	False	asc	1	0.06896551724137931	0.20689655172413793	0.0	0.3793103448275862
act/15	mean	proj	1	14	True	False	asc	1	0.034482758620689655	0.3448275862068966	0.0	0.4827586206896552
act/15	mean	proj	1	15	True	False	asc	1	0.034482758620689655	0.3793103448275862	0.0	0.5172413793103449
act/15	mean	proj	1	16	True	False	asc	1	0.034482758620689655	0.3793103448275862	0.0	0.5172413793103449
act/15	mean	proj	1	17	True	False	asc	1	0.034482758620689655	0.3448275862068966	0.0	0.5172413793103449
act/15	mean	proj	1	18	True	False	asc	1	0.034482758620689655	0.3793103448275862	0.0	0.5172413793103449
act/15	mean	proj	1	19	True	False	asc	1	0.034482758620689655	0.41379310344827586	0.0	0.5172413793103449
act/15	mean	proj	1	20	True	False	asc	1	0.034482758620689655	0.41379310344827586	0.0	0.5172413793103449
act/31	mean	proj	3	17	False	False	asc	1	0.034482758620689655	0.27586206896551724	0.0	0.3448275862068966
act/31	mean	proj	3	18	False	True	asc	1	0.034482758620689655	0.2413793103448276	0.0	0.3448275862068966
act/31	mean	proj	3	18	False	False	asc	1	0.034482758620689655	0.2413793103448276	0.0	0.3448275862068966
act/31	mean	proj	3	19	False	True	asc	1	0.034482758620689655	0.2413793103448276	0.0	0.3448275862068966
act/31	mean	proj	3	19	False	False	asc	1	0.034482758620689655	0.2413793103448276	0.0	0.3448275862068966
act/31	mean	proj	3	20	False	True	asc	1	0.034482758620689655	0.2413793103448276	0.0	0.3448275862068966
act/31	mean	proj	3	20	False	False	asc	1	0.034482758620689655	0.2413793103448276	0.0	0.3448275862068966
act/31	mean	proj	4	8	False	True	asc	1	0.06896551724137931	0.20689655172413793	0.0	0.3793103448275862
act/31	mean	proj	3	13	False	False	asc	1	0.034482758620689655	0.2413793103448276	0.0	0.3448275862068966
act/31	mean	proj	3	14	False	True	asc	1	0.034482758620689655	0.2413793103448276	0.0	0.3448275862068966
act/31	mean	proj	3	14	False	False	asc	1	0.034482758620689655	0.2413793103448276	0.0	0.3448275862068966
act/31	mean	proj	3	15	False	True	asc	1	0.034482758620689655	0.2413793103448276	0.0	0.3448275862068966
act/31	mean	proj	3	15	False	False	asc	1	0.034482758620689655	0.2413793103448276	0.0	0.3448275862068966
act/31	mean	proj	3	16	False	True	asc	1	0.034482758620689655	0.2413793103448276	0.0	0.3448275862068966
act/31	mean	proj	3	16	False	False	asc	1	0.034482758620689655	0.27586206896551724	0.0	0.3448275862068966
act/31	mean	proj	3	17	False	True	asc	1	0.034482758620689655	0.2413793103448276	0.0	0.3448275862068966
act/7	mean	proj	0	8	True	True	asc	1	0.13793103448275862	0.4482758620689655	0.0	0.4482758620689655
act/7	mean	proj	0	8	True	False	asc	1	0.1724137931034483	0.41379310344827586	0.0	0.3793103448275862
act/7	mean	proj	0	9	True	True	asc	1	0.1724137931034483	0.4827586206896552	0.0	0.41379310344827586
act/7	mean	proj	0	10	True	True	asc	1	0.13793103448275862	0.4482758620689655	0.0	0.41379310344827586
act/7	mean	proj	0	11	True	True	asc	1	0.13793103448275862	0.4482758620689655	0.0	0.3793103448275862
act/7	mean	proj	0	12	True	True	asc	1	0.13793103448275862	0.4482758620689655	0.0	0.3793103448275862
act/7	mean	proj	0	13	True	True	asc	1	0.13793103448275862	0.4482758620689655	0.0	0.3793103448275862
act/31	mean	proj	16	20	True	True	asc	1	0.13793103448275862	0.5517241379310345	0.0	0.5862068965517241
act/7	mean	proj	0	4	True	True	asc	1	0.13793103448275862	0.4827586206896552	0.0	0.4482758620689655
act/7	mean	proj	0	4	True	False	asc	1	0.13793103448275862	0.4827586206896552	0.0	0.41379310344827586
act/7	mean	proj	0	5	True	True	asc	1	0.13793103448275862	0.4482758620689655	0.0	0.4482758620689655
act/7	mean	proj	0	5	True	False	asc	1	0.13793103448275862	0.5172413793103449	0.0	0.41379310344827586
act/7	mean	proj	0	6	True	True	asc	1	0.13793103448275862	0.4482758620689655	0.0	0.4482758620689655
act/7	mean	proj	0	6	True	False	asc	1	0.13793103448275862	0.4827586206896552	0.0	0.4827586206896552
act/7	mean	proj	0	7	True	True	asc	1	0.13793103448275862	0.4482758620689655	0.0	0.3793103448275862
act/7	mean	proj	0	7	True	False	asc	1	0.13793103448275862	0.3793103448275862	0.0	0.3793103448275862
act/31	mean	proj	1	3	False	True	asc	1	0.0	0.2413793103448276	0.0	0.3448275862068966
act/31	mean	proj	1	3	False	False	asc	1	0.0	0.2413793103448276	0.0	0.3448275862068966
act/31	mean	proj	1	5	False	True	asc	1	0.034482758620689655	0.41379310344827586	0.0	0.3448275862068966
act/31	mean	proj	1	5	False	False	asc	1	0.06896551724137931	0.4482758620689655	0.0	0.27586206896551724
act/7	mean	proj	0	2	True	True	asc	1	0.20689655172413793	0.6206896551724138	0.0	0.4482758620689655
act/7	mean	proj	0	2	True	False	asc	1	0.2413793103448276	0.5862068965517241	0.0	0.4482758620689655
act/7	mean	proj	0	3	True	True	asc	1	0.1724137931034483	0.5172413793103449	0.0	0.4827586206896552
act/7	mean	proj	0	3	True	False	asc	1	0.1724137931034483	0.5517241379310345	0.0	0.5517241379310345
act/31	mean	proj	3	5	False	True	asc	1	0.06896551724137931	0.4482758620689655	0.0	0.4827586206896552
act/31	mean	proj	3	5	False	False	asc	1	0.06896551724137931	0.4482758620689655	0.0	0.4827586206896552
act/31	mean	proj	3	6	False	True	asc	1	0.06896551724137931	0.3103448275862069	0.0	0.3793103448275862
act/31	mean	proj	3	6	False	False	asc	1	0.06896551724137931	0.27586206896551724	0.0	0.3448275862068966
act/31	mean	proj	3	7	False	True	asc	1	0.06896551724137931	0.3103448275862069	0.0	0.3793103448275862
act/31	mean	proj	3	7	False	False	asc	1	0.06896551724137931	0.3103448275862069	0.0	0.3103448275862069
act/31	mean	proj	3	8	False	True	asc	1	0.034482758620689655	0.1724137931034483	0.0	0.3448275862068966
act/31	mean	proj	3	8	False	False	asc	1	0.034482758620689655	0.20689655172413793	0.0	0.3448275862068966
act/7	mean	proj	1	7	True	True	asc	1	0.034482758620689655	0.3103448275862069	0.0	0.3103448275862069
act/7	mean	proj	1	7	True	False	asc	1	0.034482758620689655	0.27586206896551724	0.0	0.3103448275862069
act/7	mean	proj	1	8	True	True	asc	1	0.034482758620689655	0.27586206896551724	0.0	0.3103448275862069
act/7	mean	proj	1	8	True	False	asc	1	0.034482758620689655	0.2413793103448276	0.0	0.3103448275862069
act/7	mean	proj	1	9	True	True	asc	1	0.034482758620689655	0.27586206896551724	0.0	0.3103448275862069
act/7	mean	proj	1	9	True	False	asc	1	0.034482758620689655	0.2413793103448276	0.0	0.27586206896551724
act/7	mean	proj	1	10	True	True	asc	1	0.034482758620689655	0.27586206896551724	0.0	0.3103448275862069
act/7	mean	proj	1	10	True	False	asc	1	0.034482758620689655	0.2413793103448276	0.0	0.3448275862068966
act/7	mean	proj	1	3	True	True	asc	1	0.034482758620689655	0.41379310344827586	0.0	0.4827586206896552
act/7	mean	proj	1	3	True	False	asc	1	0.034482758620689655	0.3793103448275862	0.0	0.4827586206896552
act/7	mean	proj	1	4	True	True	asc	1	0.034482758620689655	0.3448275862068966	0.0	0.3448275862068966
act/7	mean	proj	1	4	True	False	asc	1	0.034482758620689655	0.3448275862068966	0.0	0.3793103448275862
act/7	mean	proj	1	5	True	True	asc	1	0.034482758620689655	0.41379310344827586	0.0	0.41379310344827586
act/7	mean	proj	1	5	True	False	asc	1	0.034482758620689655	0.4482758620689655	0.0	0.4827586206896552
act/7	mean	proj	1	6	True	True	asc	1	0.034482758620689655	0.3793103448275862	0.0	0.3793103448275862
act/7	mean	proj	1	6	True	False	asc	1	0.034482758620689655	0.41379310344827586	0.0	0.4482758620689655
act/7	mean	proj	0	15	True	True	asc	1	0.13793103448275862	0.4827586206896552	0.0	0.41379310344827586
act/7	mean	proj	0	16	True	True	asc	1	0.13793103448275862	0.4827586206896552	0.0	0.4482758620689655
act/7	mean	proj	0	17	True	True	asc	1	0.13793103448275862	0.4827586206896552	0.0	0.41379310344827586
act/7	mean	proj	0	18	True	True	asc	1	0.13793103448275862	0.4827586206896552	0.0	0.3793103448275862
act/7	mean	proj	0	19	True	True	asc	1	0.13793103448275862	0.4827586206896552	0.0	0.3793103448275862
act/7	mean	proj	0	20	True	True	asc	1	0.13793103448275862	0.4827586206896552	0.0	0.3793103448275862
act/7	mean	proj	1	2	True	True	asc	1	0.0	0.5862068965517241	0.0	0.4827586206896552
act/7	mean	proj	1	2	True	False	asc	1	0.0	0.5862068965517241	0.0	0.4827586206896552
act/31	mean	proj	16	20	True	False	asc	1	0.13793103448275862	0.5517241379310345	0.0	0.5862068965517241
act/31	mean	proj	15	17	True	True	asc	1	0.06896551724137931	0.3103448275862069	0.0	0.3103448275862069
act/31	mean	proj	15	17	True	False	asc	1	0.034482758620689655	0.27586206896551724	0.0	0.3103448275862069
act/31	mean	proj	15	20	True	True	asc	1	0.1724137931034483	0.5517241379310345	0.0	0.4482758620689655
act/31	mean	proj	15	20	True	False	asc	1	0.1724137931034483	0.5517241379310345	0.0	0.4827586206896552
act/31	mean	proj	16	17	True	True	asc	1	0.06896551724137931	0.3103448275862069	0.0	0.27586206896551724
act/31	mean	proj	16	17	True	False	asc	1	0.06896551724137931	0.3103448275862069	0.0	0.27586206896551724
act/7	mean	proj	0	14	True	True	asc	1	0.13793103448275862	0.4827586206896552	0.0	0.3793103448275862
act/7	mean	proj	2	6	True	True	asc	1	0.034482758620689655	0.3103448275862069	0.0	0.41379310344827586
act/7	mean	proj	2	6	True	False	asc	1	0.034482758620689655	0.3103448275862069	0.0	0.3793103448275862
act/7	mean	proj	2	7	True	True	asc	1	0.06896551724137931	0.2413793103448276	0.0	0.2413793103448276
act/7	mean	proj	2	7	True	False	asc	1	0.06896551724137931	0.27586206896551724	0.0	0.20689655172413793
act/7	mean	proj	2	8	True	True	asc	1	0.06896551724137931	0.27586206896551724	0.0	0.3103448275862069
act/7	mean	proj	2	9	True	True	asc	1	0.06896551724137931	0.27586206896551724	0.0	0.3103448275862069
act/7	mean	proj	2	10	True	True	asc	1	0.06896551724137931	0.27586206896551724	0.0	0.3103448275862069
act/7	mean	proj	2	10	True	False	asc	1	0.06896551724137931	0.27586206896551724	0.0	0.41379310344827586
act/7	mean	proj	1	19	True	True	asc	1	0.034482758620689655	0.2413793103448276	0.0	0.3103448275862069
act/7	mean	proj	1	19	True	False	asc	1	0.034482758620689655	0.27586206896551724	0.0	0.3448275862068966
act/7	mean	proj	1	20	True	True	asc	1	0.034482758620689655	0.2413793103448276	0.0	0.3103448275862069
act/7	mean	proj	1	20	True	False	asc	1	0.034482758620689655	0.27586206896551724	0.0	0.3448275862068966
act/7	mean	proj	2	4	True	True	asc	1	0.06896551724137931	0.3103448275862069	0.0	0.4482758620689655
act/7	mean	proj	2	4	True	False	asc	1	0.06896551724137931	0.3103448275862069	0.0	0.4482758620689655
act/7	mean	proj	2	5	True	True	asc	1	0.034482758620689655	0.3793103448275862	0.0	0.4482758620689655
act/7	mean	proj	2	5	True	False	asc	1	0.034482758620689655	0.3103448275862069	0.0	0.41379310344827586
act/7	mean	proj	1	15	True	True	asc	1	0.034482758620689655	0.2413793103448276	0.0	0.3103448275862069
act/7	mean	proj	1	15	True	False	asc	1	0.034482758620689655	0.2413793103448276	0.0	0.3448275862068966
act/7	mean	proj	1	16	True	True	asc	1	0.034482758620689655	0.2413793103448276	0.0	0.3103448275862069
act/7	mean	proj	1	16	True	False	asc	1	0.034482758620689655	0.27586206896551724	0.0	0.3448275862068966
act/7	mean	proj	1	17	True	True	asc	1	0.034482758620689655	0.2413793103448276	0.0	0.3103448275862069
act/7	mean	proj	1	17	True	False	asc	1	0.034482758620689655	0.27586206896551724	0.0	0.3448275862068966
act/7	mean	proj	1	18	True	True	asc	1	0.034482758620689655	0.2413793103448276	0.0	0.3103448275862069
act/7	mean	proj	1	18	True	False	asc	1	0.034482758620689655	0.2413793103448276	0.0	0.3448275862068966
act/7	mean	proj	1	11	True	True	asc	1	0.034482758620689655	0.27586206896551724	0.0	0.3103448275862069
act/7	mean	proj	1	11	True	False	asc	1	0.034482758620689655	0.2413793103448276	0.0	0.3448275862068966
act/7	mean	proj	1	12	True	True	asc	1	0.034482758620689655	0.27586206896551724	0.0	0.3103448275862069
act/7	mean	proj	1	12	True	False	asc	1	0.034482758620689655	0.2413793103448276	0.0	0.3448275862068966
act/7	mean	proj	1	13	True	True	asc	1	0.034482758620689655	0.27586206896551724	0.0	0.3103448275862069
act/7	mean	proj	1	13	True	False	asc	1	0.034482758620689655	0.2413793103448276	0.0	0.3103448275862069
act/7	mean	proj	1	14	True	True	asc	1	0.034482758620689655	0.2413793103448276	0.0	0.3103448275862069
act/7	mean	proj	1	14	True	False	asc	1	0.034482758620689655	0.2413793103448276	0.0	0.3103448275862069
act/7	mean	proj	3	9	True	True	asc	1	0.06896551724137931	0.3103448275862069	0.0	0.3103448275862069
act/7	mean	proj	3	9	True	False	asc	1	0.06896551724137931	0.3103448275862069	0.0	0.3103448275862069
act/7	mean	proj	3	10	True	True	asc	1	0.06896551724137931	0.3103448275862069	0.0	0.3103448275862069
act/19	mean	proj	4	19	True	True	asc	1	0.06896551724137931	0.2413793103448276	0.0	0.5517241379310345
act/31	mean	proj	12	18	True	True	asc	1	0.20689655172413793	0.4482758620689655	0.0	0.3448275862068966
act/31	mean	proj	12	18	True	False	asc	1	0.20689655172413793	0.4482758620689655	0.0	0.3793103448275862
act/31	mean	proj	13	18	True	True	asc	1	0.20689655172413793	0.3793103448275862	0.0	0.27586206896551724
act/31	mean	proj	13	18	True	False	asc	1	0.20689655172413793	0.3793103448275862	0.0	0.3448275862068966
act/7	mean	proj	2	19	True	True	asc	1	0.06896551724137931	0.3103448275862069	0.0	0.27586206896551724
act/7	mean	proj	2	19	True	False	asc	1	0.06896551724137931	0.3103448275862069	0.0	0.3448275862068966
act/7	mean	proj	2	20	True	True	asc	1	0.06896551724137931	0.3103448275862069	0.0	0.27586206896551724
act/7	mean	proj	2	20	True	False	asc	1	0.06896551724137931	0.3103448275862069	0.0	0.3448275862068966
act/7	mean	proj	3	5	True	True	asc	1	0.034482758620689655	0.3793103448275862	0.0	0.3448275862068966
act/7	mean	proj	3	5	True	False	asc	1	0.034482758620689655	0.3793103448275862	0.0	0.3793103448275862
act/7	mean	proj	3	8	True	True	asc	1	0.034482758620689655	0.2413793103448276	0.0	0.3448275862068966
act/7	mean	proj	3	8	True	False	asc	1	0.034482758620689655	0.2413793103448276	0.0	0.3103448275862069
act/7	mean	proj	2	15	True	True	asc	1	0.06896551724137931	0.3103448275862069	0.0	0.27586206896551724
act/7	mean	proj	2	15	True	False	asc	1	0.06896551724137931	0.3103448275862069	0.0	0.3793103448275862
act/7	mean	proj	2	16	True	True	asc	1	0.06896551724137931	0.3103448275862069	0.0	0.3103448275862069
act/7	mean	proj	2	16	True	False	asc	1	0.06896551724137931	0.3103448275862069	0.0	0.3448275862068966
act/7	mean	proj	2	17	True	True	asc	1	0.06896551724137931	0.3448275862068966	0.0	0.27586206896551724
act/7	mean	proj	2	17	True	False	asc	1	0.06896551724137931	0.3103448275862069	0.0	0.3793103448275862
act/7	mean	proj	2	18	True	True	asc	1	0.06896551724137931	0.3448275862068966	0.0	0.27586206896551724
act/7	mean	proj	2	18	True	False	asc	1	0.06896551724137931	0.3103448275862069	0.0	0.3448275862068966
act/7	mean	proj	2	11	True	True	asc	1	0.06896551724137931	0.2413793103448276	0.0	0.3103448275862069
act/7	mean	proj	2	11	True	False	asc	1	0.06896551724137931	0.2413793103448276	0.0	0.3793103448275862
act/7	mean	proj	2	12	True	True	asc	1	0.06896551724137931	0.3103448275862069	0.0	0.27586206896551724
act/7	mean	proj	2	12	True	False	asc	1	0.034482758620689655	0.27586206896551724	0.0	0.3448275862068966
act/7	mean	proj	2	13	True	True	asc	1	0.06896551724137931	0.3103448275862069	0.0	0.27586206896551724
act/7	mean	proj	2	13	True	False	asc	1	0.06896551724137931	0.3103448275862069	0.0	0.3103448275862069
act/7	mean	proj	2	14	True	True	asc	1	0.06896551724137931	0.3103448275862069	0.0	0.27586206896551724
act/7	mean	proj	2	14	True	False	asc	1	0.034482758620689655	0.27586206896551724	0.0	0.3448275862068966
act/7	mean	proj	4	8	True	False	asc	1	0.034482758620689655	0.1724137931034483	0.0	0.3448275862068966
act/7	mean	proj	4	9	True	True	asc	1	0.034482758620689655	0.20689655172413793	0.0	0.3448275862068966
act/7	mean	proj	4	9	True	False	asc	1	0.034482758620689655	0.1724137931034483	0.0	0.3103448275862069
act/7	mean	proj	4	10	True	True	asc	1	0.034482758620689655	0.2413793103448276	0.0	0.3448275862068966
act/19	mean	proj	15	18	True	False	asc	1	0.06896551724137931	0.3103448275862069	0.0	0.3793103448275862
act/19	mean	proj	15	19	True	True	asc	1	0.0	0.3448275862068966	0.0	0.4827586206896552
act/19	mean	proj	15	19	True	False	asc	1	0.0	0.3448275862068966	0.0	0.4827586206896552
act/19	mean	proj	11	16	True	True	asc	1	0.06896551724137931	0.3448275862068966	0.0	0.6206896551724138
act/7	mean	proj	3	18	True	True	asc	1	0.06896551724137931	0.27586206896551724	0.0	0.3103448275862069
act/7	mean	proj	3	18	True	False	asc	1	0.06896551724137931	0.2413793103448276	0.0	0.3448275862068966
act/7	mean	proj	3	19	True	True	asc	1	0.06896551724137931	0.27586206896551724	0.0	0.3793103448275862
act/7	mean	proj	3	19	True	False	asc	1	0.06896551724137931	0.2413793103448276	0.0	0.3793103448275862
act/7	mean	proj	3	20	True	True	asc	1	0.06896551724137931	0.27586206896551724	0.0	0.3793103448275862
act/7	mean	proj	3	20	True	False	asc	1	0.06896551724137931	0.2413793103448276	0.0	0.3448275862068966
act/7	mean	proj	4	7	True	False	asc	1	0.034482758620689655	0.20689655172413793	0.0	0.3448275862068966
act/7	mean	proj	4	8	True	True	asc	1	0.034482758620689655	0.20689655172413793	0.0	0.3793103448275862
act/7	mean	proj	3	14	True	True	asc	1	0.034482758620689655	0.27586206896551724	0.0	0.27586206896551724
act/7	mean	proj	3	14	True	False	asc	1	0.034482758620689655	0.2413793103448276	0.0	0.27586206896551724
act/7	mean	proj	3	15	True	True	asc	1	0.06896551724137931	0.27586206896551724	0.0	0.3103448275862069
act/7	mean	proj	3	15	True	False	asc	1	0.06896551724137931	0.27586206896551724	0.0	0.3103448275862069
act/7	mean	proj	3	16	True	True	asc	1	0.06896551724137931	0.27586206896551724	0.0	0.3448275862068966
act/7	mean	proj	3	16	True	False	asc	1	0.06896551724137931	0.2413793103448276	0.0	0.3448275862068966
act/7	mean	proj	3	17	True	True	asc	1	0.06896551724137931	0.27586206896551724	0.0	0.3103448275862069
act/7	mean	proj	3	17	True	False	asc	1	0.034482758620689655	0.20689655172413793	0.0	0.3448275862068966
act/31	mean	proj	13	20	True	True	asc	1	0.13793103448275862	0.5172413793103449	0.0	0.41379310344827586
act/7	mean	proj	3	10	True	False	asc	1	0.06896551724137931	0.27586206896551724	0.0	0.3103448275862069
act/7	mean	proj	3	11	True	True	asc	1	0.06896551724137931	0.3103448275862069	0.0	0.3103448275862069
act/7	mean	proj	3	11	True	False	asc	1	0.06896551724137931	0.3103448275862069	0.0	0.27586206896551724
act/7	mean	proj	3	12	True	True	asc	1	0.034482758620689655	0.3103448275862069	0.0	0.27586206896551724
act/7	mean	proj	3	12	True	False	asc	1	0.034482758620689655	0.27586206896551724	0.0	0.27586206896551724
act/7	mean	proj	3	13	True	True	asc	1	0.034482758620689655	0.27586206896551724	0.0	0.2413793103448276
act/7	mean	proj	3	13	True	False	asc	1	0.034482758620689655	0.27586206896551724	0.0	0.27586206896551724
act/7	mean	proj	4	12	True	False	asc	1	0.034482758620689655	0.27586206896551724	0.0	0.3103448275862069
act/7	mean	proj	4	13	True	False	asc	1	0.06896551724137931	0.2413793103448276	0.0	0.3103448275862069
act/7	mean	proj	4	19	True	False	asc	1	0.034482758620689655	0.20689655172413793	0.0	0.3793103448275862
act/7	mean	proj	4	20	True	False	asc	1	0.034482758620689655	0.20689655172413793	0.0	0.3448275862068966
act/7	mean	proj	5	15	True	True	asc	1	0.034482758620689655	0.27586206896551724	0.0	0.3448275862068966
act/31	mean	proj	6	8	True	True	asc	1	0.034482758620689655	0.3103448275862069	0.0	0.3793103448275862
act/31	mean	proj	6	8	True	False	asc	1	0.034482758620689655	0.3103448275862069	0.0	0.3793103448275862
act/31	mean	proj	6	9	True	True	asc	1	0.034482758620689655	0.27586206896551724	0.0	0.4482758620689655
act/19	mean	proj	15	17	True	False	asc	1	0.034482758620689655	0.3103448275862069	0.0	0.4827586206896552
act/19	mean	proj	15	18	True	True	asc	1	0.06896551724137931	0.3103448275862069	0.0	0.41379310344827586
act/31	mean	proj	7	8	True	True	asc	1	0.034482758620689655	0.27586206896551724	0.0	0.3793103448275862
act/31	mean	proj	7	8	True	False	asc	1	0.034482758620689655	0.27586206896551724	0.0	0.3793103448275862
act/19	mean	proj	1	2	False	True	asc	1	0.10344827586206896	0.3103448275862069	0.0	0.3448275862068966
act/19	mean	proj	1	2	False	False	asc	1	0.10344827586206896	0.3103448275862069	0.0	0.3448275862068966
act/7	mean	proj	4	10	True	False	asc	1	0.034482758620689655	0.2413793103448276	0.0	0.3448275862068966
act/7	mean	proj	4	11	True	False	asc	1	0.034482758620689655	0.2413793103448276	0.0	0.3793103448275862
act/19	mean	proj	11	14	True	False	asc	1	0.13793103448275862	0.27586206896551724	0.0	0.5517241379310345
act/19	mean	proj	8	9	True	True	asc	1	0.034482758620689655	0.3103448275862069	0.0	0.27586206896551724
act/19	mean	proj	8	9	True	False	asc	1	0.034482758620689655	0.3103448275862069	0.0	0.27586206896551724
act/31	mean	proj	8	9	True	True	asc	1	0.034482758620689655	0.27586206896551724	0.0	0.3793103448275862
act/31	mean	proj	8	9	True	False	asc	1	0.034482758620689655	0.27586206896551724	0.0	0.3793103448275862
act/19	mean	proj	15	16	True	True	asc	1	0.034482758620689655	0.3448275862068966	0.0	0.4827586206896552
act/19	mean	proj	15	16	True	False	asc	1	0.034482758620689655	0.3448275862068966	0.0	0.4827586206896552
act/19	mean	proj	15	17	True	True	asc	1	0.034482758620689655	0.3103448275862069	0.0	0.4827586206896552
act/19	mean	proj	11	16	True	False	asc	1	0.06896551724137931	0.3448275862068966	0.0	0.6206896551724138
act/19	mean	proj	11	17	True	True	asc	1	0.06896551724137931	0.3103448275862069	0.0	0.5517241379310345
act/19	mean	proj	11	17	True	False	asc	1	0.06896551724137931	0.3103448275862069	0.0	0.5517241379310345
act/19	mean	proj	11	18	True	True	asc	1	0.10344827586206896	0.3793103448275862	0.0	0.5517241379310345
act/19	mean	proj	11	18	True	False	asc	1	0.06896551724137931	0.3793103448275862	0.0	0.5517241379310345
act/19	mean	proj	12	13	True	True	asc	1	0.0	0.3103448275862069	0.0	0.4482758620689655
act/19	mean	proj	12	13	True	False	asc	1	0.0	0.3103448275862069	0.0	0.4482758620689655
act/19	mean	proj	11	14	True	True	asc	1	0.13793103448275862	0.3103448275862069	0.0	0.5517241379310345
act/7	mean	proj	6	18	True	True	asc	1	0.034482758620689655	0.3103448275862069	0.0	0.3448275862068966
act/7	mean	proj	6	18	True	False	asc	1	0.034482758620689655	0.3103448275862069	0.0	0.3448275862068966
act/7	mean	proj	6	19	True	True	asc	1	0.034482758620689655	0.27586206896551724	0.0	0.3448275862068966
act/31	mean	proj	5	8	True	True	asc	1	0.034482758620689655	0.27586206896551724	0.0	0.4482758620689655
act/31	mean	proj	5	8	True	False	asc	1	0.034482758620689655	0.27586206896551724	0.0	0.41379310344827586
act/31	mean	proj	5	9	True	True	asc	1	0.034482758620689655	0.3448275862068966	0.0	0.41379310344827586
act/31	mean	proj	5	9	True	False	asc	1	0.034482758620689655	0.3103448275862069	0.0	0.3448275862068966
act/31	mean	proj	5	10	True	True	asc	1	0.034482758620689655	0.2413793103448276	0.0	0.41379310344827586
act/7	mean	proj	5	20	True	True	asc	1	0.0	0.27586206896551724	0.0	0.3448275862068966
act/7	mean	proj	5	20	True	False	asc	1	0.034482758620689655	0.27586206896551724	0.0	0.3448275862068966
act/7	mean	proj	6	15	True	True	asc	1	0.034482758620689655	0.27586206896551724	0.0	0.3793103448275862
act/7	mean	proj	6	15	True	False	asc	1	0.034482758620689655	0.27586206896551724	0.0	0.3448275862068966
act/7	mean	proj	6	16	True	True	asc	1	0.034482758620689655	0.27586206896551724	0.0	0.3793103448275862
act/7	mean	proj	6	16	True	False	asc	1	0.034482758620689655	0.27586206896551724	0.0	0.3448275862068966
act/7	mean	proj	6	17	True	True	asc	1	0.034482758620689655	0.27586206896551724	0.0	0.3793103448275862
act/7	mean	proj	6	17	True	False	asc	1	0.034482758620689655	0.27586206896551724	0.0	0.3448275862068966
act/7	mean	proj	5	16	True	True	asc	1	0.0	0.27586206896551724	0.0	0.3448275862068966
act/7	mean	proj	5	16	True	False	asc	1	0.0	0.27586206896551724	0.0	0.3448275862068966
act/7	mean	proj	5	17	True	True	asc	1	0.0	0.27586206896551724	0.0	0.3448275862068966
act/7	mean	proj	5	17	True	False	asc	1	0.0	0.27586206896551724	0.0	0.3448275862068966
act/7	mean	proj	5	18	True	True	asc	1	0.0	0.27586206896551724	0.0	0.3448275862068966
act/7	mean	proj	5	18	True	False	asc	1	0.034482758620689655	0.27586206896551724	0.0	0.3448275862068966
act/7	mean	proj	5	19	True	True	asc	1	0.0	0.27586206896551724	0.0	0.3448275862068966
act/7	mean	proj	5	19	True	False	asc	1	0.034482758620689655	0.27586206896551724	0.0	0.3448275862068966
act/31	mean	proj	6	9	True	False	asc	1	0.034482758620689655	0.27586206896551724	0.0	0.41379310344827586
act/31	mean	proj	6	10	True	True	asc	1	0.034482758620689655	0.27586206896551724	0.0	0.4482758620689655
act/31	mean	proj	6	10	True	False	asc	1	0.034482758620689655	0.27586206896551724	0.0	0.41379310344827586
act/19	mean	proj	2	3	False	True	asc	1	0.06896551724137931	0.3103448275862069	0.0	0.3448275862068966
act/19	mean	proj	2	3	False	False	asc	1	0.06896551724137931	0.3103448275862069	0.0	0.3448275862068966
act/31	mean	proj	6	15	True	False	asc	1	0.06896551724137931	0.3103448275862069	0.0	0.4482758620689655
act/31	mean	proj	6	18	True	True	asc	1	0.034482758620689655	0.2413793103448276	0.0	0.3793103448275862
act/7	mean	proj	5	15	True	False	asc	1	0.0	0.27586206896551724	0.0	0.3448275862068966
act/7	mean	proj	8	16	True	True	asc	1	0.034482758620689655	0.27586206896551724	0.0	0.3793103448275862
act/7	mean	proj	8	16	True	False	asc	1	0.034482758620689655	0.27586206896551724	0.0	0.3793103448275862
act/7	mean	proj	8	17	True	True	asc	1	0.034482758620689655	0.3103448275862069	0.0	0.3793103448275862
act/7	mean	proj	8	17	True	False	asc	1	0.034482758620689655	0.27586206896551724	0.0	0.3793103448275862
act/7	mean	proj	8	18	True	True	asc	1	0.034482758620689655	0.27586206896551724	0.0	0.3793103448275862
act/7	mean	proj	8	18	True	False	asc	1	0.034482758620689655	0.27586206896551724	0.0	0.3793103448275862
act/7	mean	proj	8	19	True	True	asc	1	0.034482758620689655	0.2413793103448276	0.0	0.3793103448275862
act/7	mean	proj	8	19	True	False	asc	1	0.034482758620689655	0.27586206896551724	0.0	0.3793103448275862
act/7	mean	proj	7	17	True	False	asc	1	0.034482758620689655	0.3103448275862069	0.0	0.3448275862068966
act/7	mean	proj	7	18	True	True	asc	1	0.034482758620689655	0.3103448275862069	0.0	0.3793103448275862
act/7	mean	proj	7	18	True	False	asc	1	0.034482758620689655	0.3103448275862069	0.0	0.3793103448275862
act/7	mean	proj	7	19	True	True	asc	1	0.034482758620689655	0.2413793103448276	0.0	0.3793103448275862
act/7	mean	proj	7	19	True	False	asc	1	0.034482758620689655	0.2413793103448276	0.0	0.3793103448275862
act/7	mean	proj	7	20	True	False	asc	1	0.034482758620689655	0.2413793103448276	0.0	0.3448275862068966
act/7	mean	proj	8	15	True	True	asc	1	0.034482758620689655	0.3103448275862069	0.0	0.3793103448275862
act/7	mean	proj	8	15	True	False	asc	1	0.034482758620689655	0.27586206896551724	0.0	0.3793103448275862
act/7	mean	proj	6	19	True	False	asc	1	0.034482758620689655	0.27586206896551724	0.0	0.3448275862068966
act/7	mean	proj	6	20	True	True	asc	1	0.034482758620689655	0.27586206896551724	0.0	0.3448275862068966
act/7	mean	proj	6	20	True	False	asc	1	0.034482758620689655	0.27586206896551724	0.0	0.3448275862068966
act/7	mean	proj	7	15	True	True	asc	1	0.034482758620689655	0.3793103448275862	0.0	0.4827586206896552
act/7	mean	proj	7	15	True	False	asc	1	0.034482758620689655	0.3448275862068966	0.0	0.41379310344827586
act/7	mean	proj	7	16	True	True	asc	1	0.034482758620689655	0.3448275862068966	0.0	0.4482758620689655
act/7	mean	proj	7	16	True	False	asc	1	0.034482758620689655	0.27586206896551724	0.0	0.3793103448275862
act/7	mean	proj	7	17	True	True	asc	1	0.034482758620689655	0.3448275862068966	0.0	0.41379310344827586
act/31	mean	proj	5	10	True	False	asc	1	0.034482758620689655	0.2413793103448276	0.0	0.3448275862068966
act/31	mean	proj	5	11	True	True	asc	1	0.034482758620689655	0.2413793103448276	0.0	0.41379310344827586
act/31	mean	proj	5	15	True	True	asc	1	0.034482758620689655	0.20689655172413793	0.0	0.3793103448275862
act/31	mean	proj	5	15	True	False	asc	1	0.06896551724137931	0.2413793103448276	0.0	0.4482758620689655
act/31	mean	proj	5	17	True	True	asc	1	0.034482758620689655	0.20689655172413793	0.0	0.3103448275862069
act/31	mean	proj	5	18	True	True	asc	1	0.034482758620689655	0.20689655172413793	0.0	0.3103448275862069
act/31	mean	proj	6	7	True	True	asc	1	0.06896551724137931	0.27586206896551724	0.0	0.3448275862068966
act/31	mean	proj	6	7	True	False	asc	1	0.06896551724137931	0.27586206896551724	0.0	0.3448275862068966
act/31	mean	proj	4	11	True	False	asc	1	0.034482758620689655	0.27586206896551724	0.0	0.41379310344827586
act/31	mean	proj	4	12	True	True	asc	1	0.034482758620689655	0.20689655172413793	0.0	0.3793103448275862
act/31	mean	proj	4	12	True	False	asc	1	0.034482758620689655	0.20689655172413793	0.0	0.3793103448275862
act/31	mean	proj	4	13	True	True	asc	1	0.034482758620689655	0.2413793103448276	0.0	0.3793103448275862
act/31	mean	proj	4	13	True	False	asc	1	0.034482758620689655	0.2413793103448276	0.0	0.3793103448275862
act/31	mean	proj	4	14	True	True	asc	1	0.034482758620689655	0.1724137931034483	0.0	0.3448275862068966
act/31	mean	proj	4	14	True	False	asc	1	0.034482758620689655	0.1724137931034483	0.0	0.3448275862068966
act/31	mean	proj	4	15	True	True	asc	1	0.034482758620689655	0.1724137931034483	0.0	0.3448275862068966
act/31	mean	proj	4	6	True	False	asc	1	0.10344827586206896	0.3793103448275862	0.0	0.4482758620689655
act/31	mean	proj	4	8	True	True	asc	1	0.034482758620689655	0.3448275862068966	0.0	0.3793103448275862
act/31	mean	proj	4	8	True	False	asc	1	0.034482758620689655	0.3103448275862069	0.0	0.3793103448275862
act/31	mean	proj	4	9	True	True	asc	1	0.034482758620689655	0.27586206896551724	0.0	0.3793103448275862
act/31	mean	proj	4	9	True	False	asc	1	0.034482758620689655	0.3103448275862069	0.0	0.3448275862068966
act/31	mean	proj	4	10	True	True	asc	1	0.034482758620689655	0.27586206896551724	0.0	0.41379310344827586
act/31	mean	proj	4	10	True	False	asc	1	0.034482758620689655	0.27586206896551724	0.0	0.3793103448275862
act/31	mean	proj	4	11	True	True	asc	1	0.034482758620689655	0.27586206896551724	0.0	0.41379310344827586
act/15	mean	proj	1	2	True	True	asc	1	0.034482758620689655	0.3103448275862069	0.0	0.3448275862068966
act/31	mean	proj	3	18	True	True	asc	1	0.034482758620689655	0.27586206896551724	0.0	0.3448275862068966
act/31	mean	proj	3	18	True	False	asc	1	0.034482758620689655	0.27586206896551724	0.0	0.3448275862068966
act/31	mean	proj	3	19	True	True	asc	1	0.034482758620689655	0.27586206896551724	0.0	0.3448275862068966
act/31	mean	proj	3	19	True	False	asc	1	0.034482758620689655	0.27586206896551724	0.0	0.3448275862068966
act/31	mean	proj	3	20	True	True	asc	1	0.034482758620689655	0.27586206896551724	0.0	0.3448275862068966
act/31	mean	proj	3	20	True	False	asc	1	0.034482758620689655	0.27586206896551724	0.0	0.3448275862068966
act/31	mean	proj	4	6	True	True	asc	1	0.10344827586206896	0.3793103448275862	0.0	0.4482758620689655
act/7	mean	proj	8	20	True	True	asc	1	0.034482758620689655	0.2413793103448276	0.0	0.3793103448275862
act/7	mean	proj	8	20	True	False	asc	1	0.034482758620689655	0.27586206896551724	0.0	0.3793103448275862
act/15	mean	proj	0	15	True	True	asc	1	0.06896551724137931	0.27586206896551724	0.0	0.3103448275862069
act/15	mean	proj	0	16	True	True	asc	1	0.06896551724137931	0.27586206896551724	0.0	0.3103448275862069
act/15	mean	proj	0	17	True	True	asc	1	0.06896551724137931	0.3103448275862069	0.0	0.3103448275862069
act/15	mean	proj	0	18	True	True	asc	1	0.06896551724137931	0.3103448275862069	0.0	0.3103448275862069
act/15	mean	proj	0	19	True	True	asc	1	0.06896551724137931	0.3103448275862069	0.0	0.3103448275862069
act/15	mean	proj	0	20	True	True	asc	1	0.06896551724137931	0.3103448275862069	0.0	0.3103448275862069
act/7	mean	proj	9	17	True	False	asc	1	0.034482758620689655	0.27586206896551724	0.0	0.3793103448275862
act/7	mean	proj	9	19	True	True	asc	1	0.034482758620689655	0.2413793103448276	0.0	0.3793103448275862
act/7	mean	proj	9	19	True	False	asc	1	0.034482758620689655	0.3103448275862069	0.0	0.3793103448275862
act/7	mean	proj	9	20	True	True	asc	1	0.034482758620689655	0.27586206896551724	0.0	0.3793103448275862
act/7	mean	proj	9	20	True	False	asc	1	0.034482758620689655	0.3103448275862069	0.0	0.3793103448275862
act/7	mean	proj	10	12	True	True	asc	1	0.034482758620689655	0.3448275862068966	0.0	0.3448275862068966
act/7	mean	proj	10	12	True	False	asc	1	0.034482758620689655	0.3448275862068966	0.0	0.3448275862068966
act/7	mean	proj	10	15	True	True	asc	1	0.034482758620689655	0.3793103448275862	0.0	0.3793103448275862
act/31	mean	proj	3	17	True	True	asc	1	0.034482758620689655	0.27586206896551724	0.0	0.3448275862068966
act/31	mean	proj	3	17	True	False	asc	1	0.034482758620689655	0.27586206896551724	0.0	0.3448275862068966
act/15	mean	proj	1	2	True	False	asc	1	0.034482758620689655	0.3103448275862069	0.0	0.3448275862068966
act/7	mean	proj	9	15	True	True	asc	1	0.06896551724137931	0.2413793103448276	0.0	0.3793103448275862
act/7	mean	proj	9	15	True	False	asc	1	0.06896551724137931	0.27586206896551724	0.0	0.3793103448275862
act/7	mean	proj	9	16	True	True	asc	1	0.034482758620689655	0.2413793103448276	0.0	0.3793103448275862
act/7	mean	proj	9	16	True	False	asc	1	0.034482758620689655	0.2413793103448276	0.0	0.3793103448275862
act/7	mean	proj	9	17	True	True	asc	1	0.034482758620689655	0.2413793103448276	0.0	0.3793103448275862
act/31	mean	proj	3	13	True	True	asc	1	0.034482758620689655	0.27586206896551724	0.0	0.3448275862068966
act/31	mean	proj	3	13	True	False	asc	1	0.034482758620689655	0.27586206896551724	0.0	0.3448275862068966
act/31	mean	proj	3	14	True	True	asc	1	0.034482758620689655	0.27586206896551724	0.0	0.3448275862068966
act/31	mean	proj	3	14	True	False	asc	1	0.034482758620689655	0.27586206896551724	0.0	0.3448275862068966
act/31	mean	proj	3	15	True	True	asc	1	0.034482758620689655	0.27586206896551724	0.0	0.3448275862068966
act/31	mean	proj	3	15	True	False	asc	1	0.034482758620689655	0.27586206896551724	0.0	0.3448275862068966
act/31	mean	proj	3	16	True	True	asc	1	0.034482758620689655	0.27586206896551724	0.0	0.3448275862068966
act/31	mean	proj	3	16	True	False	asc	1	0.034482758620689655	0.27586206896551724	0.0	0.3448275862068966
act/31	mean	proj	4	15	True	False	asc	1	0.06896551724137931	0.2413793103448276	0.0	0.3793103448275862
act/31	mean	proj	4	16	True	True	asc	1	0.034482758620689655	0.1724137931034483	0.0	0.3448275862068966
act/31	mean	proj	4	17	True	True	asc	1	0.034482758620689655	0.1724137931034483	0.0	0.3103448275862069
act/31	mean	proj	4	18	True	True	asc	1	0.034482758620689655	0.1724137931034483	0.0	0.3103448275862069
act/31	mean	proj	3	11	True	True	asc	1	0.034482758620689655	0.27586206896551724	0.0	0.3448275862068966
act/31	mean	proj	3	11	True	False	asc	1	0.034482758620689655	0.27586206896551724	0.0	0.3448275862068966
act/31	mean	proj	3	12	True	True	asc	1	0.034482758620689655	0.27586206896551724	0.0	0.3448275862068966
act/31	mean	proj	3	12	True	False	asc	1	0.034482758620689655	0.27586206896551724	0.0	0.3448275862068966
act/31	mean	proj	2	20	True	False	asc	1	0.034482758620689655	0.27586206896551724	0.0	0.3448275862068966
act/31	mean	proj	3	4	True	True	asc	1	0.06896551724137931	0.3793103448275862	0.0	0.27586206896551724
act/31	mean	proj	3	4	True	False	asc	1	0.06896551724137931	0.3793103448275862	0.0	0.27586206896551724
act/31	mean	proj	3	5	True	True	asc	1	0.06896551724137931	0.27586206896551724	0.0	0.3448275862068966
act/31	mean	proj	3	5	True	False	asc	1	0.06896551724137931	0.27586206896551724	0.0	0.3448275862068966
act/31	mean	proj	3	8	True	True	asc	1	0.034482758620689655	0.2413793103448276	0.0	0.3448275862068966
act/31	mean	proj	3	8	True	False	asc	1	0.034482758620689655	0.2413793103448276	0.0	0.3448275862068966
act/31	mean	proj	3	9	True	True	asc	1	0.034482758620689655	0.2413793103448276	0.0	0.3448275862068966
act/31	mean	proj	2	16	True	False	asc	1	0.034482758620689655	0.27586206896551724	0.0	0.3448275862068966
act/31	mean	proj	2	17	True	True	asc	1	0.034482758620689655	0.20689655172413793	0.0	0.3448275862068966
act/31	mean	proj	2	17	True	False	asc	1	0.034482758620689655	0.2413793103448276	0.0	0.3448275862068966
act/31	mean	proj	2	18	True	True	asc	1	0.034482758620689655	0.20689655172413793	0.0	0.3793103448275862
act/31	mean	proj	2	18	True	False	asc	1	0.034482758620689655	0.27586206896551724	0.0	0.3448275862068966
act/31	mean	proj	2	19	True	True	asc	1	0.034482758620689655	0.20689655172413793	0.0	0.3793103448275862
act/31	mean	proj	2	19	True	False	asc	1	0.034482758620689655	0.27586206896551724	0.0	0.3448275862068966
act/31	mean	proj	2	20	True	True	asc	1	0.034482758620689655	0.20689655172413793	0.0	0.3448275862068966
act/15	mean	proj	0	7	True	True	asc	1	0.06896551724137931	0.27586206896551724	0.0	0.3103448275862069
act/15	mean	proj	0	8	True	True	asc	1	0.06896551724137931	0.27586206896551724	0.0	0.3103448275862069
act/15	mean	proj	0	9	True	True	asc	1	0.06896551724137931	0.27586206896551724	0.0	0.3103448275862069
act/31	mean	proj	2	14	True	True	asc	1	0.034482758620689655	0.20689655172413793	0.0	0.3793103448275862
act/31	mean	proj	2	14	True	False	asc	1	0.034482758620689655	0.27586206896551724	0.0	0.3448275862068966
act/31	mean	proj	2	15	True	True	asc	1	0.034482758620689655	0.20689655172413793	0.0	0.3793103448275862
act/31	mean	proj	2	15	True	False	asc	1	0.034482758620689655	0.2413793103448276	0.0	0.3448275862068966
act/31	mean	proj	2	16	True	True	asc	1	0.034482758620689655	0.20689655172413793	0.0	0.3793103448275862
act/7	mean	proj	10	15	True	False	asc	1	0.034482758620689655	0.3793103448275862	0.0	0.3793103448275862
act/7	mean	proj	10	16	True	True	asc	1	0.034482758620689655	0.41379310344827586	0.0	0.3448275862068966
act/7	mean	proj	10	16	True	False	asc	1	0.034482758620689655	0.41379310344827586	0.0	0.3103448275862069
act/15	mean	proj	0	3	True	True	asc	1	0.13793103448275862	0.3103448275862069	0.0	0.27586206896551724
act/15	mean	proj	0	3	True	False	asc	1	0.13793103448275862	0.3448275862068966	0.0	0.27586206896551724
act/15	mean	proj	0	4	True	True	asc	1	0.10344827586206896	0.3448275862068966	0.0	0.2413793103448276
act/15	mean	proj	0	5	True	True	asc	1	0.10344827586206896	0.3448275862068966	0.0	0.20689655172413793
act/15	mean	proj	0	6	True	True	asc	1	0.06896551724137931	0.3103448275862069	0.0	0.27586206896551724
act/31	mean	proj	2	8	True	False	asc	1	0.034482758620689655	0.2413793103448276	0.0	0.3448275862068966
act/31	mean	proj	2	9	True	True	asc	1	0.034482758620689655	0.2413793103448276	0.0	0.3793103448275862
act/31	mean	proj	2	9	True	False	asc	1	0.034482758620689655	0.20689655172413793	0.0	0.3448275862068966
act/31	mean	proj	2	10	True	True	asc	1	0.034482758620689655	0.2413793103448276	0.0	0.3793103448275862
act/31	mean	proj	2	10	True	False	asc	1	0.034482758620689655	0.27586206896551724	0.0	0.3448275862068966
act/31	mean	proj	2	11	True	True	asc	1	0.034482758620689655	0.2413793103448276	0.0	0.3793103448275862
act/31	mean	proj	2	11	True	False	asc	1	0.034482758620689655	0.2413793103448276	0.0	0.3448275862068966
act/31	mean	proj	2	12	True	True	asc	1	0.034482758620689655	0.2413793103448276	0.0	0.3793103448275862
act/31	mean	proj	2	4	True	False	asc	1	0.06896551724137931	0.4827586206896552	0.0	0.4482758620689655
act/31	mean	proj	2	5	True	True	asc	1	0.06896551724137931	0.3793103448275862	0.0	0.41379310344827586
act/31	mean	proj	2	5	True	False	asc	1	0.06896551724137931	0.3448275862068966	0.0	0.3793103448275862
act/31	mean	proj	2	6	True	True	asc	1	0.06896551724137931	0.4482758620689655	0.0	0.3793103448275862
act/31	mean	proj	2	6	True	False	asc	1	0.06896551724137931	0.4482758620689655	0.0	0.3448275862068966
act/31	mean	proj	2	7	True	True	asc	1	0.034482758620689655	0.3448275862068966	0.0	0.3793103448275862
act/31	mean	proj	2	7	True	False	asc	1	0.034482758620689655	0.3103448275862069	0.0	0.3793103448275862
act/31	mean	proj	2	8	True	True	asc	1	0.034482758620689655	0.2413793103448276	0.0	0.3448275862068966
act/7	mean	proj	11	12	True	True	asc	1	0.06896551724137931	0.3793103448275862	0.0	0.41379310344827586
act/7	mean	proj	11	12	True	False	asc	1	0.06896551724137931	0.3793103448275862	0.0	0.41379310344827586
act/11	mean	proj	15	16	False	True	asc	1	0.034482758620689655	0.3448275862068966	0.0	0.3448275862068966
act/11	mean	proj	15	16	False	False	asc	1	0.034482758620689655	0.3448275862068966	0.0	0.3448275862068966
act/11	mean	proj	12	17	False	True	asc	1	0.10344827586206896	0.3793103448275862	0.0	0.41379310344827586
act/11	mean	proj	12	17	False	False	asc	1	0.10344827586206896	0.3793103448275862	0.0	0.41379310344827586
act/31	mean	proj	1	4	True	False	asc	1	0.10344827586206896	0.4827586206896552	0.0	0.41379310344827586
act/31	mean	proj	2	4	True	True	asc	1	0.06896551724137931	0.4827586206896552	0.0	0.4482758620689655
act/31	mean	proj	3	9	True	False	asc	1	0.034482758620689655	0.2413793103448276	0.0	0.3448275862068966
act/31	mean	proj	3	10	True	True	asc	1	0.034482758620689655	0.27586206896551724	0.0	0.3448275862068966
act/31	mean	proj	3	10	True	False	asc	1	0.034482758620689655	0.27586206896551724	0.0	0.3448275862068966
act/15	mean	proj	0	10	True	True	asc	1	0.06896551724137931	0.27586206896551724	0.0	0.3103448275862069
act/15	mean	proj	0	11	True	True	asc	1	0.06896551724137931	0.27586206896551724	0.0	0.3103448275862069
act/15	mean	proj	0	12	True	True	asc	1	0.06896551724137931	0.27586206896551724	0.0	0.3103448275862069
act/15	mean	proj	0	13	True	True	asc	1	0.06896551724137931	0.27586206896551724	0.0	0.3103448275862069
act/15	mean	proj	0	14	True	True	asc	1	0.06896551724137931	0.3103448275862069	0.0	0.3103448275862069
act/31	mean	proj	0	3	True	True	asc	1	0.034482758620689655	0.4482758620689655	0.0	0.41379310344827586
act/31	mean	proj	0	4	True	True	asc	1	0.034482758620689655	0.4827586206896552	0.0	0.3793103448275862
act/31	mean	proj	0	4	True	False	asc	1	0.10344827586206896	0.4827586206896552	0.0	0.3448275862068966
act/31	mean	proj	0	5	True	True	asc	1	0.034482758620689655	0.4482758620689655	0.0	0.3793103448275862
act/31	mean	proj	0	5	True	False	asc	1	0.06896551724137931	0.3793103448275862	0.0	0.3448275862068966
act/31	mean	proj	0	6	True	True	asc	1	0.06896551724137931	0.4827586206896552	0.0	0.3793103448275862
act/31	mean	proj	0	6	True	False	asc	1	0.10344827586206896	0.41379310344827586	0.0	0.3448275862068966
act/31	mean	proj	0	7	True	True	asc	1	0.10344827586206896	0.41379310344827586	0.0	0.3448275862068966
act/11	mean	proj	13	19	False	True	asc	1	0.06896551724137931	0.3448275862068966	0.0	0.3103448275862069
act/11	mean	proj	13	19	False	False	asc	1	0.06896551724137931	0.3448275862068966	0.0	0.3103448275862069
act/11	mean	proj	14	16	False	True	asc	1	0.06896551724137931	0.3103448275862069	0.0	0.3793103448275862
act/11	mean	proj	14	16	False	False	asc	1	0.06896551724137931	0.3103448275862069	0.0	0.3793103448275862
act/7	mean	proj	16	17	True	True	asc	1	0.10344827586206896	0.3448275862068966	0.0	0.41379310344827586
act/7	mean	proj	16	17	True	False	asc	1	0.10344827586206896	0.3448275862068966	0.0	0.41379310344827586
act/31	mean	proj	0	2	True	True	asc	1	0.0	0.27586206896551724	0.0	0.3448275862068966
act/31	mean	proj	0	2	True	False	asc	1	0.0	0.27586206896551724	0.0	0.3448275862068966
act/11	mean	proj	12	18	False	True	asc	1	0.034482758620689655	0.3793103448275862	0.0	0.3793103448275862
act/11	mean	proj	12	18	False	False	asc	1	0.034482758620689655	0.3793103448275862	0.0	0.3448275862068966
act/11	mean	proj	12	19	False	True	asc	1	0.06896551724137931	0.3793103448275862	0.0	0.3448275862068966
act/11	mean	proj	12	19	False	False	asc	1	0.034482758620689655	0.41379310344827586	0.0	0.3103448275862069
act/11	mean	proj	13	16	False	True	asc	1	0.10344827586206896	0.27586206896551724	0.0	0.41379310344827586
act/11	mean	proj	13	16	False	False	asc	1	0.10344827586206896	0.27586206896551724	0.0	0.41379310344827586
act/11	mean	proj	13	18	False	True	asc	1	0.034482758620689655	0.3448275862068966	0.0	0.3793103448275862
act/11	mean	proj	13	18	False	False	asc	1	0.034482758620689655	0.3448275862068966	0.0	0.3793103448275862
act/31	mean	proj	2	12	True	False	asc	1	0.034482758620689655	0.27586206896551724	0.0	0.3448275862068966
act/31	mean	proj	2	13	True	True	asc	1	0.034482758620689655	0.2413793103448276	0.0	0.3793103448275862
act/31	mean	proj	2	13	True	False	asc	1	0.034482758620689655	0.3103448275862069	0.0	0.3448275862068966
act/19	mean	proj	3	20	False	True	asc	1	0.06896551724137931	0.20689655172413793	0.0	0.4827586206896552
act/19	mean	proj	3	20	False	False	asc	1	0.06896551724137931	0.20689655172413793	0.0	0.4827586206896552
act/31	mean	proj	1	2	True	True	asc	1	0.0	0.3793103448275862	0.0	0.3103448275862069
act/31	mean	proj	1	2	True	False	asc	1	0.0	0.3793103448275862	0.0	0.3103448275862069
act/31	mean	proj	1	4	True	True	asc	1	0.10344827586206896	0.5172413793103449	0.0	0.41379310344827586
act/3	mean	proj	12	17	False	True	asc	1	0.13793103448275862	0.6206896551724138	0.0	0.3793103448275862
act/3	mean	proj	12	17	False	False	asc	1	0.13793103448275862	0.6206896551724138	0.0	0.41379310344827586
act/3	mean	proj	12	18	False	True	asc	1	0.06896551724137931	0.5517241379310345	0.0	0.4482758620689655
act/3	mean	proj	12	18	False	False	asc	1	0.10344827586206896	0.5517241379310345	0.0	0.41379310344827586
act/3	mean	proj	12	19	False	True	asc	1	0.10344827586206896	0.4827586206896552	0.0	0.3448275862068966
act/3	mean	proj	12	19	False	False	asc	1	0.10344827586206896	0.4827586206896552	0.0	0.3793103448275862
act/3	mean	proj	12	20	False	True	asc	1	0.10344827586206896	0.5517241379310345	0.0	0.3103448275862069
act/3	mean	proj	12	20	False	False	asc	1	0.10344827586206896	0.5172413793103449	0.0	0.3448275862068966
act/31	mean	proj	0	15	True	False	asc	1	0.10344827586206896	0.2413793103448276	0.0	0.41379310344827586
act/31	mean	proj	0	16	True	True	asc	1	0.10344827586206896	0.3793103448275862	0.0	0.3793103448275862
act/31	mean	proj	0	16	True	False	asc	1	0.10344827586206896	0.2413793103448276	0.0	0.41379310344827586
act/19	mean	proj	4	20	False	False	asc	1	0.10344827586206896	0.2413793103448276	0.0	0.5862068965517241
act/19	mean	proj	5	9	False	False	asc	1	0.034482758620689655	0.3103448275862069	0.0	0.5172413793103449
act/3	mean	proj	17	19	False	True	asc	1	0.06896551724137931	0.5862068965517241	0.0	0.5517241379310345
act/3	mean	proj	17	19	False	False	asc	1	0.06896551724137931	0.5862068965517241	0.0	0.5517241379310345
act/3	mean	norm_l1	0	0	False	False	asc	1	0.034482758620689655	0.27586206896551724	0.0	0.3448275862068966
act/31	mean	proj	0	11	True	False	asc	1	0.13793103448275862	0.27586206896551724	0.0	0.3793103448275862
act/31	mean	proj	0	12	True	True	asc	1	0.10344827586206896	0.3793103448275862	0.0	0.3793103448275862
act/31	mean	proj	0	12	True	False	asc	1	0.10344827586206896	0.2413793103448276	0.0	0.3793103448275862
act/31	mean	proj	0	13	True	True	asc	1	0.10344827586206896	0.3793103448275862	0.0	0.3793103448275862
act/31	mean	proj	0	13	True	False	asc	1	0.10344827586206896	0.2413793103448276	0.0	0.41379310344827586
act/31	mean	proj	0	14	True	True	asc	1	0.06896551724137931	0.3793103448275862	0.0	0.3793103448275862
act/31	mean	proj	0	14	True	False	asc	1	0.10344827586206896	0.2413793103448276	0.0	0.41379310344827586
act/31	mean	proj	0	15	True	True	asc	1	0.10344827586206896	0.3793103448275862	0.0	0.3793103448275862
act/31	mean	proj	0	7	True	False	asc	1	0.1724137931034483	0.3793103448275862	0.0	0.3103448275862069
act/31	mean	proj	0	8	True	True	asc	1	0.10344827586206896	0.3793103448275862	0.0	0.3448275862068966
act/31	mean	proj	0	8	True	False	asc	1	0.13793103448275862	0.2413793103448276	0.0	0.3448275862068966
act/31	mean	proj	0	9	True	True	asc	1	0.10344827586206896	0.3793103448275862	0.0	0.3793103448275862
act/31	mean	proj	0	9	True	False	asc	1	0.13793103448275862	0.2413793103448276	0.0	0.3793103448275862
act/31	mean	proj	0	10	True	True	asc	1	0.06896551724137931	0.3793103448275862	0.0	0.3793103448275862
act/31	mean	proj	0	10	True	False	asc	1	0.13793103448275862	0.3103448275862069	0.0	0.3793103448275862
act/31	mean	proj	0	11	True	True	asc	1	0.06896551724137931	0.3793103448275862	0.0	0.3793103448275862
act/3	mean	proj	10	13	False	False	asc	1	0.034482758620689655	0.27586206896551724	0.0	0.4482758620689655
act/3	mean	proj	10	18	False	True	asc	1	0.10344827586206896	0.4482758620689655	0.0	0.41379310344827586
act/3	mean	proj	10	18	False	False	asc	1	0.10344827586206896	0.4482758620689655	0.0	0.41379310344827586
act/3	mean	proj	10	19	False	True	asc	1	0.10344827586206896	0.4482758620689655	0.0	0.41379310344827586
act/3	mean	proj	10	19	False	False	asc	1	0.10344827586206896	0.4482758620689655	0.0	0.41379310344827586
act/3	mean	proj	11	18	False	False	asc	1	0.10344827586206896	0.5517241379310345	0.0	0.4482758620689655
act/3	mean	proj	11	19	False	False	asc	1	0.10344827586206896	0.5517241379310345	0.0	0.41379310344827586
act/3	mean	proj	12	14	False	True	asc	1	0.034482758620689655	0.3103448275862069	0.0	0.3793103448275862
act/7	mean	proj	1	8	False	True	asc	1	0.10344827586206896	0.4827586206896552	0.0	0.4482758620689655
act/7	mean	proj	1	8	False	False	asc	1	0.13793103448275862	0.3793103448275862	0.0	0.41379310344827586
act/7	mean	proj	1	9	False	True	asc	1	0.13793103448275862	0.4482758620689655	0.0	0.3448275862068966
act/7	mean	proj	1	10	False	True	asc	1	0.13793103448275862	0.4482758620689655	0.0	0.41379310344827586
act/7	mean	proj	1	11	False	True	asc	1	0.13793103448275862	0.4482758620689655	0.0	0.41379310344827586
act/7	mean	proj	1	12	False	True	asc	1	0.13793103448275862	0.4482758620689655	0.0	0.3448275862068966
act/7	mean	proj	1	13	False	True	asc	1	0.13793103448275862	0.4827586206896552	0.0	0.3448275862068966
act/7	mean	proj	1	14	False	True	asc	1	0.10344827586206896	0.4482758620689655	0.0	0.3793103448275862
act/7	mean	proj	1	4	False	True	asc	1	0.13793103448275862	0.4827586206896552	0.0	0.4827586206896552
act/7	mean	proj	1	4	False	False	asc	1	0.10344827586206896	0.4827586206896552	0.0	0.5172413793103449
act/7	mean	proj	1	5	False	True	asc	1	0.13793103448275862	0.5172413793103449	0.0	0.41379310344827586
act/7	mean	proj	1	5	False	False	asc	1	0.13793103448275862	0.4827586206896552	0.0	0.5172413793103449
act/7	mean	proj	1	6	False	True	asc	1	0.13793103448275862	0.5517241379310345	0.0	0.4827586206896552
act/7	mean	proj	1	6	False	False	asc	1	0.13793103448275862	0.4827586206896552	0.0	0.5172413793103449
act/7	mean	proj	1	7	False	True	asc	1	0.10344827586206896	0.4827586206896552	0.0	0.4482758620689655
act/7	mean	proj	1	7	False	False	asc	1	0.10344827586206896	0.4827586206896552	0.0	0.41379310344827586
act/3	mean	proj	13	15	False	True	asc	1	0.10344827586206896	0.4827586206896552	0.0	0.4827586206896552
act/3	mean	proj	13	15	False	False	asc	1	0.10344827586206896	0.4827586206896552	0.0	0.4827586206896552
act/3	mean	proj	14	15	False	True	asc	1	0.034482758620689655	0.3448275862068966	0.0	0.5172413793103449
act/3	mean	proj	14	15	False	False	asc	1	0.034482758620689655	0.3448275862068966	0.0	0.5172413793103449
act/3	mean	proj	14	20	False	True	asc	1	0.13793103448275862	0.4827586206896552	0.0	0.3793103448275862
act/3	mean	proj	14	20	False	False	asc	1	0.13793103448275862	0.4827586206896552	0.0	0.3793103448275862
act/7	mean	proj	1	3	False	True	asc	1	0.06896551724137931	0.3793103448275862	0.0	0.3103448275862069
act/7	mean	proj	1	3	False	False	asc	1	0.06896551724137931	0.3793103448275862	0.0	0.3103448275862069
act/7	mean	proj	2	12	False	False	asc	1	0.034482758620689655	0.3103448275862069	0.0	0.3448275862068966
act/7	mean	proj	2	13	False	True	asc	1	0.034482758620689655	0.3103448275862069	0.0	0.3448275862068966
act/7	mean	proj	2	13	False	False	asc	1	0.034482758620689655	0.27586206896551724	0.0	0.3103448275862069
act/7	mean	proj	2	14	False	True	asc	1	0.034482758620689655	0.3103448275862069	0.0	0.3448275862068966
act/7	mean	proj	2	14	False	False	asc	1	0.034482758620689655	0.27586206896551724	0.0	0.3448275862068966
act/7	mean	proj	2	15	False	True	asc	1	0.034482758620689655	0.3103448275862069	0.0	0.3448275862068966
act/7	mean	proj	2	15	False	False	asc	1	0.034482758620689655	0.27586206896551724	0.0	0.3448275862068966
act/7	mean	proj	2	16	False	True	asc	1	0.034482758620689655	0.3103448275862069	0.0	0.3448275862068966
act/7	mean	proj	2	8	False	False	asc	1	0.034482758620689655	0.27586206896551724	0.0	0.5517241379310345
act/7	mean	proj	2	9	False	True	asc	1	0.034482758620689655	0.3448275862068966	0.0	0.3448275862068966
act/7	mean	proj	2	9	False	False	asc	1	0.034482758620689655	0.3103448275862069	0.0	0.27586206896551724
act/7	mean	proj	2	10	False	True	asc	1	0.034482758620689655	0.3448275862068966	0.0	0.3448275862068966
act/7	mean	proj	2	10	False	False	asc	1	0.034482758620689655	0.3103448275862069	0.0	0.27586206896551724
act/7	mean	proj	2	11	False	True	asc	1	0.034482758620689655	0.3103448275862069	0.0	0.3448275862068966
act/7	mean	proj	2	11	False	False	asc	1	0.034482758620689655	0.3103448275862069	0.0	0.3448275862068966
act/7	mean	proj	2	12	False	True	asc	1	0.034482758620689655	0.3103448275862069	0.0	0.3448275862068966
act/7	mean	proj	2	4	False	False	asc	1	0.034482758620689655	0.3793103448275862	0.0	0.3793103448275862
act/7	mean	proj	2	5	False	True	asc	1	0.06896551724137931	0.4827586206896552	0.0	0.4482758620689655
act/7	mean	proj	2	5	False	False	asc	1	0.10344827586206896	0.5172413793103449	0.0	0.5172413793103449
act/7	mean	proj	2	6	False	True	asc	1	0.034482758620689655	0.4482758620689655	0.0	0.4827586206896552
act/7	mean	proj	2	6	False	False	asc	1	0.034482758620689655	0.4827586206896552	0.0	0.5862068965517241
act/7	mean	proj	2	7	False	True	asc	1	0.034482758620689655	0.3448275862068966	0.0	0.4827586206896552
act/7	mean	proj	2	7	False	False	asc	1	0.034482758620689655	0.3448275862068966	0.0	0.5172413793103449
act/7	mean	proj	2	8	False	True	asc	1	0.034482758620689655	0.3448275862068966	0.0	0.4827586206896552
act/3	mean	proj	12	14	False	False	asc	1	0.034482758620689655	0.3103448275862069	0.0	0.3793103448275862
act/3	mean	proj	12	15	False	True	asc	1	0.06896551724137931	0.3103448275862069	0.0	0.3448275862068966
act/3	mean	proj	12	15	False	False	asc	1	0.06896551724137931	0.3103448275862069	0.0	0.3448275862068966
act/7	mean	proj	1	15	False	True	asc	1	0.10344827586206896	0.4482758620689655	0.0	0.3793103448275862
act/7	mean	proj	1	16	False	True	asc	1	0.10344827586206896	0.4482758620689655	0.0	0.41379310344827586
act/7	mean	proj	2	3	False	True	asc	1	0.0	0.3448275862068966	0.0	0.27586206896551724
act/7	mean	proj	2	3	False	False	asc	1	0.0	0.3448275862068966	0.0	0.27586206896551724
act/7	mean	proj	2	4	False	True	asc	1	0.034482758620689655	0.3448275862068966	0.0	0.3793103448275862
act/3	mean	proj	9	16	False	False	asc	1	0.10344827586206896	0.4482758620689655	0.0	0.4482758620689655
act/3	mean	proj	9	17	False	True	asc	1	0.10344827586206896	0.4482758620689655	0.0	0.4827586206896552
act/3	mean	proj	9	17	False	False	asc	1	0.10344827586206896	0.4827586206896552	0.0	0.4827586206896552
act/3	mean	proj	9	18	False	True	asc	1	0.10344827586206896	0.41379310344827586	0.0	0.4827586206896552
act/3	mean	proj	9	18	False	False	asc	1	0.10344827586206896	0.4482758620689655	0.0	0.4827586206896552
act/3	mean	proj	9	19	False	True	asc	1	0.10344827586206896	0.4482758620689655	0.0	0.4482758620689655
act/3	mean	proj	9	19	False	False	asc	1	0.10344827586206896	0.4482758620689655	0.0	0.4482758620689655
act/3	mean	proj	9	20	False	True	asc	1	0.10344827586206896	0.4482758620689655	0.0	0.4482758620689655
act/3	mean	proj	9	11	False	False	asc	1	0.0	0.27586206896551724	0.0	0.41379310344827586
act/3	mean	proj	9	13	False	True	asc	1	0.034482758620689655	0.3448275862068966	0.0	0.3793103448275862
act/3	mean	proj	9	13	False	False	asc	1	0.034482758620689655	0.3448275862068966	0.0	0.3793103448275862
act/3	mean	proj	9	14	False	True	asc	1	0.06896551724137931	0.3448275862068966	0.0	0.41379310344827586
act/3	mean	proj	9	14	False	False	asc	1	0.06896551724137931	0.3448275862068966	0.0	0.41379310344827586
act/3	mean	proj	9	15	False	True	asc	1	0.06896551724137931	0.3793103448275862	0.0	0.41379310344827586
act/3	mean	proj	9	15	False	False	asc	1	0.06896551724137931	0.3793103448275862	0.0	0.41379310344827586
act/3	mean	proj	9	16	False	True	asc	1	0.10344827586206896	0.41379310344827586	0.0	0.4482758620689655
act/7	mean	proj	2	20	False	False	asc	1	0.034482758620689655	0.27586206896551724	0.0	0.3448275862068966
act/7	mean	proj	3	4	False	True	asc	1	0.06896551724137931	0.3103448275862069	0.0	0.3793103448275862
act/7	mean	proj	3	4	False	False	asc	1	0.06896551724137931	0.3103448275862069	0.0	0.3793103448275862
act/7	mean	proj	3	6	False	True	asc	1	0.034482758620689655	0.5172413793103449	0.0	0.5517241379310345
act/7	mean	proj	3	7	False	True	asc	1	0.10344827586206896	0.4482758620689655	0.0	0.4482758620689655
act/7	mean	proj	3	7	False	False	asc	1	0.10344827586206896	0.4482758620689655	0.0	0.4827586206896552
act/7	mean	proj	3	13	False	True	asc	1	0.06896551724137931	0.3448275862068966	0.0	0.4482758620689655
act/3	mean	proj	9	11	False	True	asc	1	0.0	0.27586206896551724	0.0	0.41379310344827586
act/7	mean	proj	2	16	False	False	asc	1	0.034482758620689655	0.27586206896551724	0.0	0.3448275862068966
act/7	mean	proj	2	17	False	True	asc	1	0.034482758620689655	0.3103448275862069	0.0	0.3448275862068966
act/7	mean	proj	2	17	False	False	asc	1	0.034482758620689655	0.27586206896551724	0.0	0.3448275862068966
act/7	mean	proj	2	18	False	True	asc	1	0.034482758620689655	0.3448275862068966	0.0	0.3448275862068966
act/7	mean	proj	2	18	False	False	asc	1	0.034482758620689655	0.27586206896551724	0.0	0.3448275862068966
act/7	mean	proj	2	19	False	True	asc	1	0.034482758620689655	0.3103448275862069	0.0	0.3448275862068966
act/7	mean	proj	2	19	False	False	asc	1	0.034482758620689655	0.27586206896551724	0.0	0.3448275862068966
act/7	mean	proj	2	20	False	True	asc	1	0.034482758620689655	0.3103448275862069	0.0	0.3448275862068966
act/7	mean	proj	4	13	False	False	asc	1	0.034482758620689655	0.27586206896551724	0.0	0.3103448275862069
act/7	mean	proj	4	14	False	True	asc	1	0.034482758620689655	0.3103448275862069	0.0	0.3793103448275862
act/7	mean	proj	4	14	False	False	asc	1	0.034482758620689655	0.2413793103448276	0.0	0.3103448275862069
act/7	mean	proj	4	15	False	True	asc	1	0.034482758620689655	0.27586206896551724	0.0	0.3448275862068966
act/7	mean	proj	4	15	False	False	asc	1	0.034482758620689655	0.20689655172413793	0.0	0.3448275862068966
act/7	mean	proj	4	16	False	True	asc	1	0.06896551724137931	0.3103448275862069	0.0	0.3793103448275862
act/7	mean	proj	4	16	False	False	asc	1	0.034482758620689655	0.20689655172413793	0.0	0.3103448275862069
act/7	mean	proj	4	17	False	True	asc	1	0.10344827586206896	0.27586206896551724	0.0	0.3448275862068966
act/7	mean	proj	3	18	False	False	asc	1	0.034482758620689655	0.27586206896551724	0.0	0.3448275862068966
act/7	mean	proj	3	19	False	True	asc	1	0.06896551724137931	0.3103448275862069	0.0	0.3448275862068966
act/7	mean	proj	3	19	False	False	asc	1	0.034482758620689655	0.27586206896551724	0.0	0.3448275862068966
act/7	mean	proj	3	20	False	True	asc	1	0.06896551724137931	0.3103448275862069	0.0	0.3448275862068966
act/7	mean	proj	3	20	False	False	asc	1	0.034482758620689655	0.27586206896551724	0.0	0.3448275862068966
act/7	mean	proj	4	5	False	True	asc	1	0.0	0.3448275862068966	0.0	0.4482758620689655
act/7	mean	proj	4	5	False	False	asc	1	0.0	0.3448275862068966	0.0	0.4482758620689655
act/7	mean	proj	4	13	False	True	asc	1	0.034482758620689655	0.27586206896551724	0.0	0.3448275862068966
act/7	mean	proj	3	14	False	False	asc	1	0.034482758620689655	0.27586206896551724	0.0	0.3793103448275862
act/7	mean	proj	3	15	False	True	asc	1	0.06896551724137931	0.3103448275862069	0.0	0.41379310344827586
act/7	mean	proj	3	15	False	False	asc	1	0.034482758620689655	0.27586206896551724	0.0	0.3793103448275862
act/7	mean	proj	3	16	False	True	asc	1	0.06896551724137931	0.3103448275862069	0.0	0.41379310344827586
act/7	mean	proj	3	16	False	False	asc	1	0.034482758620689655	0.27586206896551724	0.0	0.3448275862068966
act/7	mean	proj	3	17	False	True	asc	1	0.06896551724137931	0.3103448275862069	0.0	0.3793103448275862
act/7	mean	proj	3	17	False	False	asc	1	0.034482758620689655	0.27586206896551724	0.0	0.3448275862068966
act/7	mean	proj	3	18	False	True	asc	1	0.06896551724137931	0.3103448275862069	0.0	0.3448275862068966
act/3	mean	proj	9	20	False	False	asc	1	0.10344827586206896	0.4827586206896552	0.0	0.41379310344827586
act/3	mean	proj	10	13	False	True	asc	1	0.034482758620689655	0.27586206896551724	0.0	0.4482758620689655
act/19	mean	proj	5	20	False	False	asc	1	0.10344827586206896	0.2413793103448276	0.0	0.5517241379310345
act/3	mean	proj	8	10	False	True	asc	1	0.10344827586206896	0.5172413793103449	0.0	0.4482758620689655
act/3	mean	proj	8	10	False	False	asc	1	0.10344827586206896	0.5172413793103449	0.0	0.4482758620689655
act/3	mean	proj	8	15	False	False	asc	1	0.034482758620689655	0.2413793103448276	0.0	0.3448275862068966
act/7	mean	proj	3	13	False	False	asc	1	0.034482758620689655	0.3103448275862069	0.0	0.3793103448275862
act/7	mean	proj	3	14	False	True	asc	1	0.06896551724137931	0.3448275862068966	0.0	0.41379310344827586
act/3	mean	proj	5	11	False	False	asc	1	0.0	0.3103448275862069	0.0	0.3103448275862069
act/3	mean	proj	5	12	False	True	asc	1	0.0	0.3103448275862069	0.0	0.3103448275862069
act/3	mean	proj	5	12	False	False	asc	1	0.0	0.3103448275862069	0.0	0.3103448275862069
act/3	mean	proj	5	13	False	True	asc	1	0.0	0.27586206896551724	0.0	0.3103448275862069
act/3	mean	proj	5	13	False	False	asc	1	0.0	0.27586206896551724	0.0	0.3103448275862069
act/3	mean	proj	5	14	False	True	asc	1	0.034482758620689655	0.27586206896551724	0.0	0.3103448275862069
act/3	mean	proj	5	14	False	False	asc	1	0.034482758620689655	0.27586206896551724	0.0	0.3448275862068966
act/3	mean	proj	5	15	False	True	asc	1	0.034482758620689655	0.27586206896551724	0.0	0.3448275862068966
act/11	mean	proj	10	18	False	False	asc	1	0.034482758620689655	0.3103448275862069	0.0	0.3448275862068966
act/11	mean	proj	10	19	False	True	asc	1	0.034482758620689655	0.3448275862068966	0.0	0.3448275862068966
act/11	mean	proj	10	19	False	False	asc	1	0.034482758620689655	0.3448275862068966	0.0	0.3103448275862069
act/11	mean	proj	10	20	False	True	asc	1	0.034482758620689655	0.3448275862068966	0.0	0.3793103448275862
act/3	mean	proj	5	7	False	False	asc	1	0.0	0.3448275862068966	0.0	0.20689655172413793
act/3	mean	proj	5	8	False	True	asc	1	0.0	0.2413793103448276	0.0	0.3103448275862069
act/3	mean	proj	5	8	False	False	asc	1	0.0	0.2413793103448276	0.0	0.3103448275862069
act/3	mean	proj	5	11	False	True	asc	1	0.0	0.3103448275862069	0.0	0.3103448275862069
act/7	mean	proj	5	10	False	False	asc	1	0.034482758620689655	0.27586206896551724	0.0	0.3103448275862069
act/7	mean	proj	5	11	False	True	asc	1	0.0	0.2413793103448276	0.0	0.3448275862068966
act/7	mean	proj	5	11	False	False	asc	1	0.0	0.2413793103448276	0.0	0.3448275862068966
act/7	mean	proj	5	12	False	True	asc	1	0.034482758620689655	0.27586206896551724	0.0	0.3448275862068966
act/7	mean	proj	5	12	False	False	asc	1	0.034482758620689655	0.27586206896551724	0.0	0.3448275862068966
act/7	mean	proj	5	13	False	True	asc	1	0.0	0.27586206896551724	0.0	0.3448275862068966
act/7	mean	proj	5	13	False	False	asc	1	0.034482758620689655	0.27586206896551724	0.0	0.3448275862068966
act/11	mean	proj	10	18	False	True	asc	1	0.034482758620689655	0.3103448275862069	0.0	0.3448275862068966
act/7	mean	proj	4	17	False	False	asc	1	0.034482758620689655	0.20689655172413793	0.0	0.3448275862068966
act/7	mean	proj	4	18	False	True	asc	1	0.10344827586206896	0.27586206896551724	0.0	0.3793103448275862
act/7	mean	proj	4	19	False	True	asc	1	0.06896551724137931	0.2413793103448276	0.0	0.3793103448275862
act/7	mean	proj	4	20	False	True	asc	1	0.06896551724137931	0.2413793103448276	0.0	0.3793103448275862
act/7	mean	proj	4	20	False	False	asc	1	0.034482758620689655	0.20689655172413793	0.0	0.3448275862068966
act/7	mean	proj	5	9	False	True	asc	1	0.0	0.13793103448275862	0.0	0.3448275862068966
act/7	mean	proj	5	9	False	False	asc	1	0.0	0.1724137931034483	0.0	0.3448275862068966
act/7	mean	proj	5	10	False	True	asc	1	0.034482758620689655	0.27586206896551724	0.0	0.3103448275862069
act/11	mean	proj	12	16	False	True	asc	1	0.06896551724137931	0.27586206896551724	0.0	0.3448275862068966
act/11	mean	proj	12	16	False	False	asc	1	0.06896551724137931	0.27586206896551724	0.0	0.3793103448275862
act/7	mean	proj	5	14	False	True	asc	1	0.034482758620689655	0.27586206896551724	0.0	0.3103448275862069
act/7	mean	proj	5	15	False	True	asc	1	0.034482758620689655	0.27586206896551724	0.0	0.3448275862068966
act/7	mean	proj	5	16	False	True	asc	1	0.034482758620689655	0.27586206896551724	0.0	0.3103448275862069
act/7	mean	proj	5	16	False	False	asc	1	0.034482758620689655	0.2413793103448276	0.0	0.3448275862068966
act/7	mean	proj	5	17	False	True	asc	1	0.034482758620689655	0.27586206896551724	0.0	0.3448275862068966
act/7	mean	proj	5	17	False	False	asc	1	0.034482758620689655	0.27586206896551724	0.0	0.3448275862068966
act/11	mean	proj	11	17	False	True	asc	1	0.034482758620689655	0.3448275862068966	0.0	0.3793103448275862
act/11	mean	proj	11	17	False	False	asc	1	0.034482758620689655	0.3448275862068966	0.0	0.3793103448275862
act/11	mean	proj	11	18	False	True	asc	1	0.034482758620689655	0.3103448275862069	0.0	0.3793103448275862
act/11	mean	proj	11	18	False	False	asc	1	0.034482758620689655	0.3103448275862069	0.0	0.3793103448275862
act/11	mean	proj	11	19	False	True	asc	1	0.034482758620689655	0.3448275862068966	0.0	0.3448275862068966
act/11	mean	proj	11	19	False	False	asc	1	0.034482758620689655	0.3448275862068966	0.0	0.3103448275862069
act/11	mean	proj	11	20	False	True	asc	1	0.034482758620689655	0.3793103448275862	0.0	0.3793103448275862
act/11	mean	proj	11	20	False	False	asc	1	0.034482758620689655	0.3793103448275862	0.0	0.3793103448275862
act/11	mean	proj	11	13	False	True	asc	1	0.034482758620689655	0.3103448275862069	0.0	0.3793103448275862
act/11	mean	proj	11	13	False	False	asc	1	0.034482758620689655	0.3103448275862069	0.0	0.3793103448275862
act/11	mean	proj	11	14	False	True	asc	1	0.06896551724137931	0.3793103448275862	0.0	0.41379310344827586
act/11	mean	proj	11	14	False	False	asc	1	0.06896551724137931	0.3448275862068966	0.0	0.41379310344827586
act/11	mean	proj	11	15	False	True	asc	1	0.06896551724137931	0.3793103448275862	0.0	0.3448275862068966
act/11	mean	proj	11	15	False	False	asc	1	0.06896551724137931	0.3793103448275862	0.0	0.3448275862068966
act/11	mean	proj	11	16	False	True	asc	1	0.034482758620689655	0.27586206896551724	0.0	0.3793103448275862
act/11	mean	proj	11	16	False	False	asc	1	0.034482758620689655	0.27586206896551724	0.0	0.3793103448275862
act/3	mean	proj	5	15	False	False	asc	1	0.034482758620689655	0.27586206896551724	0.0	0.3448275862068966
act/19	mean	proj	11	12	False	True	asc	1	0.0	0.20689655172413793	0.0	0.3448275862068966
act/19	mean	proj	11	12	False	False	asc	1	0.0	0.20689655172413793	0.0	0.3448275862068966
act/3	mean	proj	5	16	False	True	asc	1	0.034482758620689655	0.27586206896551724	0.0	0.3448275862068966
act/3	mean	proj	5	16	False	False	asc	1	0.034482758620689655	0.27586206896551724	0.0	0.3448275862068966
act/3	mean	proj	5	17	False	True	asc	1	0.034482758620689655	0.27586206896551724	0.0	0.3448275862068966
act/3	mean	proj	5	17	False	False	asc	1	0.034482758620689655	0.27586206896551724	0.0	0.3448275862068966
act/11	mean	proj	10	20	False	False	asc	1	0.034482758620689655	0.3448275862068966	0.0	0.3793103448275862
act/3	mean	proj	4	14	False	False	asc	1	0.034482758620689655	0.20689655172413793	0.0	0.3448275862068966
act/19	mean	proj	12	13	False	True	asc	1	0.034482758620689655	0.3103448275862069	0.0	0.3448275862068966
act/19	mean	proj	12	13	False	False	asc	1	0.034482758620689655	0.3103448275862069	0.0	0.3448275862068966
act/19	mean	proj	12	14	False	True	asc	1	0.034482758620689655	0.20689655172413793	0.0	0.4482758620689655
act/19	mean	proj	12	14	False	False	asc	1	0.034482758620689655	0.20689655172413793	0.0	0.4482758620689655
act/3	mean	proj	4	15	False	True	asc	1	0.034482758620689655	0.3103448275862069	0.0	0.3793103448275862
act/3	mean	proj	4	16	False	True	asc	1	0.034482758620689655	0.27586206896551724	0.0	0.3793103448275862
act/3	mean	proj	4	17	False	True	asc	1	0.034482758620689655	0.3103448275862069	0.0	0.3793103448275862
act/3	mean	proj	4	10	False	False	asc	1	0.034482758620689655	0.3448275862068966	0.0	0.3793103448275862
act/3	mean	proj	4	11	False	True	asc	1	0.034482758620689655	0.27586206896551724	0.0	0.3448275862068966
act/3	mean	proj	4	11	False	False	asc	1	0.034482758620689655	0.3103448275862069	0.0	0.3448275862068966
act/3	mean	proj	4	12	False	True	asc	1	0.034482758620689655	0.2413793103448276	0.0	0.3448275862068966
act/3	mean	proj	4	12	False	False	asc	1	0.034482758620689655	0.3103448275862069	0.0	0.3448275862068966
act/3	mean	proj	4	13	False	True	asc	1	0.034482758620689655	0.27586206896551724	0.0	0.3448275862068966
act/3	mean	proj	4	13	False	False	asc	1	0.034482758620689655	0.2413793103448276	0.0	0.3448275862068966
act/3	mean	proj	4	14	False	True	asc	1	0.034482758620689655	0.3103448275862069	0.0	0.3793103448275862
act/7	mean	proj	6	17	False	False	asc	1	0.034482758620689655	0.27586206896551724	0.0	0.3448275862068966
act/7	mean	proj	6	18	False	True	asc	1	0.034482758620689655	0.27586206896551724	0.0	0.3448275862068966
act/7	mean	proj	6	18	False	False	asc	1	0.034482758620689655	0.27586206896551724	0.0	0.3448275862068966
act/7	mean	proj	6	19	False	True	asc	1	0.034482758620689655	0.27586206896551724	0.0	0.3448275862068966
act/7	mean	proj	6	19	False	False	asc	1	0.034482758620689655	0.27586206896551724	0.0	0.3448275862068966
act/7	mean	proj	6	20	False	True	asc	1	0.034482758620689655	0.2413793103448276	0.0	0.3448275862068966
act/7	mean	proj	6	20	False	False	asc	1	0.034482758620689655	0.27586206896551724	0.0	0.3448275862068966
act/3	mean	proj	4	10	False	True	asc	1	0.034482758620689655	0.3103448275862069	0.0	0.3448275862068966
act/7	mean	proj	5	18	False	True	asc	1	0.06896551724137931	0.27586206896551724	0.0	0.3448275862068966
act/7	mean	proj	5	19	False	True	asc	1	0.06896551724137931	0.27586206896551724	0.0	0.3448275862068966
act/7	mean	proj	5	20	False	False	asc	1	0.034482758620689655	0.27586206896551724	0.0	0.3448275862068966
act/7	mean	proj	6	7	False	True	asc	1	0.0	0.27586206896551724	0.0	0.41379310344827586
act/7	mean	proj	6	7	False	False	asc	1	0.0	0.27586206896551724	0.0	0.41379310344827586
act/7	mean	proj	6	16	False	True	asc	1	0.034482758620689655	0.27586206896551724	0.0	0.3448275862068966
act/7	mean	proj	6	16	False	False	asc	1	0.034482758620689655	0.27586206896551724	0.0	0.3448275862068966
act/7	mean	proj	6	17	False	True	asc	1	0.034482758620689655	0.27586206896551724	0.0	0.3448275862068966
act/7	mean	proj	9	16	False	True	asc	1	0.034482758620689655	0.27586206896551724	0.0	0.3793103448275862
act/7	mean	proj	9	16	False	False	asc	1	0.034482758620689655	0.3103448275862069	0.0	0.3793103448275862
act/7	mean	proj	9	17	False	True	asc	1	0.034482758620689655	0.3103448275862069	0.0	0.3793103448275862
act/7	mean	proj	9	17	False	False	asc	1	0.034482758620689655	0.27586206896551724	0.0	0.3793103448275862
act/7	mean	proj	9	18	False	True	asc	1	0.034482758620689655	0.2413793103448276	0.0	0.3793103448275862
act/7	mean	proj	9	18	False	False	asc	1	0.034482758620689655	0.2413793103448276	0.0	0.3793103448275862
act/7	mean	proj	9	19	False	True	asc	1	0.034482758620689655	0.27586206896551724	0.0	0.3793103448275862
act/7	mean	proj	9	19	False	False	asc	1	0.034482758620689655	0.27586206896551724	0.0	0.3793103448275862
act/7	mean	proj	8	18	False	True	asc	1	0.034482758620689655	0.2413793103448276	0.0	0.3448275862068966
act/7	mean	proj	8	18	False	False	asc	1	0.034482758620689655	0.2413793103448276	0.0	0.3448275862068966
act/7	mean	proj	8	19	False	True	asc	1	0.034482758620689655	0.27586206896551724	0.0	0.3448275862068966
act/7	mean	proj	8	19	False	False	asc	1	0.034482758620689655	0.27586206896551724	0.0	0.3448275862068966
act/7	mean	proj	8	20	False	True	asc	1	0.034482758620689655	0.27586206896551724	0.0	0.3793103448275862
act/7	mean	proj	8	20	False	False	asc	1	0.034482758620689655	0.27586206896551724	0.0	0.3793103448275862
act/7	mean	proj	9	11	False	True	asc	1	0.10344827586206896	0.3448275862068966	0.0	0.3448275862068966
act/7	mean	proj	9	11	False	False	asc	1	0.10344827586206896	0.3448275862068966	0.0	0.3448275862068966
act/7	mean	proj	7	19	False	True	asc	1	0.034482758620689655	0.27586206896551724	0.0	0.3448275862068966
act/7	mean	proj	7	19	False	False	asc	1	0.034482758620689655	0.27586206896551724	0.0	0.3448275862068966
act/7	mean	proj	7	20	False	True	asc	1	0.034482758620689655	0.2413793103448276	0.0	0.3793103448275862
act/7	mean	proj	7	20	False	False	asc	1	0.034482758620689655	0.27586206896551724	0.0	0.3793103448275862
act/7	mean	proj	8	16	False	True	asc	1	0.034482758620689655	0.20689655172413793	0.0	0.3448275862068966
act/7	mean	proj	8	16	False	False	asc	1	0.034482758620689655	0.20689655172413793	0.0	0.3448275862068966
act/7	mean	proj	8	17	False	True	asc	1	0.034482758620689655	0.2413793103448276	0.0	0.3448275862068966
act/7	mean	proj	8	17	False	False	asc	1	0.034482758620689655	0.27586206896551724	0.0	0.3448275862068966
act/3	mean	proj	4	18	False	True	asc	1	0.034482758620689655	0.27586206896551724	0.0	0.3793103448275862
act/3	mean	proj	5	7	False	True	asc	1	0.0	0.3448275862068966	0.0	0.20689655172413793
act/7	mean	proj	7	16	False	True	asc	1	0.034482758620689655	0.2413793103448276	0.0	0.3103448275862069
act/7	mean	proj	7	16	False	False	asc	1	0.034482758620689655	0.2413793103448276	0.0	0.3103448275862069
act/7	mean	proj	7	17	False	True	asc	1	0.034482758620689655	0.27586206896551724	0.0	0.3103448275862069
act/7	mean	proj	7	17	False	False	asc	1	0.034482758620689655	0.27586206896551724	0.0	0.3103448275862069
act/7	mean	proj	7	18	False	True	asc	1	0.034482758620689655	0.27586206896551724	0.0	0.3448275862068966
act/7	mean	proj	7	18	False	False	asc	1	0.034482758620689655	0.27586206896551724	0.0	0.3448275862068966
act/3	mean	proj	3	18	False	True	asc	1	0.034482758620689655	0.3448275862068966	0.0	0.3448275862068966
act/3	mean	proj	3	18	False	False	asc	1	0.034482758620689655	0.3103448275862069	0.0	0.3103448275862069
act/3	mean	proj	3	19	False	True	asc	1	0.034482758620689655	0.3448275862068966	0.0	0.3448275862068966
act/3	mean	proj	3	19	False	False	asc	1	0.034482758620689655	0.3103448275862069	0.0	0.3103448275862069
act/3	mean	proj	3	20	False	True	asc	1	0.034482758620689655	0.3103448275862069	0.0	0.3448275862068966
act/3	mean	proj	3	20	False	False	asc	1	0.034482758620689655	0.3103448275862069	0.0	0.3103448275862069
act/3	mean	proj	4	5	False	True	asc	1	0.0	0.3448275862068966	0.0	0.4482758620689655
act/3	mean	proj	4	5	False	False	asc	1	0.0	0.3448275862068966	0.0	0.4482758620689655
act/3	mean	proj	3	14	False	True	asc	1	0.06896551724137931	0.3793103448275862	0.0	0.3793103448275862
act/3	mean	proj	3	14	False	False	asc	1	0.034482758620689655	0.3103448275862069	0.0	0.3103448275862069
act/3	mean	proj	3	15	False	True	asc	1	0.06896551724137931	0.41379310344827586	0.0	0.3793103448275862
act/3	mean	proj	3	15	False	False	asc	1	0.034482758620689655	0.3103448275862069	0.0	0.3103448275862069
act/3	mean	proj	3	16	False	True	asc	1	0.034482758620689655	0.3793103448275862	0.0	0.3448275862068966
act/3	mean	proj	3	16	False	False	asc	1	0.034482758620689655	0.3103448275862069	0.0	0.3103448275862069
act/3	mean	proj	3	17	False	True	asc	1	0.034482758620689655	0.3793103448275862	0.0	0.3448275862068966
act/3	mean	proj	3	17	False	False	asc	1	0.034482758620689655	0.3103448275862069	0.0	0.3103448275862069
act/3	mean	proj	3	10	False	True	asc	1	0.06896551724137931	0.3448275862068966	0.0	0.41379310344827586
act/3	mean	proj	3	10	False	False	asc	1	0.06896551724137931	0.3793103448275862	0.0	0.3793103448275862
act/3	mean	proj	3	11	False	True	asc	1	0.06896551724137931	0.3448275862068966	0.0	0.41379310344827586
act/3	mean	proj	3	11	False	False	asc	1	0.034482758620689655	0.3103448275862069	0.0	0.3448275862068966
act/3	mean	proj	3	12	False	True	asc	1	0.06896551724137931	0.3448275862068966	0.0	0.3793103448275862
act/3	mean	proj	3	12	False	False	asc	1	0.034482758620689655	0.2413793103448276	0.0	0.27586206896551724
act/3	mean	proj	3	13	False	True	asc	1	0.06896551724137931	0.3448275862068966	0.0	0.3793103448275862
act/3	mean	proj	3	13	False	False	asc	1	0.034482758620689655	0.27586206896551724	0.0	0.27586206896551724
act/7	mean	proj	9	20	False	True	asc	1	0.034482758620689655	0.27586206896551724	0.0	0.3793103448275862
act/7	mean	proj	9	20	False	False	asc	1	0.034482758620689655	0.27586206896551724	0.0	0.3793103448275862
act/7	mean	proj	10	16	False	True	asc	1	0.034482758620689655	0.3103448275862069	0.0	0.3793103448275862
act/7	mean	proj	10	16	False	False	asc	1	0.034482758620689655	0.3103448275862069	0.0	0.3793103448275862
act/7	mean	proj	10	17	False	True	asc	1	0.034482758620689655	0.2413793103448276	0.0	0.3793103448275862
act/7	mean	proj	10	17	False	False	asc	1	0.034482758620689655	0.27586206896551724	0.0	0.3793103448275862
act/7	mean	proj	10	18	False	True	asc	1	0.034482758620689655	0.2413793103448276	0.0	0.3793103448275862
act/7	mean	proj	10	20	False	True	asc	1	0.034482758620689655	0.20689655172413793	0.0	0.3793103448275862
act/11	mean	proj	9	15	False	False	asc	1	0.06896551724137931	0.27586206896551724	0.0	0.3793103448275862
act/11	mean	proj	9	16	False	True	asc	1	0.034482758620689655	0.27586206896551724	0.0	0.3793103448275862
act/11	mean	proj	9	16	False	False	asc	1	0.034482758620689655	0.27586206896551724	0.0	0.3793103448275862
act/11	mean	proj	9	17	False	True	asc	1	0.034482758620689655	0.27586206896551724	0.0	0.3793103448275862
act/11	mean	proj	9	17	False	False	asc	1	0.034482758620689655	0.27586206896551724	0.0	0.3793103448275862
act/11	mean	proj	9	18	False	True	asc	1	0.034482758620689655	0.27586206896551724	0.0	0.3793103448275862
act/11	mean	proj	9	18	False	False	asc	1	0.034482758620689655	0.27586206896551724	0.0	0.3793103448275862
act/11	mean	proj	9	19	False	True	asc	1	0.034482758620689655	0.3103448275862069	0.0	0.3448275862068966
act/7	mean	proj	11	20	False	False	asc	1	0.06896551724137931	0.3448275862068966	0.0	0.3448275862068966
act/7	mean	proj	12	13	False	True	asc	1	0.0	0.3103448275862069	0.0	0.3793103448275862
act/7	mean	proj	12	13	False	False	asc	1	0.0	0.3103448275862069	0.0	0.3793103448275862
act/11	mean	proj	9	13	False	True	asc	1	0.034482758620689655	0.3103448275862069	0.0	0.3103448275862069
act/11	mean	proj	9	13	False	False	asc	1	0.034482758620689655	0.27586206896551724	0.0	0.3103448275862069
act/11	mean	proj	9	14	False	True	asc	1	0.06896551724137931	0.3448275862068966	0.0	0.3793103448275862
act/11	mean	proj	9	14	False	False	asc	1	0.06896551724137931	0.3448275862068966	0.0	0.41379310344827586
act/11	mean	proj	9	15	False	True	asc	1	0.06896551724137931	0.27586206896551724	0.0	0.3793103448275862
act/7	mean	proj	10	20	False	False	asc	1	0.034482758620689655	0.20689655172413793	0.0	0.3793103448275862
act/7	mean	proj	11	16	False	True	asc	1	0.034482758620689655	0.27586206896551724	0.0	0.3793103448275862
act/7	mean	proj	11	16	False	False	asc	1	0.034482758620689655	0.3103448275862069	0.0	0.41379310344827586
act/7	mean	proj	11	17	False	True	asc	1	0.034482758620689655	0.3793103448275862	0.0	0.3448275862068966
act/7	mean	proj	11	17	False	False	asc	1	0.034482758620689655	0.41379310344827586	0.0	0.3448275862068966
act/7	mean	proj	11	18	False	True	asc	1	0.034482758620689655	0.3448275862068966	0.0	0.3793103448275862
act/7	mean	proj	11	19	False	True	asc	1	0.034482758620689655	0.27586206896551724	0.0	0.3103448275862069
act/7	mean	proj	11	20	False	True	asc	1	0.034482758620689655	0.3103448275862069	0.0	0.3448275862068966
act/3	mean	proj	4	6	False	True	asc	1	0.06896551724137931	0.41379310344827586	0.0	0.3448275862068966
act/3	mean	proj	4	6	False	False	asc	1	0.06896551724137931	0.41379310344827586	0.0	0.3448275862068966
act/3	mean	proj	4	7	False	True	asc	1	0.034482758620689655	0.3103448275862069	0.0	0.3448275862068966
act/3	mean	proj	4	7	False	False	asc	1	0.034482758620689655	0.3103448275862069	0.0	0.3103448275862069
act/3	mean	proj	4	8	False	True	asc	1	0.034482758620689655	0.3448275862068966	0.0	0.3448275862068966
act/3	mean	proj	4	8	False	False	asc	1	0.034482758620689655	0.3448275862068966	0.0	0.3448275862068966
act/3	mean	proj	4	9	False	True	asc	1	0.034482758620689655	0.2413793103448276	0.0	0.3103448275862069
act/3	mean	proj	4	9	False	False	asc	1	0.034482758620689655	0.2413793103448276	0.0	0.3448275862068966
act/11	mean	proj	8	15	False	False	asc	1	0.034482758620689655	0.3448275862068966	0.0	0.3448275862068966
act/11	mean	proj	8	16	False	True	asc	1	0.034482758620689655	0.27586206896551724	0.0	0.3448275862068966
act/11	mean	proj	8	16	False	False	asc	1	0.034482758620689655	0.27586206896551724	0.0	0.3448275862068966
act/11	mean	proj	8	17	False	True	asc	1	0.034482758620689655	0.27586206896551724	0.0	0.3448275862068966
act/11	mean	proj	8	17	False	False	asc	1	0.034482758620689655	0.27586206896551724	0.0	0.3448275862068966
act/11	mean	proj	8	18	False	True	asc	1	0.034482758620689655	0.27586206896551724	0.0	0.3448275862068966
act/11	mean	proj	8	18	False	False	asc	1	0.034482758620689655	0.27586206896551724	0.0	0.3448275862068966
act/11	mean	proj	8	19	False	True	asc	1	0.034482758620689655	0.27586206896551724	0.0	0.3448275862068966
act/11	mean	proj	7	19	False	False	asc	1	0.034482758620689655	0.2413793103448276	0.0	0.3448275862068966
act/11	mean	proj	7	20	False	True	asc	1	0.034482758620689655	0.2413793103448276	0.0	0.3448275862068966
act/11	mean	proj	7	20	False	False	asc	1	0.034482758620689655	0.27586206896551724	0.0	0.3448275862068966
act/11	mean	proj	8	13	False	True	asc	1	0.06896551724137931	0.3103448275862069	0.0	0.3793103448275862
act/11	mean	proj	8	13	False	False	asc	1	0.06896551724137931	0.3103448275862069	0.0	0.41379310344827586
act/11	mean	proj	8	14	False	True	asc	1	0.06896551724137931	0.3448275862068966	0.0	0.3103448275862069
act/11	mean	proj	8	14	False	False	asc	1	0.06896551724137931	0.3448275862068966	0.0	0.3103448275862069
act/11	mean	proj	8	15	False	True	asc	1	0.034482758620689655	0.3103448275862069	0.0	0.3448275862068966
act/11	mean	proj	10	14	False	False	asc	1	0.06896551724137931	0.3448275862068966	0.0	0.3103448275862069
act/11	mean	proj	10	15	False	True	asc	1	0.06896551724137931	0.3448275862068966	0.0	0.3448275862068966
act/11	mean	proj	10	15	False	False	asc	1	0.06896551724137931	0.3448275862068966	0.0	0.3448275862068966
act/11	mean	proj	10	16	False	True	asc	1	0.034482758620689655	0.27586206896551724	0.0	0.3793103448275862
act/11	mean	proj	10	16	False	False	asc	1	0.034482758620689655	0.27586206896551724	0.0	0.3793103448275862
act/11	mean	proj	10	17	False	True	asc	1	0.034482758620689655	0.3448275862068966	0.0	0.3793103448275862
act/11	mean	proj	10	17	False	False	asc	1	0.034482758620689655	0.3448275862068966	0.0	0.3793103448275862
act/11	mean	proj	7	19	False	True	asc	1	0.034482758620689655	0.27586206896551724	0.0	0.3448275862068966
act/11	mean	proj	9	19	False	False	asc	1	0.034482758620689655	0.3103448275862069	0.0	0.3448275862068966
act/11	mean	proj	9	20	False	True	asc	1	0.034482758620689655	0.3103448275862069	0.0	0.3448275862068966
act/11	mean	proj	9	20	False	False	asc	1	0.034482758620689655	0.3103448275862069	0.0	0.3448275862068966
act/11	mean	proj	10	11	False	True	asc	1	0.0	0.27586206896551724	0.0	0.41379310344827586
act/11	mean	proj	10	11	False	False	asc	1	0.0	0.27586206896551724	0.0	0.41379310344827586
act/11	mean	proj	10	13	False	True	asc	1	0.034482758620689655	0.27586206896551724	0.0	0.3793103448275862
act/11	mean	proj	10	13	False	False	asc	1	0.034482758620689655	0.27586206896551724	0.0	0.3793103448275862
act/11	mean	proj	10	14	False	True	asc	1	0.06896551724137931	0.3448275862068966	0.0	0.3793103448275862
act/3	mean	proj	2	13	False	True	asc	1	0.10344827586206896	0.4482758620689655	0.0	0.3448275862068966
act/3	mean	proj	2	13	False	False	asc	1	0.10344827586206896	0.3448275862068966	0.0	0.3448275862068966
act/3	mean	proj	2	14	False	True	asc	1	0.10344827586206896	0.41379310344827586	0.0	0.3448275862068966
act/3	mean	proj	2	14	False	False	asc	1	0.034482758620689655	0.3103448275862069	0.0	0.3448275862068966
act/3	mean	proj	2	15	False	True	asc	1	0.10344827586206896	0.3793103448275862	0.0	0.3448275862068966
act/3	mean	proj	2	15	False	False	asc	1	0.06896551724137931	0.3448275862068966	0.0	0.3448275862068966
act/3	mean	proj	2	16	False	True	asc	1	0.10344827586206896	0.41379310344827586	0.0	0.41379310344827586
act/3	mean	proj	2	16	False	False	asc	1	0.034482758620689655	0.3103448275862069	0.0	0.3448275862068966
act/3	mean	proj	2	9	False	True	asc	1	0.10344827586206896	0.3448275862068966	0.0	0.41379310344827586
act/3	mean	proj	2	9	False	False	asc	1	0.10344827586206896	0.3793103448275862	0.0	0.3103448275862069
act/3	mean	proj	2	10	False	True	asc	1	0.10344827586206896	0.41379310344827586	0.0	0.3103448275862069
act/3	mean	proj	2	10	False	False	asc	1	0.10344827586206896	0.4482758620689655	0.0	0.3448275862068966
act/3	mean	proj	2	11	False	True	asc	1	0.10344827586206896	0.4482758620689655	0.0	0.3103448275862069
act/3	mean	proj	2	11	False	False	asc	1	0.10344827586206896	0.3448275862068966	0.0	0.3448275862068966
act/3	mean	proj	2	12	False	True	asc	1	0.10344827586206896	0.4482758620689655	0.0	0.3103448275862069
act/3	mean	proj	2	12	False	False	asc	1	0.06896551724137931	0.3103448275862069	0.0	0.3448275862068966
act/11	mean	proj	6	20	False	False	asc	1	0.034482758620689655	0.2413793103448276	0.0	0.3448275862068966
act/11	mean	proj	7	15	False	False	asc	1	0.034482758620689655	0.3448275862068966	0.0	0.3448275862068966
act/11	mean	proj	7	16	False	False	asc	1	0.034482758620689655	0.20689655172413793	0.0	0.3793103448275862
act/11	mean	proj	7	17	False	True	asc	1	0.034482758620689655	0.2413793103448276	0.0	0.3793103448275862
act/11	mean	proj	7	17	False	False	asc	1	0.034482758620689655	0.20689655172413793	0.0	0.41379310344827586
act/11	mean	proj	7	18	False	True	asc	1	0.034482758620689655	0.27586206896551724	0.0	0.3448275862068966
act/11	mean	proj	7	18	False	False	asc	1	0.034482758620689655	0.2413793103448276	0.0	0.3448275862068966
act/3	mean	proj	2	8	False	False	asc	1	0.10344827586206896	0.3793103448275862	0.0	0.3103448275862069
act/11	mean	proj	8	19	False	False	asc	1	0.034482758620689655	0.27586206896551724	0.0	0.3448275862068966
act/11	mean	proj	8	20	False	True	asc	1	0.034482758620689655	0.27586206896551724	0.0	0.3448275862068966
act/11	mean	proj	8	20	False	False	asc	1	0.034482758620689655	0.3103448275862069	0.0	0.3448275862068966
act/11	mean	proj	6	16	False	False	asc	1	0.034482758620689655	0.27586206896551724	0.0	0.3793103448275862
act/11	mean	proj	6	17	False	False	asc	1	0.034482758620689655	0.27586206896551724	0.0	0.3103448275862069
act/11	mean	proj	6	18	False	False	asc	1	0.034482758620689655	0.27586206896551724	0.0	0.3448275862068966
act/11	mean	proj	6	19	False	False	asc	1	0.034482758620689655	0.3448275862068966	0.0	0.3448275862068966
act/11	mean	proj	6	20	False	True	asc	1	0.034482758620689655	0.3103448275862069	0.0	0.3448275862068966
embed	mean	proj	0	2	True	True	asc	1	0.0	0.27586206896551724	0.0	0.41379310344827586
embed	mean	proj	0	2	True	False	asc	1	0.0	0.3103448275862069	0.0	0.41379310344827586
embed	mean	proj	0	3	True	True	asc	1	0.0	0.27586206896551724	0.0	0.4482758620689655
embed	mean	proj	0	3	True	False	asc	1	0.0	0.3448275862068966	0.0	0.4482758620689655
embed	mean	proj	0	4	True	True	asc	1	0.034482758620689655	0.3448275862068966	0.0	0.3793103448275862
embed	mean	proj	0	4	True	False	asc	1	0.034482758620689655	0.3448275862068966	0.0	0.3793103448275862
embed	mean	proj	0	5	True	True	asc	1	0.0	0.3103448275862069	0.0	0.3793103448275862
embed	mean	proj	0	5	True	False	asc	1	0.034482758620689655	0.3103448275862069	0.0	0.3793103448275862
act/11	mean	proj	5	17	False	True	asc	1	0.034482758620689655	0.3103448275862069	0.0	0.27586206896551724
act/11	mean	proj	5	17	False	False	asc	1	0.034482758620689655	0.27586206896551724	0.0	0.3448275862068966
act/11	mean	proj	5	18	False	True	asc	1	0.034482758620689655	0.3103448275862069	0.0	0.3103448275862069
act/11	mean	proj	5	18	False	False	asc	1	0.034482758620689655	0.3103448275862069	0.0	0.3448275862068966
act/11	mean	proj	5	19	False	True	asc	1	0.034482758620689655	0.3103448275862069	0.0	0.3448275862068966
act/11	mean	proj	5	19	False	False	asc	1	0.034482758620689655	0.3103448275862069	0.0	0.3448275862068966
act/11	mean	proj	5	20	False	True	asc	1	0.034482758620689655	0.3103448275862069	0.0	0.3448275862068966
act/11	mean	proj	5	20	False	False	asc	1	0.034482758620689655	0.27586206896551724	0.0	0.3103448275862069
act/3	mean	proj	3	4	False	True	asc	1	0.10344827586206896	0.4482758620689655	0.0	0.41379310344827586
act/3	mean	proj	3	4	False	False	asc	1	0.10344827586206896	0.4482758620689655	0.0	0.41379310344827586
act/3	mean	proj	3	7	False	True	asc	1	0.10344827586206896	0.4482758620689655	0.0	0.4827586206896552
act/3	mean	proj	3	7	False	False	asc	1	0.10344827586206896	0.41379310344827586	0.0	0.4827586206896552
act/3	mean	proj	3	8	False	True	asc	1	0.06896551724137931	0.27586206896551724	0.0	0.3793103448275862
act/3	mean	proj	3	8	False	False	asc	1	0.06896551724137931	0.27586206896551724	0.0	0.41379310344827586
act/11	mean	proj	5	16	False	True	asc	1	0.034482758620689655	0.3448275862068966	0.0	0.3793103448275862
act/11	mean	proj	5	16	False	False	asc	1	0.034482758620689655	0.27586206896551724	0.0	0.3793103448275862
act/3	mean	proj	2	17	False	True	asc	1	0.10344827586206896	0.4482758620689655	0.0	0.3793103448275862
act/3	mean	proj	2	17	False	False	asc	1	0.034482758620689655	0.3103448275862069	0.0	0.3448275862068966
act/3	mean	proj	2	18	False	True	asc	1	0.10344827586206896	0.4482758620689655	0.0	0.3793103448275862
act/3	mean	proj	2	18	False	False	asc	1	0.034482758620689655	0.3103448275862069	0.0	0.3448275862068966
act/3	mean	proj	2	19	False	True	asc	1	0.10344827586206896	0.4482758620689655	0.0	0.41379310344827586
act/3	mean	proj	2	19	False	False	asc	1	0.034482758620689655	0.3103448275862069	0.0	0.3103448275862069
act/3	mean	proj	2	20	False	True	asc	1	0.10344827586206896	0.4482758620689655	0.0	0.41379310344827586
act/3	mean	proj	2	20	False	False	asc	1	0.034482758620689655	0.3103448275862069	0.0	0.3448275862068966
act/3	mean	proj	1	19	False	True	asc	1	0.1724137931034483	0.41379310344827586	0.0	0.4827586206896552
act/3	mean	proj	1	20	False	True	asc	1	0.20689655172413793	0.4827586206896552	0.0	0.4827586206896552
act/3	mean	proj	2	3	False	True	asc	1	0.0	0.3793103448275862	0.0	0.27586206896551724
act/3	mean	proj	2	3	False	False	asc	1	0.0	0.3793103448275862	0.0	0.27586206896551724
act/3	mean	proj	2	5	False	True	asc	1	0.13793103448275862	0.5172413793103449	0.0	0.6551724137931034
act/3	mean	proj	2	5	False	False	asc	1	0.1724137931034483	0.5517241379310345	0.0	0.6551724137931034
act/3	mean	proj	2	6	False	True	asc	1	0.1724137931034483	0.41379310344827586	0.0	0.5517241379310345
act/3	mean	proj	2	6	False	False	asc	1	0.1724137931034483	0.5172413793103449	0.0	0.6206896551724138
act/3	mean	proj	1	11	False	True	asc	1	0.20689655172413793	0.4827586206896552	0.0	0.4482758620689655
act/3	mean	proj	1	12	False	True	asc	1	0.20689655172413793	0.4827586206896552	0.0	0.4827586206896552
act/3	mean	proj	1	13	False	True	asc	1	0.20689655172413793	0.4827586206896552	0.0	0.4827586206896552
act/3	mean	proj	1	14	False	True	asc	1	0.20689655172413793	0.4827586206896552	0.0	0.4827586206896552
act/3	mean	proj	1	15	False	True	asc	1	0.1724137931034483	0.4482758620689655	0.0	0.4827586206896552
act/3	mean	proj	1	16	False	True	asc	1	0.20689655172413793	0.4827586206896552	0.0	0.4827586206896552
act/3	mean	proj	1	17	False	True	asc	1	0.20689655172413793	0.4482758620689655	0.0	0.4827586206896552
act/3	mean	proj	1	18	False	True	asc	1	0.1724137931034483	0.41379310344827586	0.0	0.4827586206896552
act/11	mean	proj	4	18	False	False	asc	1	0.034482758620689655	0.27586206896551724	0.0	0.3793103448275862
act/11	mean	proj	4	19	False	True	asc	1	0.034482758620689655	0.2413793103448276	0.0	0.3793103448275862
act/11	mean	proj	4	19	False	False	asc	1	0.034482758620689655	0.27586206896551724	0.0	0.3793103448275862
act/11	mean	proj	4	20	False	True	asc	1	0.06896551724137931	0.27586206896551724	0.0	0.41379310344827586
act/11	mean	proj	4	20	False	False	asc	1	0.06896551724137931	0.27586206896551724	0.0	0.3793103448275862
act/11	mean	proj	5	6	False	True	asc	1	0.034482758620689655	0.3793103448275862	0.0	0.2413793103448276
act/11	mean	proj	5	6	False	False	asc	1	0.034482758620689655	0.3793103448275862	0.0	0.2413793103448276
act/3	mean	proj	1	10	False	False	asc	1	0.20689655172413793	0.4827586206896552	0.0	0.4827586206896552
act/11	mean	proj	4	14	False	False	asc	1	0.034482758620689655	0.27586206896551724	0.0	0.3793103448275862
act/11	mean	proj	4	15	False	True	asc	1	0.06896551724137931	0.3103448275862069	0.0	0.41379310344827586
act/11	mean	proj	4	15	False	False	asc	1	0.034482758620689655	0.27586206896551724	0.0	0.3793103448275862
act/11	mean	proj	4	16	False	True	asc	1	0.034482758620689655	0.3103448275862069	0.0	0.41379310344827586
act/11	mean	proj	4	16	False	False	asc	1	0.034482758620689655	0.27586206896551724	0.0	0.41379310344827586
act/11	mean	proj	4	17	False	True	asc	1	0.034482758620689655	0.27586206896551724	0.0	0.3793103448275862
act/11	mean	proj	4	17	False	False	asc	1	0.034482758620689655	0.20689655172413793	0.0	0.3793103448275862
act/11	mean	proj	4	18	False	True	asc	1	0.034482758620689655	0.2413793103448276	0.0	0.41379310344827586
act/3	mean	proj	1	5	False	False	asc	1	0.1724137931034483	0.5172413793103449	0.0	0.5862068965517241
act/3	mean	proj	1	6	False	True	asc	1	0.13793103448275862	0.5172413793103449	0.0	0.5172413793103449
act/3	mean	proj	1	6	False	False	asc	1	0.20689655172413793	0.4827586206896552	0.0	0.5862068965517241
act/3	mean	proj	1	7	False	True	asc	1	0.13793103448275862	0.4482758620689655	0.0	0.4482758620689655
act/3	mean	proj	1	7	False	False	asc	1	0.1724137931034483	0.41379310344827586	0.0	0.5517241379310345
act/3	mean	proj	1	8	False	True	asc	1	0.1724137931034483	0.4827586206896552	0.0	0.4827586206896552
act/3	mean	proj	1	8	False	False	asc	1	0.1724137931034483	0.41379310344827586	0.0	0.5172413793103449
act/3	mean	proj	1	9	False	True	asc	1	0.20689655172413793	0.4827586206896552	0.0	0.5172413793103449
act/11	mean	proj	3	19	False	False	asc	1	0.034482758620689655	0.2413793103448276	0.0	0.3448275862068966
act/11	mean	proj	3	20	False	True	asc	1	0.06896551724137931	0.3103448275862069	0.0	0.3448275862068966
act/11	mean	proj	3	20	False	False	asc	1	0.06896551724137931	0.27586206896551724	0.0	0.3448275862068966
act/3	mean	proj	1	3	False	True	asc	1	0.06896551724137931	0.3103448275862069	0.0	0.3448275862068966
act/3	mean	proj	1	3	False	False	asc	1	0.034482758620689655	0.3103448275862069	0.0	0.3448275862068966
act/3	mean	proj	1	4	False	True	asc	1	0.13793103448275862	0.5172413793103449	0.0	0.41379310344827586
act/3	mean	proj	1	4	False	False	asc	1	0.13793103448275862	0.5172413793103449	0.0	0.5517241379310345
act/3	mean	proj	1	5	False	True	asc	1	0.13793103448275862	0.5172413793103449	0.0	0.4827586206896552
act/11	mean	proj	3	15	False	False	asc	1	0.034482758620689655	0.27586206896551724	0.0	0.3793103448275862
act/11	mean	proj	3	16	False	True	asc	1	0.034482758620689655	0.3103448275862069	0.0	0.3103448275862069
act/11	mean	proj	3	16	False	False	asc	1	0.034482758620689655	0.27586206896551724	0.0	0.3448275862068966
act/11	mean	proj	3	17	False	True	asc	1	0.034482758620689655	0.27586206896551724	0.0	0.3103448275862069
act/11	mean	proj	3	17	False	False	asc	1	0.034482758620689655	0.27586206896551724	0.0	0.41379310344827586
act/11	mean	proj	3	18	False	True	asc	1	0.034482758620689655	0.27586206896551724	0.0	0.3448275862068966
act/11	mean	proj	3	18	False	False	asc	1	0.034482758620689655	0.27586206896551724	0.0	0.3448275862068966
act/11	mean	proj	3	19	False	True	asc	1	0.06896551724137931	0.3103448275862069	0.0	0.3448275862068966
act/3	mean	proj	2	7	False	True	asc	1	0.1724137931034483	0.41379310344827586	0.0	0.6206896551724138
act/3	mean	proj	2	7	False	False	asc	1	0.1724137931034483	0.41379310344827586	0.0	0.6206896551724138
act/3	mean	proj	2	8	False	True	asc	1	0.13793103448275862	0.41379310344827586	0.0	0.3793103448275862
embed	mean	proj	1	4	True	True	asc	1	0.034482758620689655	0.3793103448275862	0.0	0.3103448275862069
embed	mean	proj	1	4	True	False	asc	1	0.034482758620689655	0.3448275862068966	0.0	0.3103448275862069
embed	mean	proj	1	5	True	True	asc	1	0.10344827586206896	0.41379310344827586	0.0	0.3448275862068966
act/11	mean	proj	3	14	False	False	asc	1	0.06896551724137931	0.3103448275862069	0.0	0.41379310344827586
act/11	mean	proj	3	15	False	True	asc	1	0.06896551724137931	0.27586206896551724	0.0	0.3103448275862069
act/19	mean	proj	16	17	False	False	asc	1	0.0	0.3103448275862069	0.0	0.5862068965517241
act/19	mean	proj	16	19	False	True	asc	1	0.06896551724137931	0.41379310344827586	0.0	0.4827586206896552
act/19	mean	proj	16	19	False	False	asc	1	0.06896551724137931	0.41379310344827586	0.0	0.4482758620689655
act/19	mean	proj	16	20	False	True	asc	1	0.06896551724137931	0.27586206896551724	0.0	0.4482758620689655
act/19	mean	proj	16	20	False	False	asc	1	0.06896551724137931	0.27586206896551724	0.0	0.4482758620689655
act/19	mean	proj	18	19	False	True	asc	1	0.06896551724137931	0.3448275862068966	0.0	0.3448275862068966
act/19	mean	proj	18	19	False	False	asc	1	0.06896551724137931	0.3448275862068966	0.0	0.3448275862068966
act/23	mean	proj	0	1	True	True	asc	1	0.06896551724137931	0.27586206896551724	0.0	0.3793103448275862
embed	mean	proj	2	16	True	True	asc	1	0.10344827586206896	0.6551724137931034	0.0	0.4482758620689655
embed	mean	proj	2	16	True	False	asc	1	0.10344827586206896	0.6551724137931034	0.0	0.3793103448275862
embed	mean	proj	2	17	True	True	asc	1	0.10344827586206896	0.6551724137931034	0.0	0.4482758620689655
embed	mean	proj	2	17	True	False	asc	1	0.10344827586206896	0.6551724137931034	0.0	0.3793103448275862
embed	mean	proj	2	18	True	True	asc	1	0.10344827586206896	0.6551724137931034	0.0	0.4482758620689655
embed	mean	proj	2	18	True	False	asc	1	0.10344827586206896	0.6551724137931034	0.0	0.41379310344827586
embed	mean	proj	2	19	True	True	asc	1	0.10344827586206896	0.6551724137931034	0.0	0.4482758620689655
act/19	mean	proj	16	17	False	True	asc	1	0.0	0.3103448275862069	0.0	0.5862068965517241
embed	mean	proj	2	10	True	True	asc	1	0.06896551724137931	0.5862068965517241	0.0	0.41379310344827586
embed	mean	proj	2	10	True	False	asc	1	0.06896551724137931	0.5862068965517241	0.0	0.41379310344827586
embed	mean	proj	2	13	True	True	asc	1	0.06896551724137931	0.5862068965517241	0.0	0.4482758620689655
embed	mean	proj	2	13	True	False	asc	1	0.06896551724137931	0.5517241379310345	0.0	0.4482758620689655
embed	mean	proj	2	14	True	True	asc	1	0.10344827586206896	0.6551724137931034	0.0	0.4827586206896552
embed	mean	proj	2	14	True	False	asc	1	0.10344827586206896	0.6551724137931034	0.0	0.41379310344827586
embed	mean	proj	2	15	True	True	asc	1	0.10344827586206896	0.6551724137931034	0.0	0.4827586206896552
embed	mean	proj	2	15	True	False	asc	1	0.10344827586206896	0.6551724137931034	0.0	0.3793103448275862
act/3	mean	proj	1	10	False	True	asc	1	0.20689655172413793	0.4827586206896552	0.0	0.4827586206896552
embed	mean	proj	2	4	True	True	asc	1	0.034482758620689655	0.27586206896551724	0.0	0.3103448275862069
embed	mean	proj	2	4	True	False	asc	1	0.034482758620689655	0.27586206896551724	0.0	0.3103448275862069
embed	mean	proj	2	7	True	True	asc	1	0.10344827586206896	0.5517241379310345	0.0	0.4827586206896552
embed	mean	proj	2	8	True	True	asc	1	0.06896551724137931	0.5517241379310345	0.0	0.4482758620689655
embed	mean	proj	2	8	True	False	asc	1	0.06896551724137931	0.5517241379310345	0.0	0.4482758620689655
embed	mean	proj	2	9	True	True	asc	1	0.06896551724137931	0.5517241379310345	0.0	0.41379310344827586
embed	mean	proj	2	9	True	False	asc	1	0.10344827586206896	0.6206896551724138	0.0	0.4482758620689655
embed	mean	proj	3	16	True	True	asc	1	0.10344827586206896	0.6206896551724138	0.0	0.4482758620689655
embed	mean	proj	3	16	True	False	asc	1	0.10344827586206896	0.6551724137931034	0.0	0.3793103448275862
embed	mean	proj	3	17	True	True	asc	1	0.10344827586206896	0.6206896551724138	0.0	0.4482758620689655
embed	mean	proj	3	17	True	False	asc	1	0.10344827586206896	0.6551724137931034	0.0	0.3793103448275862
embed	mean	proj	3	18	True	True	asc	1	0.10344827586206896	0.6206896551724138	0.0	0.4482758620689655
act/3	mean	proj	13	14	True	True	asc	1	0.13793103448275862	0.3793103448275862	0.0	0.41379310344827586
act/3	mean	proj	13	14	True	False	asc	1	0.13793103448275862	0.3793103448275862	0.0	0.41379310344827586
act/3	mean	proj	13	19	True	True	asc	1	0.13793103448275862	0.5172413793103449	0.0	0.5172413793103449
embed	mean	proj	3	11	True	True	asc	1	0.06896551724137931	0.5862068965517241	0.0	0.41379310344827586
embed	mean	proj	3	12	True	True	asc	1	0.10344827586206896	0.6206896551724138	0.0	0.4482758620689655
embed	mean	proj	3	12	True	False	asc	1	0.06896551724137931	0.5862068965517241	0.0	0.4482758620689655
embed	mean	proj	3	13	True	False	asc	1	0.06896551724137931	0.5517241379310345	0.0	0.4482758620689655
embed	mean	proj	3	14	True	True	asc	1	0.10344827586206896	0.5862068965517241	0.0	0.4827586206896552
embed	mean	proj	3	14	True	False	asc	1	0.10344827586206896	0.6206896551724138	0.0	0.41379310344827586
embed	mean	proj	3	15	True	True	asc	1	0.10344827586206896	0.6206896551724138	0.0	0.4827586206896552
embed	mean	proj	3	15	True	False	asc	1	0.10344827586206896	0.6551724137931034	0.0	0.3793103448275862
embed	mean	proj	3	6	True	True	asc	1	0.13793103448275862	0.6206896551724138	0.0	0.5517241379310345
embed	mean	proj	3	7	True	True	asc	1	0.10344827586206896	0.5172413793103449	0.0	0.5172413793103449
embed	mean	proj	3	7	True	False	asc	1	0.10344827586206896	0.5517241379310345	0.0	0.41379310344827586
embed	mean	proj	3	8	True	True	asc	1	0.10344827586206896	0.5862068965517241	0.0	0.4827586206896552
embed	mean	proj	3	8	True	False	asc	1	0.10344827586206896	0.6206896551724138	0.0	0.4827586206896552
embed	mean	proj	3	9	True	True	asc	1	0.06896551724137931	0.5862068965517241	0.0	0.4482758620689655
embed	mean	proj	3	9	True	False	asc	1	0.10344827586206896	0.6206896551724138	0.0	0.41379310344827586
embed	mean	proj	3	10	True	True	asc	1	0.06896551724137931	0.5862068965517241	0.0	0.4482758620689655
act/23	mean	proj	0	1	True	False	asc	1	0.06896551724137931	0.27586206896551724	0.0	0.3793103448275862
embed	mean	proj	2	19	True	False	asc	1	0.10344827586206896	0.6551724137931034	0.0	0.3793103448275862
embed	mean	proj	2	20	True	True	asc	1	0.10344827586206896	0.6551724137931034	0.0	0.4482758620689655
embed	mean	proj	2	20	True	False	asc	1	0.10344827586206896	0.6206896551724138	0.0	0.3793103448275862
embed	mean	proj	3	4	True	True	asc	1	0.034482758620689655	0.3103448275862069	0.0	0.2413793103448276
embed	mean	proj	3	4	True	False	asc	1	0.034482758620689655	0.3103448275862069	0.0	0.2413793103448276
embed	mean	proj	3	5	True	True	asc	1	0.06896551724137931	0.27586206896551724	0.0	0.3448275862068966
embed	mean	proj	3	5	True	False	asc	1	0.06896551724137931	0.27586206896551724	0.0	0.3448275862068966
embed	mean	proj	3	19	True	True	asc	1	0.10344827586206896	0.6206896551724138	0.0	0.4482758620689655
embed	mean	proj	3	19	True	False	asc	1	0.10344827586206896	0.6551724137931034	0.0	0.3793103448275862
embed	mean	proj	3	20	True	True	asc	1	0.10344827586206896	0.6206896551724138	0.0	0.4482758620689655
embed	mean	proj	3	20	True	False	asc	1	0.10344827586206896	0.6551724137931034	0.0	0.3793103448275862
embed	mean	proj	4	8	True	True	asc	1	0.06896551724137931	0.5862068965517241	0.0	0.4482758620689655
embed	mean	proj	4	8	True	False	asc	1	0.06896551724137931	0.5862068965517241	0.0	0.41379310344827586
embed	mean	proj	4	13	True	False	asc	1	0.06896551724137931	0.5862068965517241	0.0	0.4482758620689655
embed	mean	proj	4	20	True	False	asc	1	0.06896551724137931	0.5862068965517241	0.0	0.41379310344827586
act/3	mean	proj	11	14	True	False	asc	1	0.10344827586206896	0.5172413793103449	0.0	0.4827586206896552
act/3	mean	proj	11	17	True	True	asc	1	0.10344827586206896	0.5862068965517241	0.0	0.4482758620689655
act/3	mean	proj	11	17	True	False	asc	1	0.10344827586206896	0.5862068965517241	0.0	0.4482758620689655
act/3	mean	proj	11	18	True	True	asc	1	0.10344827586206896	0.5862068965517241	0.0	0.4482758620689655
act/3	mean	proj	11	18	True	False	asc	1	0.10344827586206896	0.5517241379310345	0.0	0.4482758620689655
act/3	mean	proj	11	19	True	True	asc	1	0.10344827586206896	0.6206896551724138	0.0	0.4827586206896552
act/3	mean	proj	11	19	True	False	asc	1	0.10344827586206896	0.5862068965517241	0.0	0.4827586206896552
embed	mean	proj	3	18	True	False	asc	1	0.10344827586206896	0.6551724137931034	0.0	0.41379310344827586
act/3	mean	proj	10	17	True	False	asc	1	0.10344827586206896	0.5172413793103449	0.0	0.5172413793103449
act/3	mean	proj	10	18	True	True	asc	1	0.10344827586206896	0.5517241379310345	0.0	0.5172413793103449
act/3	mean	proj	10	18	True	False	asc	1	0.10344827586206896	0.5517241379310345	0.0	0.5172413793103449
act/3	mean	proj	10	19	True	True	asc	1	0.10344827586206896	0.5172413793103449	0.0	0.4482758620689655
act/3	mean	proj	10	19	True	False	asc	1	0.10344827586206896	0.5517241379310345	0.0	0.41379310344827586
act/3	mean	proj	11	13	True	True	asc	1	0.10344827586206896	0.5172413793103449	0.0	0.4482758620689655
act/3	mean	proj	11	13	True	False	asc	1	0.10344827586206896	0.5172413793103449	0.0	0.4827586206896552
act/3	mean	proj	11	14	True	True	asc	1	0.10344827586206896	0.5172413793103449	0.0	0.41379310344827586
act/3	mean	proj	13	19	True	False	asc	1	0.13793103448275862	0.5517241379310345	0.0	0.5172413793103449
act/3	mean	proj	13	20	True	True	asc	1	0.13793103448275862	0.5172413793103449	0.0	0.41379310344827586
act/3	mean	proj	13	20	True	False	asc	1	0.13793103448275862	0.4827586206896552	0.0	0.41379310344827586
act/3	mean	proj	14	19	True	True	asc	1	0.1724137931034483	0.5172413793103449	0.0	0.5172413793103449
act/3	mean	proj	14	19	True	False	asc	1	0.1724137931034483	0.5172413793103449	0.0	0.5172413793103449
act/3	mean	proj	14	20	True	True	asc	1	0.13793103448275862	0.4827586206896552	0.0	0.41379310344827586
act/3	mean	proj	14	20	True	False	asc	1	0.13793103448275862	0.4827586206896552	0.0	0.41379310344827586
act/3	mean	proj	10	17	True	True	asc	1	0.10344827586206896	0.5517241379310345	0.0	0.5172413793103449
act/11	mean	proj	2	16	False	False	asc	1	0.034482758620689655	0.2413793103448276	0.0	0.3448275862068966
act/3	mean	proj	8	18	True	False	asc	1	0.10344827586206896	0.4482758620689655	0.0	0.5172413793103449
act/3	mean	proj	8	19	True	True	asc	1	0.10344827586206896	0.4482758620689655	0.0	0.41379310344827586
act/3	mean	proj	8	19	True	False	asc	1	0.10344827586206896	0.4827586206896552	0.0	0.4482758620689655
act/3	mean	proj	8	20	True	True	asc	1	0.10344827586206896	0.4827586206896552	0.0	0.41379310344827586
act/3	mean	proj	8	20	True	False	asc	1	0.10344827586206896	0.4827586206896552	0.0	0.41379310344827586
act/3	mean	proj	9	12	True	True	asc	1	0.034482758620689655	0.3448275862068966	0.0	0.4482758620689655
act/23	mean	proj	0	3	True	True	asc	1	0.10344827586206896	0.27586206896551724	0.0	0.27586206896551724
embed	mean	proj	6	9	True	True	asc	1	0.10344827586206896	0.5517241379310345	0.0	0.3448275862068966
embed	mean	proj	6	9	True	False	asc	1	0.10344827586206896	0.5517241379310345	0.0	0.3448275862068966
embed	mean	proj	6	10	True	True	asc	1	0.06896551724137931	0.5172413793103449	0.0	0.3793103448275862
embed	mean	proj	6	10	True	False	asc	1	0.06896551724137931	0.5172413793103449	0.0	0.41379310344827586
embed	mean	proj	6	11	True	True	asc	1	0.06896551724137931	0.5517241379310345	0.0	0.41379310344827586
embed	mean	proj	6	11	True	False	asc	1	0.034482758620689655	0.5517241379310345	0.0	0.41379310344827586
act/11	mean	proj	2	14	False	False	asc	1	0.034482758620689655	0.2413793103448276	0.0	0.3793103448275862
act/11	mean	proj	2	15	False	False	asc	1	0.034482758620689655	0.2413793103448276	0.0	0.3793103448275862
embed	mean	proj	5	18	True	True	asc	1	0.06896551724137931	0.5862068965517241	0.0	0.5517241379310345
embed	mean	proj	5	18	True	False	asc	1	0.034482758620689655	0.5517241379310345	0.0	0.3793103448275862
embed	mean	proj	5	19	True	True	asc	1	0.06896551724137931	0.5862068965517241	0.0	0.5172413793103449
embed	mean	proj	5	19	True	False	asc	1	0.034482758620689655	0.5517241379310345	0.0	0.3448275862068966
embed	mean	proj	5	20	True	True	asc	1	0.06896551724137931	0.5862068965517241	0.0	0.4482758620689655
embed	mean	proj	5	20	True	False	asc	1	0.06896551724137931	0.5862068965517241	0.0	0.3448275862068966
embed	mean	proj	6	8	True	True	asc	1	0.034482758620689655	0.4482758620689655	0.0	0.3448275862068966
embed	mean	proj	6	8	True	False	asc	1	0.034482758620689655	0.4482758620689655	0.0	0.3448275862068966
embed	mean	proj	5	14	True	True	asc	1	0.06896551724137931	0.5517241379310345	0.0	0.5172413793103449
embed	mean	proj	5	14	True	False	asc	1	0.06896551724137931	0.5172413793103449	0.0	0.4827586206896552
embed	mean	proj	5	15	True	True	asc	1	0.06896551724137931	0.5862068965517241	0.0	0.5517241379310345
embed	mean	proj	5	15	True	False	asc	1	0.06896551724137931	0.5862068965517241	0.0	0.4482758620689655
embed	mean	proj	5	16	True	True	asc	1	0.06896551724137931	0.5862068965517241	0.0	0.5172413793103449
embed	mean	proj	5	16	True	False	asc	1	0.06896551724137931	0.5862068965517241	0.0	0.4482758620689655
embed	mean	proj	5	17	True	True	asc	1	0.06896551724137931	0.5862068965517241	0.0	0.5172413793103449
embed	mean	proj	5	17	True	False	asc	1	0.06896551724137931	0.5862068965517241	0.0	0.4482758620689655
act/3	mean	proj	8	13	True	False	asc	1	0.06896551724137931	0.3448275862068966	0.0	0.5517241379310345
act/3	mean	proj	8	14	True	True	asc	1	0.10344827586206896	0.4482758620689655	0.0	0.5172413793103449
act/3	mean	proj	8	15	True	True	asc	1	0.10344827586206896	0.4482758620689655	0.0	0.41379310344827586
act/3	mean	proj	8	15	True	False	asc	1	0.10344827586206896	0.4827586206896552	0.0	0.41379310344827586
act/3	mean	proj	8	16	True	True	asc	1	0.10344827586206896	0.4482758620689655	0.0	0.4827586206896552
act/3	mean	proj	8	16	True	False	asc	1	0.10344827586206896	0.4482758620689655	0.0	0.4827586206896552
act/3	mean	proj	8	17	True	True	asc	1	0.10344827586206896	0.41379310344827586	0.0	0.5172413793103449
act/3	mean	proj	8	17	True	False	asc	1	0.10344827586206896	0.41379310344827586	0.0	0.5172413793103449
embed	mean	proj	6	13	True	True	asc	1	0.06896551724137931	0.5517241379310345	0.0	0.4827586206896552
embed	mean	proj	6	13	True	False	asc	1	0.06896551724137931	0.5172413793103449	0.0	0.4827586206896552
act/11	mean	proj	1	16	False	True	asc	1	0.10344827586206896	0.3793103448275862	0.0	0.3103448275862069
act/3	mean	proj	7	17	True	False	asc	1	0.034482758620689655	0.3103448275862069	0.0	0.3793103448275862
act/3	mean	proj	7	20	True	False	asc	1	0.10344827586206896	0.3793103448275862	0.0	0.3793103448275862
act/23	mean	proj	1	2	True	True	asc	1	0.06896551724137931	0.3448275862068966	0.0	0.3103448275862069
act/23	mean	proj	1	2	True	False	asc	1	0.06896551724137931	0.3448275862068966	0.0	0.3103448275862069
act/3	mean	proj	8	13	True	True	asc	1	0.10344827586206896	0.3793103448275862	0.0	0.5172413793103449
act/3	mean	proj	10	11	True	True	asc	1	0.1724137931034483	0.5172413793103449	0.0	0.3448275862068966
act/3	mean	proj	10	11	True	False	asc	1	0.1724137931034483	0.5172413793103449	0.0	0.3448275862068966
act/11	mean	proj	2	17	False	False	asc	1	0.034482758620689655	0.2413793103448276	0.0	0.3448275862068966
act/11	mean	proj	2	18	False	False	asc	1	0.034482758620689655	0.27586206896551724	0.0	0.3448275862068966
act/11	mean	proj	2	19	False	False	asc	1	0.034482758620689655	0.3103448275862069	0.0	0.3448275862068966
act/11	mean	proj	2	20	False	False	asc	1	0.034482758620689655	0.27586206896551724	0.0	0.3448275862068966
embed	mean	proj	6	12	True	True	asc	1	0.06896551724137931	0.6206896551724138	0.0	0.5517241379310345
embed	mean	proj	6	12	True	False	asc	1	0.06896551724137931	0.5862068965517241	0.0	0.5517241379310345
act/3	mean	proj	9	17	True	True	asc	1	0.10344827586206896	0.4482758620689655	0.0	0.4482758620689655
act/3	mean	proj	9	17	True	False	asc	1	0.10344827586206896	0.4827586206896552	0.0	0.4482758620689655
act/3	mean	proj	9	18	True	True	asc	1	0.10344827586206896	0.4482758620689655	0.0	0.41379310344827586
act/3	mean	proj	9	18	True	False	asc	1	0.10344827586206896	0.4482758620689655	0.0	0.41379310344827586
act/3	mean	proj	9	19	True	True	asc	1	0.10344827586206896	0.4482758620689655	0.0	0.41379310344827586
act/3	mean	proj	9	19	True	False	asc	1	0.10344827586206896	0.4827586206896552	0.0	0.3793103448275862
act/3	mean	proj	9	20	True	True	asc	1	0.10344827586206896	0.5172413793103449	0.0	0.3448275862068966
act/3	mean	proj	9	20	True	False	asc	1	0.10344827586206896	0.5172413793103449	0.0	0.3448275862068966
act/11	mean	proj	2	8	False	False	asc	1	0.034482758620689655	0.3448275862068966	0.0	0.4482758620689655
act/11	mean	proj	2	9	False	False	asc	1	0.034482758620689655	0.27586206896551724	0.0	0.41379310344827586
act/11	mean	proj	2	10	False	False	asc	1	0.034482758620689655	0.2413793103448276	0.0	0.4482758620689655
act/11	mean	proj	2	11	False	False	asc	1	0.034482758620689655	0.2413793103448276	0.0	0.41379310344827586
act/11	mean	proj	2	12	False	False	asc	1	0.034482758620689655	0.2413793103448276	0.0	0.3793103448275862
act/11	mean	proj	2	13	False	False	asc	1	0.034482758620689655	0.2413793103448276	0.0	0.3793103448275862
act/3	mean	proj	4	11	True	True	asc	1	0.0	0.2413793103448276	0.0	0.3103448275862069
act/3	mean	proj	4	11	True	False	asc	1	0.0	0.2413793103448276	0.0	0.27586206896551724
act/11	mean	proj	1	18	False	True	asc	1	0.10344827586206896	0.3793103448275862	0.0	0.3103448275862069
act/11	mean	proj	1	19	False	True	asc	1	0.10344827586206896	0.3793103448275862	0.0	0.3103448275862069
act/11	mean	proj	1	20	False	True	asc	1	0.10344827586206896	0.3793103448275862	0.0	0.3103448275862069
act/11	mean	proj	2	3	False	True	asc	1	0.0	0.27586206896551724	0.0	0.3103448275862069
act/11	mean	proj	2	3	False	False	asc	1	0.0	0.27586206896551724	0.0	0.3103448275862069
act/11	mean	proj	2	5	False	False	asc	1	0.06896551724137931	0.4482758620689655	0.0	0.5172413793103449
act/11	mean	proj	2	6	False	False	asc	1	0.034482758620689655	0.3793103448275862	0.0	0.5517241379310345
act/11	mean	proj	2	7	False	False	asc	1	0.034482758620689655	0.3103448275862069	0.0	0.5517241379310345
act/3	mean	proj	7	16	True	True	asc	1	0.034482758620689655	0.3103448275862069	0.0	0.3448275862068966
act/3	mean	proj	7	16	True	False	asc	1	0.034482758620689655	0.3103448275862069	0.0	0.3448275862068966
act/3	mean	proj	7	17	True	True	asc	1	0.034482758620689655	0.27586206896551724	0.0	0.3448275862068966
act/23	mean	proj	2	3	True	True	asc	1	0.10344827586206896	0.5172413793103449	0.0	0.4482758620689655
act/23	mean	proj	2	3	True	False	asc	1	0.10344827586206896	0.5172413793103449	0.0	0.4482758620689655
act/3	mean	proj	6	12	True	True	asc	1	0.0	0.2413793103448276	0.0	0.3448275862068966
act/3	mean	proj	6	12	True	False	asc	1	0.0	0.2413793103448276	0.0	0.3448275862068966
act/11	mean	proj	1	17	False	True	asc	1	0.10344827586206896	0.3793103448275862	0.0	0.3103448275862069
act/3	mean	proj	8	18	True	True	asc	1	0.10344827586206896	0.41379310344827586	0.0	0.5172413793103449
act/3	mean	proj	7	12	True	False	asc	1	0.0	0.2413793103448276	0.0	0.3448275862068966
act/3	mean	proj	7	13	True	True	asc	1	0.034482758620689655	0.27586206896551724	0.0	0.3793103448275862
act/3	mean	proj	7	13	True	False	asc	1	0.034482758620689655	0.27586206896551724	0.0	0.3793103448275862
act/3	mean	proj	7	14	True	True	asc	1	0.034482758620689655	0.2413793103448276	0.0	0.3103448275862069
act/3	mean	proj	7	14	True	False	asc	1	0.034482758620689655	0.27586206896551724	0.0	0.3103448275862069
act/3	mean	proj	7	15	True	True	asc	1	0.034482758620689655	0.3103448275862069	0.0	0.3103448275862069
act/3	mean	proj	7	15	True	False	asc	1	0.034482758620689655	0.3103448275862069	0.0	0.3103448275862069
act/11	mean	proj	1	11	False	True	asc	1	0.06896551724137931	0.3793103448275862	0.0	0.3103448275862069
act/11	mean	proj	1	12	False	True	asc	1	0.06896551724137931	0.3793103448275862	0.0	0.3103448275862069
act/11	mean	proj	1	13	False	True	asc	1	0.10344827586206896	0.3793103448275862	0.0	0.3103448275862069
act/11	mean	proj	1	14	False	True	asc	1	0.10344827586206896	0.3793103448275862	0.0	0.3103448275862069
act/11	mean	proj	1	15	False	True	asc	1	0.10344827586206896	0.3793103448275862	0.0	0.3103448275862069
act/3	mean	proj	2	19	True	True	asc	1	0.034482758620689655	0.3103448275862069	0.0	0.3448275862068966
act/3	mean	proj	2	19	True	False	asc	1	0.034482758620689655	0.3103448275862069	0.0	0.3448275862068966
act/3	mean	proj	2	20	True	True	asc	1	0.034482758620689655	0.27586206896551724	0.0	0.3448275862068966
act/11	mean	proj	1	6	False	True	asc	1	0.06896551724137931	0.3793103448275862	0.0	0.27586206896551724
act/11	mean	proj	1	6	False	False	asc	1	0.034482758620689655	0.3793103448275862	0.0	0.3103448275862069
act/11	mean	proj	1	7	False	True	asc	1	0.06896551724137931	0.3793103448275862	0.0	0.3103448275862069
act/11	mean	proj	1	7	False	False	asc	1	0.034482758620689655	0.3448275862068966	0.0	0.3103448275862069
act/11	mean	proj	1	8	False	True	asc	1	0.06896551724137931	0.3448275862068966	0.0	0.3103448275862069
act/11	mean	proj	1	8	False	False	asc	1	0.06896551724137931	0.3448275862068966	0.0	0.3103448275862069
act/11	mean	proj	1	9	False	True	asc	1	0.10344827586206896	0.41379310344827586	0.0	0.3103448275862069
act/11	mean	proj	1	10	False	True	asc	1	0.10344827586206896	0.41379310344827586	0.0	0.3103448275862069
act/3	mean	proj	4	16	True	True	asc	1	0.10344827586206896	0.3103448275862069	0.0	0.3103448275862069
act/3	mean	proj	4	16	True	False	asc	1	0.06896551724137931	0.3103448275862069	0.0	0.3103448275862069
act/3	mean	proj	4	19	True	True	asc	1	0.10344827586206896	0.3103448275862069	0.0	0.3448275862068966
act/3	mean	proj	5	12	True	False	asc	1	0.0	0.2413793103448276	0.0	0.3448275862068966
act/11	mean	proj	1	4	False	True	asc	1	0.06896551724137931	0.3793103448275862	0.0	0.3103448275862069
act/11	mean	proj	1	4	False	False	asc	1	0.06896551724137931	0.41379310344827586	0.0	0.41379310344827586
act/11	mean	proj	1	5	False	True	asc	1	0.06896551724137931	0.41379310344827586	0.0	0.27586206896551724
act/11	mean	proj	1	5	False	False	asc	1	0.10344827586206896	0.41379310344827586	0.0	0.3103448275862069
act/3	mean	proj	4	12	True	True	asc	1	0.034482758620689655	0.27586206896551724	0.0	0.3448275862068966
act/3	mean	proj	4	12	True	False	asc	1	0.0	0.27586206896551724	0.0	0.3448275862068966
act/3	mean	proj	4	13	True	True	asc	1	0.034482758620689655	0.27586206896551724	0.0	0.3103448275862069
act/3	mean	proj	4	13	True	False	asc	1	0.034482758620689655	0.27586206896551724	0.0	0.27586206896551724
act/3	mean	proj	4	14	True	True	asc	1	0.06896551724137931	0.27586206896551724	0.0	0.3103448275862069
act/3	mean	proj	4	14	True	False	asc	1	0.034482758620689655	0.27586206896551724	0.0	0.27586206896551724
act/3	mean	proj	4	15	True	True	asc	1	0.10344827586206896	0.3103448275862069	0.0	0.27586206896551724
act/3	mean	proj	4	15	True	False	asc	1	0.06896551724137931	0.3103448275862069	0.0	0.27586206896551724
act/3	mean	proj	2	14	True	False	asc	1	0.034482758620689655	0.3103448275862069	0.0	0.3448275862068966
act/3	mean	proj	2	15	True	True	asc	1	0.034482758620689655	0.27586206896551724	0.0	0.3448275862068966
act/3	mean	proj	2	15	True	False	asc	1	0.034482758620689655	0.3103448275862069	0.0	0.3448275862068966
act/3	mean	proj	2	16	True	True	asc	1	0.034482758620689655	0.27586206896551724	0.0	0.3448275862068966
act/3	mean	proj	2	16	True	False	asc	1	0.034482758620689655	0.3103448275862069	0.0	0.3448275862068966
act/3	mean	proj	2	17	True	True	asc	1	0.034482758620689655	0.27586206896551724	0.0	0.3448275862068966
act/3	mean	proj	2	17	True	False	asc	1	0.034482758620689655	0.27586206896551724	0.0	0.3448275862068966
act/3	mean	proj	2	18	True	True	asc	1	0.034482758620689655	0.27586206896551724	0.0	0.3448275862068966
act/3	mean	proj	4	9	True	True	asc	1	0.06896551724137931	0.3103448275862069	0.0	0.3793103448275862
act/3	mean	proj	4	9	True	False	asc	1	0.06896551724137931	0.3103448275862069	0.0	0.3448275862068966
act/3	mean	proj	2	11	True	False	asc	1	0.034482758620689655	0.27586206896551724	0.0	0.3448275862068966
act/3	mean	proj	2	12	True	True	asc	1	0.034482758620689655	0.2413793103448276	0.0	0.3448275862068966
act/3	mean	proj	2	12	True	False	asc	1	0.034482758620689655	0.2413793103448276	0.0	0.3448275862068966
act/3	mean	proj	2	13	True	True	asc	1	0.034482758620689655	0.2413793103448276	0.0	0.3448275862068966
act/3	mean	proj	2	13	True	False	asc	1	0.034482758620689655	0.27586206896551724	0.0	0.3448275862068966
act/3	mean	proj	2	14	True	True	asc	1	0.034482758620689655	0.27586206896551724	0.0	0.3448275862068966
act/3	mean	proj	3	17	True	True	asc	1	0.034482758620689655	0.3103448275862069	0.0	0.3103448275862069
act/3	mean	proj	3	17	True	False	asc	1	0.034482758620689655	0.3103448275862069	0.0	0.3103448275862069
act/3	mean	proj	3	18	True	True	asc	1	0.034482758620689655	0.3103448275862069	0.0	0.3103448275862069
act/3	mean	proj	3	18	True	False	asc	1	0.034482758620689655	0.3103448275862069	0.0	0.3103448275862069
act/3	mean	proj	3	19	True	True	asc	1	0.034482758620689655	0.27586206896551724	0.0	0.3103448275862069
act/3	mean	proj	3	19	True	False	asc	1	0.034482758620689655	0.3103448275862069	0.0	0.3103448275862069
act/3	mean	proj	3	20	True	True	asc	1	0.034482758620689655	0.27586206896551724	0.0	0.3103448275862069
act/3	mean	proj	3	20	True	False	asc	1	0.034482758620689655	0.3103448275862069	0.0	0.3103448275862069
act/3	mean	proj	2	20	True	False	asc	1	0.034482758620689655	0.3103448275862069	0.0	0.3448275862068966
act/3	mean	proj	3	13	True	True	asc	1	0.06896551724137931	0.41379310344827586	0.0	0.3103448275862069
act/3	mean	proj	3	13	True	False	asc	1	0.034482758620689655	0.3103448275862069	0.0	0.27586206896551724
act/3	mean	proj	3	14	True	True	asc	1	0.06896551724137931	0.3793103448275862	0.0	0.3448275862068966
act/3	mean	proj	3	14	True	False	asc	1	0.034482758620689655	0.3103448275862069	0.0	0.27586206896551724
act/3	mean	proj	3	15	True	False	asc	1	0.034482758620689655	0.3103448275862069	0.0	0.3103448275862069
act/3	mean	proj	3	16	True	True	asc	1	0.06896551724137931	0.3448275862068966	0.0	0.3103448275862069
act/3	mean	proj	3	16	True	False	asc	1	0.034482758620689655	0.3103448275862069	0.0	0.3103448275862069
act/3	mean	proj	2	4	True	True	asc	1	0.034482758620689655	0.4482758620689655	0.0	0.3103448275862069
act/3	mean	proj	2	4	True	False	asc	1	0.034482758620689655	0.4482758620689655	0.0	0.27586206896551724
act/3	mean	proj	2	5	True	True	asc	1	0.034482758620689655	0.3448275862068966	0.0	0.3448275862068966
act/3	mean	proj	2	5	True	False	asc	1	0.034482758620689655	0.3448275862068966	0.0	0.3103448275862069
act/3	mean	proj	2	6	True	True	asc	1	0.034482758620689655	0.27586206896551724	0.0	0.3103448275862069
act/3	mean	proj	2	6	True	False	asc	1	0.06896551724137931	0.27586206896551724	0.0	0.3793103448275862
act/3	mean	proj	2	7	True	True	asc	1	0.034482758620689655	0.27586206896551724	0.0	0.3103448275862069
act/3	mean	proj	2	7	True	False	asc	1	0.034482758620689655	0.2413793103448276	0.0	0.3448275862068966
act/3	mean	proj	1	18	True	True	asc	1	0.06896551724137931	0.27586206896551724	0.0	0.3448275862068966
act/3	mean	proj	1	18	True	False	asc	1	0.06896551724137931	0.3103448275862069	0.0	0.3793103448275862
act/3	mean	proj	1	19	True	True	asc	1	0.06896551724137931	0.27586206896551724	0.0	0.3793103448275862
act/3	mean	proj	1	19	True	False	asc	1	0.06896551724137931	0.3103448275862069	0.0	0.3448275862068966
act/3	mean	proj	1	20	True	True	asc	1	0.06896551724137931	0.27586206896551724	0.0	0.3793103448275862
act/3	mean	proj	1	20	True	False	asc	1	0.06896551724137931	0.3103448275862069	0.0	0.3448275862068966
act/3	mean	proj	2	3	True	True	asc	1	0.06896551724137931	0.3448275862068966	0.0	0.3448275862068966
act/3	mean	proj	2	3	True	False	asc	1	0.06896551724137931	0.3448275862068966	0.0	0.3448275862068966
act/3	mean	proj	1	14	True	True	asc	1	0.06896551724137931	0.3793103448275862	0.0	0.3448275862068966
act/3	mean	proj	1	14	True	False	asc	1	0.06896551724137931	0.3103448275862069	0.0	0.3448275862068966
act/3	mean	proj	1	15	True	True	asc	1	0.06896551724137931	0.3103448275862069	0.0	0.3103448275862069
act/3	mean	proj	1	15	True	False	asc	1	0.06896551724137931	0.3103448275862069	0.0	0.3448275862068966
act/3	mean	proj	1	16	True	True	asc	1	0.06896551724137931	0.3103448275862069	0.0	0.3448275862068966
act/3	mean	proj	1	16	True	False	asc	1	0.06896551724137931	0.3103448275862069	0.0	0.3448275862068966
act/3	mean	proj	1	17	True	True	asc	1	0.06896551724137931	0.3103448275862069	0.0	0.3448275862068966
act/3	mean	proj	1	17	True	False	asc	1	0.06896551724137931	0.3103448275862069	0.0	0.3793103448275862
act/3	mean	proj	2	18	True	False	asc	1	0.034482758620689655	0.27586206896551724	0.0	0.3448275862068966
act/11	mean	proj	13	15	True	True	asc	1	0.034482758620689655	0.27586206896551724	0.0	0.3448275862068966
act/11	mean	proj	13	15	True	False	asc	1	0.034482758620689655	0.27586206896551724	0.0	0.3448275862068966
act/11	mean	proj	13	16	True	True	asc	1	0.06896551724137931	0.3793103448275862	0.0	0.3793103448275862
act/11	mean	proj	13	16	True	False	asc	1	0.06896551724137931	0.3793103448275862	0.0	0.3793103448275862
act/11	mean	proj	13	17	True	True	asc	1	0.034482758620689655	0.3448275862068966	0.0	0.3448275862068966
act/11	mean	proj	13	17	True	False	asc	1	0.034482758620689655	0.3793103448275862	0.0	0.3448275862068966
act/3	mean	proj	1	13	True	False	asc	1	0.06896551724137931	0.3103448275862069	0.0	0.3448275862068966
act/11	mean	proj	12	16	True	False	asc	1	0.10344827586206896	0.3793103448275862	0.0	0.4482758620689655
act/11	mean	proj	12	17	True	True	asc	1	0.034482758620689655	0.3793103448275862	0.0	0.3793103448275862
act/11	mean	proj	12	17	True	False	asc	1	0.034482758620689655	0.3793103448275862	0.0	0.3793103448275862
act/11	mean	proj	12	18	True	True	asc	1	0.06896551724137931	0.3448275862068966	0.0	0.41379310344827586
act/11	mean	proj	12	18	True	False	asc	1	0.10344827586206896	0.41379310344827586	0.0	0.41379310344827586
embed	mean	proj	17	19	True	True	asc	1	0.13793103448275862	0.3448275862068966	0.0	0.3793103448275862
embed	mean	proj	17	19	True	False	asc	1	0.13793103448275862	0.3448275862068966	0.0	0.3793103448275862
act/11	mean	proj	9	14	True	True	asc	1	0.10344827586206896	0.4827586206896552	0.0	0.4482758620689655
act/11	mean	proj	11	17	True	False	asc	1	0.06896551724137931	0.3793103448275862	0.0	0.41379310344827586
act/11	mean	proj	11	18	True	True	asc	1	0.06896551724137931	0.3793103448275862	0.0	0.41379310344827586
act/11	mean	proj	11	18	True	False	asc	1	0.06896551724137931	0.3793103448275862	0.0	0.3448275862068966
act/11	mean	proj	11	19	True	True	asc	1	0.13793103448275862	0.4827586206896552	0.0	0.4482758620689655
act/11	mean	proj	11	19	True	False	asc	1	0.10344827586206896	0.4827586206896552	0.0	0.41379310344827586
act/11	mean	proj	12	15	True	True	asc	1	0.10344827586206896	0.2413793103448276	0.0	0.41379310344827586
act/11	mean	proj	12	15	True	False	asc	1	0.10344827586206896	0.2413793103448276	0.0	0.41379310344827586
act/11	mean	proj	12	16	True	True	asc	1	0.10344827586206896	0.3793103448275862	0.0	0.4482758620689655
act/11	mean	proj	14	15	True	False	asc	1	0.06896551724137931	0.3448275862068966	0.0	0.3103448275862069
act/11	mean	proj	10	20	True	True	asc	1	0.034482758620689655	0.3793103448275862	0.0	0.3793103448275862
act/11	mean	proj	10	20	True	False	asc	1	0.034482758620689655	0.3793103448275862	0.0	0.41379310344827586
act/11	mean	proj	11	15	True	True	asc	1	0.06896551724137931	0.3448275862068966	0.0	0.3793103448275862
act/11	mean	proj	11	15	True	False	asc	1	0.06896551724137931	0.3448275862068966	0.0	0.3793103448275862
act/11	mean	proj	11	16	True	True	asc	1	0.06896551724137931	0.3793103448275862	0.0	0.3793103448275862
act/11	mean	proj	11	16	True	False	asc	1	0.06896551724137931	0.3793103448275862	0.0	0.3793103448275862
act/11	mean	proj	11	17	True	True	asc	1	0.06896551724137931	0.3793103448275862	0.0	0.41379310344827586
act/3	mean	proj	2	8	True	True	asc	1	0.034482758620689655	0.27586206896551724	0.0	0.3448275862068966
act/3	mean	proj	2	8	True	False	asc	1	0.034482758620689655	0.2413793103448276	0.0	0.3448275862068966
act/3	mean	proj	2	9	True	True	asc	1	0.034482758620689655	0.27586206896551724	0.0	0.3448275862068966
act/3	mean	proj	2	9	True	False	asc	1	0.034482758620689655	0.27586206896551724	0.0	0.3793103448275862
act/3	mean	proj	2	10	True	True	asc	1	0.034482758620689655	0.27586206896551724	0.0	0.3793103448275862
act/3	mean	proj	2	10	True	False	asc	1	0.034482758620689655	0.27586206896551724	0.0	0.3793103448275862
act/3	mean	proj	2	11	True	True	asc	1	0.034482758620689655	0.2413793103448276	0.0	0.3448275862068966
act/11	mean	proj	14	15	True	True	asc	1	0.06896551724137931	0.3448275862068966	0.0	0.3103448275862069
act/3	mean	proj	1	7	True	True	asc	1	0.10344827586206896	0.3793103448275862	0.0	0.3448275862068966
act/3	mean	proj	1	7	True	False	asc	1	0.10344827586206896	0.3448275862068966	0.0	0.27586206896551724
act/3	mean	proj	1	8	True	True	asc	1	0.10344827586206896	0.3793103448275862	0.0	0.3103448275862069
act/3	mean	proj	1	8	True	False	asc	1	0.10344827586206896	0.3448275862068966	0.0	0.27586206896551724
act/3	mean	proj	1	9	True	True	asc	1	0.06896551724137931	0.3103448275862069	0.0	0.3103448275862069
act/3	mean	proj	1	9	True	False	asc	1	0.06896551724137931	0.27586206896551724	0.0	0.27586206896551724
act/3	mean	proj	1	10	True	True	asc	1	0.06896551724137931	0.3103448275862069	0.0	0.3448275862068966
act/3	mean	proj	1	10	True	False	asc	1	0.06896551724137931	0.27586206896551724	0.0	0.3103448275862069
act/3	mean	proj	1	3	True	True	asc	1	0.034482758620689655	0.3448275862068966	0.0	0.27586206896551724
act/3	mean	proj	1	3	True	False	asc	1	0.034482758620689655	0.3448275862068966	0.0	0.27586206896551724
act/3	mean	proj	1	4	True	True	asc	1	0.06896551724137931	0.3448275862068966	0.0	0.41379310344827586
act/3	mean	proj	1	4	True	False	asc	1	0.06896551724137931	0.41379310344827586	0.0	0.3793103448275862
act/3	mean	proj	1	5	True	True	asc	1	0.06896551724137931	0.3793103448275862	0.0	0.41379310344827586
act/3	mean	proj	1	5	True	False	asc	1	0.06896551724137931	0.3793103448275862	0.0	0.41379310344827586
act/3	mean	proj	1	6	True	True	asc	1	0.10344827586206896	0.3793103448275862	0.0	0.41379310344827586
act/3	mean	proj	1	6	True	False	asc	1	0.06896551724137931	0.3103448275862069	0.0	0.3103448275862069
act/11	mean	proj	9	18	True	False	asc	1	0.034482758620689655	0.3793103448275862	0.0	0.3103448275862069
act/11	mean	proj	9	19	True	True	asc	1	0.034482758620689655	0.41379310344827586	0.0	0.3448275862068966
act/11	mean	proj	9	19	True	False	asc	1	0.034482758620689655	0.41379310344827586	0.0	0.3448275862068966
act/11	mean	proj	9	20	True	True	asc	1	0.034482758620689655	0.3793103448275862	0.0	0.3793103448275862
act/11	mean	proj	9	20	True	False	asc	1	0.034482758620689655	0.3793103448275862	0.0	0.3793103448275862
act/11	mean	proj	10	11	True	True	asc	1	0.10344827586206896	0.41379310344827586	0.0	0.3103448275862069
act/11	mean	proj	10	11	True	False	asc	1	0.10344827586206896	0.41379310344827586	0.0	0.3103448275862069
act/11	mean	proj	10	13	True	True	asc	1	0.034482758620689655	0.3103448275862069	0.0	0.41379310344827586
act/11	mean	proj	9	14	True	False	asc	1	0.10344827586206896	0.4482758620689655	0.0	0.4482758620689655
act/11	mean	proj	9	15	True	True	asc	1	0.06896551724137931	0.3448275862068966	0.0	0.3793103448275862
act/11	mean	proj	9	15	True	False	asc	1	0.06896551724137931	0.3448275862068966	0.0	0.3793103448275862
act/11	mean	proj	9	16	True	True	asc	1	0.034482758620689655	0.3793103448275862	0.0	0.3793103448275862
act/11	mean	proj	9	16	True	False	asc	1	0.034482758620689655	0.3793103448275862	0.0	0.3793103448275862
act/11	mean	proj	9	17	True	True	asc	1	0.034482758620689655	0.3448275862068966	0.0	0.3448275862068966
act/11	mean	proj	9	17	True	False	asc	1	0.034482758620689655	0.3448275862068966	0.0	0.3448275862068966
act/11	mean	proj	9	18	True	True	asc	1	0.034482758620689655	0.3793103448275862	0.0	0.3103448275862069
embed	mean	proj	1	5	False	False	asc	1	0.0	0.3793103448275862	0.0	0.3793103448275862
embed	mean	proj	1	6	False	True	asc	1	0.0	0.4827586206896552	0.0	0.5172413793103449
embed	mean	proj	1	7	False	True	asc	1	0.0	0.5172413793103449	0.0	0.5172413793103449
embed	mean	proj	1	7	False	False	asc	1	0.0	0.4827586206896552	0.0	0.5172413793103449
act/3	mean	proj	0	5	True	False	asc	1	0.13793103448275862	0.6206896551724138	0.0	0.41379310344827586
act/23	mean	proj	11	19	True	True	asc	1	0.13793103448275862	0.4827586206896552	0.0	0.5517241379310345
act/23	mean	proj	11	19	True	False	asc	1	0.13793103448275862	0.4827586206896552	0.0	0.6206896551724138
act/23	mean	proj	11	20	True	True	asc	1	0.13793103448275862	0.5172413793103449	0.0	0.5862068965517241
act/11	mean	proj	10	19	True	True	asc	1	0.034482758620689655	0.41379310344827586	0.0	0.3448275862068966
act/11	mean	proj	10	19	True	False	asc	1	0.034482758620689655	0.41379310344827586	0.0	0.3448275862068966
embed	mean	proj	1	2	False	True	asc	1	0.0	0.27586206896551724	0.0	0.3448275862068966
embed	mean	proj	1	2	False	False	asc	1	0.0	0.27586206896551724	0.0	0.3448275862068966
embed	mean	proj	1	3	False	True	asc	1	0.0	0.27586206896551724	0.0	0.3103448275862069
embed	mean	proj	1	3	False	False	asc	1	0.0	0.27586206896551724	0.0	0.3103448275862069
embed	mean	proj	1	4	False	False	asc	1	0.0	0.3793103448275862	0.0	0.4482758620689655
embed	mean	proj	1	5	False	True	asc	1	0.0	0.3793103448275862	0.0	0.41379310344827586
act/11	mean	proj	10	15	True	True	asc	1	0.10344827586206896	0.3448275862068966	0.0	0.3793103448275862
act/11	mean	proj	10	15	True	False	asc	1	0.06896551724137931	0.3103448275862069	0.0	0.3793103448275862
act/11	mean	proj	10	16	True	True	asc	1	0.06896551724137931	0.3448275862068966	0.0	0.3793103448275862
act/11	mean	proj	10	16	True	False	asc	1	0.06896551724137931	0.3448275862068966	0.0	0.3793103448275862
act/11	mean	proj	10	17	True	True	asc	1	0.034482758620689655	0.3448275862068966	0.0	0.41379310344827586
act/11	mean	proj	10	17	True	False	asc	1	0.034482758620689655	0.3448275862068966	0.0	0.3793103448275862
act/11	mean	proj	10	18	True	True	asc	1	0.034482758620689655	0.41379310344827586	0.0	0.3103448275862069
act/11	mean	proj	10	18	True	False	asc	1	0.034482758620689655	0.3793103448275862	0.0	0.3103448275862069
act/3	mean	proj	1	11	True	True	asc	1	0.06896551724137931	0.27586206896551724	0.0	0.3103448275862069
act/3	mean	proj	1	11	True	False	asc	1	0.06896551724137931	0.27586206896551724	0.0	0.3448275862068966
act/3	mean	proj	1	12	True	True	asc	1	0.06896551724137931	0.3103448275862069	0.0	0.3103448275862069
act/3	mean	proj	1	12	True	False	asc	1	0.06896551724137931	0.27586206896551724	0.0	0.3793103448275862
act/3	mean	proj	1	13	True	True	asc	1	0.06896551724137931	0.3103448275862069	0.0	0.3103448275862069
act/11	mean	proj	10	13	True	False	asc	1	0.034482758620689655	0.3103448275862069	0.0	0.41379310344827586
act/11	mean	proj	10	14	True	True	asc	1	0.10344827586206896	0.41379310344827586	0.0	0.4827586206896552
act/11	mean	proj	10	14	True	False	asc	1	0.10344827586206896	0.41379310344827586	0.0	0.4827586206896552
act/11	mean	proj	8	20	True	True	asc	1	0.034482758620689655	0.3448275862068966	0.0	0.3448275862068966
act/11	mean	proj	8	20	True	False	asc	1	0.034482758620689655	0.3448275862068966	0.0	0.3448275862068966
act/11	mean	proj	9	12	True	True	asc	1	0.034482758620689655	0.3448275862068966	0.0	0.3793103448275862
act/11	mean	proj	9	12	True	False	asc	1	0.034482758620689655	0.3448275862068966	0.0	0.3793103448275862
act/11	mean	proj	9	13	True	True	asc	1	0.034482758620689655	0.41379310344827586	0.0	0.4827586206896552
act/11	mean	proj	9	13	True	False	asc	1	0.034482758620689655	0.41379310344827586	0.0	0.4482758620689655
embed	mean	proj	2	3	False	True	asc	1	0.0	0.3103448275862069	0.0	0.3793103448275862
embed	mean	proj	2	3	False	False	asc	1	0.0	0.3103448275862069	0.0	0.3793103448275862
act/11	mean	proj	8	16	True	True	asc	1	0.034482758620689655	0.3103448275862069	0.0	0.3793103448275862
act/11	mean	proj	8	16	True	False	asc	1	0.034482758620689655	0.3448275862068966	0.0	0.3793103448275862
act/11	mean	proj	8	17	True	True	asc	1	0.034482758620689655	0.3103448275862069	0.0	0.3793103448275862
act/11	mean	proj	8	17	True	False	asc	1	0.034482758620689655	0.3448275862068966	0.0	0.3793103448275862
act/11	mean	proj	8	18	True	True	asc	1	0.034482758620689655	0.3448275862068966	0.0	0.3793103448275862
act/11	mean	proj	8	18	True	False	asc	1	0.034482758620689655	0.3448275862068966	0.0	0.3793103448275862
act/11	mean	proj	8	19	True	True	asc	1	0.034482758620689655	0.3793103448275862	0.0	0.41379310344827586
act/11	mean	proj	8	19	True	False	asc	1	0.034482758620689655	0.3793103448275862	0.0	0.41379310344827586
act/11	mean	proj	8	12	True	True	asc	1	0.034482758620689655	0.3103448275862069	0.0	0.41379310344827586
act/11	mean	proj	8	12	True	False	asc	1	0.034482758620689655	0.27586206896551724	0.0	0.41379310344827586
act/11	mean	proj	8	13	True	True	asc	1	0.06896551724137931	0.3103448275862069	0.0	0.4827586206896552
act/11	mean	proj	8	13	True	False	asc	1	0.06896551724137931	0.3103448275862069	0.0	0.4827586206896552
act/11	mean	proj	8	14	True	True	asc	1	0.06896551724137931	0.41379310344827586	0.0	0.4482758620689655
act/11	mean	proj	8	14	True	False	asc	1	0.06896551724137931	0.41379310344827586	0.0	0.4482758620689655
act/11	mean	proj	8	15	True	True	asc	1	0.034482758620689655	0.3448275862068966	0.0	0.3793103448275862
act/11	mean	proj	8	15	True	False	asc	1	0.034482758620689655	0.3103448275862069	0.0	0.3793103448275862
act/23	mean	proj	11	20	True	False	asc	1	0.13793103448275862	0.5172413793103449	0.0	0.6206896551724138
act/27	mean	proj	15	19	False	False	asc	1	0.06896551724137931	0.4482758620689655	0.0	0.3448275862068966
act/23	mean	proj	12	19	True	True	asc	1	0.10344827586206896	0.3793103448275862	0.0	0.4482758620689655
act/23	mean	proj	12	19	True	False	asc	1	0.10344827586206896	0.3793103448275862	0.0	0.4827586206896552
act/23	mean	proj	12	20	True	True	asc	1	0.10344827586206896	0.4482758620689655	0.0	0.4827586206896552
act/23	mean	proj	12	20	True	False	asc	1	0.10344827586206896	0.4482758620689655	0.0	0.4827586206896552
act/23	mean	proj	13	17	True	True	asc	1	0.13793103448275862	0.41379310344827586	0.0	0.5172413793103449
act/23	mean	proj	13	17	True	False	asc	1	0.13793103448275862	0.41379310344827586	0.0	0.5172413793103449
embed	mean	proj	3	8	False	True	asc	1	0.10344827586206896	0.5517241379310345	0.0	0.5517241379310345
embed	mean	proj	3	8	False	False	asc	1	0.10344827586206896	0.5517241379310345	0.0	0.5172413793103449
embed	mean	proj	3	9	False	True	asc	1	0.06896551724137931	0.5517241379310345	0.0	0.5172413793103449
embed	mean	proj	3	9	False	False	asc	1	0.06896551724137931	0.5517241379310345	0.0	0.5172413793103449
embed	mean	proj	3	10	False	True	asc	1	0.06896551724137931	0.5517241379310345	0.0	0.5172413793103449
embed	mean	proj	3	10	False	False	asc	1	0.06896551724137931	0.5862068965517241	0.0	0.4482758620689655
embed	mean	proj	3	11	False	True	asc	1	0.06896551724137931	0.5517241379310345	0.0	0.3793103448275862
embed	mean	proj	3	11	False	False	asc	1	0.06896551724137931	0.5517241379310345	0.0	0.41379310344827586
act/11	mean	proj	7	18	True	True	asc	1	0.034482758620689655	0.3103448275862069	0.0	0.3448275862068966
act/11	mean	proj	7	18	True	False	asc	1	0.034482758620689655	0.3448275862068966	0.0	0.3448275862068966
act/11	mean	proj	7	19	True	True	asc	1	0.034482758620689655	0.3103448275862069	0.0	0.3448275862068966
act/11	mean	proj	7	19	True	False	asc	1	0.034482758620689655	0.3448275862068966	0.0	0.3448275862068966
act/11	mean	proj	7	20	True	True	asc	1	0.034482758620689655	0.27586206896551724	0.0	0.3793103448275862
act/11	mean	proj	7	20	True	False	asc	1	0.034482758620689655	0.3448275862068966	0.0	0.3793103448275862
embed	mean	proj	3	4	False	True	asc	1	0.0	0.20689655172413793	0.0	0.27586206896551724
embed	mean	proj	3	4	False	False	asc	1	0.0	0.20689655172413793	0.0	0.27586206896551724
act/11	mean	proj	7	14	True	True	asc	1	0.034482758620689655	0.3448275862068966	0.0	0.3448275862068966
act/11	mean	proj	7	14	True	False	asc	1	0.034482758620689655	0.3448275862068966	0.0	0.3448275862068966
act/11	mean	proj	7	15	True	True	asc	1	0.034482758620689655	0.27586206896551724	0.0	0.3448275862068966
act/11	mean	proj	7	15	True	False	asc	1	0.034482758620689655	0.27586206896551724	0.0	0.3448275862068966
act/11	mean	proj	7	16	True	True	asc	1	0.034482758620689655	0.27586206896551724	0.0	0.3448275862068966
act/11	mean	proj	7	16	True	False	asc	1	0.034482758620689655	0.27586206896551724	0.0	0.3448275862068966
act/11	mean	proj	7	17	True	True	asc	1	0.034482758620689655	0.27586206896551724	0.0	0.3448275862068966
act/11	mean	proj	7	17	True	False	asc	1	0.034482758620689655	0.27586206896551724	0.0	0.3448275862068966
embed	mean	proj	2	5	False	True	asc	1	0.06896551724137931	0.41379310344827586	0.0	0.3793103448275862
act/11	mean	proj	6	18	True	False	asc	1	0.034482758620689655	0.4482758620689655	0.0	0.3793103448275862
act/11	mean	proj	6	19	True	True	asc	1	0.034482758620689655	0.3793103448275862	0.0	0.41379310344827586
act/11	mean	proj	6	19	True	False	asc	1	0.034482758620689655	0.3793103448275862	0.0	0.3793103448275862
act/11	mean	proj	6	20	True	True	asc	1	0.10344827586206896	0.3793103448275862	0.0	0.4482758620689655
act/11	mean	proj	6	20	True	False	asc	1	0.034482758620689655	0.3793103448275862	0.0	0.41379310344827586
act/11	mean	proj	7	13	True	True	asc	1	0.06896551724137931	0.3448275862068966	0.0	0.3448275862068966
act/11	mean	proj	7	13	True	False	asc	1	0.06896551724137931	0.3448275862068966	0.0	0.3448275862068966
act/23	mean	proj	18	19	True	True	asc	1	0.10344827586206896	0.3448275862068966	0.0	0.27586206896551724
act/23	mean	proj	18	19	True	False	asc	1	0.10344827586206896	0.3448275862068966	0.0	0.27586206896551724
act/27	mean	proj	13	14	False	True	asc	1	0.0	0.3103448275862069	0.0	0.3793103448275862
act/27	mean	proj	13	14	False	False	asc	1	0.0	0.3103448275862069	0.0	0.3793103448275862
act/27	mean	proj	14	16	False	True	asc	1	0.034482758620689655	0.3793103448275862	0.0	0.3448275862068966
act/27	mean	proj	14	16	False	False	asc	1	0.034482758620689655	0.3793103448275862	0.0	0.3448275862068966
act/27	mean	proj	14	17	False	True	asc	1	0.10344827586206896	0.4482758620689655	0.0	0.5172413793103449
act/27	mean	proj	14	17	False	False	asc	1	0.10344827586206896	0.4482758620689655	0.0	0.5172413793103449
embed	mean	proj	3	20	False	True	asc	1	0.10344827586206896	0.6551724137931034	0.0	0.41379310344827586
embed	mean	proj	3	20	False	False	asc	1	0.10344827586206896	0.6206896551724138	0.0	0.41379310344827586
act/11	mean	proj	5	16	True	True	asc	1	0.034482758620689655	0.27586206896551724	0.0	0.4482758620689655
act/11	mean	proj	5	16	True	False	asc	1	0.034482758620689655	0.27586206896551724	0.0	0.3793103448275862
act/23	mean	proj	16	19	True	True	asc	1	0.13793103448275862	0.6206896551724138	0.0	0.5172413793103449
act/23	mean	proj	16	19	True	False	asc	1	0.13793103448275862	0.6206896551724138	0.0	0.5517241379310345
act/23	mean	proj	16	20	True	True	asc	1	0.1724137931034483	0.6551724137931034	0.0	0.6206896551724138
act/23	mean	proj	16	20	True	False	asc	1	0.1724137931034483	0.6551724137931034	0.0	0.6206896551724138
embed	mean	proj	3	16	False	True	asc	1	0.10344827586206896	0.6551724137931034	0.0	0.41379310344827586
embed	mean	proj	3	16	False	False	asc	1	0.10344827586206896	0.6206896551724138	0.0	0.3793103448275862
embed	mean	proj	3	17	False	True	asc	1	0.10344827586206896	0.6551724137931034	0.0	0.41379310344827586
embed	mean	proj	3	17	False	False	asc	1	0.10344827586206896	0.6206896551724138	0.0	0.3793103448275862
embed	mean	proj	3	18	False	True	asc	1	0.10344827586206896	0.6896551724137931	0.0	0.41379310344827586
embed	mean	proj	3	18	False	False	asc	1	0.10344827586206896	0.6206896551724138	0.0	0.41379310344827586
embed	mean	proj	3	19	False	True	asc	1	0.10344827586206896	0.6896551724137931	0.0	0.41379310344827586
embed	mean	proj	3	19	False	False	asc	1	0.10344827586206896	0.6206896551724138	0.0	0.41379310344827586
embed	mean	proj	3	12	False	True	asc	1	0.06896551724137931	0.5862068965517241	0.0	0.4827586206896552
embed	mean	proj	3	12	False	False	asc	1	0.06896551724137931	0.5517241379310345	0.0	0.4482758620689655
embed	mean	proj	3	13	False	True	asc	1	0.06896551724137931	0.5862068965517241	0.0	0.5172413793103449
embed	mean	proj	3	13	False	False	asc	1	0.06896551724137931	0.5517241379310345	0.0	0.5517241379310345
embed	mean	proj	3	14	False	True	asc	1	0.06896551724137931	0.5862068965517241	0.0	0.5172413793103449
embed	mean	proj	3	14	False	False	asc	1	0.06896551724137931	0.5517241379310345	0.0	0.5172413793103449
embed	mean	proj	3	15	False	True	asc	1	0.10344827586206896	0.6896551724137931	0.0	0.5172413793103449
embed	mean	proj	3	15	False	False	asc	1	0.10344827586206896	0.6206896551724138	0.0	0.4482758620689655
embed	mean	proj	4	9	False	False	asc	1	0.10344827586206896	0.5517241379310345	0.0	0.4482758620689655
embed	mean	proj	4	10	False	False	asc	1	0.06896551724137931	0.5862068965517241	0.0	0.4482758620689655
embed	mean	proj	4	15	False	True	asc	1	0.10344827586206896	0.5862068965517241	0.0	0.5172413793103449
embed	mean	proj	4	15	False	False	asc	1	0.10344827586206896	0.5862068965517241	0.0	0.4827586206896552
embed	mean	proj	4	16	False	False	asc	1	0.10344827586206896	0.5862068965517241	0.0	0.41379310344827586
act/23	mean	proj	1	3	False	True	asc	1	0.06896551724137931	0.27586206896551724	0.0	0.3448275862068966
act/23	mean	proj	1	3	False	False	asc	1	0.06896551724137931	0.27586206896551724	0.0	0.3448275862068966
act/23	mean	proj	15	19	True	True	asc	1	0.10344827586206896	0.5517241379310345	0.0	0.4827586206896552
act/11	mean	proj	5	19	True	False	asc	1	0.034482758620689655	0.27586206896551724	0.0	0.3448275862068966
act/11	mean	proj	5	20	True	True	asc	1	0.06896551724137931	0.3448275862068966	0.0	0.4827586206896552
act/11	mean	proj	5	20	True	False	asc	1	0.034482758620689655	0.3103448275862069	0.0	0.3793103448275862
act/11	mean	proj	6	15	True	False	asc	1	0.034482758620689655	0.3103448275862069	0.0	0.41379310344827586
act/11	mean	proj	6	16	True	False	asc	1	0.034482758620689655	0.3448275862068966	0.0	0.4482758620689655
act/11	mean	proj	6	17	True	False	asc	1	0.034482758620689655	0.3448275862068966	0.0	0.41379310344827586
embed	mean	proj	4	8	False	False	asc	1	0.10344827586206896	0.4827586206896552	0.0	0.5172413793103449
embed	mean	proj	4	9	False	True	asc	1	0.10344827586206896	0.5517241379310345	0.0	0.4827586206896552
act/27	mean	proj	15	18	False	True	asc	1	0.034482758620689655	0.3793103448275862	0.0	0.4482758620689655
act/27	mean	proj	15	18	False	False	asc	1	0.034482758620689655	0.3793103448275862	0.0	0.4482758620689655
act/27	mean	proj	15	19	False	True	asc	1	0.06896551724137931	0.41379310344827586	0.0	0.3793103448275862
act/11	mean	proj	5	17	True	True	asc	1	0.034482758620689655	0.27586206896551724	0.0	0.4482758620689655
act/11	mean	proj	5	17	True	False	asc	1	0.034482758620689655	0.2413793103448276	0.0	0.3448275862068966
act/11	mean	proj	5	18	True	True	asc	1	0.034482758620689655	0.3103448275862069	0.0	0.41379310344827586
act/11	mean	proj	5	18	True	False	asc	1	0.034482758620689655	0.3103448275862069	0.0	0.3448275862068966
act/11	mean	proj	5	19	True	True	asc	1	0.06896551724137931	0.3103448275862069	0.0	0.41379310344827586
act/27	mean	proj	14	18	False	True	asc	1	0.06896551724137931	0.3448275862068966	0.0	0.5172413793103449
act/27	mean	proj	14	18	False	False	asc	1	0.06896551724137931	0.3448275862068966	0.0	0.5172413793103449
act/27	mean	proj	14	19	False	True	asc	1	0.06896551724137931	0.41379310344827586	0.0	0.5172413793103449
act/27	mean	proj	14	19	False	False	asc	1	0.06896551724137931	0.41379310344827586	0.0	0.5172413793103449
act/27	mean	proj	15	16	False	True	asc	1	0.0	0.2413793103448276	0.0	0.3793103448275862
act/27	mean	proj	15	16	False	False	asc	1	0.0	0.2413793103448276	0.0	0.3793103448275862
act/27	mean	proj	15	17	False	True	asc	1	0.06896551724137931	0.5517241379310345	0.0	0.41379310344827586
act/27	mean	proj	15	17	False	False	asc	1	0.06896551724137931	0.5517241379310345	0.0	0.41379310344827586
act/11	mean	proj	5	14	True	True	asc	1	0.06896551724137931	0.2413793103448276	0.0	0.4827586206896552
act/11	mean	proj	5	14	True	False	asc	1	0.06896551724137931	0.27586206896551724	0.0	0.4482758620689655
act/11	mean	proj	5	15	True	True	asc	1	0.06896551724137931	0.27586206896551724	0.0	0.5172413793103449
act/11	mean	proj	5	15	True	False	asc	1	0.034482758620689655	0.2413793103448276	0.0	0.41379310344827586
embed	mean	proj	5	9	False	False	asc	1	0.06896551724137931	0.5862068965517241	0.0	0.4482758620689655
embed	mean	proj	5	12	False	False	asc	1	0.10344827586206896	0.5172413793103449	0.0	0.41379310344827586
embed	mean	proj	5	13	False	False	asc	1	0.06896551724137931	0.5172413793103449	0.0	0.4482758620689655
act/27	mean	proj	5	11	False	True	asc	1	0.034482758620689655	0.1724137931034483	0.0	0.4482758620689655
act/11	mean	proj	4	18	True	True	asc	1	0.06896551724137931	0.20689655172413793	0.0	0.3448275862068966
act/11	mean	proj	4	18	True	False	asc	1	0.034482758620689655	0.2413793103448276	0.0	0.3448275862068966
act/11	mean	proj	4	19	True	True	asc	1	0.034482758620689655	0.20689655172413793	0.0	0.3793103448275862
act/11	mean	proj	4	19	True	False	asc	1	0.034482758620689655	0.2413793103448276	0.0	0.3448275862068966
act/11	mean	proj	4	20	True	True	asc	1	0.034482758620689655	0.20689655172413793	0.0	0.3793103448275862
act/11	mean	proj	4	20	True	False	asc	1	0.034482758620689655	0.2413793103448276	0.0	0.3793103448275862
act/11	mean	proj	5	7	True	True	asc	1	0.0	0.27586206896551724	0.0	0.41379310344827586
act/11	mean	proj	5	7	True	False	asc	1	0.0	0.27586206896551724	0.0	0.41379310344827586
act/23	mean	proj	5	6	False	True	asc	1	0.034482758620689655	0.3448275862068966	0.0	0.41379310344827586
act/23	mean	proj	5	6	False	False	asc	1	0.034482758620689655	0.3448275862068966	0.0	0.41379310344827586
act/11	mean	proj	4	15	True	True	asc	1	0.06896551724137931	0.27586206896551724	0.0	0.3448275862068966
act/11	mean	proj	4	15	True	False	asc	1	0.034482758620689655	0.27586206896551724	0.0	0.3448275862068966
act/11	mean	proj	4	16	True	True	asc	1	0.06896551724137931	0.27586206896551724	0.0	0.3103448275862069
act/11	mean	proj	4	16	True	False	asc	1	0.034482758620689655	0.27586206896551724	0.0	0.3448275862068966
act/11	mean	proj	4	17	True	True	asc	1	0.034482758620689655	0.20689655172413793	0.0	0.3103448275862069
act/11	mean	proj	4	17	True	False	asc	1	0.034482758620689655	0.2413793103448276	0.0	0.3448275862068966
act/23	mean	proj	15	19	True	False	asc	1	0.13793103448275862	0.5517241379310345	0.0	0.4827586206896552
act/23	mean	proj	2	5	False	True	asc	1	0.034482758620689655	0.3103448275862069	0.0	0.27586206896551724
act/23	mean	proj	2	6	False	True	asc	1	0.034482758620689655	0.3103448275862069	0.0	0.27586206896551724
act/23	mean	proj	2	7	False	True	asc	1	0.06896551724137931	0.3448275862068966	0.0	0.3103448275862069
act/23	mean	proj	2	8	False	True	asc	1	0.06896551724137931	0.3103448275862069	0.0	0.3448275862068966
act/23	mean	proj	2	9	False	True	asc	1	0.06896551724137931	0.3448275862068966	0.0	0.3793103448275862
act/27	mean	proj	8	10	False	True	asc	1	0.06896551724137931	0.3103448275862069	0.0	0.4482758620689655
act/27	mean	proj	8	10	False	False	asc	1	0.06896551724137931	0.3103448275862069	0.0	0.4482758620689655
embed	mean	proj	6	20	False	True	asc	1	0.06896551724137931	0.6206896551724138	0.0	0.5172413793103449
embed	mean	proj	7	8	False	True	asc	1	0.0	0.41379310344827586	0.0	0.3793103448275862
embed	mean	proj	7	8	False	False	asc	1	0.0	0.41379310344827586	0.0	0.3793103448275862
act/23	mean	proj	5	13	False	True	asc	1	0.034482758620689655	0.2413793103448276	0.0	0.4827586206896552
act/23	mean	proj	5	13	False	False	asc	1	0.034482758620689655	0.20689655172413793	0.0	0.5172413793103449
act/23	mean	proj	5	14	False	True	asc	1	0.034482758620689655	0.27586206896551724	0.0	0.4827586206896552
act/23	mean	proj	5	14	False	False	asc	1	0.034482758620689655	0.2413793103448276	0.0	0.5172413793103449
act/27	mean	proj	5	7	False	True	asc	1	0.034482758620689655	0.3103448275862069	0.0	0.3793103448275862
embed	mean	proj	6	16	False	True	asc	1	0.10344827586206896	0.5862068965517241	0.0	0.5172413793103449
embed	mean	proj	6	16	False	False	asc	1	0.10344827586206896	0.5862068965517241	0.0	0.4482758620689655
embed	mean	proj	6	17	False	True	asc	1	0.10344827586206896	0.5862068965517241	0.0	0.4827586206896552
embed	mean	proj	6	17	False	False	asc	1	0.10344827586206896	0.5862068965517241	0.0	0.4482758620689655
embed	mean	proj	6	18	False	True	asc	1	0.10344827586206896	0.6206896551724138	0.0	0.4827586206896552
embed	mean	proj	6	18	False	False	asc	1	0.06896551724137931	0.5862068965517241	0.0	0.4482758620689655
embed	mean	proj	6	19	False	True	asc	1	0.06896551724137931	0.6206896551724138	0.0	0.5172413793103449
embed	mean	proj	6	19	False	False	asc	1	0.034482758620689655	0.5517241379310345	0.0	0.3793103448275862
embed	mean	proj	6	9	False	True	asc	1	0.034482758620689655	0.4482758620689655	0.0	0.4482758620689655
embed	mean	proj	6	9	False	False	asc	1	0.034482758620689655	0.4482758620689655	0.0	0.4482758620689655
embed	mean	proj	6	10	False	True	asc	1	0.06896551724137931	0.5172413793103449	0.0	0.41379310344827586
embed	mean	proj	6	10	False	False	asc	1	0.06896551724137931	0.5172413793103449	0.0	0.41379310344827586
embed	mean	proj	6	14	False	True	asc	1	0.034482758620689655	0.5517241379310345	0.0	0.4482758620689655
embed	mean	proj	6	14	False	False	asc	1	0.034482758620689655	0.5517241379310345	0.0	0.4827586206896552
embed	mean	proj	6	15	False	True	asc	1	0.06896551724137931	0.5172413793103449	0.0	0.4827586206896552
embed	mean	proj	6	15	False	False	asc	1	0.06896551724137931	0.5172413793103449	0.0	0.5172413793103449
act/27	mean	proj	5	12	False	True	asc	1	0.034482758620689655	0.1724137931034483	0.0	0.4827586206896552
act/27	mean	proj	5	12	False	False	asc	1	0.034482758620689655	0.1724137931034483	0.0	0.5172413793103449
act/27	mean	proj	6	8	False	True	asc	1	0.0	0.41379310344827586	0.0	0.4827586206896552
act/27	mean	proj	6	8	False	False	asc	1	0.0	0.41379310344827586	0.0	0.4827586206896552
act/27	mean	proj	6	10	False	True	asc	1	0.0	0.13793103448275862	0.0	0.5517241379310345
act/27	mean	proj	6	10	False	False	asc	1	0.0	0.13793103448275862	0.0	0.5172413793103449
act/27	mean	proj	7	8	False	True	asc	1	0.0	0.27586206896551724	0.0	0.3448275862068966
act/27	mean	proj	7	8	False	False	asc	1	0.0	0.27586206896551724	0.0	0.3448275862068966
act/11	mean	proj	3	20	True	False	asc	1	0.06896551724137931	0.3448275862068966	0.0	0.4482758620689655
act/11	mean	proj	4	5	True	True	asc	1	0.0	0.3793103448275862	0.0	0.4482758620689655
act/11	mean	proj	4	5	True	False	asc	1	0.0	0.3793103448275862	0.0	0.4482758620689655
act/11	mean	proj	4	12	True	True	asc	1	0.034482758620689655	0.27586206896551724	0.0	0.27586206896551724
act/11	mean	proj	4	12	True	False	asc	1	0.034482758620689655	0.27586206896551724	0.0	0.3103448275862069
act/11	mean	proj	4	13	True	True	asc	1	0.06896551724137931	0.27586206896551724	0.0	0.3448275862068966
act/11	mean	proj	4	13	True	False	asc	1	0.034482758620689655	0.27586206896551724	0.0	0.3448275862068966
act/27	mean	proj	0	3	True	True	asc	1	0.10344827586206896	0.3103448275862069	0.0	0.3103448275862069
act/11	mean	proj	3	16	True	False	asc	1	0.06896551724137931	0.3448275862068966	0.0	0.4482758620689655
act/11	mean	proj	3	17	True	True	asc	1	0.034482758620689655	0.2413793103448276	0.0	0.41379310344827586
act/11	mean	proj	3	17	True	False	asc	1	0.034482758620689655	0.27586206896551724	0.0	0.41379310344827586
act/11	mean	proj	3	18	True	True	asc	1	0.034482758620689655	0.2413793103448276	0.0	0.4827586206896552
act/11	mean	proj	3	18	True	False	asc	1	0.034482758620689655	0.3103448275862069	0.0	0.4482758620689655
act/11	mean	proj	3	19	True	True	asc	1	0.06896551724137931	0.27586206896551724	0.0	0.4827586206896552
act/11	mean	proj	3	19	True	False	asc	1	0.06896551724137931	0.3103448275862069	0.0	0.4482758620689655
act/11	mean	proj	3	20	True	True	asc	1	0.06896551724137931	0.3103448275862069	0.0	0.41379310344827586
act/27	mean	proj	3	17	False	True	asc	1	0.10344827586206896	0.1724137931034483	0.0	0.5172413793103449
act/23	mean	proj	11	12	False	True	asc	1	0.034482758620689655	0.3448275862068966	0.0	0.4827586206896552
act/23	mean	proj	11	12	False	False	asc	1	0.034482758620689655	0.3448275862068966	0.0	0.4827586206896552
act/23	mean	proj	7	8	False	True	asc	1	0.034482758620689655	0.3793103448275862	0.0	0.4482758620689655
act/23	mean	proj	7	8	False	False	asc	1	0.034482758620689655	0.3793103448275862	0.0	0.4482758620689655
act/11	mean	proj	3	15	True	True	asc	1	0.034482758620689655	0.27586206896551724	0.0	0.4482758620689655
act/11	mean	proj	3	15	True	False	asc	1	0.06896551724137931	0.3103448275862069	0.0	0.4827586206896552
act/11	mean	proj	3	16	True	True	asc	1	0.034482758620689655	0.2413793103448276	0.0	0.3793103448275862
act/27	mean	proj	5	7	False	False	asc	1	0.034482758620689655	0.3103448275862069	0.0	0.3793103448275862
act/27	mean	proj	5	8	False	True	asc	1	0.0	0.4482758620689655	0.0	0.5862068965517241
act/27	mean	proj	5	8	False	False	asc	1	0.0	0.4482758620689655	0.0	0.5862068965517241
act/27	mean	proj	5	9	False	True	asc	1	0.0	0.27586206896551724	0.0	0.4482758620689655
act/27	mean	proj	5	9	False	False	asc	1	0.0	0.27586206896551724	0.0	0.4482758620689655
act/27	mean	proj	5	10	False	True	asc	1	0.034482758620689655	0.1724137931034483	0.0	0.41379310344827586
act/27	mean	proj	5	10	False	False	asc	1	0.034482758620689655	0.20689655172413793	0.0	0.4482758620689655
act/27	mean	proj	3	16	False	True	asc	1	0.10344827586206896	0.1724137931034483	0.0	0.5172413793103449
act/11	mean	proj	2	20	True	True	asc	1	0.06896551724137931	0.2413793103448276	0.0	0.4482758620689655
act/11	mean	proj	2	20	True	False	asc	1	0.06896551724137931	0.3103448275862069	0.0	0.3793103448275862
act/11	mean	proj	3	12	True	False	asc	1	0.034482758620689655	0.2413793103448276	0.0	0.41379310344827586
act/11	mean	proj	3	13	True	False	asc	1	0.034482758620689655	0.27586206896551724	0.0	0.41379310344827586
act/11	mean	proj	3	14	True	True	asc	1	0.06896551724137931	0.3793103448275862	0.0	0.41379310344827586
act/27	mean	proj	0	1	True	True	asc	1	0.06896551724137931	0.27586206896551724	0.0	0.3448275862068966
act/27	mean	proj	0	1	True	False	asc	1	0.06896551724137931	0.27586206896551724	0.0	0.3448275862068966
act/27	mean	proj	0	2	True	True	asc	1	0.10344827586206896	0.3103448275862069	0.0	0.3103448275862069
act/11	mean	proj	2	16	True	True	asc	1	0.06896551724137931	0.2413793103448276	0.0	0.3793103448275862
act/11	mean	proj	2	16	True	False	asc	1	0.06896551724137931	0.3103448275862069	0.0	0.3793103448275862
act/11	mean	proj	2	17	True	True	asc	1	0.06896551724137931	0.2413793103448276	0.0	0.4482758620689655
act/11	mean	proj	2	17	True	False	asc	1	0.06896551724137931	0.27586206896551724	0.0	0.3793103448275862
act/11	mean	proj	2	18	True	True	asc	1	0.06896551724137931	0.2413793103448276	0.0	0.4482758620689655
act/11	mean	proj	2	18	True	False	asc	1	0.06896551724137931	0.3103448275862069	0.0	0.3793103448275862
act/11	mean	proj	2	19	True	True	asc	1	0.06896551724137931	0.2413793103448276	0.0	0.4482758620689655
act/11	mean	proj	2	19	True	False	asc	1	0.06896551724137931	0.3103448275862069	0.0	0.3793103448275862
act/27	mean	proj	3	10	False	True	asc	1	0.06896551724137931	0.2413793103448276	0.0	0.5517241379310345
act/27	mean	proj	3	10	False	False	asc	1	0.06896551724137931	0.20689655172413793	0.0	0.4827586206896552
act/27	mean	proj	3	11	False	True	asc	1	0.034482758620689655	0.1724137931034483	0.0	0.5517241379310345
act/27	mean	proj	3	11	False	False	asc	1	0.034482758620689655	0.1724137931034483	0.0	0.5517241379310345
act/27	mean	proj	3	12	False	True	asc	1	0.034482758620689655	0.1724137931034483	0.0	0.5517241379310345
act/27	mean	proj	3	12	False	False	asc	1	0.034482758620689655	0.1724137931034483	0.0	0.5517241379310345
act/11	mean	proj	4	14	True	True	asc	1	0.06896551724137931	0.3448275862068966	0.0	0.3793103448275862
act/11	mean	proj	4	14	True	False	asc	1	0.034482758620689655	0.3103448275862069	0.0	0.3103448275862069
act/23	mean	proj	17	18	False	True	asc	1	0.034482758620689655	0.3793103448275862	0.0	0.4482758620689655
act/23	mean	proj	17	18	False	False	asc	1	0.034482758620689655	0.3793103448275862	0.0	0.4482758620689655
act/23	mean	proj	17	20	False	True	asc	1	0.10344827586206896	0.5172413793103449	0.0	0.4482758620689655
act/23	mean	proj	17	20	False	False	asc	1	0.10344827586206896	0.5172413793103449	0.0	0.4482758620689655
act/27	mean	proj	3	8	False	True	asc	1	0.06896551724137931	0.3448275862068966	0.0	0.5517241379310345
act/27	mean	proj	3	8	False	False	asc	1	0.06896551724137931	0.3103448275862069	0.0	0.5172413793103449
act/27	mean	proj	3	9	False	True	asc	1	0.06896551724137931	0.3103448275862069	0.0	0.5172413793103449
act/27	mean	proj	3	9	False	False	asc	1	0.06896551724137931	0.2413793103448276	0.0	0.4482758620689655
act/11	mean	proj	2	15	True	True	asc	1	0.06896551724137931	0.2413793103448276	0.0	0.3793103448275862
act/11	mean	proj	2	15	True	False	asc	1	0.06896551724137931	0.27586206896551724	0.0	0.41379310344827586
embed	mean	proj	11	12	False	True	asc	1	0.034482758620689655	0.4827586206896552	0.0	0.5862068965517241
embed	mean	proj	11	12	False	False	asc	1	0.034482758620689655	0.4827586206896552	0.0	0.5862068965517241
act/11	mean	proj	1	2	True	True	asc	1	0.0	0.27586206896551724	0.0	0.27586206896551724
act/11	mean	proj	1	2	True	False	asc	1	0.0	0.27586206896551724	0.0	0.27586206896551724
act/11	mean	proj	1	5	True	False	asc	1	0.034482758620689655	0.3793103448275862	0.0	0.4827586206896552
act/11	mean	proj	0	3	True	True	asc	1	0.06896551724137931	0.41379310344827586	0.0	0.27586206896551724
act/27	mean	proj	13	16	True	True	asc	1	0.10344827586206896	0.5862068965517241	0.0	0.4827586206896552
act/27	mean	proj	13	16	True	False	asc	1	0.10344827586206896	0.5862068965517241	0.0	0.4827586206896552
act/27	mean	proj	13	17	True	True	asc	1	0.06896551724137931	0.3793103448275862	0.0	0.4827586206896552
act/27	mean	proj	13	17	True	False	asc	1	0.06896551724137931	0.3793103448275862	0.0	0.4827586206896552
act/27	mean	proj	13	18	True	True	asc	1	0.10344827586206896	0.4482758620689655	0.0	0.4827586206896552
act/27	mean	proj	13	18	True	False	asc	1	0.10344827586206896	0.4482758620689655	0.0	0.4827586206896552
act/27	mean	proj	10	11	True	True	asc	1	0.1724137931034483	0.5172413793103449	0.0	0.5172413793103449
act/27	mean	proj	10	11	True	False	asc	1	0.1724137931034483	0.5172413793103449	0.0	0.5172413793103449
act/27	mean	proj	19	20	True	True	asc	1	0.034482758620689655	0.27586206896551724	0.0	0.4827586206896552
act/27	mean	proj	19	20	True	False	asc	1	0.034482758620689655	0.27586206896551724	0.0	0.4827586206896552
act/27	mean	proj	4	7	True	True	asc	1	0.034482758620689655	0.3103448275862069	0.0	0.41379310344827586
act/27	mean	proj	4	7	True	False	asc	1	0.034482758620689655	0.3103448275862069	0.0	0.41379310344827586
act/27	mean	proj	12	13	True	True	asc	1	0.0	0.3103448275862069	0.0	0.27586206896551724
act/27	mean	proj	12	13	True	False	asc	1	0.0	0.3103448275862069	0.0	0.27586206896551724
act/27	mean	proj	13	15	True	True	asc	1	0.034482758620689655	0.3793103448275862	0.0	0.3793103448275862
act/27	mean	proj	13	15	True	False	asc	1	0.034482758620689655	0.3793103448275862	0.0	0.3793103448275862
act/27	mean	proj	14	17	True	True	asc	1	0.06896551724137931	0.41379310344827586	0.0	0.3793103448275862
act/27	mean	proj	14	17	True	False	asc	1	0.06896551724137931	0.41379310344827586	0.0	0.3793103448275862
act/27	mean	proj	14	18	True	True	asc	1	0.10344827586206896	0.4827586206896552	0.0	0.3793103448275862
act/27	mean	proj	14	18	True	False	asc	1	0.13793103448275862	0.4827586206896552	0.0	0.3793103448275862
act/27	mean	proj	5	8	True	True	asc	1	0.0	0.27586206896551724	0.0	0.27586206896551724
act/27	mean	proj	5	8	True	False	asc	1	0.0	0.27586206896551724	0.0	0.27586206896551724
act/27	mean	proj	6	7	True	True	asc	1	0.0	0.3793103448275862	0.0	0.4482758620689655
act/27	mean	proj	6	7	True	False	asc	1	0.0	0.3793103448275862	0.0	0.4482758620689655
act/15	mean	proj	1	6	False	True	asc	1	0.10344827586206896	0.3448275862068966	0.0	0.2413793103448276
act/15	mean	proj	1	6	False	False	asc	1	0.06896551724137931	0.3448275862068966	0.0	0.27586206896551724
act/15	mean	proj	1	7	False	True	asc	1	0.06896551724137931	0.3103448275862069	0.0	0.27586206896551724
act/15	mean	proj	1	8	False	True	asc	1	0.06896551724137931	0.27586206896551724	0.0	0.2413793103448276
act/15	mean	proj	1	9	False	True	asc	1	0.06896551724137931	0.3103448275862069	0.0	0.2413793103448276
act/15	mean	proj	19	20	True	True	asc	1	0.06896551724137931	0.3103448275862069	0.0	0.41379310344827586
act/15	mean	proj	19	20	True	False	asc	1	0.06896551724137931	0.3103448275862069	0.0	0.41379310344827586
act/31_normed	mean	proj	7	8	True	True	asc	1	0.034482758620689655	0.27586206896551724	0.0	0.3103448275862069
act/15	mean	proj	2	20	False	False	asc	1	0.034482758620689655	0.3103448275862069	0.0	0.5862068965517241
act/15	mean	proj	3	5	False	True	asc	1	0.034482758620689655	0.41379310344827586	0.0	0.3103448275862069
act/15	mean	proj	3	5	False	False	asc	1	0.034482758620689655	0.3793103448275862	0.0	0.3103448275862069
act/15	mean	proj	3	6	False	True	asc	1	0.034482758620689655	0.3448275862068966	0.0	0.3103448275862069
act/15	mean	proj	3	6	False	False	asc	1	0.034482758620689655	0.27586206896551724	0.0	0.3103448275862069
act/15	mean	proj	1	3	False	False	asc	1	0.034482758620689655	0.27586206896551724	0.0	0.3448275862068966
act/15	mean	proj	1	4	False	True	asc	1	0.13793103448275862	0.3103448275862069	0.0	0.2413793103448276
act/15	mean	proj	1	5	False	True	asc	1	0.10344827586206896	0.3448275862068966	0.0	0.2413793103448276
act/15	mean	proj	1	2	False	False	asc	1	0.06896551724137931	0.27586206896551724	0.0	0.27586206896551724
act/15	mean	proj	1	3	False	True	asc	1	0.034482758620689655	0.27586206896551724	0.0	0.3448275862068966
act/15	mean	proj	2	14	False	False	asc	1	0.034482758620689655	0.3448275862068966	0.0	0.4482758620689655
act/15	mean	proj	2	15	False	False	asc	1	0.034482758620689655	0.3103448275862069	0.0	0.4482758620689655
act/15	mean	proj	2	16	False	False	asc	1	0.034482758620689655	0.3793103448275862	0.0	0.4827586206896552
act/15	mean	proj	2	17	False	False	asc	1	0.034482758620689655	0.3793103448275862	0.0	0.5172413793103449
act/15	mean	proj	2	18	False	False	asc	1	0.034482758620689655	0.3103448275862069	0.0	0.5172413793103449
act/15	mean	proj	2	19	False	False	asc	1	0.034482758620689655	0.27586206896551724	0.0	0.5517241379310345
embed	mean	proj	18	20	False	True	asc	1	0.13793103448275862	0.3448275862068966	0.0	0.4482758620689655
embed	mean	proj	18	20	False	False	asc	1	0.13793103448275862	0.3448275862068966	0.0	0.4482758620689655
embed	mean	norm_l1	0	0	True	False	asc	1	0.034482758620689655	0.3448275862068966	0.0	0.3793103448275862
act/31_normed	mean	proj	9	10	True	True	asc	1	0.0	0.41379310344827586	0.0	0.5172413793103449
act/31_normed	mean	proj	9	10	True	False	asc	1	0.0	0.41379310344827586	0.0	0.5172413793103449
act/15	mean	proj	2	3	False	True	asc	1	0.0	0.27586206896551724	0.0	0.3793103448275862
act/15	mean	proj	2	3	False	False	asc	1	0.0	0.27586206896551724	0.0	0.3793103448275862
act/15	mean	proj	1	2	False	True	asc	1	0.06896551724137931	0.27586206896551724	0.0	0.27586206896551724
