position	pooling	method	c_begin	c_end	centered	weighted	direction	k	step_acc_val	agent_acc_val	step_acc_test	agent_acc_test
act/19	last	proj	9	10	True	True	asc	1	0.20634920634920634	0.4444444444444444	0.30158730158730157	0.5238095238095238
act/19	last	proj	9	10	True	False	asc	1	0.20634920634920634	0.4444444444444444	0.30158730158730157	0.5238095238095238
act/31	last	proj	3	5	True	True	asc	1	0.2222222222222222	0.42857142857142855	0.2857142857142857	0.4126984126984127
act/31	last	proj	4	6	False	True	asc	1	0.1746031746031746	0.3492063492063492	0.2857142857142857	0.4603174603174603
act/31	last	proj	1	4	True	False	asc	1	0.1111111111111111	0.3492063492063492	0.2857142857142857	0.4444444444444444
act/31	last	proj	3	5	True	False	asc	1	0.2222222222222222	0.42857142857142855	0.2857142857142857	0.4126984126984127
act/31	last	proj	4	6	False	False	asc	1	0.1746031746031746	0.3492063492063492	0.2857142857142857	0.4603174603174603
act/3	last	proj	8	11	True	True	asc	1	0.20634920634920634	0.3968253968253968	0.2698412698412698	0.49206349206349204
act/3	last	proj	7	18	True	True	asc	1	0.20634920634920634	0.4603174603174603	0.2698412698412698	0.5079365079365079
act/31_normed	last	proj	3	6	True	True	asc	1	0.19047619047619047	0.4444444444444444	0.2698412698412698	0.4603174603174603
act/3	last	proj	9	18	True	False	asc	1	0.1746031746031746	0.3968253968253968	0.2698412698412698	0.49206349206349204
act/31_normed	last	proj	17	19	True	True	asc	1	0.1111111111111111	0.23809523809523808	0.2698412698412698	0.5079365079365079
act/3	last	proj	7	17	True	False	asc	1	0.19047619047619047	0.4126984126984127	0.2698412698412698	0.5238095238095238
act/31_normed	last	proj	3	6	True	False	asc	1	0.1746031746031746	0.4444444444444444	0.2698412698412698	0.4603174603174603
act/3	last	proj	7	19	True	True	asc	1	0.1746031746031746	0.4444444444444444	0.2698412698412698	0.5396825396825397
act/31_normed	last	proj	3	5	True	False	asc	1	0.19047619047619047	0.38095238095238093	0.2698412698412698	0.4444444444444444
act/31	last	proj	1	4	True	True	asc	1	0.09523809523809523	0.3333333333333333	0.2698412698412698	0.42857142857142855
act/31_normed	last	proj	17	19	True	False	asc	1	0.1111111111111111	0.23809523809523808	0.2698412698412698	0.5079365079365079
act/31_normed	last	proj	3	5	True	True	asc	1	0.19047619047619047	0.38095238095238093	0.2698412698412698	0.4126984126984127
act/3	last	proj	4	5	True	False	asc	1	0.20634920634920634	0.42857142857142855	0.25396825396825395	0.5396825396825397
act/3	last	proj	7	19	True	False	asc	1	0.1746031746031746	0.4444444444444444	0.25396825396825395	0.5079365079365079
act/3	last	proj	7	18	True	False	asc	1	0.20634920634920634	0.47619047619047616	0.25396825396825395	0.49206349206349204
act/7	last	proj	1	7	False	False	asc	1	0.30158730158730157	0.6190476190476191	0.25396825396825395	0.4603174603174603
act/7	last	proj	12	13	True	False	asc	1	0.1746031746031746	0.38095238095238093	0.25396825396825395	0.4603174603174603
act/3	last	proj	4	5	True	True	asc	1	0.20634920634920634	0.42857142857142855	0.25396825396825395	0.5396825396825397
act/11	last	proj	16	17	False	False	asc	1	0.2698412698412698	0.42857142857142855	0.25396825396825395	0.42857142857142855
act/11	last	proj	16	17	False	True	asc	1	0.2698412698412698	0.42857142857142855	0.25396825396825395	0.42857142857142855
act/7	last	proj	12	13	True	True	asc	1	0.1746031746031746	0.38095238095238093	0.25396825396825395	0.4603174603174603
act/3	last	proj	8	18	True	True	asc	1	0.20634920634920634	0.4444444444444444	0.25396825396825395	0.5238095238095238
act/31	last	proj	1	5	True	True	asc	1	0.15873015873015872	0.4444444444444444	0.25396825396825395	0.47619047619047616
act/3	last	proj	8	18	True	False	asc	1	0.1746031746031746	0.42857142857142855	0.25396825396825395	0.5079365079365079
act/3	last	proj	7	11	True	True	asc	1	0.2222222222222222	0.4444444444444444	0.25396825396825395	0.5079365079365079
act/11	last	proj	15	16	True	True	asc	1	0.2698412698412698	0.4126984126984127	0.25396825396825395	0.4444444444444444
act/31	last	proj	3	6	True	True	asc	1	0.15873015873015872	0.42857142857142855	0.25396825396825395	0.49206349206349204
act/3	last	proj	9	19	True	True	asc	1	0.2222222222222222	0.42857142857142855	0.25396825396825395	0.47619047619047616
act/31_normed	last	proj	2	3	False	True	asc	1	0.047619047619047616	0.23809523809523808	0.25396825396825395	0.49206349206349204
act/31_normed	last	proj	2	3	False	False	asc	1	0.047619047619047616	0.23809523809523808	0.25396825396825395	0.49206349206349204
act/15	last	proj	4	7	True	False	asc	1	0.2857142857142857	0.5396825396825397	0.25396825396825395	0.5238095238095238
act/31_normed	last	proj	4	5	False	True	asc	1	0.1111111111111111	0.3333333333333333	0.25396825396825395	0.4444444444444444
act/11	last	proj	15	16	True	False	asc	1	0.2698412698412698	0.4126984126984127	0.25396825396825395	0.4444444444444444
act/3	last	proj	9	18	True	True	asc	1	0.19047619047619047	0.4126984126984127	0.25396825396825395	0.49206349206349204
act/31	last	proj	2	6	False	True	asc	1	0.09523809523809523	0.38095238095238093	0.25396825396825395	0.47619047619047616
act/31_normed	last	proj	4	5	False	False	asc	1	0.1111111111111111	0.3333333333333333	0.25396825396825395	0.4444444444444444
act/3	last	proj	1	11	False	False	asc	1	0.3492063492063492	0.5396825396825397	0.25396825396825395	0.4444444444444444
act/3	last	proj	1	20	False	False	asc	1	0.19047619047619047	0.3968253968253968	0.25396825396825395	0.47619047619047616
act/31	last	proj	1	6	True	True	asc	1	0.12698412698412698	0.3968253968253968	0.25396825396825395	0.47619047619047616
act/31_normed	last	proj	2	6	True	False	asc	1	0.2222222222222222	0.4603174603174603	0.25396825396825395	0.4444444444444444
act/31_normed	last	proj	1	7	True	True	asc	1	0.047619047619047616	0.3492063492063492	0.25396825396825395	0.5079365079365079
act/31	last	proj	2	5	False	False	asc	1	0.1111111111111111	0.3333333333333333	0.25396825396825395	0.42857142857142855
act/19	last	proj	16	17	True	True	asc	1	0.15873015873015872	0.4126984126984127	0.25396825396825395	0.4603174603174603
act/19	last	proj	16	17	True	False	asc	1	0.15873015873015872	0.4126984126984127	0.25396825396825395	0.4603174603174603
act/31_normed	last	proj	3	8	True	True	asc	1	0.15873015873015872	0.4126984126984127	0.25396825396825395	0.49206349206349204
act/3	last	proj	9	12	False	True	asc	1	0.1746031746031746	0.3968253968253968	0.25396825396825395	0.49206349206349204
act/31_normed	last	proj	3	7	True	False	asc	1	0.14285714285714285	0.4444444444444444	0.25396825396825395	0.4603174603174603
act/3	last	proj	7	17	True	True	asc	1	0.19047619047619047	0.4126984126984127	0.25396825396825395	0.5238095238095238
act/31	last	proj	4	7	False	True	asc	1	0.14285714285714285	0.3968253968253968	0.25396825396825395	0.47619047619047616
act/3	last	proj	8	11	True	False	asc	1	0.19047619047619047	0.38095238095238093	0.25396825396825395	0.47619047619047616
act/23	last	proj	19	20	True	False	asc	1	0.19047619047619047	0.36507936507936506	0.25396825396825395	0.4444444444444444
act/23	last	proj	19	20	True	True	asc	1	0.19047619047619047	0.36507936507936506	0.25396825396825395	0.4444444444444444
act/27	last	proj	18	20	False	False	asc	1	0.1746031746031746	0.42857142857142855	0.23809523809523808	0.4444444444444444
act/3	last	proj	9	13	False	True	asc	1	0.20634920634920634	0.4126984126984127	0.23809523809523808	0.5238095238095238
act/3	last	proj	5	19	False	False	asc	1	0.15873015873015872	0.42857142857142855	0.23809523809523808	0.4444444444444444
act/7	last	proj	1	20	False	False	asc	1	0.15873015873015872	0.3968253968253968	0.23809523809523808	0.42857142857142855
act/31	last	proj	2	5	False	True	asc	1	0.06349206349206349	0.30158730158730157	0.23809523809523808	0.4126984126984127
act/3	last	proj	2	20	False	False	asc	1	0.1746031746031746	0.4444444444444444	0.23809523809523808	0.49206349206349204
act/31_normed	last	proj	1	13	True	True	asc	1	0.07936507936507936	0.3968253968253968	0.23809523809523808	0.47619047619047616
act/3	last	proj	13	19	True	True	asc	1	0.1111111111111111	0.31746031746031744	0.23809523809523808	0.4603174603174603
act/3	last	proj	13	19	True	False	asc	1	0.1111111111111111	0.31746031746031744	0.23809523809523808	0.42857142857142855
act/19	last	proj	8	10	True	True	asc	1	0.2222222222222222	0.5396825396825397	0.23809523809523808	0.5238095238095238
act/19	last	proj	12	13	True	False	asc	1	0.12698412698412698	0.3492063492063492	0.23809523809523808	0.47619047619047616
act/31_normed	last	proj	4	6	False	True	asc	1	0.15873015873015872	0.3968253968253968	0.23809523809523808	0.4126984126984127
act/31_normed	last	proj	4	6	False	False	asc	1	0.15873015873015872	0.36507936507936506	0.23809523809523808	0.42857142857142855
act/3	last	proj	9	19	True	False	asc	1	0.19047619047619047	0.3968253968253968	0.23809523809523808	0.4603174603174603
act/7	last	proj	13	14	False	True	asc	1	0.1111111111111111	0.3333333333333333	0.23809523809523808	0.4603174603174603
act/3	last	proj	12	19	True	True	asc	1	0.1111111111111111	0.2857142857142857	0.23809523809523808	0.4603174603174603
act/19	last	proj	12	13	True	True	asc	1	0.12698412698412698	0.3492063492063492	0.23809523809523808	0.47619047619047616
act/3	last	proj	9	12	False	False	asc	1	0.1746031746031746	0.38095238095238093	0.23809523809523808	0.47619047619047616
act/7	last	proj	13	14	False	False	asc	1	0.1111111111111111	0.3333333333333333	0.23809523809523808	0.4603174603174603
act/31_normed	last	proj	1	9	True	True	asc	1	0.09523809523809523	0.3968253968253968	0.23809523809523808	0.5079365079365079
act/3	last	proj	11	19	True	True	asc	1	0.09523809523809523	0.25396825396825395	0.23809523809523808	0.42857142857142855
act/11	last	proj	14	19	True	True	asc	1	0.1746031746031746	0.4444444444444444	0.23809523809523808	0.5079365079365079
act/31	last	proj	2	10	False	True	asc	1	0.15873015873015872	0.4444444444444444	0.23809523809523808	0.47619047619047616
act/3	last	proj	9	17	True	False	asc	1	0.12698412698412698	0.31746031746031744	0.23809523809523808	0.5079365079365079
act/31	last	proj	1	6	True	False	asc	1	0.15873015873015872	0.4444444444444444	0.23809523809523808	0.5079365079365079
act/31	last	proj	3	7	True	False	asc	1	0.14285714285714285	0.4603174603174603	0.23809523809523808	0.47619047619047616
act/15	last	proj	4	7	True	True	asc	1	0.2857142857142857	0.5079365079365079	0.23809523809523808	0.5079365079365079
act/31	last	proj	3	6	True	False	asc	1	0.15873015873015872	0.42857142857142855	0.23809523809523808	0.47619047619047616
act/31	last	proj	2	11	False	True	asc	1	0.15873015873015872	0.4603174603174603	0.23809523809523808	0.49206349206349204
act/3	last	proj	9	17	True	True	asc	1	0.15873015873015872	0.3492063492063492	0.23809523809523808	0.5079365079365079
act/31_normed	last	proj	1	8	True	True	asc	1	0.06349206349206349	0.36507936507936506	0.23809523809523808	0.5079365079365079
act/3	last	proj	12	19	True	False	asc	1	0.1111111111111111	0.2857142857142857	0.23809523809523808	0.4603174603174603
act/19	last	proj	8	10	True	False	asc	1	0.2222222222222222	0.5555555555555556	0.23809523809523808	0.5238095238095238
act/3	last	proj	9	11	False	True	asc	1	0.19047619047619047	0.3968253968253968	0.23809523809523808	0.4603174603174603
act/31_normed	last	proj	3	8	True	False	asc	1	0.15873015873015872	0.42857142857142855	0.23809523809523808	0.47619047619047616
act/31_normed	last	proj	3	7	True	True	asc	1	0.15873015873015872	0.42857142857142855	0.23809523809523808	0.47619047619047616
act/11	last	proj	15	19	False	False	asc	1	0.20634920634920634	0.3968253968253968	0.23809523809523808	0.49206349206349204
act/15	last	proj	16	18	False	False	asc	1	0.15873015873015872	0.3492063492063492	0.23809523809523808	0.42857142857142855
act/7	last	proj	1	5	True	False	asc	1	0.15873015873015872	0.4603174603174603	0.23809523809523808	0.42857142857142855
act/27	last	proj	18	20	False	True	asc	1	0.1746031746031746	0.42857142857142855	0.23809523809523808	0.4603174603174603
act/3	last	proj	1	19	False	False	asc	1	0.1746031746031746	0.38095238095238093	0.23809523809523808	0.42857142857142855
act/3	last	proj	2	7	False	True	asc	1	0.23809523809523808	0.47619047619047616	0.23809523809523808	0.4444444444444444
act/3	last	proj	2	8	False	True	asc	1	0.20634920634920634	0.4603174603174603	0.23809523809523808	0.4444444444444444
act/19	last	proj	6	9	True	True	asc	1	0.19047619047619047	0.4126984126984127	0.23809523809523808	0.47619047619047616
act/3	last	proj	2	19	False	False	asc	1	0.1746031746031746	0.4444444444444444	0.23809523809523808	0.4603174603174603
act/3	last	proj	2	19	False	True	asc	1	0.1746031746031746	0.38095238095238093	0.23809523809523808	0.4603174603174603
act/31_normed	last	proj	4	7	True	False	asc	1	0.12698412698412698	0.4444444444444444	0.23809523809523808	0.47619047619047616
act/3	last	proj	9	11	False	False	asc	1	0.20634920634920634	0.4126984126984127	0.23809523809523808	0.4603174603174603
act/15	last	proj	3	7	False	True	asc	1	0.1746031746031746	0.5238095238095238	0.23809523809523808	0.5079365079365079
act/3	last	proj	9	20	True	True	asc	1	0.12698412698412698	0.2857142857142857	0.23809523809523808	0.47619047619047616
act/3	last	proj	7	15	True	False	asc	1	0.1746031746031746	0.3968253968253968	0.23809523809523808	0.5079365079365079
act/15	last	proj	2	6	True	False	asc	1	0.2222222222222222	0.5079365079365079	0.23809523809523808	0.5396825396825397
act/7	last	proj	2	6	False	True	asc	1	0.20634920634920634	0.5396825396825397	0.23809523809523808	0.4603174603174603
act/3	last	proj	1	9	False	False	asc	1	0.36507936507936506	0.5396825396825397	0.23809523809523808	0.4444444444444444
act/7	last	proj	1	5	True	True	asc	1	0.15873015873015872	0.5079365079365079	0.23809523809523808	0.47619047619047616
act/3	last	proj	8	13	True	True	asc	1	0.19047619047619047	0.36507936507936506	0.23809523809523808	0.4603174603174603
act/19	last	proj	18	20	True	False	asc	1	0.14285714285714285	0.42857142857142855	0.23809523809523808	0.4444444444444444
act/3	last	proj	9	19	False	False	asc	1	0.14285714285714285	0.36507936507936506	0.23809523809523808	0.49206349206349204
act/3	last	proj	1	6	False	False	asc	1	0.4126984126984127	0.5714285714285714	0.23809523809523808	0.5555555555555556
act/19	last	proj	18	20	True	True	asc	1	0.14285714285714285	0.42857142857142855	0.23809523809523808	0.4444444444444444
act/11	last	proj	9	19	True	True	asc	1	0.09523809523809523	0.31746031746031744	0.23809523809523808	0.4126984126984127
act/31	last	proj	1	10	True	True	asc	1	0.1746031746031746	0.4603174603174603	0.23809523809523808	0.5079365079365079
act/7	last	proj	9	15	False	True	asc	1	0.1746031746031746	0.47619047619047616	0.23809523809523808	0.47619047619047616
act/3	last	norm_l2	0	0	True	False	asc	1	0.09523809523809523	0.36507936507936506	0.23809523809523808	0.4444444444444444
act/3	last	proj	11	19	True	False	asc	1	0.09523809523809523	0.2698412698412698	0.23809523809523808	0.42857142857142855
act/7	last	proj	9	14	False	False	asc	1	0.14285714285714285	0.38095238095238093	0.23809523809523808	0.4603174603174603
act/7	last	proj	9	19	False	True	asc	1	0.19047619047619047	0.49206349206349204	0.23809523809523808	0.4603174603174603
act/27	last	proj	5	7	True	True	asc	1	0.14285714285714285	0.3968253968253968	0.23809523809523808	0.47619047619047616
act/3	last	norm_l1	0	0	False	False	asc	1	0.15873015873015872	0.30158730158730157	0.23809523809523808	0.4126984126984127
act/7	last	proj	9	14	False	True	asc	1	0.14285714285714285	0.4126984126984127	0.23809523809523808	0.47619047619047616
act/11	last	proj	2	6	False	False	asc	1	0.15873015873015872	0.47619047619047616	0.2222222222222222	0.5079365079365079
act/3	last	proj	7	15	True	True	asc	1	0.1746031746031746	0.38095238095238093	0.2222222222222222	0.47619047619047616
act/23	last	proj	0	12	True	False	asc	1	0.19047619047619047	0.3333333333333333	0.2222222222222222	0.3968253968253968
act/3	last	proj	5	20	False	False	asc	1	0.1746031746031746	0.4603174603174603	0.2222222222222222	0.4603174603174603
act/3	last	proj	2	15	False	True	asc	1	0.1746031746031746	0.3968253968253968	0.2222222222222222	0.4126984126984127
act/23	last	proj	0	13	True	False	asc	1	0.15873015873015872	0.30158730158730157	0.2222222222222222	0.3968253968253968
act/3	last	proj	2	15	False	False	asc	1	0.14285714285714285	0.36507936507936506	0.2222222222222222	0.42857142857142855
act/3	last	proj	1	18	False	False	asc	1	0.2222222222222222	0.4126984126984127	0.2222222222222222	0.4126984126984127
act/3	last	proj	2	17	False	True	asc	1	0.15873015873015872	0.3492063492063492	0.2222222222222222	0.3968253968253968
act/15	last	proj	2	6	True	True	asc	1	0.20634920634920634	0.5079365079365079	0.2222222222222222	0.5238095238095238
act/31_normed	last	proj	2	7	True	False	asc	1	0.15873015873015872	0.4444444444444444	0.2222222222222222	0.49206349206349204
act/7	last	proj	13	16	False	False	asc	1	0.09523809523809523	0.31746031746031744	0.2222222222222222	0.3492063492063492
act/31	last	proj	9	14	True	True	asc	1	0.09523809523809523	0.36507936507936506	0.2222222222222222	0.47619047619047616
act/31_normed	last	proj	4	7	True	True	asc	1	0.12698412698412698	0.4444444444444444	0.2222222222222222	0.47619047619047616
act/7	last	proj	13	16	False	True	asc	1	0.09523809523809523	0.30158730158730157	0.2222222222222222	0.36507936507936506
act/3	last	proj	9	20	False	False	asc	1	0.1746031746031746	0.3492063492063492	0.2222222222222222	0.4444444444444444
act/7	last	proj	10	14	False	True	asc	1	0.12698412698412698	0.31746031746031744	0.2222222222222222	0.42857142857142855
act/3	last	proj	9	20	True	False	asc	1	0.15873015873015872	0.31746031746031744	0.2222222222222222	0.4603174603174603
act/3	last	proj	2	18	False	True	asc	1	0.1746031746031746	0.36507936507936506	0.2222222222222222	0.4126984126984127
act/7	last	proj	2	18	True	True	asc	1	0.12698412698412698	0.3968253968253968	0.2222222222222222	0.42857142857142855
act/7	last	proj	5	6	False	False	asc	1	0.30158730158730157	0.4603174603174603	0.2222222222222222	0.5238095238095238
act/3	last	proj	2	16	False	True	asc	1	0.15873015873015872	0.3492063492063492	0.2222222222222222	0.4126984126984127
act/3	last	proj	2	12	False	True	asc	1	0.19047619047619047	0.4126984126984127	0.2222222222222222	0.4126984126984127
act/7	last	proj	2	5	True	True	asc	1	0.2857142857142857	0.5555555555555556	0.2222222222222222	0.5238095238095238
act/7	last	proj	8	15	True	True	asc	1	0.15873015873015872	0.49206349206349204	0.2222222222222222	0.4444444444444444
act/3	last	proj	2	11	False	True	asc	1	0.23809523809523808	0.4603174603174603	0.2222222222222222	0.42857142857142855
act/7	last	proj	4	5	True	False	asc	1	0.20634920634920634	0.4126984126984127	0.2222222222222222	0.5238095238095238
act/3	last	proj	1	8	False	False	asc	1	0.36507936507936506	0.5396825396825397	0.2222222222222222	0.4126984126984127
act/7	last	proj	4	5	True	True	asc	1	0.20634920634920634	0.4126984126984127	0.2222222222222222	0.5238095238095238
act/7	last	proj	4	6	False	False	asc	1	0.2222222222222222	0.4444444444444444	0.2222222222222222	0.4603174603174603
act/31	last	proj	4	5	False	True	asc	1	0.12698412698412698	0.25396825396825395	0.2222222222222222	0.3333333333333333
act/31	last	proj	4	5	False	False	asc	1	0.12698412698412698	0.25396825396825395	0.2222222222222222	0.3333333333333333
act/3	last	proj	1	17	True	False	asc	1	0.1111111111111111	0.4603174603174603	0.2222222222222222	0.3968253968253968
act/3	last	proj	1	7	False	False	asc	1	0.3968253968253968	0.5396825396825397	0.2222222222222222	0.47619047619047616
act/7	last	proj	9	14	True	True	asc	1	0.1746031746031746	0.3968253968253968	0.2222222222222222	0.4444444444444444
act/3	last	proj	7	16	True	True	asc	1	0.19047619047619047	0.4126984126984127	0.2222222222222222	0.5238095238095238
act/3	last	proj	7	16	True	False	asc	1	0.1746031746031746	0.3968253968253968	0.2222222222222222	0.5079365079365079
act/31	last	proj	3	7	True	True	asc	1	0.14285714285714285	0.4444444444444444	0.2222222222222222	0.49206349206349204
act/3	last	proj	8	13	True	False	asc	1	0.19047619047619047	0.36507936507936506	0.2222222222222222	0.42857142857142855
act/31	last	proj	2	6	True	True	asc	1	0.20634920634920634	0.47619047619047616	0.2222222222222222	0.5238095238095238
act/7	last	proj	9	13	False	True	asc	1	0.1746031746031746	0.3333333333333333	0.2222222222222222	0.4126984126984127
act/7	last	proj	9	18	False	True	asc	1	0.19047619047619047	0.4126984126984127	0.2222222222222222	0.4444444444444444
act/3	last	proj	7	12	True	True	asc	1	0.25396825396825395	0.42857142857142855	0.2222222222222222	0.47619047619047616
act/3	last	proj	7	14	True	False	asc	1	0.1746031746031746	0.38095238095238093	0.2222222222222222	0.47619047619047616
act/3	last	proj	7	12	True	False	asc	1	0.2222222222222222	0.38095238095238093	0.2222222222222222	0.47619047619047616
act/3	last	proj	7	14	True	True	asc	1	0.19047619047619047	0.38095238095238093	0.2222222222222222	0.4603174603174603
act/7	last	proj	9	16	False	False	asc	1	0.15873015873015872	0.38095238095238093	0.2222222222222222	0.47619047619047616
act/7	last	proj	9	16	False	True	asc	1	0.15873015873015872	0.42857142857142855	0.2222222222222222	0.4444444444444444
act/3	last	proj	9	14	False	True	asc	1	0.23809523809523808	0.4444444444444444	0.2222222222222222	0.5238095238095238
act/3	last	proj	9	20	False	True	asc	1	0.12698412698412698	0.30158730158730157	0.2222222222222222	0.4444444444444444
act/15	last	proj	16	18	False	True	asc	1	0.15873015873015872	0.3492063492063492	0.2222222222222222	0.4126984126984127
act/11	last	proj	15	19	False	True	asc	1	0.2222222222222222	0.3968253968253968	0.2222222222222222	0.4603174603174603
act/7	last	proj	3	5	True	False	asc	1	0.19047619047619047	0.4444444444444444	0.2222222222222222	0.49206349206349204
act/31	last	proj	0	9	True	True	asc	1	0.2222222222222222	0.38095238095238093	0.2222222222222222	0.3968253968253968
act/7	last	proj	2	17	True	True	asc	1	0.14285714285714285	0.3968253968253968	0.2222222222222222	0.42857142857142855
act/7	last	proj	2	19	True	True	asc	1	0.09523809523809523	0.36507936507936506	0.2222222222222222	0.42857142857142855
act/7	last	proj	13	15	False	False	asc	1	0.14285714285714285	0.3492063492063492	0.2222222222222222	0.42857142857142855
act/7	last	proj	12	15	True	False	asc	1	0.1746031746031746	0.4444444444444444	0.2222222222222222	0.5238095238095238
act/7	last	proj	12	15	True	True	asc	1	0.1746031746031746	0.4444444444444444	0.2222222222222222	0.5238095238095238
act/31_normed	last	proj	2	9	True	False	asc	1	0.23809523809523808	0.47619047619047616	0.2222222222222222	0.5238095238095238
act/31_normed	last	proj	3	9	True	True	asc	1	0.19047619047619047	0.4603174603174603	0.2222222222222222	0.47619047619047616
act/11	last	proj	2	7	False	True	asc	1	0.14285714285714285	0.42857142857142855	0.2222222222222222	0.5079365079365079
act/7	last	proj	8	16	False	False	asc	1	0.12698412698412698	0.38095238095238093	0.2222222222222222	0.4444444444444444
act/3	last	proj	9	16	True	True	asc	1	0.20634920634920634	0.36507936507936506	0.2222222222222222	0.49206349206349204
act/7	last	proj	1	18	False	False	asc	1	0.15873015873015872	0.4126984126984127	0.2222222222222222	0.42857142857142855
act/7	last	proj	1	19	False	False	asc	1	0.15873015873015872	0.4126984126984127	0.2222222222222222	0.42857142857142855
act/15	last	proj	17	20	False	True	asc	1	0.2222222222222222	0.5079365079365079	0.2222222222222222	0.47619047619047616
act/31_normed	last	proj	1	12	True	True	asc	1	0.07936507936507936	0.3968253968253968	0.2222222222222222	0.49206349206349204
act/15	last	proj	3	6	True	True	asc	1	0.20634920634920634	0.49206349206349204	0.2222222222222222	0.47619047619047616
act/31_normed	last	proj	1	10	True	True	asc	1	0.09523809523809523	0.38095238095238093	0.2222222222222222	0.49206349206349204
act/31_normed	last	proj	1	11	True	False	asc	1	0.09523809523809523	0.42857142857142855	0.2222222222222222	0.5238095238095238
act/31_normed	last	proj	1	6	True	False	asc	1	0.12698412698412698	0.3968253968253968	0.2222222222222222	0.4603174603174603
act/31	last	proj	2	8	False	True	asc	1	0.15873015873015872	0.4603174603174603	0.2222222222222222	0.4444444444444444
act/31	last	proj	2	8	False	False	asc	1	0.12698412698412698	0.38095238095238093	0.2222222222222222	0.49206349206349204
act/3	last	proj	4	20	False	False	asc	1	0.1746031746031746	0.4444444444444444	0.2222222222222222	0.4603174603174603
act/3	last	proj	2	20	False	True	asc	1	0.15873015873015872	0.36507936507936506	0.2222222222222222	0.4603174603174603
act/15	last	proj	12	13	False	False	asc	1	0.1746031746031746	0.3333333333333333	0.2222222222222222	0.36507936507936506
act/7	last	proj	13	15	False	True	asc	1	0.14285714285714285	0.3492063492063492	0.2222222222222222	0.42857142857142855
act/27	last	proj	1	10	False	False	asc	1	0.06349206349206349	0.25396825396825395	0.2222222222222222	0.4126984126984127
act/31_normed	last	proj	2	6	True	True	asc	1	0.1746031746031746	0.4603174603174603	0.2222222222222222	0.42857142857142855
act/7	last	proj	5	6	False	True	asc	1	0.30158730158730157	0.4603174603174603	0.2222222222222222	0.5238095238095238
act/15	last	proj	11	14	False	False	asc	1	0.19047619047619047	0.4603174603174603	0.2222222222222222	0.4126984126984127
act/3	last	proj	9	13	False	False	asc	1	0.20634920634920634	0.4126984126984127	0.2222222222222222	0.5079365079365079
act/7	last	norm_l1	0	0	True	False	asc	1	0.15873015873015872	0.4444444444444444	0.2222222222222222	0.47619047619047616
act/3	last	proj	1	16	False	False	asc	1	0.20634920634920634	0.3968253968253968	0.2222222222222222	0.3968253968253968
act/3	last	proj	1	10	False	False	asc	1	0.3492063492063492	0.5396825396825397	0.2222222222222222	0.42857142857142855
act/23	last	proj	0	7	True	False	asc	1	0.15873015873015872	0.3968253968253968	0.2222222222222222	0.4603174603174603
act/15	last	proj	2	19	True	True	asc	1	0.1746031746031746	0.47619047619047616	0.2222222222222222	0.49206349206349204
act/27	last	proj	1	9	False	False	asc	1	0.047619047619047616	0.30158730158730157	0.2222222222222222	0.4444444444444444
act/3	last	proj	9	13	True	True	asc	1	0.2222222222222222	0.3968253968253968	0.2222222222222222	0.49206349206349204
act/3	last	proj	10	19	True	True	asc	1	0.12698412698412698	0.3333333333333333	0.2222222222222222	0.42857142857142855
act/15	last	proj	11	14	False	True	asc	1	0.1746031746031746	0.4444444444444444	0.2222222222222222	0.4126984126984127
act/15	last	proj	17	20	False	False	asc	1	0.2222222222222222	0.5079365079365079	0.2222222222222222	0.47619047619047616
act/7	last	proj	1	13	True	False	asc	1	0.09523809523809523	0.3968253968253968	0.2222222222222222	0.4603174603174603
act/7	last	proj	2	20	True	True	asc	1	0.09523809523809523	0.36507936507936506	0.2222222222222222	0.42857142857142855
act/15	last	proj	12	13	False	True	asc	1	0.1746031746031746	0.3333333333333333	0.2222222222222222	0.36507936507936506
act/3	last	proj	9	11	True	True	asc	1	0.19047619047619047	0.3968253968253968	0.2222222222222222	0.4444444444444444
act/3	last	proj	9	16	True	False	asc	1	0.20634920634920634	0.36507936507936506	0.2222222222222222	0.49206349206349204
act/11	last	proj	15	19	True	False	asc	1	0.20634920634920634	0.5079365079365079	0.2222222222222222	0.47619047619047616
act/11	last	proj	15	19	True	True	asc	1	0.20634920634920634	0.5079365079365079	0.2222222222222222	0.47619047619047616
act/15	last	proj	3	6	True	False	asc	1	0.2222222222222222	0.49206349206349204	0.2222222222222222	0.47619047619047616
act/3	last	proj	10	19	True	False	asc	1	0.14285714285714285	0.3333333333333333	0.2222222222222222	0.4126984126984127
act/3	last	proj	10	18	True	True	asc	1	0.12698412698412698	0.3492063492063492	0.2222222222222222	0.42857142857142855
act/11	last	proj	14	19	True	False	asc	1	0.15873015873015872	0.42857142857142855	0.2222222222222222	0.47619047619047616
act/7	last	proj	1	14	True	False	asc	1	0.09523809523809523	0.42857142857142855	0.2222222222222222	0.4603174603174603
act/31	last	proj	1	9	True	True	asc	1	0.12698412698412698	0.4444444444444444	0.2222222222222222	0.5079365079365079
act/7	last	proj	9	19	False	False	asc	1	0.19047619047619047	0.47619047619047616	0.2222222222222222	0.4444444444444444
act/27	last	proj	0	8	True	False	asc	1	0.19047619047619047	0.3968253968253968	0.2222222222222222	0.4444444444444444
act/31	last	proj	3	8	True	False	asc	1	0.19047619047619047	0.49206349206349204	0.2222222222222222	0.47619047619047616
act/15	last	proj	4	6	True	False	asc	1	0.23809523809523808	0.4603174603174603	0.2222222222222222	0.4603174603174603
act/31_normed	last	proj	3	8	False	False	asc	1	0.15873015873015872	0.4444444444444444	0.2222222222222222	0.49206349206349204
act/7	last	proj	3	6	False	False	asc	1	0.20634920634920634	0.49206349206349204	0.2222222222222222	0.5079365079365079
act/3	last	proj	8	19	True	False	asc	1	0.19047619047619047	0.4126984126984127	0.2222222222222222	0.4603174603174603
act/27	last	proj	0	7	True	False	asc	1	0.19047619047619047	0.4126984126984127	0.2222222222222222	0.4603174603174603
act/27	last	proj	0	6	True	True	asc	1	0.19047619047619047	0.3968253968253968	0.2222222222222222	0.4444444444444444
act/3	last	proj	7	11	True	False	asc	1	0.2222222222222222	0.4444444444444444	0.2222222222222222	0.49206349206349204
act/31	last	proj	1	5	True	False	asc	1	0.12698412698412698	0.3968253968253968	0.2222222222222222	0.47619047619047616
act/7	last	proj	8	12	True	True	asc	1	0.14285714285714285	0.2857142857142857	0.2222222222222222	0.36507936507936506
act/3	last	proj	1	19	True	False	asc	1	0.15873015873015872	0.4603174603174603	0.2222222222222222	0.42857142857142855
act/3	last	proj	1	18	True	False	asc	1	0.14285714285714285	0.4444444444444444	0.2222222222222222	0.3968253968253968
act/3	last	proj	0	20	False	True	asc	1	0.15873015873015872	0.31746031746031744	0.20634920634920634	0.5238095238095238
act/3	last	proj	1	18	True	True	asc	1	0.14285714285714285	0.4126984126984127	0.20634920634920634	0.38095238095238093
act/3	last	proj	1	19	True	True	asc	1	0.14285714285714285	0.42857142857142855	0.20634920634920634	0.3968253968253968
act/19	last	proj	19	20	True	True	asc	1	0.19047619047619047	0.42857142857142855	0.20634920634920634	0.42857142857142855
act/19	last	proj	19	20	True	False	asc	1	0.19047619047619047	0.42857142857142855	0.20634920634920634	0.42857142857142855
act/3	last	proj	1	12	True	False	asc	1	0.09523809523809523	0.38095238095238093	0.20634920634920634	0.38095238095238093
act/3	last	norm_l1	0	0	True	False	asc	1	0.15873015873015872	0.38095238095238093	0.20634920634920634	0.42857142857142855
act/15	last	proj	4	7	False	False	asc	1	0.14285714285714285	0.42857142857142855	0.20634920634920634	0.42857142857142855
act/3	last	proj	0	1	False	True	asc	1	0.15873015873015872	0.31746031746031744	0.20634920634920634	0.5238095238095238
act/3	last	proj	0	1	False	False	asc	1	0.15873015873015872	0.31746031746031744	0.20634920634920634	0.5238095238095238
act/3	last	proj	0	2	False	True	asc	1	0.15873015873015872	0.31746031746031744	0.20634920634920634	0.5238095238095238
act/3	last	proj	0	2	False	False	asc	1	0.1746031746031746	0.3333333333333333	0.20634920634920634	0.5396825396825397
act/3	last	proj	0	3	False	True	asc	1	0.15873015873015872	0.31746031746031744	0.20634920634920634	0.5238095238095238
act/3	last	proj	0	18	False	False	asc	1	0.15873015873015872	0.31746031746031744	0.20634920634920634	0.5238095238095238
act/15	last	proj	5	10	False	True	asc	1	0.1746031746031746	0.42857142857142855	0.20634920634920634	0.4603174603174603
act/3	last	proj	4	6	False	False	asc	1	0.19047619047619047	0.36507936507936506	0.20634920634920634	0.5079365079365079
act/3	last	proj	0	5	False	False	asc	1	0.1746031746031746	0.3333333333333333	0.20634920634920634	0.5396825396825397
act/3	last	proj	0	6	False	True	asc	1	0.15873015873015872	0.31746031746031744	0.20634920634920634	0.5238095238095238
act/3	last	proj	0	6	False	False	asc	1	0.1746031746031746	0.3333333333333333	0.20634920634920634	0.5396825396825397
act/3	last	proj	0	7	False	True	asc	1	0.15873015873015872	0.31746031746031744	0.20634920634920634	0.5238095238095238
act/3	last	proj	0	7	False	False	asc	1	0.15873015873015872	0.31746031746031744	0.20634920634920634	0.5238095238095238
act/3	last	proj	0	12	False	True	asc	1	0.15873015873015872	0.31746031746031744	0.20634920634920634	0.5238095238095238
act/3	last	proj	0	8	False	True	asc	1	0.15873015873015872	0.31746031746031744	0.20634920634920634	0.5238095238095238
act/3	last	proj	4	6	False	True	asc	1	0.19047619047619047	0.36507936507936506	0.20634920634920634	0.5079365079365079
act/3	last	proj	2	11	False	False	asc	1	0.12698412698412698	0.42857142857142855	0.20634920634920634	0.38095238095238093
act/3	last	proj	3	19	False	False	asc	1	0.15873015873015872	0.4444444444444444	0.20634920634920634	0.4444444444444444
act/3	last	proj	3	20	False	False	asc	1	0.15873015873015872	0.4444444444444444	0.20634920634920634	0.47619047619047616
act/11	last	proj	10	16	False	True	asc	1	0.15873015873015872	0.2698412698412698	0.20634920634920634	0.3492063492063492
act/23	last	proj	3	12	True	True	asc	1	0.23809523809523808	0.3968253968253968	0.20634920634920634	0.4126984126984127
act/23	last	proj	3	7	True	False	asc	1	0.1746031746031746	0.4126984126984127	0.20634920634920634	0.4603174603174603
act/7	last	proj	8	18	True	False	asc	1	0.1746031746031746	0.49206349206349204	0.20634920634920634	0.4603174603174603
act/11	last	proj	10	19	False	True	asc	1	0.1111111111111111	0.30158730158730157	0.20634920634920634	0.38095238095238093
act/27	last	proj	7	9	False	False	asc	1	0.14285714285714285	0.31746031746031744	0.20634920634920634	0.3968253968253968
act/7	last	proj	8	16	True	True	asc	1	0.19047619047619047	0.47619047619047616	0.20634920634920634	0.42857142857142855
act/7	last	proj	8	10	True	True	asc	1	0.047619047619047616	0.38095238095238093	0.20634920634920634	0.4126984126984127
act/7	last	proj	8	10	True	False	asc	1	0.047619047619047616	0.38095238095238093	0.20634920634920634	0.38095238095238093
act/3	last	proj	7	9	True	True	asc	1	0.1746031746031746	0.42857142857142855	0.20634920634920634	0.3968253968253968
act/7	last	proj	8	14	True	False	asc	1	0.14285714285714285	0.38095238095238093	0.20634920634920634	0.3968253968253968
act/31	last	proj	2	6	True	False	asc	1	0.2222222222222222	0.4603174603174603	0.20634920634920634	0.49206349206349204
act/3	last	proj	8	14	False	False	asc	1	0.19047619047619047	0.42857142857142855	0.20634920634920634	0.4444444444444444
act/31_normed	last	proj	0	8	True	False	asc	1	0.15873015873015872	0.4126984126984127	0.20634920634920634	0.42857142857142855
act/7	last	proj	3	5	True	True	asc	1	0.1746031746031746	0.4444444444444444	0.20634920634920634	0.47619047619047616
act/31_normed	last	proj	2	9	False	True	asc	1	0.047619047619047616	0.3333333333333333	0.20634920634920634	0.49206349206349204
act/15	last	proj	10	12	True	True	asc	1	0.2222222222222222	0.4444444444444444	0.20634920634920634	0.36507936507936506
act/27	last	proj	0	20	True	True	asc	1	0.20634920634920634	0.3968253968253968	0.20634920634920634	0.4126984126984127
act/27	last	proj	0	2	True	False	asc	1	0.1111111111111111	0.31746031746031744	0.20634920634920634	0.49206349206349204
act/31_normed	last	proj	1	10	True	False	asc	1	0.12698412698412698	0.47619047619047616	0.20634920634920634	0.5079365079365079
act/31	last	proj	3	8	True	True	asc	1	0.14285714285714285	0.4444444444444444	0.20634920634920634	0.4603174603174603
act/11	last	proj	16	19	True	False	asc	1	0.14285714285714285	0.4603174603174603	0.20634920634920634	0.42857142857142855
act/3	last	proj	9	11	True	False	asc	1	0.19047619047619047	0.3968253968253968	0.20634920634920634	0.4444444444444444
act/3	last	proj	9	12	True	True	asc	1	0.1746031746031746	0.3968253968253968	0.20634920634920634	0.5079365079365079
act/3	last	proj	9	13	True	False	asc	1	0.2222222222222222	0.38095238095238093	0.20634920634920634	0.47619047619047616
act/31_normed	last	proj	4	7	False	True	asc	1	0.12698412698412698	0.38095238095238093	0.20634920634920634	0.4603174603174603
act/31_normed	last	proj	4	8	False	True	asc	1	0.15873015873015872	0.4444444444444444	0.20634920634920634	0.4444444444444444
act/3	last	proj	8	14	False	True	asc	1	0.20634920634920634	0.4126984126984127	0.20634920634920634	0.4603174603174603
act/27	last	proj	4	7	False	True	asc	1	0.07936507936507936	0.38095238095238093	0.20634920634920634	0.47619047619047616
act/31	last	proj	1	7	True	True	asc	1	0.12698412698412698	0.4444444444444444	0.20634920634920634	0.49206349206349204
act/31	last	proj	1	7	True	False	asc	1	0.15873015873015872	0.42857142857142855	0.20634920634920634	0.5079365079365079
act/31	last	proj	1	8	True	True	asc	1	0.12698412698412698	0.4603174603174603	0.20634920634920634	0.47619047619047616
act/27	last	proj	4	11	False	False	asc	1	0.12698412698412698	0.31746031746031744	0.20634920634920634	0.3968253968253968
act/31	last	proj	1	8	True	False	asc	1	0.15873015873015872	0.4603174603174603	0.20634920634920634	0.5238095238095238
act/11	last	proj	14	18	True	True	asc	1	0.15873015873015872	0.4126984126984127	0.20634920634920634	0.4444444444444444
act/31	last	proj	4	7	True	True	asc	1	0.15873015873015872	0.4444444444444444	0.20634920634920634	0.4603174603174603
act/27	last	proj	4	7	False	False	asc	1	0.07936507936507936	0.38095238095238093	0.20634920634920634	0.4603174603174603
act/31_normed	last	proj	3	9	False	False	asc	1	0.1746031746031746	0.42857142857142855	0.20634920634920634	0.49206349206349204
act/31_normed	last	proj	4	9	False	True	asc	1	0.1746031746031746	0.4603174603174603	0.20634920634920634	0.4444444444444444
act/15	last	proj	4	6	True	True	asc	1	0.2222222222222222	0.47619047619047616	0.20634920634920634	0.4603174603174603
act/15	last	proj	5	6	True	False	asc	1	0.2857142857142857	0.47619047619047616	0.20634920634920634	0.4444444444444444
act/27	last	proj	5	11	False	False	asc	1	0.14285714285714285	0.31746031746031744	0.20634920634920634	0.36507936507936506
act/15	last	proj	5	6	True	True	asc	1	0.2857142857142857	0.47619047619047616	0.20634920634920634	0.4444444444444444
act/3	last	proj	8	19	True	True	asc	1	0.19047619047619047	0.42857142857142855	0.20634920634920634	0.4444444444444444
act/3	last	proj	8	19	False	False	asc	1	0.15873015873015872	0.3968253968253968	0.20634920634920634	0.4444444444444444
act/27	last	proj	1	12	False	False	asc	1	0.07936507936507936	0.30158730158730157	0.20634920634920634	0.3968253968253968
act/3	last	proj	1	17	False	False	asc	1	0.20634920634920634	0.3968253968253968	0.20634920634920634	0.3968253968253968
act/27	last	proj	1	8	False	False	asc	1	0.047619047619047616	0.30158730158730157	0.20634920634920634	0.4444444444444444
act/27	last	proj	1	9	False	True	asc	1	0.09523809523809523	0.30158730158730157	0.20634920634920634	0.4444444444444444
act/31	last	proj	1	13	True	True	asc	1	0.1111111111111111	0.4444444444444444	0.20634920634920634	0.47619047619047616
act/27	last	proj	1	18	True	True	asc	1	0.15873015873015872	0.3492063492063492	0.20634920634920634	0.4126984126984127
act/7	last	norm_l2	0	0	True	False	asc	1	0.14285714285714285	0.4126984126984127	0.20634920634920634	0.47619047619047616
act/31	last	proj	2	6	False	False	asc	1	0.1111111111111111	0.36507936507936506	0.20634920634920634	0.47619047619047616
act/27	last	proj	6	9	False	True	asc	1	0.19047619047619047	0.36507936507936506	0.20634920634920634	0.3968253968253968
act/31_normed	last	proj	0	6	True	True	asc	1	0.15873015873015872	0.36507936507936506	0.20634920634920634	0.3968253968253968
act/15	last	proj	2	20	True	True	asc	1	0.15873015873015872	0.4603174603174603	0.20634920634920634	0.47619047619047616
act/7	last	proj	12	14	True	False	asc	1	0.14285714285714285	0.38095238095238093	0.20634920634920634	0.49206349206349204
act/27	last	proj	1	8	False	True	asc	1	0.07936507936507936	0.2857142857142857	0.20634920634920634	0.42857142857142855
act/23	last	proj	0	10	True	False	asc	1	0.15873015873015872	0.31746031746031744	0.20634920634920634	0.3492063492063492
act/23	last	proj	0	6	True	False	asc	1	0.12698412698412698	0.3968253968253968	0.20634920634920634	0.42857142857142855
act/15	last	proj	19	20	False	True	asc	1	0.1746031746031746	0.4126984126984127	0.20634920634920634	0.5079365079365079
act/19	last	proj	8	11	True	False	asc	1	0.14285714285714285	0.3333333333333333	0.20634920634920634	0.4126984126984127
act/11	last	proj	2	4	False	True	asc	1	0.25396825396825395	0.42857142857142855	0.20634920634920634	0.38095238095238093
act/7	last	proj	1	10	True	False	asc	1	0.14285714285714285	0.47619047619047616	0.20634920634920634	0.4444444444444444
act/31	last	proj	2	7	False	True	asc	1	0.14285714285714285	0.47619047619047616	0.20634920634920634	0.4126984126984127
act/27	last	proj	0	10	True	True	asc	1	0.15873015873015872	0.36507936507936506	0.20634920634920634	0.4126984126984127
act/27	last	proj	0	14	True	True	asc	1	0.20634920634920634	0.3968253968253968	0.20634920634920634	0.4126984126984127
act/3	last	proj	4	19	False	False	asc	1	0.1746031746031746	0.4444444444444444	0.20634920634920634	0.4444444444444444
act/31_normed	last	proj	1	11	True	True	asc	1	0.07936507936507936	0.38095238095238093	0.20634920634920634	0.49206349206349204
act/15	last	proj	10	12	True	False	asc	1	0.2222222222222222	0.4444444444444444	0.20634920634920634	0.36507936507936506
act/31_normed	last	proj	0	7	True	False	asc	1	0.15873015873015872	0.3968253968253968	0.20634920634920634	0.4126984126984127
act/31_normed	last	proj	1	6	True	True	asc	1	0.047619047619047616	0.36507936507936506	0.20634920634920634	0.4603174603174603
act/31_normed	last	proj	1	14	True	True	asc	1	0.07936507936507936	0.3968253968253968	0.20634920634920634	0.47619047619047616
act/31_normed	last	proj	1	7	True	False	asc	1	0.07936507936507936	0.4126984126984127	0.20634920634920634	0.5079365079365079
act/15	last	proj	12	14	False	True	asc	1	0.14285714285714285	0.3492063492063492	0.20634920634920634	0.3968253968253968
act/15	last	proj	19	20	False	False	asc	1	0.1746031746031746	0.4126984126984127	0.20634920634920634	0.5079365079365079
act/3	last	proj	2	10	False	True	asc	1	0.20634920634920634	0.4444444444444444	0.20634920634920634	0.42857142857142855
act/3	last	proj	2	18	False	False	asc	1	0.15873015873015872	0.4126984126984127	0.20634920634920634	0.4126984126984127
act/19	last	proj	0	3	True	False	asc	1	0.15873015873015872	0.3333333333333333	0.20634920634920634	0.3968253968253968
act/23	last	proj	3	13	True	True	asc	1	0.2222222222222222	0.4126984126984127	0.20634920634920634	0.3968253968253968
act/7	last	proj	3	6	False	True	asc	1	0.2222222222222222	0.5079365079365079	0.20634920634920634	0.5238095238095238
act/27	last	proj	1	17	True	True	asc	1	0.15873015873015872	0.3492063492063492	0.20634920634920634	0.4126984126984127
act/27	last	proj	0	5	True	False	asc	1	0.15873015873015872	0.2698412698412698	0.20634920634920634	0.38095238095238093
act/3	last	proj	2	9	False	True	asc	1	0.2222222222222222	0.4603174603174603	0.20634920634920634	0.42857142857142855
act/31	last	proj	2	8	True	False	asc	1	0.2222222222222222	0.47619047619047616	0.20634920634920634	0.49206349206349204
act/23	last	proj	7	11	True	True	asc	1	0.15873015873015872	0.36507936507936506	0.20634920634920634	0.3968253968253968
act/7	last	proj	8	16	False	True	asc	1	0.12698412698412698	0.38095238095238093	0.20634920634920634	0.4126984126984127
act/15	last	proj	1	3	True	False	asc	1	0.25396825396825395	0.49206349206349204	0.20634920634920634	0.42857142857142855
act/23	last	proj	3	14	True	True	asc	1	0.2857142857142857	0.4603174603174603	0.20634920634920634	0.36507936507936506
act/23	last	proj	2	5	True	False	asc	1	0.20634920634920634	0.4603174603174603	0.20634920634920634	0.5555555555555556
act/11	last	proj	2	6	False	True	asc	1	0.1746031746031746	0.5079365079365079	0.20634920634920634	0.49206349206349204
act/7	last	proj	2	5	True	False	asc	1	0.20634920634920634	0.4603174603174603	0.20634920634920634	0.49206349206349204
act/7	last	proj	12	14	True	True	asc	1	0.14285714285714285	0.38095238095238093	0.20634920634920634	0.49206349206349204
act/7	last	proj	12	16	True	True	asc	1	0.19047619047619047	0.4126984126984127	0.20634920634920634	0.3968253968253968
act/31	last	proj	1	11	True	True	asc	1	0.14285714285714285	0.4603174603174603	0.20634920634920634	0.47619047619047616
act/31	last	proj	1	12	True	True	asc	1	0.12698412698412698	0.4444444444444444	0.20634920634920634	0.47619047619047616
act/3	last	proj	3	18	True	False	asc	1	0.12698412698412698	0.4126984126984127	0.20634920634920634	0.3968253968253968
act/3	last	proj	0	15	False	True	asc	1	0.15873015873015872	0.31746031746031744	0.20634920634920634	0.5238095238095238
act/31_normed	last	proj	3	9	True	False	asc	1	0.19047619047619047	0.4603174603174603	0.20634920634920634	0.47619047619047616
act/31	last	proj	2	7	True	False	asc	1	0.20634920634920634	0.4603174603174603	0.20634920634920634	0.49206349206349204
act/7	last	proj	17	20	False	False	asc	1	0.14285714285714285	0.3333333333333333	0.20634920634920634	0.3968253968253968
act/7	last	proj	17	20	False	True	asc	1	0.14285714285714285	0.3333333333333333	0.20634920634920634	0.38095238095238093
act/7	last	proj	2	11	False	False	asc	1	0.14285714285714285	0.47619047619047616	0.20634920634920634	0.42857142857142855
act/7	last	proj	1	16	False	False	asc	1	0.14285714285714285	0.4444444444444444	0.20634920634920634	0.42857142857142855
act/27	last	proj	1	10	False	True	asc	1	0.06349206349206349	0.2698412698412698	0.20634920634920634	0.42857142857142855
act/27	last	proj	1	11	False	False	asc	1	0.09523809523809523	0.31746031746031744	0.20634920634920634	0.3968253968253968
act/31	last	proj	9	14	True	False	asc	1	0.07936507936507936	0.31746031746031744	0.20634920634920634	0.4126984126984127
act/7	last	proj	12	16	True	False	asc	1	0.19047619047619047	0.3968253968253968	0.20634920634920634	0.3968253968253968
act/3	last	proj	0	9	False	False	asc	1	0.15873015873015872	0.31746031746031744	0.20634920634920634	0.5238095238095238
act/3	last	proj	0	10	False	True	asc	1	0.15873015873015872	0.31746031746031744	0.20634920634920634	0.5238095238095238
act/3	last	proj	0	10	False	False	asc	1	0.15873015873015872	0.31746031746031744	0.20634920634920634	0.5238095238095238
act/3	last	proj	0	8	False	False	asc	1	0.15873015873015872	0.31746031746031744	0.20634920634920634	0.5238095238095238
act/3	last	proj	14	19	True	False	asc	1	0.09523809523809523	0.31746031746031744	0.20634920634920634	0.47619047619047616
act/3	last	proj	0	11	False	True	asc	1	0.15873015873015872	0.31746031746031744	0.20634920634920634	0.5238095238095238
act/3	last	proj	0	11	False	False	asc	1	0.15873015873015872	0.31746031746031744	0.20634920634920634	0.5238095238095238
act/3	last	proj	14	18	True	True	asc	1	0.1111111111111111	0.3333333333333333	0.20634920634920634	0.4603174603174603
act/27	last	proj	1	20	True	True	asc	1	0.14285714285714285	0.3333333333333333	0.20634920634920634	0.3968253968253968
act/31	last	proj	2	9	False	False	asc	1	0.12698412698412698	0.4126984126984127	0.20634920634920634	0.47619047619047616
act/3	last	proj	2	6	False	True	asc	1	0.2857142857142857	0.5079365079365079	0.20634920634920634	0.42857142857142855
act/3	last	proj	2	6	False	False	asc	1	0.2698412698412698	0.5079365079365079	0.20634920634920634	0.4444444444444444
act/31	last	proj	2	3	False	True	asc	1	0.12698412698412698	0.31746031746031744	0.20634920634920634	0.3492063492063492
act/31	last	proj	2	3	False	False	asc	1	0.12698412698412698	0.31746031746031744	0.20634920634920634	0.3492063492063492
act/15	last	proj	3	7	False	False	asc	1	0.20634920634920634	0.49206349206349204	0.20634920634920634	0.47619047619047616
act/3	last	proj	0	9	False	True	asc	1	0.15873015873015872	0.31746031746031744	0.20634920634920634	0.5238095238095238
act/27	last	proj	0	15	True	True	asc	1	0.20634920634920634	0.3968253968253968	0.20634920634920634	0.4126984126984127
act/19	last	proj	6	14	True	True	asc	1	0.14285714285714285	0.3968253968253968	0.20634920634920634	0.4603174603174603
act/11	last	proj	2	8	False	True	asc	1	0.15873015873015872	0.4444444444444444	0.20634920634920634	0.4603174603174603
act/27	last	proj	6	9	False	False	asc	1	0.20634920634920634	0.3492063492063492	0.20634920634920634	0.3968253968253968
act/3	last	proj	2	13	False	True	asc	1	0.20634920634920634	0.4126984126984127	0.20634920634920634	0.3968253968253968
act/3	last	proj	2	13	False	False	asc	1	0.14285714285714285	0.4126984126984127	0.20634920634920634	0.36507936507936506
act/3	last	proj	2	14	False	True	asc	1	0.20634920634920634	0.4126984126984127	0.20634920634920634	0.3968253968253968
act/27	last	proj	1	19	True	True	asc	1	0.1746031746031746	0.36507936507936506	0.20634920634920634	0.3968253968253968
act/11	last	proj	15	20	False	True	asc	1	0.1746031746031746	0.4444444444444444	0.20634920634920634	0.49206349206349204
act/3	last	proj	7	20	True	False	asc	1	0.15873015873015872	0.3333333333333333	0.20634920634920634	0.42857142857142855
act/31	last	proj	3	12	True	True	asc	1	0.20634920634920634	0.5079365079365079	0.20634920634920634	0.49206349206349204
act/3	last	proj	2	17	False	False	asc	1	0.14285714285714285	0.36507936507936506	0.20634920634920634	0.3968253968253968
act/3	last	proj	2	16	False	False	asc	1	0.14285714285714285	0.36507936507936506	0.20634920634920634	0.3968253968253968
act/19	last	proj	6	9	True	False	asc	1	0.19047619047619047	0.3968253968253968	0.20634920634920634	0.4444444444444444
act/23	last	proj	5	7	True	True	asc	1	0.15873015873015872	0.3968253968253968	0.20634920634920634	0.3968253968253968
act/19	last	proj	6	8	True	False	asc	1	0.19047619047619047	0.38095238095238093	0.20634920634920634	0.42857142857142855
act/3	last	proj	8	12	True	True	asc	1	0.2222222222222222	0.38095238095238093	0.20634920634920634	0.38095238095238093
act/3	last	proj	8	12	True	False	asc	1	0.2222222222222222	0.36507936507936506	0.20634920634920634	0.3968253968253968
act/7	last	proj	8	18	True	True	asc	1	0.19047619047619047	0.49206349206349204	0.20634920634920634	0.4603174603174603
act/7	last	proj	9	15	False	False	asc	1	0.15873015873015872	0.4603174603174603	0.20634920634920634	0.49206349206349204
act/11	last	proj	10	18	False	True	asc	1	0.1111111111111111	0.31746031746031744	0.20634920634920634	0.3492063492063492
act/11	last	proj	10	11	False	True	asc	1	0.06349206349206349	0.23809523809523808	0.20634920634920634	0.3968253968253968
act/11	last	proj	10	11	False	False	asc	1	0.06349206349206349	0.23809523809523808	0.20634920634920634	0.3968253968253968
act/11	last	proj	10	18	False	False	asc	1	0.1111111111111111	0.31746031746031744	0.20634920634920634	0.38095238095238093
act/7	last	proj	1	6	False	False	asc	1	0.23809523809523808	0.5396825396825397	0.20634920634920634	0.47619047619047616
act/23	last	proj	1	11	True	True	asc	1	0.1746031746031746	0.3968253968253968	0.20634920634920634	0.38095238095238093
act/23	last	proj	2	6	True	True	asc	1	0.20634920634920634	0.5079365079365079	0.20634920634920634	0.42857142857142855
act/23	last	proj	2	6	True	False	asc	1	0.2222222222222222	0.49206349206349204	0.20634920634920634	0.4126984126984127
act/7	last	proj	9	13	False	False	asc	1	0.1746031746031746	0.3492063492063492	0.20634920634920634	0.4126984126984127
act/23	last	proj	5	7	True	False	asc	1	0.15873015873015872	0.3968253968253968	0.20634920634920634	0.3968253968253968
act/7	last	proj	8	20	False	False	asc	1	0.12698412698412698	0.4126984126984127	0.20634920634920634	0.4603174603174603
act/7	last	proj	9	14	True	False	asc	1	0.1746031746031746	0.3968253968253968	0.20634920634920634	0.4444444444444444
act/11	last	proj	9	18	True	False	asc	1	0.1111111111111111	0.25396825396825395	0.20634920634920634	0.4444444444444444
act/11	last	proj	9	19	True	False	asc	1	0.1111111111111111	0.31746031746031744	0.20634920634920634	0.4126984126984127
act/3	last	proj	0	3	False	False	asc	1	0.1746031746031746	0.3333333333333333	0.20634920634920634	0.5396825396825397
act/3	last	proj	0	4	False	False	asc	1	0.1746031746031746	0.3333333333333333	0.20634920634920634	0.5396825396825397
act/3	last	proj	0	5	False	True	asc	1	0.15873015873015872	0.31746031746031744	0.20634920634920634	0.5238095238095238
act/3	last	proj	9	14	False	False	asc	1	0.23809523809523808	0.4444444444444444	0.20634920634920634	0.5079365079365079
act/19	last	proj	3	6	True	False	asc	1	0.14285714285714285	0.36507936507936506	0.20634920634920634	0.38095238095238093
act/3	last	proj	2	14	False	False	asc	1	0.15873015873015872	0.4126984126984127	0.20634920634920634	0.36507936507936506
act/3	last	proj	0	12	False	False	asc	1	0.15873015873015872	0.31746031746031744	0.20634920634920634	0.5238095238095238
act/3	last	proj	9	10	False	True	asc	1	0.19047619047619047	0.3968253968253968	0.20634920634920634	0.49206349206349204
act/3	last	proj	9	10	False	False	asc	1	0.19047619047619047	0.3968253968253968	0.20634920634920634	0.49206349206349204
act/7	last	proj	2	15	True	True	asc	1	0.14285714285714285	0.38095238095238093	0.20634920634920634	0.4126984126984127
act/31_normed	last	proj	3	4	True	False	asc	1	0.20634920634920634	0.3968253968253968	0.20634920634920634	0.38095238095238093
act/3	last	proj	0	15	False	False	asc	1	0.15873015873015872	0.31746031746031744	0.20634920634920634	0.5238095238095238
act/3	last	proj	0	16	False	True	asc	1	0.15873015873015872	0.31746031746031744	0.20634920634920634	0.5238095238095238
act/31_normed	last	proj	3	4	True	True	asc	1	0.20634920634920634	0.3968253968253968	0.20634920634920634	0.38095238095238093
act/3	last	proj	0	14	False	False	asc	1	0.15873015873015872	0.31746031746031744	0.20634920634920634	0.5238095238095238
act/31	last	proj	0	10	True	True	asc	1	0.23809523809523808	0.3968253968253968	0.20634920634920634	0.3968253968253968
act/3	last	proj	1	15	True	False	asc	1	0.09523809523809523	0.4126984126984127	0.20634920634920634	0.38095238095238093
act/27	last	proj	0	18	True	True	asc	1	0.20634920634920634	0.4126984126984127	0.20634920634920634	0.42857142857142855
act/27	last	proj	0	19	True	True	asc	1	0.20634920634920634	0.4126984126984127	0.20634920634920634	0.3968253968253968
act/27	last	proj	0	17	True	True	asc	1	0.20634920634920634	0.4126984126984127	0.20634920634920634	0.4126984126984127
act/3	last	proj	0	19	False	False	asc	1	0.15873015873015872	0.31746031746031744	0.20634920634920634	0.5238095238095238
act/3	last	norm_l2	0	0	False	False	asc	1	0.15873015873015872	0.3333333333333333	0.20634920634920634	0.5079365079365079
act/31	last	proj	5	7	False	True	asc	1	0.09523809523809523	0.38095238095238093	0.20634920634920634	0.38095238095238093
act/31	last	proj	5	7	False	False	asc	1	0.09523809523809523	0.3968253968253968	0.20634920634920634	0.38095238095238093
act/31	last	proj	4	7	False	False	asc	1	0.14285714285714285	0.42857142857142855	0.20634920634920634	0.4444444444444444
act/31_normed	last	proj	4	8	True	True	asc	1	0.12698412698412698	0.4444444444444444	0.20634920634920634	0.47619047619047616
act/31_normed	last	proj	4	8	True	False	asc	1	0.14285714285714285	0.4444444444444444	0.20634920634920634	0.4444444444444444
act/3	last	proj	0	16	False	False	asc	1	0.15873015873015872	0.31746031746031744	0.20634920634920634	0.5238095238095238
act/3	last	proj	0	13	False	False	asc	1	0.15873015873015872	0.31746031746031744	0.20634920634920634	0.5238095238095238
act/3	last	proj	0	14	False	True	asc	1	0.15873015873015872	0.31746031746031744	0.20634920634920634	0.5238095238095238
act/15	last	proj	5	7	False	True	asc	1	0.20634920634920634	0.42857142857142855	0.20634920634920634	0.4126984126984127
act/15	last	proj	5	7	False	False	asc	1	0.2222222222222222	0.42857142857142855	0.20634920634920634	0.4126984126984127
act/3	last	proj	0	17	False	False	asc	1	0.15873015873015872	0.31746031746031744	0.20634920634920634	0.5238095238095238
act/3	last	proj	0	18	False	True	asc	1	0.15873015873015872	0.31746031746031744	0.20634920634920634	0.5238095238095238
act/15	last	proj	6	7	False	True	asc	1	0.2698412698412698	0.47619047619047616	0.20634920634920634	0.42857142857142855
act/15	last	proj	6	7	False	False	asc	1	0.2698412698412698	0.47619047619047616	0.20634920634920634	0.42857142857142855
act/3	last	proj	0	20	False	False	asc	1	0.15873015873015872	0.31746031746031744	0.20634920634920634	0.5396825396825397
act/3	last	proj	0	19	False	True	asc	1	0.15873015873015872	0.31746031746031744	0.20634920634920634	0.5238095238095238
act/7	last	proj	3	6	True	False	asc	1	0.15873015873015872	0.38095238095238093	0.20634920634920634	0.4603174603174603
act/7	last	proj	2	16	True	True	asc	1	0.12698412698412698	0.3968253968253968	0.20634920634920634	0.4126984126984127
act/7	last	proj	3	15	True	True	asc	1	0.09523809523809523	0.36507936507936506	0.20634920634920634	0.42857142857142855
act/23	last	proj	3	7	False	True	asc	1	0.09523809523809523	0.3333333333333333	0.20634920634920634	0.3968253968253968
act/3	last	proj	0	13	False	True	asc	1	0.15873015873015872	0.31746031746031744	0.20634920634920634	0.5238095238095238
act/3	last	proj	9	19	False	True	asc	1	0.14285714285714285	0.3492063492063492	0.20634920634920634	0.4603174603174603
act/3	last	proj	0	17	False	True	asc	1	0.15873015873015872	0.31746031746031744	0.20634920634920634	0.5238095238095238
act/3	last	proj	0	4	False	True	asc	1	0.15873015873015872	0.31746031746031744	0.20634920634920634	0.5238095238095238
act/27	last	proj	0	6	True	False	asc	1	0.19047619047619047	0.42857142857142855	0.20634920634920634	0.42857142857142855
act/7	last	proj	10	15	False	True	asc	1	0.1746031746031746	0.3968253968253968	0.20634920634920634	0.4126984126984127
act/7	last	proj	10	15	False	False	asc	1	0.1746031746031746	0.4126984126984127	0.20634920634920634	0.42857142857142855
act/19	last	proj	6	11	True	False	asc	1	0.1746031746031746	0.36507936507936506	0.20634920634920634	0.4444444444444444
act/23	last	proj	3	6	True	False	asc	1	0.23809523809523808	0.49206349206349204	0.20634920634920634	0.42857142857142855
act/3	last	proj	8	16	True	False	asc	1	0.1746031746031746	0.36507936507936506	0.20634920634920634	0.47619047619047616
act/3	last	proj	8	17	True	True	asc	1	0.15873015873015872	0.36507936507936506	0.20634920634920634	0.4444444444444444
act/27	last	proj	8	13	False	True	asc	1	0.20634920634920634	0.4444444444444444	0.20634920634920634	0.36507936507936506
act/27	last	proj	5	7	True	False	asc	1	0.14285714285714285	0.3968253968253968	0.20634920634920634	0.4444444444444444
act/27	last	proj	0	12	True	True	asc	1	0.1746031746031746	0.36507936507936506	0.20634920634920634	0.4126984126984127
act/7	last	proj	8	13	True	True	asc	1	0.15873015873015872	0.3968253968253968	0.20634920634920634	0.38095238095238093
act/23	last	proj	3	5	True	True	asc	1	0.20634920634920634	0.4444444444444444	0.20634920634920634	0.4444444444444444
act/27	last	proj	0	9	True	True	asc	1	0.1746031746031746	0.38095238095238093	0.20634920634920634	0.42857142857142855
act/27	last	proj	0	11	True	True	asc	1	0.1746031746031746	0.36507936507936506	0.20634920634920634	0.4126984126984127
act/27	last	proj	0	7	True	True	asc	1	0.1746031746031746	0.38095238095238093	0.20634920634920634	0.42857142857142855
act/27	last	proj	0	13	True	True	asc	1	0.1746031746031746	0.38095238095238093	0.20634920634920634	0.3968253968253968
act/3	last	proj	7	8	True	False	asc	1	0.19047619047619047	0.4126984126984127	0.20634920634920634	0.4444444444444444
act/3	last	proj	7	9	True	False	asc	1	0.1746031746031746	0.42857142857142855	0.20634920634920634	0.4126984126984127
act/7	last	proj	8	13	True	False	asc	1	0.15873015873015872	0.38095238095238093	0.20634920634920634	0.38095238095238093
act/7	last	proj	8	14	True	True	asc	1	0.15873015873015872	0.4126984126984127	0.20634920634920634	0.42857142857142855
act/27	last	proj	8	13	False	False	asc	1	0.19047619047619047	0.3968253968253968	0.20634920634920634	0.38095238095238093
act/3	last	proj	8	16	True	True	asc	1	0.1746031746031746	0.36507936507936506	0.20634920634920634	0.47619047619047616
act/3	last	proj	6	17	True	False	asc	1	0.1746031746031746	0.3492063492063492	0.20634920634920634	0.49206349206349204
act/27	last	proj	0	8	True	True	asc	1	0.1746031746031746	0.38095238095238093	0.20634920634920634	0.4444444444444444
act/31_normed	last	proj	18	19	False	True	asc	1	0.15873015873015872	0.20634920634920634	0.20634920634920634	0.2857142857142857
act/31_normed	last	proj	18	19	False	False	asc	1	0.15873015873015872	0.20634920634920634	0.20634920634920634	0.2857142857142857
act/31	last	proj	1	2	True	True	asc	1	0.12698412698412698	0.31746031746031744	0.20634920634920634	0.36507936507936506
act/31	last	proj	1	2	True	False	asc	1	0.12698412698412698	0.31746031746031744	0.20634920634920634	0.36507936507936506
act/31	last	proj	1	3	True	True	asc	1	0.15873015873015872	0.38095238095238093	0.20634920634920634	0.38095238095238093
act/31	last	proj	1	3	True	False	asc	1	0.15873015873015872	0.38095238095238093	0.20634920634920634	0.3968253968253968
act/3	last	proj	8	17	True	False	asc	1	0.15873015873015872	0.36507936507936506	0.20634920634920634	0.4444444444444444
act/3	last	proj	7	8	True	True	asc	1	0.19047619047619047	0.4126984126984127	0.20634920634920634	0.4444444444444444
act/7	last	proj	3	10	True	False	asc	1	0.14285714285714285	0.4444444444444444	0.19047619047619047	0.4126984126984127
act/31	last	proj	0	15	True	True	asc	1	0.23809523809523808	0.42857142857142855	0.19047619047619047	0.36507936507936506
act/27	last	proj	4	11	True	False	asc	1	0.19047619047619047	0.3492063492063492	0.19047619047619047	0.3492063492063492
act/27	last	proj	2	11	True	False	asc	1	0.2222222222222222	0.36507936507936506	0.19047619047619047	0.3968253968253968
act/27	last	proj	3	6	True	False	asc	1	0.14285714285714285	0.36507936507936506	0.19047619047619047	0.38095238095238093
act/3	last	proj	1	13	True	True	asc	1	0.14285714285714285	0.3968253968253968	0.19047619047619047	0.38095238095238093
act/23	last	proj	3	7	False	False	asc	1	0.09523809523809523	0.3333333333333333	0.19047619047619047	0.42857142857142855
act/31_normed	last	proj	3	14	True	True	asc	1	0.15873015873015872	0.47619047619047616	0.19047619047619047	0.4444444444444444
act/31_normed	last	proj	4	6	True	True	asc	1	0.15873015873015872	0.4444444444444444	0.19047619047619047	0.4126984126984127
act/31	last	proj	10	14	True	True	asc	1	0.09523809523809523	0.30158730158730157	0.19047619047619047	0.42857142857142855
act/3	last	proj	1	16	True	False	asc	1	0.09523809523809523	0.4126984126984127	0.19047619047619047	0.36507936507936506
act/3	last	proj	1	13	True	False	asc	1	0.09523809523809523	0.4126984126984127	0.19047619047619047	0.36507936507936506
act/3	last	proj	3	5	True	True	asc	1	0.15873015873015872	0.4603174603174603	0.19047619047619047	0.42857142857142855
act/3	last	proj	1	16	True	True	asc	1	0.14285714285714285	0.4126984126984127	0.19047619047619047	0.38095238095238093
act/31	last	proj	0	11	True	True	asc	1	0.19047619047619047	0.36507936507936506	0.19047619047619047	0.38095238095238093
act/7	last	proj	3	19	True	False	asc	1	0.12698412698412698	0.3968253968253968	0.19047619047619047	0.5079365079365079
act/31	last	proj	0	12	True	True	asc	1	0.23809523809523808	0.42857142857142855	0.19047619047619047	0.38095238095238093
act/31	last	proj	0	13	True	True	asc	1	0.25396825396825395	0.4444444444444444	0.19047619047619047	0.3968253968253968
act/7	last	proj	2	6	False	False	asc	1	0.19047619047619047	0.47619047619047616	0.19047619047619047	0.4603174603174603
act/7	last	proj	3	19	True	True	asc	1	0.09523809523809523	0.3333333333333333	0.19047619047619047	0.42857142857142855
act/27	last	proj	0	11	True	False	asc	1	0.15873015873015872	0.36507936507936506	0.19047619047619047	0.38095238095238093
act/3	last	proj	6	16	True	False	asc	1	0.1746031746031746	0.36507936507936506	0.19047619047619047	0.49206349206349204
act/27	last	proj	8	14	False	True	asc	1	0.09523809523809523	0.2698412698412698	0.19047619047619047	0.3492063492063492
act/7	last	proj	10	16	False	False	asc	1	0.1111111111111111	0.31746031746031744	0.19047619047619047	0.42857142857142855
act/23	last	proj	3	6	True	True	asc	1	0.23809523809523808	0.49206349206349204	0.19047619047619047	0.4126984126984127
act/27	last	proj	5	11	True	True	asc	1	0.2222222222222222	0.4126984126984127	0.19047619047619047	0.36507936507936506
act/27	last	proj	0	12	True	False	asc	1	0.15873015873015872	0.3333333333333333	0.19047619047619047	0.38095238095238093
act/27	last	proj	5	11	True	False	asc	1	0.20634920634920634	0.36507936507936506	0.19047619047619047	0.36507936507936506
act/27	last	proj	0	9	True	False	asc	1	0.1746031746031746	0.4126984126984127	0.19047619047619047	0.4126984126984127
act/23	last	proj	8	11	False	True	asc	1	0.14285714285714285	0.36507936507936506	0.19047619047619047	0.3968253968253968
act/23	last	proj	3	5	True	False	asc	1	0.2222222222222222	0.4603174603174603	0.19047619047619047	0.4444444444444444
act/3	last	proj	8	12	False	False	asc	1	0.1746031746031746	0.3968253968253968	0.19047619047619047	0.42857142857142855
act/3	last	proj	9	18	False	False	asc	1	0.1746031746031746	0.3333333333333333	0.19047619047619047	0.4444444444444444
act/7	last	proj	2	14	True	False	asc	1	0.1111111111111111	0.4126984126984127	0.19047619047619047	0.4444444444444444
act/7	last	proj	3	20	True	True	asc	1	0.09523809523809523	0.3333333333333333	0.19047619047619047	0.42857142857142855
act/7	last	proj	3	16	True	True	asc	1	0.09523809523809523	0.3333333333333333	0.19047619047619047	0.4126984126984127
act/11	last	proj	4	6	True	True	asc	1	0.19047619047619047	0.42857142857142855	0.19047619047619047	0.47619047619047616
act/7	last	proj	3	12	True	True	asc	1	0.09523809523809523	0.38095238095238093	0.19047619047619047	0.4603174603174603
act/7	last	proj	3	13	True	True	asc	1	0.09523809523809523	0.36507936507936506	0.19047619047619047	0.4603174603174603
act/7	last	proj	2	11	True	False	asc	1	0.12698412698412698	0.42857142857142855	0.19047619047619047	0.4603174603174603
act/3	last	proj	1	11	True	True	asc	1	0.14285714285714285	0.42857142857142855	0.19047619047619047	0.38095238095238093
act/7	last	proj	3	20	True	False	asc	1	0.12698412698412698	0.3968253968253968	0.19047619047619047	0.5079365079365079
act/7	last	proj	3	6	True	True	asc	1	0.15873015873015872	0.3968253968253968	0.19047619047619047	0.4603174603174603
act/15	last	proj	5	11	False	True	asc	1	0.14285714285714285	0.3968253968253968	0.19047619047619047	0.42857142857142855
act/15	last	proj	5	8	False	True	asc	1	0.23809523809523808	0.47619047619047616	0.19047619047619047	0.47619047619047616
act/15	last	proj	5	8	False	False	asc	1	0.2698412698412698	0.47619047619047616	0.19047619047619047	0.42857142857142855
act/11	last	proj	9	18	True	True	asc	1	0.09523809523809523	0.2857142857142857	0.19047619047619047	0.4126984126984127
act/27	last	proj	11	12	True	False	asc	1	0.07936507936507936	0.2698412698412698	0.19047619047619047	0.4126984126984127
act/11	last	proj	9	17	True	False	asc	1	0.1111111111111111	0.23809523809523808	0.19047619047619047	0.38095238095238093
act/31	last	proj	0	7	True	True	asc	1	0.2698412698412698	0.42857142857142855	0.19047619047619047	0.38095238095238093
act/31	last	proj	0	8	True	True	asc	1	0.23809523809523808	0.3968253968253968	0.19047619047619047	0.36507936507936506
act/7	last	proj	2	15	True	False	asc	1	0.1111111111111111	0.42857142857142855	0.19047619047619047	0.4444444444444444
act/31	last	proj	12	13	False	False	asc	1	0.14285714285714285	0.3333333333333333	0.19047619047619047	0.3968253968253968
act/31	last	proj	1	14	False	False	asc	1	0.12698412698412698	0.3968253968253968	0.19047619047619047	0.3968253968253968
act/31	last	proj	1	7	False	True	asc	1	0.1746031746031746	0.38095238095238093	0.19047619047619047	0.4126984126984127
act/3	last	proj	6	13	True	False	asc	1	0.14285714285714285	0.3333333333333333	0.19047619047619047	0.4603174603174603
act/11	last	proj	9	18	False	False	asc	1	0.1111111111111111	0.2698412698412698	0.19047619047619047	0.38095238095238093
act/7	last	proj	10	16	False	True	asc	1	0.1111111111111111	0.3333333333333333	0.19047619047619047	0.3968253968253968
act/27	last	proj	12	13	False	False	asc	1	0.09523809523809523	0.2857142857142857	0.19047619047619047	0.4444444444444444
act/3	last	proj	6	18	True	False	asc	1	0.1746031746031746	0.38095238095238093	0.19047619047619047	0.4603174603174603
act/3	last	proj	6	19	True	True	asc	1	0.15873015873015872	0.38095238095238093	0.19047619047619047	0.49206349206349204
act/3	last	proj	6	19	True	False	asc	1	0.19047619047619047	0.42857142857142855	0.19047619047619047	0.4603174603174603
act/3	last	proj	6	11	True	True	asc	1	0.14285714285714285	0.3333333333333333	0.19047619047619047	0.42857142857142855
act/3	last	proj	7	10	True	False	asc	1	0.15873015873015872	0.4126984126984127	0.19047619047619047	0.42857142857142855
act/27	last	proj	12	13	False	True	asc	1	0.09523809523809523	0.2857142857142857	0.19047619047619047	0.4444444444444444
act/11	last	proj	5	8	False	False	asc	1	0.1746031746031746	0.42857142857142855	0.19047619047619047	0.5079365079365079
act/3	last	proj	9	15	False	True	asc	1	0.20634920634920634	0.3492063492063492	0.19047619047619047	0.47619047619047616
act/31	last	proj	1	14	True	True	asc	1	0.07936507936507936	0.4126984126984127	0.19047619047619047	0.47619047619047616
act/3	last	proj	2	19	True	False	asc	1	0.14285714285714285	0.4444444444444444	0.19047619047619047	0.3968253968253968
act/3	last	proj	3	7	True	False	asc	1	0.09523809523809523	0.3492063492063492	0.19047619047619047	0.49206349206349204
act/3	last	proj	2	18	True	False	asc	1	0.14285714285714285	0.42857142857142855	0.19047619047619047	0.36507936507936506
act/7	last	proj	2	14	True	True	asc	1	0.14285714285714285	0.3968253968253968	0.19047619047619047	0.3968253968253968
act/15	last	proj	8	9	False	True	asc	1	0.14285714285714285	0.3968253968253968	0.19047619047619047	0.47619047619047616
act/3	last	proj	9	15	False	False	asc	1	0.20634920634920634	0.3492063492063492	0.19047619047619047	0.47619047619047616
act/15	last	proj	4	7	False	True	asc	1	0.15873015873015872	0.4444444444444444	0.19047619047619047	0.4126984126984127
act/31	last	proj	4	13	False	True	asc	1	0.20634920634920634	0.47619047619047616	0.19047619047619047	0.49206349206349204
act/3	last	proj	0	7	True	False	asc	1	0.20634920634920634	0.38095238095238093	0.19047619047619047	0.3492063492063492
act/23	last	proj	4	6	False	True	asc	1	0.14285714285714285	0.36507936507936506	0.19047619047619047	0.42857142857142855
act/23	last	proj	4	6	False	False	asc	1	0.14285714285714285	0.36507936507936506	0.19047619047619047	0.42857142857142855
act/27	last	proj	7	9	False	True	asc	1	0.12698412698412698	0.31746031746031744	0.19047619047619047	0.3968253968253968
act/11	last	proj	10	19	False	False	asc	1	0.1111111111111111	0.31746031746031744	0.19047619047619047	0.3968253968253968
act/7	last	proj	7	19	True	False	asc	1	0.12698412698412698	0.42857142857142855	0.19047619047619047	0.42857142857142855
act/31	last	proj	3	18	True	True	asc	1	0.1111111111111111	0.38095238095238093	0.19047619047619047	0.4444444444444444
act/23	last	proj	8	11	False	False	asc	1	0.14285714285714285	0.3968253968253968	0.19047619047619047	0.4126984126984127
act/31	last	proj	3	14	True	True	asc	1	0.14285714285714285	0.4444444444444444	0.19047619047619047	0.4603174603174603
act/31	last	proj	12	13	False	True	asc	1	0.14285714285714285	0.3333333333333333	0.19047619047619047	0.3968253968253968
act/7	last	proj	8	12	True	False	asc	1	0.14285714285714285	0.30158730158730157	0.19047619047619047	0.36507936507936506
act/7	last	proj	7	18	True	True	asc	1	0.15873015873015872	0.4444444444444444	0.19047619047619047	0.4126984126984127
act/7	last	proj	0	5	True	False	asc	1	0.23809523809523808	0.5238095238095238	0.19047619047619047	0.42857142857142855
act/23	last	proj	3	7	True	True	asc	1	0.19047619047619047	0.42857142857142855	0.19047619047619047	0.3968253968253968
act/19	last	proj	4	6	True	True	asc	1	0.12698412698412698	0.2857142857142857	0.19047619047619047	0.4126984126984127
act/19	last	proj	4	6	True	False	asc	1	0.12698412698412698	0.2698412698412698	0.19047619047619047	0.38095238095238093
act/3	last	proj	14	18	True	False	asc	1	0.1111111111111111	0.3492063492063492	0.19047619047619047	0.4444444444444444
act/3	last	proj	14	19	True	True	asc	1	0.09523809523809523	0.31746031746031744	0.19047619047619047	0.4603174603174603
act/31_normed	last	proj	4	5	True	False	asc	1	0.14285714285714285	0.3492063492063492	0.19047619047619047	0.42857142857142855
act/31_normed	last	proj	10	14	True	False	asc	1	0.07936507936507936	0.3492063492063492	0.19047619047619047	0.47619047619047616
act/27	last	proj	0	2	True	True	asc	1	0.12698412698412698	0.31746031746031744	0.19047619047619047	0.5079365079365079
act/31_normed	last	proj	3	12	True	False	asc	1	0.19047619047619047	0.47619047619047616	0.19047619047619047	0.49206349206349204
act/15	last	proj	8	9	False	False	asc	1	0.14285714285714285	0.3968253968253968	0.19047619047619047	0.47619047619047616
act/31_normed	last	proj	1	2	True	True	asc	1	0.047619047619047616	0.25396825396825395	0.19047619047619047	0.47619047619047616
act/31_normed	last	proj	3	12	True	True	asc	1	0.20634920634920634	0.5079365079365079	0.19047619047619047	0.4603174603174603
act/27	last	proj	11	12	True	True	asc	1	0.07936507936507936	0.2698412698412698	0.19047619047619047	0.4126984126984127
act/31_normed	last	proj	4	5	True	True	asc	1	0.14285714285714285	0.3492063492063492	0.19047619047619047	0.42857142857142855
act/31_normed	last	proj	2	8	True	True	asc	1	0.19047619047619047	0.4603174603174603	0.19047619047619047	0.49206349206349204
act/7	last	proj	9	16	True	True	asc	1	0.1746031746031746	0.42857142857142855	0.19047619047619047	0.42857142857142855
act/23	last	proj	2	13	True	False	asc	1	0.1746031746031746	0.30158730158730157	0.19047619047619047	0.36507936507936506
act/7	last	proj	1	6	False	True	asc	1	0.15873015873015872	0.31746031746031744	0.19047619047619047	0.38095238095238093
act/19	last	proj	3	6	True	True	asc	1	0.14285714285714285	0.3492063492063492	0.19047619047619047	0.36507936507936506
act/11	last	proj	10	17	False	False	asc	1	0.14285714285714285	0.30158730158730157	0.19047619047619047	0.36507936507936506
act/31_normed	last	proj	1	2	True	False	asc	1	0.047619047619047616	0.25396825396825395	0.19047619047619047	0.47619047619047616
act/31_normed	last	proj	2	5	True	False	asc	1	0.14285714285714285	0.4126984126984127	0.19047619047619047	0.38095238095238093
act/3	last	proj	1	15	False	False	asc	1	0.20634920634920634	0.38095238095238093	0.19047619047619047	0.3492063492063492
act/31_normed	last	proj	1	16	True	True	asc	1	0.07936507936507936	0.3968253968253968	0.19047619047619047	0.4603174603174603
act/19	last	proj	16	20	True	False	asc	1	0.30158730158730157	0.5873015873015873	0.19047619047619047	0.49206349206349204
act/31	last	proj	5	8	False	False	asc	1	0.14285714285714285	0.42857142857142855	0.19047619047619047	0.4126984126984127
act/31	last	proj	2	4	False	False	asc	1	0.14285714285714285	0.42857142857142855	0.19047619047619047	0.36507936507936506
act/11	last	proj	11	18	True	False	asc	1	0.1746031746031746	0.36507936507936506	0.19047619047619047	0.4444444444444444
act/3	last	proj	15	19	False	True	asc	1	0.09523809523809523	0.23809523809523808	0.19047619047619047	0.42857142857142855
act/3	last	proj	4	7	True	True	asc	1	0.12698412698412698	0.4444444444444444	0.19047619047619047	0.4444444444444444
act/3	last	proj	3	19	True	False	asc	1	0.14285714285714285	0.4603174603174603	0.19047619047619047	0.38095238095238093
act/31	last	proj	1	10	True	False	asc	1	0.15873015873015872	0.49206349206349204	0.19047619047619047	0.5079365079365079
act/3	last	proj	3	20	True	False	asc	1	0.14285714285714285	0.4603174603174603	0.19047619047619047	0.3968253968253968
act/3	last	proj	15	19	False	False	asc	1	0.09523809523809523	0.23809523809523808	0.19047619047619047	0.42857142857142855
act/3	last	proj	11	19	False	False	asc	1	0.06349206349206349	0.2857142857142857	0.19047619047619047	0.3968253968253968
act/15	last	proj	1	7	False	False	asc	1	0.19047619047619047	0.42857142857142855	0.19047619047619047	0.4126984126984127
act/3	last	proj	12	17	True	False	asc	1	0.1111111111111111	0.3492063492063492	0.19047619047619047	0.47619047619047616
act/3	last	proj	12	18	True	True	asc	1	0.1111111111111111	0.30158730158730157	0.19047619047619047	0.3968253968253968
act/3	last	proj	12	18	True	False	asc	1	0.1111111111111111	0.30158730158730157	0.19047619047619047	0.4126984126984127
act/27	last	proj	1	7	False	True	asc	1	0.09523809523809523	0.30158730158730157	0.19047619047619047	0.4126984126984127
act/15	last	proj	16	17	True	True	asc	1	0.12698412698412698	0.3492063492063492	0.19047619047619047	0.4444444444444444
act/15	last	proj	16	17	True	False	asc	1	0.12698412698412698	0.3492063492063492	0.19047619047619047	0.4444444444444444
act/31	last	proj	4	8	True	True	asc	1	0.15873015873015872	0.4603174603174603	0.19047619047619047	0.47619047619047616
act/31	last	proj	4	6	True	True	asc	1	0.14285714285714285	0.4126984126984127	0.19047619047619047	0.4126984126984127
act/31	last	proj	4	6	True	False	asc	1	0.14285714285714285	0.3968253968253968	0.19047619047619047	0.4126984126984127
act/7	last	proj	2	16	False	False	asc	1	0.14285714285714285	0.4126984126984127	0.19047619047619047	0.4603174603174603
act/3	last	proj	8	19	False	True	asc	1	0.15873015873015872	0.38095238095238093	0.19047619047619047	0.42857142857142855
act/31	last	proj	3	8	False	False	asc	1	0.19047619047619047	0.38095238095238093	0.19047619047619047	0.4444444444444444
act/27	last	proj	5	13	True	True	asc	1	0.15873015873015872	0.31746031746031744	0.19047619047619047	0.3968253968253968
act/27	last	proj	5	14	True	True	asc	1	0.20634920634920634	0.3492063492063492	0.19047619047619047	0.4126984126984127
act/27	last	proj	5	8	True	True	asc	1	0.19047619047619047	0.36507936507936506	0.19047619047619047	0.4126984126984127
act/3	last	proj	7	13	True	True	asc	1	0.25396825396825395	0.4444444444444444	0.19047619047619047	0.4603174603174603
act/7	last	proj	9	17	False	True	asc	1	0.15873015873015872	0.3968253968253968	0.19047619047619047	0.42857142857142855
act/7	last	proj	0	1	True	True	asc	1	0.15873015873015872	0.2857142857142857	0.19047619047619047	0.36507936507936506
act/7	last	proj	0	1	True	False	asc	1	0.15873015873015872	0.2857142857142857	0.19047619047619047	0.36507936507936506
act/7	last	proj	1	2	True	True	asc	1	0.09523809523809523	0.15873015873015872	0.19047619047619047	0.4126984126984127
act/3	last	proj	8	14	True	True	asc	1	0.14285714285714285	0.3333333333333333	0.19047619047619047	0.4444444444444444
act/7	last	proj	2	6	True	True	asc	1	0.2222222222222222	0.42857142857142855	0.19047619047619047	0.4444444444444444
act/27	last	proj	11	13	False	True	asc	1	0.1111111111111111	0.3968253968253968	0.19047619047619047	0.4603174603174603
act/27	last	proj	11	13	False	False	asc	1	0.1111111111111111	0.3968253968253968	0.19047619047619047	0.4603174603174603
act/3	last	proj	7	13	True	False	asc	1	0.23809523809523808	0.42857142857142855	0.19047619047619047	0.4444444444444444
act/7	last	proj	9	18	False	False	asc	1	0.19047619047619047	0.4126984126984127	0.19047619047619047	0.4126984126984127
act/7	last	proj	7	15	True	False	asc	1	0.20634920634920634	0.47619047619047616	0.19047619047619047	0.3968253968253968
act/11	last	proj	13	19	False	False	asc	1	0.1746031746031746	0.31746031746031744	0.19047619047619047	0.4444444444444444
act/7	last	proj	9	15	True	True	asc	1	0.20634920634920634	0.4603174603174603	0.19047619047619047	0.4444444444444444
act/7	last	proj	9	18	True	True	asc	1	0.14285714285714285	0.4603174603174603	0.19047619047619047	0.42857142857142855
act/11	last	proj	10	16	False	False	asc	1	0.14285714285714285	0.2698412698412698	0.19047619047619047	0.31746031746031744
act/11	last	proj	10	17	False	True	asc	1	0.15873015873015872	0.30158730158730157	0.19047619047619047	0.38095238095238093
act/15	last	proj	11	13	False	True	asc	1	0.2222222222222222	0.4603174603174603	0.19047619047619047	0.3492063492063492
act/7	last	proj	2	11	False	True	asc	1	0.12698412698412698	0.47619047619047616	0.19047619047619047	0.4603174603174603
act/7	last	proj	2	15	False	False	asc	1	0.1111111111111111	0.3968253968253968	0.19047619047619047	0.4603174603174603
act/7	last	proj	2	16	False	True	asc	1	0.14285714285714285	0.36507936507936506	0.19047619047619047	0.4444444444444444
act/7	last	proj	5	9	False	True	asc	1	0.1746031746031746	0.36507936507936506	0.19047619047619047	0.49206349206349204
act/15	last	proj	16	20	True	False	asc	1	0.19047619047619047	0.49206349206349204	0.19047619047619047	0.42857142857142855
act/31	last	proj	4	7	True	False	asc	1	0.14285714285714285	0.47619047619047616	0.19047619047619047	0.4444444444444444
act/27	last	proj	1	11	False	True	asc	1	0.06349206349206349	0.2857142857142857	0.19047619047619047	0.4126984126984127
act/27	last	proj	1	12	False	True	asc	1	0.07936507936507936	0.30158730158730157	0.19047619047619047	0.4126984126984127
act/7	last	proj	10	16	True	True	asc	1	0.19047619047619047	0.42857142857142855	0.19047619047619047	0.49206349206349204
act/7	last	proj	9	20	True	False	asc	1	0.14285714285714285	0.47619047619047616	0.19047619047619047	0.4444444444444444
act/11	last	norm_l2	0	0	False	False	asc	1	0.1111111111111111	0.3492063492063492	0.19047619047619047	0.47619047619047616
act/11	last	norm_l1	0	0	False	False	asc	1	0.12698412698412698	0.4444444444444444	0.19047619047619047	0.4444444444444444
act/11	last	proj	14	19	False	False	asc	1	0.19047619047619047	0.3333333333333333	0.19047619047619047	0.4603174603174603
act/3	last	proj	1	12	False	False	asc	1	0.20634920634920634	0.3968253968253968	0.19047619047619047	0.3492063492063492
act/11	last	proj	15	17	False	True	asc	1	0.20634920634920634	0.4126984126984127	0.19047619047619047	0.42857142857142855
act/11	last	proj	16	20	False	True	asc	1	0.1111111111111111	0.3492063492063492	0.19047619047619047	0.4126984126984127
act/11	last	proj	16	20	False	False	asc	1	0.1111111111111111	0.3492063492063492	0.19047619047619047	0.4444444444444444
act/19	last	proj	0	17	True	True	asc	1	0.14285714285714285	0.2698412698412698	0.19047619047619047	0.3968253968253968
act/19	last	proj	0	18	True	True	asc	1	0.15873015873015872	0.2857142857142857	0.19047619047619047	0.3968253968253968
act/19	last	proj	0	19	True	True	asc	1	0.14285714285714285	0.2698412698412698	0.19047619047619047	0.38095238095238093
act/19	last	proj	0	20	True	True	asc	1	0.14285714285714285	0.2857142857142857	0.19047619047619047	0.38095238095238093
act/19	last	proj	2	8	True	False	asc	1	0.20634920634920634	0.38095238095238093	0.19047619047619047	0.47619047619047616
act/7	last	proj	1	2	True	False	asc	1	0.09523809523809523	0.15873015873015872	0.19047619047619047	0.4126984126984127
act/15	last	proj	16	19	False	True	asc	1	0.14285714285714285	0.36507936507936506	0.19047619047619047	0.38095238095238093
act/15	last	proj	16	19	False	False	asc	1	0.15873015873015872	0.38095238095238093	0.19047619047619047	0.38095238095238093
act/31_normed	last	proj	7	9	False	True	asc	1	0.14285714285714285	0.3333333333333333	0.19047619047619047	0.3968253968253968
act/31_normed	last	proj	7	9	False	False	asc	1	0.14285714285714285	0.3333333333333333	0.19047619047619047	0.4126984126984127
act/27	last	proj	1	7	False	False	asc	1	0.07936507936507936	0.3492063492063492	0.19047619047619047	0.4444444444444444
act/27	last	proj	2	10	False	True	asc	1	0.06349206349206349	0.30158730158730157	0.19047619047619047	0.4126984126984127
act/27	last	proj	3	10	False	True	asc	1	0.07936507936507936	0.2857142857142857	0.19047619047619047	0.4126984126984127
act/27	last	proj	2	9	False	False	asc	1	0.031746031746031744	0.2857142857142857	0.19047619047619047	0.4444444444444444
act/15	last	proj	11	13	False	False	asc	1	0.2222222222222222	0.47619047619047616	0.19047619047619047	0.3492063492063492
act/31_normed	last	proj	1	4	True	False	asc	1	0.1111111111111111	0.3968253968253968	0.19047619047619047	0.3968253968253968
act/27	last	proj	4	6	True	True	asc	1	0.15873015873015872	0.42857142857142855	0.19047619047619047	0.3492063492063492
act/27	last	proj	4	6	True	False	asc	1	0.15873015873015872	0.42857142857142855	0.19047619047619047	0.3492063492063492
act/31_normed	last	proj	1	5	True	False	asc	1	0.09523809523809523	0.3333333333333333	0.19047619047619047	0.4444444444444444
act/27	last	proj	4	9	False	True	asc	1	0.14285714285714285	0.36507936507936506	0.19047619047619047	0.42857142857142855
act/27	last	proj	2	12	False	False	asc	1	0.06349206349206349	0.30158730158730157	0.19047619047619047	0.3968253968253968
act/27	last	proj	3	10	False	False	asc	1	0.1111111111111111	0.31746031746031744	0.19047619047619047	0.38095238095238093
act/31_normed	last	proj	1	15	True	True	asc	1	0.07936507936507936	0.3968253968253968	0.19047619047619047	0.4603174603174603
act/3	last	proj	8	13	False	False	asc	1	0.2222222222222222	0.42857142857142855	0.19047619047619047	0.4444444444444444
act/27	last	proj	5	10	True	True	asc	1	0.23809523809523808	0.38095238095238093	0.19047619047619047	0.36507936507936506
act/27	last	proj	0	16	True	True	asc	1	0.20634920634920634	0.4126984126984127	0.19047619047619047	0.3968253968253968
act/19	last	proj	6	20	True	True	asc	1	0.19047619047619047	0.3968253968253968	0.19047619047619047	0.4444444444444444
act/11	last	norm_l1	0	0	True	False	asc	1	0.1111111111111111	0.36507936507936506	0.19047619047619047	0.4126984126984127
act/19	last	proj	6	7	True	False	asc	1	0.07936507936507936	0.3968253968253968	0.19047619047619047	0.49206349206349204
act/19	last	proj	6	8	True	True	asc	1	0.2222222222222222	0.42857142857142855	0.19047619047619047	0.4126984126984127
act/19	last	proj	7	10	True	True	asc	1	0.12698412698412698	0.42857142857142855	0.19047619047619047	0.3968253968253968
act/19	last	proj	6	7	True	True	asc	1	0.07936507936507936	0.3968253968253968	0.19047619047619047	0.49206349206349204
act/19	last	proj	6	12	True	False	asc	1	0.12698412698412698	0.42857142857142855	0.19047619047619047	0.42857142857142855
act/23	last	proj	5	6	True	False	asc	1	0.14285714285714285	0.4126984126984127	0.19047619047619047	0.3968253968253968
act/23	last	proj	1	9	True	True	asc	1	0.15873015873015872	0.38095238095238093	0.19047619047619047	0.38095238095238093
act/23	last	proj	1	10	True	True	asc	1	0.1746031746031746	0.38095238095238093	0.19047619047619047	0.36507936507936506
act/11	last	norm_l2	0	0	True	False	asc	1	0.09523809523809523	0.36507936507936506	0.19047619047619047	0.4126984126984127
act/3	last	proj	8	14	True	False	asc	1	0.15873015873015872	0.3492063492063492	0.19047619047619047	0.4603174603174603
act/3	last	proj	7	20	True	True	asc	1	0.1746031746031746	0.38095238095238093	0.19047619047619047	0.4603174603174603
act/7	last	proj	9	10	True	True	asc	1	0.06349206349206349	0.23809523809523808	0.19047619047619047	0.3333333333333333
act/7	last	proj	9	10	True	False	asc	1	0.06349206349206349	0.23809523809523808	0.19047619047619047	0.3333333333333333
act/23	last	proj	12	13	False	False	asc	1	0.1111111111111111	0.2698412698412698	0.19047619047619047	0.38095238095238093
act/31_normed	last	proj	2	11	True	True	asc	1	0.19047619047619047	0.5079365079365079	0.19047619047619047	0.5079365079365079
act/31_normed	last	proj	1	13	True	False	asc	1	0.07936507936507936	0.3968253968253968	0.19047619047619047	0.4444444444444444
act/31_normed	last	proj	0	7	True	True	asc	1	0.14285714285714285	0.3333333333333333	0.19047619047619047	0.4126984126984127
act/31_normed	last	proj	0	8	True	True	asc	1	0.15873015873015872	0.3492063492063492	0.19047619047619047	0.42857142857142855
act/31_normed	last	proj	0	9	True	False	asc	1	0.19047619047619047	0.3968253968253968	0.19047619047619047	0.3968253968253968
act/27	last	proj	3	9	False	False	asc	1	0.07936507936507936	0.3333333333333333	0.19047619047619047	0.42857142857142855
act/23	last	proj	12	13	False	True	asc	1	0.1111111111111111	0.2698412698412698	0.19047619047619047	0.38095238095238093
act/23	last	proj	0	9	True	False	asc	1	0.14285714285714285	0.3333333333333333	0.19047619047619047	0.3492063492063492
act/7	last	proj	1	12	False	False	asc	1	0.2857142857142857	0.5555555555555556	0.19047619047619047	0.4444444444444444
act/3	last	proj	10	17	True	True	asc	1	0.12698412698412698	0.36507936507936506	0.19047619047619047	0.4444444444444444
act/7	last	proj	1	12	True	False	asc	1	0.1111111111111111	0.3968253968253968	0.19047619047619047	0.4126984126984127
act/11	last	proj	12	20	True	True	asc	1	0.15873015873015872	0.42857142857142855	0.19047619047619047	0.4126984126984127
act/7	last	proj	1	15	False	False	asc	1	0.15873015873015872	0.47619047619047616	0.19047619047619047	0.3968253968253968
act/3	last	proj	13	18	True	True	asc	1	0.1111111111111111	0.2857142857142857	0.19047619047619047	0.38095238095238093
act/31	last	proj	2	13	False	True	asc	1	0.14285714285714285	0.42857142857142855	0.19047619047619047	0.4444444444444444
act/31	last	proj	2	13	False	False	asc	1	0.12698412698412698	0.4126984126984127	0.19047619047619047	0.4603174603174603
act/31	last	proj	2	9	False	True	asc	1	0.15873015873015872	0.4603174603174603	0.19047619047619047	0.4444444444444444
act/23	last	proj	1	7	True	False	asc	1	0.14285714285714285	0.4126984126984127	0.19047619047619047	0.42857142857142855
act/27	last	proj	4	10	False	True	asc	1	0.14285714285714285	0.3333333333333333	0.19047619047619047	0.4126984126984127
act/27	last	proj	4	11	False	True	asc	1	0.12698412698412698	0.3492063492063492	0.19047619047619047	0.38095238095238093
act/3	last	proj	10	18	True	False	asc	1	0.12698412698412698	0.3333333333333333	0.19047619047619047	0.36507936507936506
act/3	last	proj	10	17	True	False	asc	1	0.12698412698412698	0.36507936507936506	0.19047619047619047	0.4444444444444444
act/27	last	proj	6	10	False	False	asc	1	0.20634920634920634	0.36507936507936506	0.19047619047619047	0.3492063492063492
act/23	last	proj	2	5	True	True	asc	1	0.1746031746031746	0.4444444444444444	0.19047619047619047	0.5555555555555556
act/7	last	proj	8	18	False	False	asc	1	0.15873015873015872	0.3968253968253968	0.19047619047619047	0.42857142857142855
act/27	last	proj	17	20	False	True	asc	1	0.14285714285714285	0.36507936507936506	0.19047619047619047	0.3968253968253968
act/27	last	proj	17	20	False	False	asc	1	0.14285714285714285	0.36507936507936506	0.19047619047619047	0.3968253968253968
act/7	last	proj	0	18	True	False	asc	1	0.15873015873015872	0.4603174603174603	0.19047619047619047	0.4126984126984127
act/7	last	proj	0	19	True	False	asc	1	0.12698412698412698	0.42857142857142855	0.19047619047619047	0.4126984126984127
act/7	last	proj	0	20	True	False	asc	1	0.14285714285714285	0.4444444444444444	0.19047619047619047	0.4126984126984127
act/23	last	proj	7	10	True	False	asc	1	0.14285714285714285	0.3333333333333333	0.19047619047619047	0.4444444444444444
act/19	last	proj	6	18	True	True	asc	1	0.19047619047619047	0.3968253968253968	0.19047619047619047	0.4444444444444444
act/3	last	proj	2	12	False	False	asc	1	0.12698412698412698	0.4126984126984127	0.19047619047619047	0.36507936507936506
act/23	last	proj	7	10	True	True	asc	1	0.15873015873015872	0.3492063492063492	0.19047619047619047	0.4444444444444444
act/23	last	proj	5	6	True	True	asc	1	0.14285714285714285	0.4126984126984127	0.19047619047619047	0.3968253968253968
act/3	last	proj	13	18	True	False	asc	1	0.1111111111111111	0.2857142857142857	0.19047619047619047	0.38095238095238093
act/23	last	proj	1	7	True	True	asc	1	0.12698412698412698	0.3968253968253968	0.19047619047619047	0.4126984126984127
act/31_normed	last	proj	2	8	False	True	asc	1	0.047619047619047616	0.3333333333333333	0.19047619047619047	0.47619047619047616
act/31_normed	last	proj	2	8	False	False	asc	1	0.09523809523809523	0.42857142857142855	0.19047619047619047	0.5079365079365079
act/15	last	proj	11	12	True	True	asc	1	0.15873015873015872	0.3333333333333333	0.19047619047619047	0.3333333333333333
act/15	last	proj	11	12	True	False	asc	1	0.15873015873015872	0.3333333333333333	0.19047619047619047	0.3333333333333333
act/15	last	proj	10	13	True	False	asc	1	0.31746031746031744	0.5238095238095238	0.19047619047619047	0.38095238095238093
act/7	last	proj	1	16	True	True	asc	1	0.12698412698412698	0.42857142857142855	0.19047619047619047	0.3968253968253968
act/7	last	proj	1	15	True	False	asc	1	0.09523809523809523	0.4444444444444444	0.19047619047619047	0.4603174603174603
act/11	last	proj	13	20	True	True	asc	1	0.1111111111111111	0.38095238095238093	0.19047619047619047	0.38095238095238093
act/7	last	proj	2	7	True	False	asc	1	0.19047619047619047	0.3968253968253968	0.19047619047619047	0.42857142857142855
act/7	last	proj	1	18	True	True	asc	1	0.12698412698412698	0.4603174603174603	0.19047619047619047	0.4126984126984127
act/27	last	proj	1	16	True	True	asc	1	0.14285714285714285	0.36507936507936506	0.19047619047619047	0.3968253968253968
act/23	last	proj	1	20	True	True	asc	1	0.23809523809523808	0.3492063492063492	0.19047619047619047	0.36507936507936506
act/23	last	proj	2	10	True	True	asc	1	0.1746031746031746	0.36507936507936506	0.19047619047619047	0.38095238095238093
act/15	last	proj	17	19	False	True	asc	1	0.20634920634920634	0.47619047619047616	0.19047619047619047	0.4444444444444444
act/15	last	proj	1	6	True	False	asc	1	0.20634920634920634	0.5079365079365079	0.19047619047619047	0.4603174603174603
act/31_normed	last	proj	4	13	False	True	asc	1	0.1746031746031746	0.47619047619047616	0.19047619047619047	0.49206349206349204
act/7	last	proj	10	14	False	False	asc	1	0.12698412698412698	0.31746031746031744	0.19047619047619047	0.4126984126984127
act/15	last	proj	2	7	True	True	asc	1	0.25396825396825395	0.5873015873015873	0.19047619047619047	0.5079365079365079
act/11	last	proj	15	17	False	False	asc	1	0.20634920634920634	0.4126984126984127	0.19047619047619047	0.42857142857142855
act/15	last	proj	1	3	True	True	asc	1	0.25396825396825395	0.49206349206349204	0.19047619047619047	0.4126984126984127
act/3	last	proj	10	11	True	True	asc	1	0.1746031746031746	0.31746031746031744	0.19047619047619047	0.38095238095238093
act/3	last	proj	10	11	True	False	asc	1	0.1746031746031746	0.31746031746031744	0.19047619047619047	0.38095238095238093
act/7	last	proj	2	6	True	False	asc	1	0.19047619047619047	0.38095238095238093	0.19047619047619047	0.4444444444444444
act/7	last	proj	1	16	True	False	asc	1	0.12698412698412698	0.4444444444444444	0.19047619047619047	0.42857142857142855
act/7	last	proj	1	17	True	True	asc	1	0.14285714285714285	0.47619047619047616	0.19047619047619047	0.3968253968253968
act/31_normed	last	proj	2	6	False	False	asc	1	0.06349206349206349	0.30158730158730157	0.19047619047619047	0.3968253968253968
act/27	last	proj	3	11	False	True	asc	1	0.07936507936507936	0.2857142857142857	0.19047619047619047	0.3968253968253968
act/27	last	proj	3	12	False	True	asc	1	0.07936507936507936	0.30158730158730157	0.19047619047619047	0.3968253968253968
act/27	last	proj	3	5	False	True	asc	1	0.12698412698412698	0.3968253968253968	0.19047619047619047	0.3968253968253968
act/3	last	proj	8	20	True	False	asc	1	0.14285714285714285	0.31746031746031744	0.19047619047619047	0.42857142857142855
act/27	last	proj	3	5	False	False	asc	1	0.12698412698412698	0.3968253968253968	0.19047619047619047	0.36507936507936506
act/3	last	proj	11	18	True	True	asc	1	0.09523809523809523	0.2698412698412698	0.19047619047619047	0.38095238095238093
act/3	last	proj	11	18	True	False	asc	1	0.09523809523809523	0.2698412698412698	0.19047619047619047	0.38095238095238093
act/3	last	proj	8	20	True	True	asc	1	0.14285714285714285	0.3492063492063492	0.19047619047619047	0.4126984126984127
act/27	last	proj	4	12	False	True	asc	1	0.14285714285714285	0.3968253968253968	0.19047619047619047	0.38095238095238093
act/3	last	proj	9	10	True	True	asc	1	0.14285714285714285	0.31746031746031744	0.19047619047619047	0.4444444444444444
act/3	last	proj	9	10	True	False	asc	1	0.14285714285714285	0.31746031746031744	0.19047619047619047	0.4444444444444444
act/27	last	proj	1	11	True	True	asc	1	0.1111111111111111	0.31746031746031744	0.19047619047619047	0.4126984126984127
act/31_normed	last	proj	2	7	False	False	asc	1	0.07936507936507936	0.38095238095238093	0.19047619047619047	0.4126984126984127
act/31_normed	last	proj	2	9	False	False	asc	1	0.1111111111111111	0.36507936507936506	0.19047619047619047	0.5079365079365079
act/3	last	proj	9	12	True	False	asc	1	0.1746031746031746	0.3968253968253968	0.19047619047619047	0.5238095238095238
act/23	last	proj	10	12	False	True	asc	1	0.12698412698412698	0.30158730158730157	0.19047619047619047	0.31746031746031744
act/23	last	proj	10	12	False	False	asc	1	0.12698412698412698	0.30158730158730157	0.19047619047619047	0.31746031746031744
act/31_normed	last	proj	2	5	False	False	asc	1	0.1111111111111111	0.36507936507936506	0.19047619047619047	0.38095238095238093
act/19	last	proj	6	19	True	True	asc	1	0.19047619047619047	0.3968253968253968	0.19047619047619047	0.4444444444444444
act/23	last	proj	1	13	True	True	asc	1	0.2222222222222222	0.4126984126984127	0.19047619047619047	0.36507936507936506
act/11	last	proj	14	18	True	False	asc	1	0.15873015873015872	0.42857142857142855	0.19047619047619047	0.42857142857142855
act/11	last	proj	2	4	False	False	asc	1	0.25396825396825395	0.42857142857142855	0.19047619047619047	0.38095238095238093
act/11	last	proj	2	5	False	True	asc	1	0.1746031746031746	0.5079365079365079	0.19047619047619047	0.5079365079365079
act/19	last	proj	6	14	True	False	asc	1	0.1111111111111111	0.38095238095238093	0.19047619047619047	0.47619047619047616
act/3	last	proj	9	15	True	True	asc	1	0.1746031746031746	0.3333333333333333	0.19047619047619047	0.49206349206349204
act/3	last	proj	5	6	False	True	asc	1	0.2698412698412698	0.3968253968253968	0.19047619047619047	0.4603174603174603
act/31	last	proj	1	7	False	False	asc	1	0.1746031746031746	0.36507936507936506	0.19047619047619047	0.3968253968253968
act/31	last	proj	2	14	False	True	asc	1	0.14285714285714285	0.4444444444444444	0.19047619047619047	0.4444444444444444
act/27	last	proj	0	10	True	False	asc	1	0.1746031746031746	0.36507936507936506	0.19047619047619047	0.3968253968253968
act/19	last	proj	1	3	True	False	asc	1	0.15873015873015872	0.3333333333333333	0.19047619047619047	0.4444444444444444
act/23	last	proj	7	11	True	False	asc	1	0.15873015873015872	0.36507936507936506	0.19047619047619047	0.38095238095238093
act/15	last	proj	12	14	False	False	asc	1	0.14285714285714285	0.3492063492063492	0.19047619047619047	0.3968253968253968
act/31_normed	last	proj	0	6	True	False	asc	1	0.14285714285714285	0.38095238095238093	0.19047619047619047	0.3968253968253968
act/15	last	proj	2	15	True	True	asc	1	0.14285714285714285	0.4126984126984127	0.19047619047619047	0.4444444444444444
act/23	last	proj	7	9	True	False	asc	1	0.12698412698412698	0.3333333333333333	0.19047619047619047	0.42857142857142855
act/23	last	proj	1	18	True	True	asc	1	0.25396825396825395	0.36507936507936506	0.19047619047619047	0.36507936507936506
act/23	last	proj	3	10	True	True	asc	1	0.23809523809523808	0.3968253968253968	0.19047619047619047	0.3968253968253968
act/23	last	proj	3	11	True	True	asc	1	0.20634920634920634	0.38095238095238093	0.19047619047619047	0.36507936507936506
act/3	last	proj	2	8	False	False	asc	1	0.20634920634920634	0.47619047619047616	0.19047619047619047	0.36507936507936506
act/3	last	proj	10	12	False	True	asc	1	0.1746031746031746	0.36507936507936506	0.19047619047619047	0.3968253968253968
act/31_normed	last	proj	4	7	False	False	asc	1	0.1111111111111111	0.38095238095238093	0.19047619047619047	0.42857142857142855
act/3	last	proj	10	13	False	True	asc	1	0.20634920634920634	0.38095238095238093	0.19047619047619047	0.3968253968253968
act/3	last	proj	10	18	False	False	asc	1	0.15873015873015872	0.31746031746031744	0.19047619047619047	0.42857142857142855
act/3	last	proj	10	19	False	True	asc	1	0.14285714285714285	0.31746031746031744	0.19047619047619047	0.36507936507936506
act/31	last	proj	3	9	True	True	asc	1	0.12698412698412698	0.4126984126984127	0.19047619047619047	0.47619047619047616
act/3	last	proj	10	19	False	False	asc	1	0.1111111111111111	0.2857142857142857	0.19047619047619047	0.3492063492063492
act/11	last	proj	15	18	True	False	asc	1	0.19047619047619047	0.47619047619047616	0.19047619047619047	0.42857142857142855
act/27	last	proj	6	12	False	True	asc	1	0.19047619047619047	0.36507936507936506	0.19047619047619047	0.36507936507936506
act/27	last	proj	6	12	False	False	asc	1	0.20634920634920634	0.38095238095238093	0.19047619047619047	0.3492063492063492
act/31	last	proj	2	12	False	True	asc	1	0.14285714285714285	0.4444444444444444	0.19047619047619047	0.4603174603174603
act/7	last	proj	1	11	True	False	asc	1	0.09523809523809523	0.42857142857142855	0.19047619047619047	0.42857142857142855
act/11	last	proj	15	18	True	True	asc	1	0.19047619047619047	0.47619047619047616	0.19047619047619047	0.42857142857142855
act/7	last	proj	1	11	False	False	asc	1	0.31746031746031744	0.6031746031746031	0.19047619047619047	0.4444444444444444
act/11	last	proj	16	18	True	True	asc	1	0.15873015873015872	0.42857142857142855	0.19047619047619047	0.4126984126984127
act/11	last	proj	16	18	True	False	asc	1	0.15873015873015872	0.42857142857142855	0.19047619047619047	0.4126984126984127
act/11	last	proj	16	19	True	True	asc	1	0.14285714285714285	0.4603174603174603	0.19047619047619047	0.42857142857142855
act/3	last	proj	5	6	False	False	asc	1	0.2698412698412698	0.3968253968253968	0.19047619047619047	0.4603174603174603
act/31	last	proj	2	11	False	False	asc	1	0.12698412698412698	0.4444444444444444	0.19047619047619047	0.47619047619047616
act/31	last	proj	2	7	False	False	asc	1	0.15873015873015872	0.4444444444444444	0.19047619047619047	0.3968253968253968
act/15	last	proj	17	19	False	False	asc	1	0.20634920634920634	0.47619047619047616	0.19047619047619047	0.4603174603174603
act/31_normed	last	proj	1	12	True	False	asc	1	0.1111111111111111	0.42857142857142855	0.19047619047619047	0.4603174603174603
act/3	last	proj	3	4	False	True	asc	1	0.23809523809523808	0.3968253968253968	0.19047619047619047	0.36507936507936506
act/3	last	proj	3	4	False	False	asc	1	0.23809523809523808	0.3968253968253968	0.19047619047619047	0.36507936507936506
act/3	last	proj	1	2	True	True	asc	1	0.25396825396825395	0.42857142857142855	0.19047619047619047	0.3492063492063492
act/3	last	proj	3	5	True	False	asc	1	0.14285714285714285	0.42857142857142855	0.19047619047619047	0.4603174603174603
act/3	last	proj	1	12	True	True	asc	1	0.14285714285714285	0.4126984126984127	0.19047619047619047	0.38095238095238093
act/31	last	proj	0	14	True	True	asc	1	0.23809523809523808	0.42857142857142855	0.19047619047619047	0.3968253968253968
act/3	last	proj	1	14	True	True	asc	1	0.14285714285714285	0.4126984126984127	0.19047619047619047	0.38095238095238093
act/3	last	proj	1	14	True	False	asc	1	0.09523809523809523	0.3968253968253968	0.19047619047619047	0.38095238095238093
act/3	last	proj	1	15	True	True	asc	1	0.14285714285714285	0.4126984126984127	0.19047619047619047	0.38095238095238093
act/7	last	proj	8	11	True	True	asc	1	0.09523809523809523	0.4603174603174603	0.19047619047619047	0.4603174603174603
act/31	last	proj	10	14	True	False	asc	1	0.09523809523809523	0.2857142857142857	0.19047619047619047	0.4444444444444444
act/3	last	proj	2	4	False	True	asc	1	0.31746031746031744	0.3968253968253968	0.19047619047619047	0.4126984126984127
act/3	last	proj	2	4	False	False	asc	1	0.31746031746031744	0.3968253968253968	0.19047619047619047	0.4126984126984127
act/7	last	proj	4	16	True	True	asc	1	0.14285714285714285	0.38095238095238093	0.19047619047619047	0.5079365079365079
act/3	last	proj	1	2	True	False	asc	1	0.25396825396825395	0.42857142857142855	0.19047619047619047	0.3492063492063492
act/7	last	proj	4	20	True	True	asc	1	0.12698412698412698	0.3492063492063492	0.19047619047619047	0.5079365079365079
act/11	last	proj	4	7	True	True	asc	1	0.15873015873015872	0.4126984126984127	0.19047619047619047	0.49206349206349204
act/11	last	proj	4	7	True	False	asc	1	0.15873015873015872	0.3968253968253968	0.19047619047619047	0.49206349206349204
act/7	last	proj	4	19	True	True	asc	1	0.12698412698412698	0.3492063492063492	0.19047619047619047	0.5079365079365079
act/7	last	proj	4	19	True	False	asc	1	0.1111111111111111	0.4126984126984127	0.19047619047619047	0.5079365079365079
act/11	last	proj	3	7	True	False	asc	1	0.12698412698412698	0.4126984126984127	0.19047619047619047	0.3968253968253968
act/27	last	proj	2	11	True	True	asc	1	0.15873015873015872	0.3333333333333333	0.19047619047619047	0.38095238095238093
act/31	last	proj	5	8	False	True	asc	1	0.15873015873015872	0.4444444444444444	0.19047619047619047	0.3968253968253968
act/31	last	proj	4	8	False	True	asc	1	0.14285714285714285	0.3968253968253968	0.19047619047619047	0.4444444444444444
act/31	last	proj	4	8	False	False	asc	1	0.14285714285714285	0.3968253968253968	0.19047619047619047	0.42857142857142855
act/7	last	proj	2	12	False	True	asc	1	0.14285714285714285	0.4603174603174603	0.19047619047619047	0.4603174603174603
act/31	last	proj	4	9	False	True	asc	1	0.14285714285714285	0.4126984126984127	0.19047619047619047	0.3968253968253968
act/31	last	proj	4	9	False	False	asc	1	0.15873015873015872	0.4126984126984127	0.19047619047619047	0.4126984126984127
act/3	last	proj	1	20	True	False	asc	1	0.15873015873015872	0.4444444444444444	0.19047619047619047	0.4603174603174603
act/3	last	proj	1	20	True	True	asc	1	0.14285714285714285	0.4126984126984127	0.19047619047619047	0.4126984126984127
act/11	last	proj	1	7	True	True	asc	1	0.15873015873015872	0.42857142857142855	0.1746031746031746	0.4603174603174603
act/11	last	proj	1	4	True	False	asc	1	0.12698412698412698	0.3968253968253968	0.1746031746031746	0.42857142857142855
act/3	last	proj	2	3	True	False	asc	1	0.15873015873015872	0.38095238095238093	0.1746031746031746	0.38095238095238093
act/11	last	proj	1	6	True	True	asc	1	0.1746031746031746	0.42857142857142855	0.1746031746031746	0.4444444444444444
act/3	last	proj	2	3	True	True	asc	1	0.15873015873015872	0.38095238095238093	0.1746031746031746	0.38095238095238093
act/11	last	proj	1	3	True	True	asc	1	0.25396825396825395	0.42857142857142855	0.1746031746031746	0.36507936507936506
act/11	last	proj	1	4	True	True	asc	1	0.14285714285714285	0.3968253968253968	0.1746031746031746	0.4126984126984127
act/31	last	proj	4	15	False	True	asc	1	0.14285714285714285	0.42857142857142855	0.1746031746031746	0.4603174603174603
act/19	last	proj	15	19	True	True	asc	1	0.23809523809523808	0.38095238095238093	0.1746031746031746	0.49206349206349204
act/3	last	proj	1	11	True	False	asc	1	0.1111111111111111	0.42857142857142855	0.1746031746031746	0.3492063492063492
act/3	last	proj	1	5	True	True	asc	1	0.1746031746031746	0.4126984126984127	0.1746031746031746	0.38095238095238093
act/19	last	proj	10	11	False	False	asc	1	0.14285714285714285	0.38095238095238093	0.1746031746031746	0.4126984126984127
act/31	last	proj	10	12	True	True	asc	1	0.06349206349206349	0.31746031746031744	0.1746031746031746	0.4603174603174603
act/15	last	proj	6	10	False	True	asc	1	0.23809523809523808	0.4603174603174603	0.1746031746031746	0.4126984126984127
act/15	last	proj	6	8	False	True	asc	1	0.23809523809523808	0.4126984126984127	0.1746031746031746	0.3968253968253968
act/7	last	proj	4	20	True	False	asc	1	0.1111111111111111	0.4126984126984127	0.1746031746031746	0.49206349206349204
act/19	last	proj	15	19	True	False	asc	1	0.23809523809523808	0.4126984126984127	0.1746031746031746	0.49206349206349204
act/19	last	proj	15	20	True	True	asc	1	0.2222222222222222	0.42857142857142855	0.1746031746031746	0.5079365079365079
act/27	last	proj	17	19	True	False	asc	1	0.1746031746031746	0.3968253968253968	0.1746031746031746	0.3968253968253968
act/27	last	proj	16	18	True	True	asc	1	0.12698412698412698	0.4603174603174603	0.1746031746031746	0.3968253968253968
act/31_normed	last	proj	4	12	True	False	asc	1	0.19047619047619047	0.47619047619047616	0.1746031746031746	0.47619047619047616
act/31_normed	last	proj	3	13	True	True	asc	1	0.15873015873015872	0.47619047619047616	0.1746031746031746	0.4444444444444444
act/7	last	proj	7	14	True	False	asc	1	0.1746031746031746	0.42857142857142855	0.1746031746031746	0.38095238095238093
act/7	last	proj	8	11	True	False	asc	1	0.09523809523809523	0.4603174603174603	0.1746031746031746	0.4603174603174603
act/11	last	proj	5	7	False	False	asc	1	0.20634920634920634	0.4603174603174603	0.1746031746031746	0.49206349206349204
act/7	last	proj	4	18	True	True	asc	1	0.12698412698412698	0.36507936507936506	0.1746031746031746	0.49206349206349204
act/3	last	proj	17	19	False	True	asc	1	0.09523809523809523	0.1746031746031746	0.1746031746031746	0.30158730158730157
act/7	last	proj	4	8	True	False	asc	1	0.15873015873015872	0.3492063492063492	0.1746031746031746	0.4603174603174603
act/19	last	proj	10	11	False	True	asc	1	0.14285714285714285	0.38095238095238093	0.1746031746031746	0.4126984126984127
act/23	last	proj	5	10	True	False	asc	1	0.20634920634920634	0.38095238095238093	0.1746031746031746	0.3492063492063492
act/23	last	proj	4	5	True	True	asc	1	0.1746031746031746	0.4126984126984127	0.1746031746031746	0.38095238095238093
act/23	last	proj	4	5	True	False	asc	1	0.1746031746031746	0.4126984126984127	0.1746031746031746	0.38095238095238093
act/27	last	proj	8	11	False	True	asc	1	0.20634920634920634	0.3968253968253968	0.1746031746031746	0.4126984126984127
act/27	last	proj	8	11	False	False	asc	1	0.20634920634920634	0.3968253968253968	0.1746031746031746	0.4126984126984127
act/27	last	proj	5	6	True	False	asc	1	0.19047619047619047	0.4603174603174603	0.1746031746031746	0.4444444444444444
act/27	last	proj	5	8	True	False	asc	1	0.19047619047619047	0.36507936507936506	0.1746031746031746	0.38095238095238093
act/11	last	proj	4	6	True	False	asc	1	0.19047619047619047	0.42857142857142855	0.1746031746031746	0.4603174603174603
act/7	last	proj	3	17	True	True	asc	1	0.09523809523809523	0.3333333333333333	0.1746031746031746	0.4126984126984127
act/7	last	proj	3	14	True	True	asc	1	0.09523809523809523	0.36507936507936506	0.1746031746031746	0.42857142857142855
act/31	last	proj	8	13	True	True	asc	1	0.1111111111111111	0.4126984126984127	0.1746031746031746	0.4444444444444444
act/31	last	proj	8	13	True	False	asc	1	0.1111111111111111	0.42857142857142855	0.1746031746031746	0.4444444444444444
act/31	last	proj	8	14	True	False	asc	1	0.07936507936507936	0.3333333333333333	0.1746031746031746	0.4126984126984127
act/3	last	proj	9	18	False	True	asc	1	0.15873015873015872	0.3333333333333333	0.1746031746031746	0.4444444444444444
act/31	last	proj	9	13	True	True	asc	1	0.06349206349206349	0.31746031746031744	0.1746031746031746	0.47619047619047616
act/7	last	proj	2	16	True	False	asc	1	0.12698412698412698	0.4126984126984127	0.1746031746031746	0.4126984126984127
act/15	last	proj	5	9	False	True	asc	1	0.1746031746031746	0.3968253968253968	0.1746031746031746	0.42857142857142855
act/31	last	proj	12	14	True	True	asc	1	0.09523809523809523	0.3333333333333333	0.1746031746031746	0.4603174603174603
act/31	last	proj	12	14	True	False	asc	1	0.09523809523809523	0.3333333333333333	0.1746031746031746	0.4603174603174603
act/7	last	proj	4	6	True	False	asc	1	0.19047619047619047	0.3492063492063492	0.1746031746031746	0.42857142857142855
act/7	last	proj	3	8	True	False	asc	1	0.14285714285714285	0.3968253968253968	0.1746031746031746	0.3968253968253968
act/7	last	proj	3	9	True	True	asc	1	0.12698412698412698	0.36507936507936506	0.1746031746031746	0.4603174603174603
act/7	last	proj	3	18	True	True	asc	1	0.09523809523809523	0.3333333333333333	0.1746031746031746	0.4126984126984127
act/11	last	proj	9	18	False	True	asc	1	0.14285714285714285	0.30158730158730157	0.1746031746031746	0.3968253968253968
act/31	last	proj	12	14	False	True	asc	1	0.12698412698412698	0.38095238095238093	0.1746031746031746	0.4126984126984127
act/19	last	proj	3	13	True	True	asc	1	0.19047619047619047	0.38095238095238093	0.1746031746031746	0.3968253968253968
act/31	last	proj	1	6	False	False	asc	1	0.14285714285714285	0.3333333333333333	0.1746031746031746	0.3968253968253968
act/31	last	proj	12	14	False	False	asc	1	0.12698412698412698	0.38095238095238093	0.1746031746031746	0.3968253968253968
act/7	last	proj	17	18	False	True	asc	1	0.1111111111111111	0.2857142857142857	0.1746031746031746	0.5079365079365079
act/7	last	proj	2	13	True	True	asc	1	0.14285714285714285	0.3968253968253968	0.1746031746031746	0.3968253968253968
act/7	last	proj	2	8	True	False	asc	1	0.14285714285714285	0.38095238095238093	0.1746031746031746	0.42857142857142855
act/27	last	proj	1	3	True	True	asc	1	0.14285714285714285	0.3492063492063492	0.1746031746031746	0.47619047619047616
act/31	last	proj	1	6	False	True	asc	1	0.12698412698412698	0.2857142857142857	0.1746031746031746	0.42857142857142855
act/11	last	proj	2	5	False	False	asc	1	0.15873015873015872	0.5079365079365079	0.1746031746031746	0.47619047619047616
act/11	last	proj	0	5	False	False	asc	1	0.1111111111111111	0.30158730158730157	0.1746031746031746	0.3492063492063492
act/19	last	proj	8	11	True	True	asc	1	0.14285714285714285	0.3333333333333333	0.1746031746031746	0.38095238095238093
act/15	last	proj	4	9	True	True	asc	1	0.2698412698412698	0.5079365079365079	0.1746031746031746	0.4603174603174603
act/19	last	proj	6	18	True	False	asc	1	0.1746031746031746	0.38095238095238093	0.1746031746031746	0.42857142857142855
act/19	last	proj	6	16	True	False	asc	1	0.1746031746031746	0.36507936507936506	0.1746031746031746	0.42857142857142855
act/23	last	proj	3	10	True	False	asc	1	0.2222222222222222	0.38095238095238093	0.1746031746031746	0.3492063492063492
act/19	last	proj	1	3	True	True	asc	1	0.1746031746031746	0.3492063492063492	0.1746031746031746	0.4444444444444444
act/31_normed	last	proj	0	12	True	False	asc	1	0.19047619047619047	0.4603174603174603	0.1746031746031746	0.42857142857142855
act/31_normed	last	proj	0	13	True	False	asc	1	0.1746031746031746	0.4603174603174603	0.1746031746031746	0.4126984126984127
act/31_normed	last	proj	0	5	True	False	asc	1	0.1111111111111111	0.2857142857142857	0.1746031746031746	0.4444444444444444
act/15	last	proj	2	18	True	True	asc	1	0.15873015873015872	0.4603174603174603	0.1746031746031746	0.4603174603174603
act/19	last	proj	4	7	False	True	asc	1	0.1111111111111111	0.3333333333333333	0.1746031746031746	0.3968253968253968
act/27	last	proj	2	12	True	False	asc	1	0.20634920634920634	0.36507936507936506	0.1746031746031746	0.3492063492063492
act/3	last	proj	10	14	False	False	asc	1	0.19047619047619047	0.36507936507936506	0.1746031746031746	0.4444444444444444
act/3	last	proj	10	18	False	True	asc	1	0.14285714285714285	0.30158730158730157	0.1746031746031746	0.42857142857142855
act/3	last	proj	10	20	False	True	asc	1	0.07936507936507936	0.2222222222222222	0.1746031746031746	0.3333333333333333
act/31_normed	last	proj	4	8	False	False	asc	1	0.15873015873015872	0.4603174603174603	0.1746031746031746	0.4126984126984127
act/15	last	proj	5	7	True	True	asc	1	0.25396825396825395	0.4603174603174603	0.1746031746031746	0.4444444444444444
act/15	last	proj	5	7	True	False	asc	1	0.2222222222222222	0.42857142857142855	0.1746031746031746	0.4603174603174603
act/15	last	proj	5	9	True	True	asc	1	0.25396825396825395	0.49206349206349204	0.1746031746031746	0.42857142857142855
act/15	last	proj	5	9	True	False	asc	1	0.25396825396825395	0.47619047619047616	0.1746031746031746	0.4126984126984127
act/3	last	proj	10	12	False	False	asc	1	0.1746031746031746	0.3492063492063492	0.1746031746031746	0.38095238095238093
act/3	last	proj	13	19	False	True	asc	1	0.07936507936507936	0.25396825396825395	0.1746031746031746	0.38095238095238093
act/23	last	proj	1	19	True	True	asc	1	0.23809523809523808	0.36507936507936506	0.1746031746031746	0.3492063492063492
act/23	last	proj	1	12	True	True	asc	1	0.20634920634920634	0.3968253968253968	0.1746031746031746	0.3492063492063492
act/3	last	proj	10	13	False	False	asc	1	0.20634920634920634	0.38095238095238093	0.1746031746031746	0.3968253968253968
act/3	last	proj	10	14	False	True	asc	1	0.19047619047619047	0.36507936507936506	0.1746031746031746	0.4444444444444444
act/15	last	proj	4	10	True	True	asc	1	0.1746031746031746	0.3968253968253968	0.1746031746031746	0.42857142857142855
act/31_normed	last	proj	2	12	False	True	asc	1	0.06349206349206349	0.3492063492063492	0.1746031746031746	0.49206349206349204
act/27	last	proj	3	7	False	True	asc	1	0.06349206349206349	0.3333333333333333	0.1746031746031746	0.4444444444444444
act/27	last	proj	3	7	False	False	asc	1	0.047619047619047616	0.3333333333333333	0.1746031746031746	0.42857142857142855
act/27	last	proj	4	9	False	False	asc	1	0.14285714285714285	0.36507936507936506	0.1746031746031746	0.4126984126984127
act/7	last	proj	1	17	True	False	asc	1	0.12698412698412698	0.4126984126984127	0.1746031746031746	0.4126984126984127
act/15	last	proj	7	9	True	False	asc	1	0.1111111111111111	0.4126984126984127	0.1746031746031746	0.4603174603174603
act/27	last	proj	3	11	False	False	asc	1	0.12698412698412698	0.3333333333333333	0.1746031746031746	0.3492063492063492
act/7	last	proj	1	20	True	False	asc	1	0.14285714285714285	0.4126984126984127	0.1746031746031746	0.4444444444444444
act/7	last	proj	1	14	True	True	asc	1	0.12698412698412698	0.4603174603174603	0.1746031746031746	0.4126984126984127
act/27	last	proj	5	11	False	True	asc	1	0.1111111111111111	0.2857142857142857	0.1746031746031746	0.3333333333333333
act/27	last	proj	5	12	False	True	asc	1	0.1111111111111111	0.31746031746031744	0.1746031746031746	0.3492063492063492
act/27	last	proj	5	12	False	False	asc	1	0.1111111111111111	0.30158730158730157	0.1746031746031746	0.3492063492063492
act/31_normed	last	proj	3	7	False	False	asc	1	0.15873015873015872	0.38095238095238093	0.1746031746031746	0.4126984126984127
act/27	last	proj	4	8	False	True	asc	1	0.09523809523809523	0.38095238095238093	0.1746031746031746	0.42857142857142855
act/27	last	proj	4	8	False	False	asc	1	0.09523809523809523	0.38095238095238093	0.1746031746031746	0.4444444444444444
act/27	last	proj	4	12	False	False	asc	1	0.12698412698412698	0.31746031746031744	0.1746031746031746	0.3492063492063492
act/27	last	proj	3	12	False	False	asc	1	0.12698412698412698	0.3492063492063492	0.1746031746031746	0.3333333333333333
act/15	last	proj	5	13	True	False	asc	1	0.2857142857142857	0.5238095238095238	0.1746031746031746	0.3968253968253968
act/31_normed	last	proj	4	9	False	False	asc	1	0.1746031746031746	0.4603174603174603	0.1746031746031746	0.4126984126984127
act/31_normed	last	proj	4	10	False	True	asc	1	0.14285714285714285	0.42857142857142855	0.1746031746031746	0.47619047619047616
act/31_normed	last	proj	2	13	False	True	asc	1	0.06349206349206349	0.3492063492063492	0.1746031746031746	0.4444444444444444
act/31_normed	last	proj	2	10	False	False	asc	1	0.09523809523809523	0.38095238095238093	0.1746031746031746	0.5079365079365079
act/27	last	proj	4	5	False	True	asc	1	0.047619047619047616	0.2222222222222222	0.1746031746031746	0.25396825396825395
act/27	last	proj	4	5	False	False	asc	1	0.047619047619047616	0.2222222222222222	0.1746031746031746	0.25396825396825395
act/27	last	proj	5	10	False	False	asc	1	0.12698412698412698	0.31746031746031744	0.1746031746031746	0.3492063492063492
act/3	last	proj	9	14	True	True	asc	1	0.1746031746031746	0.3492063492063492	0.1746031746031746	0.49206349206349204
act/15	last	proj	5	10	True	True	asc	1	0.20634920634920634	0.3968253968253968	0.1746031746031746	0.4126984126984127
act/15	last	proj	4	8	True	True	asc	1	0.25396825396825395	0.5079365079365079	0.1746031746031746	0.4444444444444444
act/31_normed	last	proj	2	11	False	True	asc	1	0.06349206349206349	0.3492063492063492	0.1746031746031746	0.47619047619047616
act/31_normed	last	proj	2	11	False	False	asc	1	0.07936507936507936	0.38095238095238093	0.1746031746031746	0.49206349206349204
act/15	last	proj	7	8	True	True	asc	1	0.1111111111111111	0.3968253968253968	0.1746031746031746	0.42857142857142855
act/15	last	proj	7	8	True	False	asc	1	0.1111111111111111	0.3968253968253968	0.1746031746031746	0.42857142857142855
act/27	last	proj	3	13	False	True	asc	1	0.06349206349206349	0.30158730158730157	0.1746031746031746	0.36507936507936506
act/23	last	proj	0	14	True	False	asc	1	0.19047619047619047	0.3492063492063492	0.1746031746031746	0.3492063492063492
act/7	last	proj	1	19	True	True	asc	1	0.14285714285714285	0.4444444444444444	0.1746031746031746	0.4126984126984127
act/11	last	proj	11	19	True	False	asc	1	0.14285714285714285	0.38095238095238093	0.1746031746031746	0.38095238095238093
act/7	last	proj	1	15	True	True	asc	1	0.12698412698412698	0.42857142857142855	0.1746031746031746	0.4126984126984127
act/7	last	proj	1	20	True	True	asc	1	0.14285714285714285	0.4444444444444444	0.1746031746031746	0.3968253968253968
act/15	last	proj	10	13	True	True	asc	1	0.31746031746031744	0.5238095238095238	0.1746031746031746	0.36507936507936506
act/31_normed	last	proj	2	4	False	False	asc	1	0.14285714285714285	0.3333333333333333	0.1746031746031746	0.3968253968253968
act/31_normed	last	proj	2	5	False	True	asc	1	0.14285714285714285	0.3968253968253968	0.1746031746031746	0.36507936507936506
act/31_normed	last	proj	5	6	False	False	asc	1	0.12698412698412698	0.31746031746031744	0.1746031746031746	0.38095238095238093
act/23	last	proj	0	11	True	False	asc	1	0.15873015873015872	0.30158730158730157	0.1746031746031746	0.31746031746031744
act/31_normed	last	proj	5	7	False	True	asc	1	0.1111111111111111	0.38095238095238093	0.1746031746031746	0.3968253968253968
act/31_normed	last	proj	5	7	False	False	asc	1	0.1111111111111111	0.3968253968253968	0.1746031746031746	0.38095238095238093
act/7	last	proj	10	19	False	True	asc	1	0.14285714285714285	0.42857142857142855	0.1746031746031746	0.42857142857142855
act/3	last	proj	5	20	False	True	asc	1	0.14285714285714285	0.4126984126984127	0.1746031746031746	0.4126984126984127
act/27	last	proj	0	5	True	True	asc	1	0.1746031746031746	0.31746031746031744	0.1746031746031746	0.3968253968253968
act/23	last	proj	2	17	True	True	asc	1	0.25396825396825395	0.42857142857142855	0.1746031746031746	0.4126984126984127
act/27	last	proj	6	10	False	True	asc	1	0.19047619047619047	0.3492063492063492	0.1746031746031746	0.3492063492063492
act/31_normed	last	proj	4	14	False	True	asc	1	0.15873015873015872	0.42857142857142855	0.1746031746031746	0.47619047619047616
act/31_normed	last	proj	6	7	False	True	asc	1	0.1746031746031746	0.42857142857142855	0.1746031746031746	0.3492063492063492
act/15	last	proj	2	7	True	False	asc	1	0.2222222222222222	0.5396825396825397	0.1746031746031746	0.5079365079365079
act/15	last	proj	18	19	False	True	asc	1	0.1111111111111111	0.3492063492063492	0.1746031746031746	0.4603174603174603
act/15	last	proj	18	19	False	False	asc	1	0.1111111111111111	0.3492063492063492	0.1746031746031746	0.4603174603174603
act/15	last	proj	18	20	False	False	asc	1	0.15873015873015872	0.4603174603174603	0.1746031746031746	0.42857142857142855
act/15	last	proj	2	16	True	True	asc	1	0.14285714285714285	0.3968253968253968	0.1746031746031746	0.4603174603174603
act/31	last	proj	1	9	True	False	asc	1	0.15873015873015872	0.4444444444444444	0.1746031746031746	0.49206349206349204
act/31	last	proj	2	9	True	True	asc	1	0.19047619047619047	0.4444444444444444	0.1746031746031746	0.47619047619047616
act/31	last	proj	2	9	True	False	asc	1	0.1746031746031746	0.42857142857142855	0.1746031746031746	0.49206349206349204
act/11	last	proj	17	18	True	True	asc	1	0.15873015873015872	0.4126984126984127	0.1746031746031746	0.4603174603174603
act/11	last	proj	17	18	True	False	asc	1	0.15873015873015872	0.4126984126984127	0.1746031746031746	0.4603174603174603
act/7	last	proj	8	18	False	True	asc	1	0.12698412698412698	0.4444444444444444	0.1746031746031746	0.36507936507936506
act/15	last	proj	0	13	True	False	asc	1	0.20634920634920634	0.42857142857142855	0.1746031746031746	0.3968253968253968
act/27	last	proj	6	11	False	False	asc	1	0.20634920634920634	0.38095238095238093	0.1746031746031746	0.3492063492063492
act/7	last	proj	8	17	False	False	asc	1	0.12698412698412698	0.3333333333333333	0.1746031746031746	0.4444444444444444
act/27	last	proj	18	19	False	True	asc	1	0.09523809523809523	0.3492063492063492	0.1746031746031746	0.4603174603174603
act/27	last	proj	18	19	False	False	asc	1	0.09523809523809523	0.3492063492063492	0.1746031746031746	0.4603174603174603
act/27	last	proj	6	11	False	True	asc	1	0.20634920634920634	0.38095238095238093	0.1746031746031746	0.3492063492063492
act/31_normed	last	proj	6	7	False	False	asc	1	0.1746031746031746	0.42857142857142855	0.1746031746031746	0.3492063492063492
act/7	last	proj	11	16	False	False	asc	1	0.1746031746031746	0.36507936507936506	0.1746031746031746	0.42857142857142855
act/23	last	proj	1	16	True	True	asc	1	0.2222222222222222	0.38095238095238093	0.1746031746031746	0.3492063492063492
act/31	last	proj	3	15	True	True	asc	1	0.1746031746031746	0.5079365079365079	0.1746031746031746	0.42857142857142855
act/27	last	proj	5	9	True	True	asc	1	0.1746031746031746	0.3492063492063492	0.1746031746031746	0.4126984126984127
act/27	last	proj	5	9	True	False	asc	1	0.1746031746031746	0.3492063492063492	0.1746031746031746	0.4126984126984127
act/7	last	proj	0	17	True	False	asc	1	0.14285714285714285	0.4444444444444444	0.1746031746031746	0.3968253968253968
act/7	last	proj	0	7	True	True	asc	1	0.1746031746031746	0.36507936507936506	0.1746031746031746	0.38095238095238093
act/23	last	proj	5	9	True	False	asc	1	0.20634920634920634	0.38095238095238093	0.1746031746031746	0.3492063492063492
act/23	last	proj	7	9	True	True	asc	1	0.15873015873015872	0.36507936507936506	0.1746031746031746	0.42857142857142855
act/7	last	proj	8	15	False	False	asc	1	0.14285714285714285	0.4126984126984127	0.1746031746031746	0.38095238095238093
act/7	last	proj	8	17	False	True	asc	1	0.12698412698412698	0.42857142857142855	0.1746031746031746	0.3968253968253968
act/23	last	proj	1	6	True	False	asc	1	0.1746031746031746	0.4603174603174603	0.1746031746031746	0.4603174603174603
act/23	last	proj	1	5	True	False	asc	1	0.14285714285714285	0.42857142857142855	0.1746031746031746	0.5238095238095238
act/23	last	proj	1	6	True	True	asc	1	0.15873015873015872	0.4444444444444444	0.1746031746031746	0.4444444444444444
act/19	last	proj	17	20	False	True	asc	1	0.19047619047619047	0.4126984126984127	0.1746031746031746	0.4126984126984127
act/19	last	proj	17	20	False	False	asc	1	0.19047619047619047	0.4126984126984127	0.1746031746031746	0.4126984126984127
act/19	last	proj	2	9	True	True	asc	1	0.20634920634920634	0.3968253968253968	0.1746031746031746	0.4603174603174603
act/31	last	proj	2	8	True	True	asc	1	0.19047619047619047	0.47619047619047616	0.1746031746031746	0.47619047619047616
act/31	last	proj	3	11	True	False	asc	1	0.19047619047619047	0.4603174603174603	0.1746031746031746	0.4603174603174603
act/3	last	proj	10	20	False	False	asc	1	0.07936507936507936	0.25396825396825395	0.1746031746031746	0.3492063492063492
act/31	last	proj	4	12	True	True	asc	1	0.19047619047619047	0.5079365079365079	0.1746031746031746	0.47619047619047616
act/31_normed	last	proj	0	9	True	True	asc	1	0.15873015873015872	0.3333333333333333	0.1746031746031746	0.3968253968253968
act/15	last	proj	18	20	False	True	asc	1	0.15873015873015872	0.4603174603174603	0.1746031746031746	0.42857142857142855
act/31_normed	last	proj	0	5	True	True	asc	1	0.09523809523809523	0.2698412698412698	0.1746031746031746	0.3968253968253968
act/27	last	proj	0	4	True	True	asc	1	0.15873015873015872	0.38095238095238093	0.1746031746031746	0.49206349206349204
act/27	last	proj	0	4	True	False	asc	1	0.1746031746031746	0.36507936507936506	0.1746031746031746	0.49206349206349204
act/23	last	proj	19	20	False	True	asc	1	0.07936507936507936	0.2857142857142857	0.1746031746031746	0.36507936507936506
act/3	last	proj	10	16	True	False	asc	1	0.14285714285714285	0.3333333333333333	0.1746031746031746	0.42857142857142855
act/7	last	proj	5	9	False	False	asc	1	0.15873015873015872	0.3492063492063492	0.1746031746031746	0.47619047619047616
act/7	last	proj	2	20	True	False	asc	1	0.14285714285714285	0.36507936507936506	0.1746031746031746	0.4603174603174603
act/23	last	proj	12	14	False	True	asc	1	0.09523809523809523	0.2857142857142857	0.1746031746031746	0.3492063492063492
act/23	last	proj	12	14	False	False	asc	1	0.09523809523809523	0.2857142857142857	0.1746031746031746	0.3333333333333333
act/23	last	proj	0	9	True	True	asc	1	0.1746031746031746	0.3492063492063492	0.1746031746031746	0.4444444444444444
act/23	last	proj	0	7	True	True	asc	1	0.1746031746031746	0.38095238095238093	0.1746031746031746	0.42857142857142855
act/23	last	proj	0	10	True	True	asc	1	0.14285714285714285	0.3492063492063492	0.1746031746031746	0.4126984126984127
act/11	last	proj	12	20	True	False	asc	1	0.15873015873015872	0.42857142857142855	0.1746031746031746	0.42857142857142855
act/11	last	proj	11	20	True	True	asc	1	0.1746031746031746	0.4126984126984127	0.1746031746031746	0.4126984126984127
act/11	last	proj	11	20	True	False	asc	1	0.19047619047619047	0.4126984126984127	0.1746031746031746	0.4126984126984127
act/11	last	proj	12	13	True	True	asc	1	0.14285714285714285	0.31746031746031744	0.1746031746031746	0.3492063492063492
act/7	last	proj	1	12	False	True	asc	1	0.19047619047619047	0.38095238095238093	0.1746031746031746	0.4444444444444444
act/3	last	proj	14	15	True	True	asc	1	0.031746031746031744	0.20634920634920634	0.1746031746031746	0.4126984126984127
act/3	last	proj	14	15	True	False	asc	1	0.031746031746031744	0.20634920634920634	0.1746031746031746	0.4126984126984127
act/3	last	proj	10	16	True	True	asc	1	0.14285714285714285	0.3492063492063492	0.1746031746031746	0.42857142857142855
act/7	last	proj	2	3	False	True	asc	1	0.12698412698412698	0.2698412698412698	0.1746031746031746	0.38095238095238093
act/7	last	proj	2	3	False	False	asc	1	0.12698412698412698	0.2698412698412698	0.1746031746031746	0.38095238095238093
act/7	last	proj	1	8	False	True	asc	1	0.20634920634920634	0.4126984126984127	0.1746031746031746	0.4444444444444444
act/27	last	proj	3	13	True	True	asc	1	0.1746031746031746	0.36507936507936506	0.1746031746031746	0.3333333333333333
act/7	last	proj	1	13	False	False	asc	1	0.25396825396825395	0.5714285714285714	0.1746031746031746	0.4126984126984127
act/27	last	proj	1	11	True	False	asc	1	0.14285714285714285	0.31746031746031744	0.1746031746031746	0.38095238095238093
act/27	last	proj	2	5	True	False	asc	1	0.1746031746031746	0.36507936507936506	0.1746031746031746	0.3492063492063492
act/11	last	proj	13	19	True	True	asc	1	0.19047619047619047	0.47619047619047616	0.1746031746031746	0.42857142857142855
act/27	last	proj	4	10	False	False	asc	1	0.14285714285714285	0.3333333333333333	0.1746031746031746	0.38095238095238093
act/31_normed	last	proj	2	4	False	True	asc	1	0.14285714285714285	0.3333333333333333	0.1746031746031746	0.3968253968253968
act/31_normed	last	proj	1	6	False	False	asc	1	0.07936507936507936	0.2698412698412698	0.1746031746031746	0.4603174603174603
act/27	last	proj	3	11	True	True	asc	1	0.19047619047619047	0.3492063492063492	0.1746031746031746	0.38095238095238093
act/27	last	proj	3	11	True	False	asc	1	0.2222222222222222	0.3492063492063492	0.1746031746031746	0.38095238095238093
act/27	last	proj	3	12	True	True	asc	1	0.19047619047619047	0.3492063492063492	0.1746031746031746	0.36507936507936506
act/27	last	proj	2	11	False	True	asc	1	0.06349206349206349	0.30158730158730157	0.1746031746031746	0.36507936507936506
act/27	last	proj	2	11	False	False	asc	1	0.07936507936507936	0.30158730158730157	0.1746031746031746	0.3492063492063492
act/27	last	proj	2	12	False	True	asc	1	0.07936507936507936	0.31746031746031744	0.1746031746031746	0.38095238095238093
act/3	last	proj	8	13	False	True	asc	1	0.2222222222222222	0.42857142857142855	0.1746031746031746	0.42857142857142855
act/23	last	proj	19	20	False	False	asc	1	0.07936507936507936	0.2857142857142857	0.1746031746031746	0.36507936507936506
act/27	last	proj	7	8	True	True	asc	1	0.14285714285714285	0.30158730158730157	0.1746031746031746	0.38095238095238093
act/27	last	proj	7	8	True	False	asc	1	0.14285714285714285	0.30158730158730157	0.1746031746031746	0.38095238095238093
act/7	last	proj	18	19	False	True	asc	1	0.1746031746031746	0.3333333333333333	0.1746031746031746	0.42857142857142855
act/31	last	proj	1	12	True	False	asc	1	0.12698412698412698	0.4603174603174603	0.1746031746031746	0.47619047619047616
act/31	last	proj	3	7	False	False	asc	1	0.20634920634920634	0.4444444444444444	0.1746031746031746	0.4126984126984127
act/23	last	proj	1	8	True	False	asc	1	0.19047619047619047	0.3492063492063492	0.1746031746031746	0.38095238095238093
act/19	last	proj	6	11	True	True	asc	1	0.14285714285714285	0.3492063492063492	0.1746031746031746	0.3968253968253968
act/31	last	proj	10	15	False	False	asc	1	0.09523809523809523	0.3492063492063492	0.1746031746031746	0.36507936507936506
act/31	last	proj	3	16	True	True	asc	1	0.1746031746031746	0.47619047619047616	0.1746031746031746	0.42857142857142855
act/27	last	proj	5	10	True	False	asc	1	0.20634920634920634	0.38095238095238093	0.1746031746031746	0.3492063492063492
act/27	last	proj	5	6	True	True	asc	1	0.19047619047619047	0.4603174603174603	0.1746031746031746	0.4444444444444444
act/19	last	proj	7	16	True	False	asc	1	0.12698412698412698	0.38095238095238093	0.1746031746031746	0.42857142857142855
act/19	last	proj	7	10	True	False	asc	1	0.12698412698412698	0.42857142857142855	0.1746031746031746	0.38095238095238093
act/31_normed	last	proj	1	9	True	False	asc	1	0.14285714285714285	0.4603174603174603	0.1746031746031746	0.5079365079365079
act/11	last	proj	13	18	False	False	asc	1	0.20634920634920634	0.3492063492063492	0.1746031746031746	0.38095238095238093
act/3	last	proj	8	10	True	True	asc	1	0.15873015873015872	0.2857142857142857	0.1746031746031746	0.36507936507936506
act/3	last	proj	8	10	True	False	asc	1	0.15873015873015872	0.30158730158730157	0.1746031746031746	0.38095238095238093
act/7	last	proj	9	19	True	False	asc	1	0.14285714285714285	0.47619047619047616	0.1746031746031746	0.42857142857142855
act/7	last	proj	9	20	True	True	asc	1	0.15873015873015872	0.47619047619047616	0.1746031746031746	0.3968253968253968
act/23	last	proj	1	8	True	True	asc	1	0.14285714285714285	0.36507936507936506	0.1746031746031746	0.38095238095238093
act/23	last	proj	2	14	True	True	asc	1	0.2222222222222222	0.3968253968253968	0.1746031746031746	0.36507936507936506
act/23	last	proj	0	5	True	True	asc	1	0.12698412698412698	0.31746031746031744	0.1746031746031746	0.5238095238095238
act/23	last	proj	0	8	True	True	asc	1	0.14285714285714285	0.36507936507936506	0.1746031746031746	0.4444444444444444
act/31_normed	last	proj	17	18	True	True	asc	1	0.07936507936507936	0.2222222222222222	0.1746031746031746	0.3333333333333333
act/31_normed	last	proj	17	18	True	False	asc	1	0.07936507936507936	0.2222222222222222	0.1746031746031746	0.3333333333333333
act/27	last	proj	1	13	False	True	asc	1	0.1111111111111111	0.3333333333333333	0.1746031746031746	0.3968253968253968
act/23	last	proj	0	5	True	False	asc	1	0.1111111111111111	0.3492063492063492	0.1746031746031746	0.5238095238095238
act/3	last	proj	8	20	False	True	asc	1	0.14285714285714285	0.36507936507936506	0.1746031746031746	0.4126984126984127
act/27	last	proj	0	3	True	True	asc	1	0.15873015873015872	0.38095238095238093	0.1746031746031746	0.47619047619047616
act/7	last	proj	10	16	True	False	asc	1	0.1746031746031746	0.3968253968253968	0.1746031746031746	0.47619047619047616
act/7	last	proj	11	16	True	False	asc	1	0.1746031746031746	0.4126984126984127	0.1746031746031746	0.47619047619047616
act/15	last	proj	15	16	True	False	asc	1	0.12698412698412698	0.25396825396825395	0.1746031746031746	0.36507936507936506
act/15	last	proj	16	20	True	True	asc	1	0.19047619047619047	0.47619047619047616	0.1746031746031746	0.42857142857142855
act/15	last	proj	15	18	True	False	asc	1	0.20634920634920634	0.3968253968253968	0.1746031746031746	0.38095238095238093
act/31_normed	last	proj	17	20	True	True	asc	1	0.07936507936507936	0.14285714285714285	0.1746031746031746	0.23809523809523808
act/3	last	proj	9	17	False	False	asc	1	0.20634920634920634	0.3492063492063492	0.1746031746031746	0.4603174603174603
act/3	last	proj	8	20	False	False	asc	1	0.19047619047619047	0.38095238095238093	0.1746031746031746	0.4126984126984127
act/19	last	proj	1	4	True	False	asc	1	0.09523809523809523	0.3333333333333333	0.1746031746031746	0.4126984126984127
act/19	last	proj	2	11	True	True	asc	1	0.2698412698412698	0.4444444444444444	0.1746031746031746	0.4126984126984127
act/19	last	proj	2	4	True	True	asc	1	0.23809523809523808	0.5238095238095238	0.1746031746031746	0.4444444444444444
act/19	last	proj	2	4	True	False	asc	1	0.23809523809523808	0.5238095238095238	0.1746031746031746	0.4444444444444444
act/19	last	proj	2	8	True	True	asc	1	0.2222222222222222	0.4444444444444444	0.1746031746031746	0.4603174603174603
act/7	last	proj	10	18	False	True	asc	1	0.14285714285714285	0.38095238095238093	0.1746031746031746	0.3968253968253968
act/7	last	proj	10	18	False	False	asc	1	0.14285714285714285	0.3333333333333333	0.1746031746031746	0.3968253968253968
act/11	last	proj	13	18	False	True	asc	1	0.20634920634920634	0.3333333333333333	0.1746031746031746	0.38095238095238093
act/15	last	proj	15	16	True	True	asc	1	0.12698412698412698	0.25396825396825395	0.1746031746031746	0.36507936507936506
act/27	last	proj	2	8	False	False	asc	1	0.031746031746031744	0.3333333333333333	0.1746031746031746	0.4126984126984127
act/19	last	proj	1	4	True	True	asc	1	0.09523809523809523	0.3333333333333333	0.1746031746031746	0.4126984126984127
act/7	last	proj	9	18	True	False	asc	1	0.15873015873015872	0.4603174603174603	0.1746031746031746	0.3968253968253968
act/11	last	proj	14	19	False	True	asc	1	0.1746031746031746	0.3333333333333333	0.1746031746031746	0.4444444444444444
act/11	last	proj	13	19	False	True	asc	1	0.15873015873015872	0.31746031746031744	0.1746031746031746	0.42857142857142855
act/15	last	proj	15	20	False	True	asc	1	0.15873015873015872	0.3968253968253968	0.1746031746031746	0.3492063492063492
act/19	last	proj	2	10	True	True	asc	1	0.23809523809523808	0.4126984126984127	0.1746031746031746	0.42857142857142855
act/3	last	proj	1	14	False	False	asc	1	0.20634920634920634	0.4126984126984127	0.1746031746031746	0.3333333333333333
act/7	last	proj	18	20	False	False	asc	1	0.1111111111111111	0.30158730158730157	0.1746031746031746	0.2857142857142857
act/7	last	proj	18	19	False	False	asc	1	0.1746031746031746	0.3333333333333333	0.1746031746031746	0.42857142857142855
act/7	last	proj	18	20	False	True	asc	1	0.1111111111111111	0.30158730158730157	0.1746031746031746	0.2857142857142857
act/7	last	norm_l2	0	0	False	False	asc	1	0.23809523809523808	0.42857142857142855	0.1746031746031746	0.4126984126984127
act/7	last	norm_l1	0	0	False	False	asc	1	0.09523809523809523	0.3492063492063492	0.1746031746031746	0.47619047619047616
act/31_normed	last	proj	1	4	True	True	asc	1	0.1111111111111111	0.38095238095238093	0.1746031746031746	0.3968253968253968
act/27	last	proj	1	13	False	False	asc	1	0.09523809523809523	0.31746031746031744	0.1746031746031746	0.4126984126984127
act/7	last	proj	8	19	False	False	asc	1	0.14285714285714285	0.42857142857142855	0.1746031746031746	0.42857142857142855
act/7	last	proj	8	20	False	True	asc	1	0.12698412698412698	0.3968253968253968	0.1746031746031746	0.3968253968253968
act/23	last	proj	5	8	True	True	asc	1	0.1746031746031746	0.3492063492063492	0.1746031746031746	0.36507936507936506
act/23	last	proj	5	8	True	False	asc	1	0.1746031746031746	0.3333333333333333	0.1746031746031746	0.36507936507936506
act/7	last	proj	1	6	True	False	asc	1	0.12698412698412698	0.3968253968253968	0.1746031746031746	0.47619047619047616
act/7	last	proj	5	8	False	True	asc	1	0.15873015873015872	0.3492063492063492	0.1746031746031746	0.4603174603174603
act/7	last	proj	2	15	False	True	asc	1	0.14285714285714285	0.38095238095238093	0.1746031746031746	0.4444444444444444
act/27	last	proj	3	7	True	True	asc	1	0.14285714285714285	0.38095238095238093	0.1746031746031746	0.36507936507936506
act/11	last	proj	10	20	False	True	asc	1	0.09523809523809523	0.30158730158730157	0.1746031746031746	0.4126984126984127
act/27	last	proj	7	11	False	True	asc	1	0.14285714285714285	0.3492063492063492	0.1746031746031746	0.38095238095238093
act/27	last	proj	7	11	False	False	asc	1	0.15873015873015872	0.36507936507936506	0.1746031746031746	0.38095238095238093
act/11	last	proj	10	15	False	False	asc	1	0.07936507936507936	0.20634920634920634	0.1746031746031746	0.2698412698412698
act/3	last	proj	3	19	False	True	asc	1	0.14285714285714285	0.3968253968253968	0.1746031746031746	0.42857142857142855
act/7	last	proj	7	16	True	True	asc	1	0.1746031746031746	0.4603174603174603	0.1746031746031746	0.38095238095238093
act/7	last	proj	9	17	False	False	asc	1	0.15873015873015872	0.38095238095238093	0.1746031746031746	0.4126984126984127
act/7	last	proj	8	19	False	True	asc	1	0.12698412698412698	0.42857142857142855	0.1746031746031746	0.3968253968253968
act/31_normed	last	proj	2	7	True	True	asc	1	0.1746031746031746	0.4444444444444444	0.1746031746031746	0.4603174603174603
act/31_normed	last	proj	1	8	True	False	asc	1	0.1111111111111111	0.4126984126984127	0.1746031746031746	0.5079365079365079
act/7	last	proj	2	17	False	True	asc	1	0.12698412698412698	0.36507936507936506	0.1746031746031746	0.42857142857142855
act/19	last	proj	11	16	True	True	asc	1	0.12698412698412698	0.25396825396825395	0.1746031746031746	0.5079365079365079
act/3	last	proj	11	19	False	True	asc	1	0.06349206349206349	0.2857142857142857	0.1746031746031746	0.38095238095238093
act/7	last	proj	5	7	False	False	asc	1	0.15873015873015872	0.31746031746031744	0.1746031746031746	0.42857142857142855
act/23	last	proj	3	8	True	False	asc	1	0.19047619047619047	0.36507936507936506	0.1746031746031746	0.3968253968253968
act/7	last	proj	8	15	True	False	asc	1	0.15873015873015872	0.47619047619047616	0.1746031746031746	0.4603174603174603
act/3	last	proj	8	17	False	True	asc	1	0.19047619047619047	0.38095238095238093	0.1746031746031746	0.4444444444444444
act/3	last	proj	8	17	False	False	asc	1	0.19047619047619047	0.38095238095238093	0.1746031746031746	0.42857142857142855
act/27	last	proj	2	10	False	False	asc	1	0.047619047619047616	0.2698412698412698	0.1746031746031746	0.38095238095238093
act/3	last	proj	13	17	True	False	asc	1	0.07936507936507936	0.31746031746031744	0.1746031746031746	0.42857142857142855
act/7	last	proj	5	8	False	False	asc	1	0.1111111111111111	0.30158730158730157	0.1746031746031746	0.4603174603174603
act/27	last	proj	17	19	False	True	asc	1	0.15873015873015872	0.4603174603174603	0.1746031746031746	0.4126984126984127
act/27	last	proj	17	19	False	False	asc	1	0.15873015873015872	0.4603174603174603	0.1746031746031746	0.4126984126984127
act/31_normed	last	proj	1	3	True	False	asc	1	0.14285714285714285	0.3968253968253968	0.1746031746031746	0.4444444444444444
act/31_normed	last	proj	11	15	True	True	asc	1	0.07936507936507936	0.3492063492063492	0.1746031746031746	0.42857142857142855
act/15	last	proj	15	20	True	True	asc	1	0.20634920634920634	0.5079365079365079	0.1746031746031746	0.42857142857142855
act/11	last	proj	9	11	True	True	asc	1	0.06349206349206349	0.19047619047619047	0.1746031746031746	0.3333333333333333
act/11	last	proj	9	11	True	False	asc	1	0.07936507936507936	0.2222222222222222	0.1746031746031746	0.3333333333333333
act/3	last	proj	3	15	True	False	asc	1	0.09523809523809523	0.3492063492063492	0.1746031746031746	0.36507936507936506
act/3	last	proj	3	16	True	False	asc	1	0.09523809523809523	0.3492063492063492	0.1746031746031746	0.36507936507936506
act/3	last	proj	3	19	True	True	asc	1	0.12698412698412698	0.4444444444444444	0.1746031746031746	0.47619047619047616
act/3	last	proj	13	19	False	False	asc	1	0.07936507936507936	0.25396825396825395	0.1746031746031746	0.38095238095238093
act/15	last	proj	15	20	True	False	asc	1	0.2222222222222222	0.5079365079365079	0.1746031746031746	0.42857142857142855
act/15	last	proj	16	18	True	True	asc	1	0.19047619047619047	0.42857142857142855	0.1746031746031746	0.42857142857142855
act/31	last	proj	4	8	True	False	asc	1	0.19047619047619047	0.5079365079365079	0.1746031746031746	0.4603174603174603
act/3	last	proj	12	17	True	True	asc	1	0.1111111111111111	0.3492063492063492	0.1746031746031746	0.4603174603174603
act/3	last	proj	13	17	True	True	asc	1	0.07936507936507936	0.30158730158730157	0.1746031746031746	0.3968253968253968
act/15	last	proj	15	18	True	True	asc	1	0.20634920634920634	0.3968253968253968	0.1746031746031746	0.38095238095238093
act/7	last	proj	12	17	True	True	asc	1	0.19047619047619047	0.42857142857142855	0.1746031746031746	0.3968253968253968
act/23	last	proj	10	13	True	False	asc	1	0.12698412698412698	0.2698412698412698	0.1746031746031746	0.31746031746031744
act/31	last	proj	4	9	True	True	asc	1	0.15873015873015872	0.4603174603174603	0.1746031746031746	0.4603174603174603
act/31	last	proj	4	9	True	False	asc	1	0.14285714285714285	0.4444444444444444	0.1746031746031746	0.4603174603174603
act/3	last	proj	16	19	True	True	asc	1	0.1111111111111111	0.25396825396825395	0.1746031746031746	0.3968253968253968
act/3	last	proj	16	19	True	False	asc	1	0.1111111111111111	0.25396825396825395	0.1746031746031746	0.3968253968253968
act/31	last	proj	7	14	True	True	asc	1	0.1111111111111111	0.3968253968253968	0.1746031746031746	0.3968253968253968
act/31	last	proj	7	14	True	False	asc	1	0.09523809523809523	0.3492063492063492	0.1746031746031746	0.42857142857142855
act/7	last	proj	12	17	True	False	asc	1	0.15873015873015872	0.4126984126984127	0.1746031746031746	0.4126984126984127
act/7	last	proj	12	18	True	True	asc	1	0.20634920634920634	0.49206349206349204	0.1746031746031746	0.3968253968253968
act/27	last	proj	3	7	True	False	asc	1	0.15873015873015872	0.4126984126984127	0.1746031746031746	0.38095238095238093
act/3	last	proj	8	18	False	True	asc	1	0.1746031746031746	0.3492063492063492	0.1746031746031746	0.4444444444444444
act/3	last	proj	8	18	False	False	asc	1	0.1746031746031746	0.36507936507936506	0.1746031746031746	0.42857142857142855
act/3	last	proj	9	16	False	False	asc	1	0.23809523809523808	0.3968253968253968	0.1746031746031746	0.4603174603174603
act/3	last	proj	9	17	False	True	asc	1	0.20634920634920634	0.36507936507936506	0.1746031746031746	0.4603174603174603
act/31	last	proj	3	19	True	True	asc	1	0.1111111111111111	0.3968253968253968	0.1746031746031746	0.42857142857142855
act/31	last	proj	3	20	True	True	asc	1	0.12698412698412698	0.36507936507936506	0.1746031746031746	0.4126984126984127
act/15	last	proj	1	10	False	False	asc	1	0.12698412698412698	0.36507936507936506	0.1746031746031746	0.38095238095238093
act/31	last	proj	5	9	False	True	asc	1	0.15873015873015872	0.42857142857142855	0.1746031746031746	0.4126984126984127
act/19	last	proj	17	20	True	False	asc	1	0.19047619047619047	0.5396825396825397	0.1746031746031746	0.5079365079365079
act/27	last	proj	2	9	True	True	asc	1	0.15873015873015872	0.3492063492063492	0.1746031746031746	0.38095238095238093
act/31_normed	last	proj	1	3	True	True	asc	1	0.14285714285714285	0.38095238095238093	0.1746031746031746	0.4444444444444444
act/31_normed	last	proj	3	10	True	True	asc	1	0.19047619047619047	0.49206349206349204	0.1746031746031746	0.4603174603174603
act/31_normed	last	proj	2	4	True	False	asc	1	0.20634920634920634	0.47619047619047616	0.1746031746031746	0.3492063492063492
act/23	last	proj	6	7	False	False	asc	1	0.1111111111111111	0.36507936507936506	0.1746031746031746	0.3333333333333333
act/23	last	proj	2	7	True	False	asc	1	0.14285714285714285	0.42857142857142855	0.1746031746031746	0.4444444444444444
act/19	last	proj	16	20	True	True	asc	1	0.31746031746031744	0.5873015873015873	0.1746031746031746	0.49206349206349204
act/31	last	proj	2	4	False	True	asc	1	0.14285714285714285	0.42857142857142855	0.1746031746031746	0.3492063492063492
act/27	last	proj	2	8	True	True	asc	1	0.15873015873015872	0.3333333333333333	0.1746031746031746	0.4126984126984127
act/27	last	proj	2	5	True	True	asc	1	0.20634920634920634	0.4126984126984127	0.1746031746031746	0.3492063492063492
act/31	last	proj	3	9	False	False	asc	1	0.19047619047619047	0.4126984126984127	0.1746031746031746	0.4444444444444444
act/3	last	proj	2	16	True	False	asc	1	0.09523809523809523	0.42857142857142855	0.1746031746031746	0.38095238095238093
act/11	last	proj	8	14	True	True	asc	1	0.1111111111111111	0.30158730158730157	0.1746031746031746	0.3333333333333333
act/7	last	proj	2	13	True	False	asc	1	0.1111111111111111	0.3968253968253968	0.1746031746031746	0.4444444444444444
act/3	last	proj	14	19	False	False	asc	1	0.06349206349206349	0.20634920634920634	0.1746031746031746	0.3492063492063492
act/3	last	proj	4	7	True	False	asc	1	0.12698412698412698	0.3968253968253968	0.1746031746031746	0.42857142857142855
act/3	last	proj	0	5	True	False	asc	1	0.25396825396825395	0.42857142857142855	0.1746031746031746	0.30158730158730157
act/3	last	proj	3	17	True	False	asc	1	0.12698412698412698	0.3968253968253968	0.1746031746031746	0.36507936507936506
act/3	last	proj	3	18	True	True	asc	1	0.12698412698412698	0.42857142857142855	0.1746031746031746	0.47619047619047616
act/11	last	proj	8	18	True	True	asc	1	0.1111111111111111	0.3492063492063492	0.1746031746031746	0.42857142857142855
act/27	last	proj	2	10	True	True	asc	1	0.15873015873015872	0.3333333333333333	0.1746031746031746	0.38095238095238093
act/19	last	proj	15	20	True	False	asc	1	0.23809523809523808	0.4444444444444444	0.1746031746031746	0.5079365079365079
act/23	last	proj	10	13	True	True	asc	1	0.12698412698412698	0.30158730158730157	0.1746031746031746	0.31746031746031744
act/11	last	proj	8	18	True	False	asc	1	0.09523809523809523	0.31746031746031744	0.1746031746031746	0.4126984126984127
act/11	last	proj	9	17	True	True	asc	1	0.09523809523809523	0.23809523809523808	0.1746031746031746	0.36507936507936506
act/11	last	proj	8	19	True	True	asc	1	0.1111111111111111	0.36507936507936506	0.1746031746031746	0.4126984126984127
act/11	last	proj	8	10	True	True	asc	1	0.12698412698412698	0.42857142857142855	0.1746031746031746	0.47619047619047616
act/11	last	proj	8	10	True	False	asc	1	0.12698412698412698	0.4126984126984127	0.1746031746031746	0.47619047619047616
act/11	last	proj	8	11	True	True	asc	1	0.14285714285714285	0.31746031746031744	0.1746031746031746	0.36507936507936506
act/11	last	proj	9	20	True	False	asc	1	0.12698412698412698	0.3492063492063492	0.1746031746031746	0.4126984126984127
act/23	last	proj	3	8	True	True	asc	1	0.20634920634920634	0.42857142857142855	0.1746031746031746	0.3968253968253968
act/3	last	proj	2	7	False	False	asc	1	0.15873015873015872	0.3968253968253968	0.1746031746031746	0.38095238095238093
act/3	last	proj	15	20	True	False	asc	1	0.031746031746031744	0.20634920634920634	0.1746031746031746	0.31746031746031744
act/31_normed	last	proj	18	20	True	True	asc	1	0.031746031746031744	0.19047619047619047	0.1746031746031746	0.3492063492063492
act/31_normed	last	proj	18	20	True	False	asc	1	0.031746031746031744	0.19047619047619047	0.1746031746031746	0.3492063492063492
act/7	last	proj	12	18	True	False	asc	1	0.19047619047619047	0.47619047619047616	0.1746031746031746	0.3968253968253968
act/31_normed	last	proj	2	8	True	False	asc	1	0.19047619047619047	0.4444444444444444	0.1746031746031746	0.4444444444444444
act/31_normed	last	proj	2	9	True	True	asc	1	0.2222222222222222	0.49206349206349204	0.1746031746031746	0.49206349206349204
act/23	last	proj	3	11	True	False	asc	1	0.2222222222222222	0.38095238095238093	0.1746031746031746	0.3333333333333333
act/7	last	proj	1	7	False	True	asc	1	0.20634920634920634	0.4126984126984127	0.1746031746031746	0.42857142857142855
act/19	last	proj	2	13	True	True	asc	1	0.23809523809523808	0.42857142857142855	0.1746031746031746	0.42857142857142855
act/19	last	proj	2	14	True	True	asc	1	0.2222222222222222	0.4126984126984127	0.1746031746031746	0.42857142857142855
act/19	last	proj	4	7	True	True	asc	1	0.15873015873015872	0.31746031746031744	0.1746031746031746	0.42857142857142855
act/19	last	proj	2	12	True	True	asc	1	0.25396825396825395	0.4126984126984127	0.1746031746031746	0.3968253968253968
act/7	last	proj	8	20	True	True	asc	1	0.1746031746031746	0.4603174603174603	0.1746031746031746	0.42857142857142855
act/7	last	proj	8	17	True	True	asc	1	0.19047619047619047	0.47619047619047616	0.1746031746031746	0.42857142857142855
act/7	last	proj	1	2	False	True	asc	1	0.20634920634920634	0.31746031746031744	0.1746031746031746	0.3968253968253968
act/7	last	proj	1	2	False	False	asc	1	0.20634920634920634	0.31746031746031744	0.1746031746031746	0.3968253968253968
act/19	last	proj	3	5	True	False	asc	1	0.1746031746031746	0.36507936507936506	0.1746031746031746	0.38095238095238093
act/19	last	proj	0	13	True	True	asc	1	0.15873015873015872	0.2857142857142857	0.1746031746031746	0.38095238095238093
act/19	last	proj	0	14	True	True	asc	1	0.15873015873015872	0.2857142857142857	0.1746031746031746	0.38095238095238093
act/7	last	proj	8	19	True	True	asc	1	0.1746031746031746	0.4603174603174603	0.1746031746031746	0.42857142857142855
act/23	last	proj	2	13	True	True	asc	1	0.20634920634920634	0.38095238095238093	0.1746031746031746	0.3968253968253968
act/23	last	proj	2	7	True	True	asc	1	0.14285714285714285	0.42857142857142855	0.1746031746031746	0.42857142857142855
act/23	last	proj	2	8	True	True	asc	1	0.20634920634920634	0.4126984126984127	0.1746031746031746	0.4444444444444444
act/23	last	proj	3	15	True	True	asc	1	0.2857142857142857	0.4444444444444444	0.1746031746031746	0.36507936507936506
act/23	last	proj	2	9	True	True	asc	1	0.19047619047619047	0.38095238095238093	0.1746031746031746	0.38095238095238093
act/23	last	proj	2	12	True	False	asc	1	0.2222222222222222	0.38095238095238093	0.1746031746031746	0.36507936507936506
act/11	last	proj	10	15	False	True	asc	1	0.07936507936507936	0.20634920634920634	0.1746031746031746	0.2857142857142857
act/11	last	proj	9	20	False	True	asc	1	0.1111111111111111	0.25396825396825395	0.1746031746031746	0.3968253968253968
act/19	last	proj	0	3	True	True	asc	1	0.14285714285714285	0.2857142857142857	0.1746031746031746	0.36507936507936506
act/19	last	proj	2	6	True	False	asc	1	0.1746031746031746	0.42857142857142855	0.1746031746031746	0.3492063492063492
act/7	last	proj	7	15	True	True	asc	1	0.19047619047619047	0.47619047619047616	0.1746031746031746	0.36507936507936506
act/23	last	proj	5	9	True	True	asc	1	0.1746031746031746	0.36507936507936506	0.1746031746031746	0.36507936507936506
act/31	last	proj	3	13	True	True	asc	1	0.20634920634920634	0.5238095238095238	0.1746031746031746	0.4603174603174603
act/23	last	proj	6	7	False	True	asc	1	0.1111111111111111	0.36507936507936506	0.1746031746031746	0.3333333333333333
act/11	last	proj	9	20	False	False	asc	1	0.12698412698412698	0.36507936507936506	0.1746031746031746	0.3968253968253968
act/7	last	proj	7	16	True	False	asc	1	0.1746031746031746	0.4126984126984127	0.1746031746031746	0.4126984126984127
act/7	last	proj	7	19	True	True	asc	1	0.1111111111111111	0.4126984126984127	0.1746031746031746	0.4126984126984127
act/7	last	proj	7	20	True	True	asc	1	0.14285714285714285	0.4444444444444444	0.1746031746031746	0.4126984126984127
act/19	last	proj	3	14	True	True	asc	1	0.20634920634920634	0.38095238095238093	0.1746031746031746	0.4126984126984127
act/19	last	proj	6	12	True	True	asc	1	0.12698412698412698	0.3968253968253968	0.1746031746031746	0.3968253968253968
act/7	last	proj	0	10	True	True	asc	1	0.19047619047619047	0.38095238095238093	0.1746031746031746	0.3968253968253968
act/7	last	proj	0	11	True	True	asc	1	0.19047619047619047	0.36507936507936506	0.1746031746031746	0.3968253968253968
act/7	last	proj	7	17	True	True	asc	1	0.15873015873015872	0.4603174603174603	0.1746031746031746	0.3968253968253968
act/7	last	proj	0	6	True	True	asc	1	0.1746031746031746	0.36507936507936506	0.1746031746031746	0.36507936507936506
act/7	last	proj	0	6	True	False	asc	1	0.2222222222222222	0.5714285714285714	0.1746031746031746	0.38095238095238093
act/31	last	proj	3	11	True	True	asc	1	0.15873015873015872	0.47619047619047616	0.1746031746031746	0.47619047619047616
act/19	last	proj	16	20	False	False	asc	1	0.15873015873015872	0.3492063492063492	0.1746031746031746	0.47619047619047616
act/15	last	proj	2	14	False	True	asc	1	0.14285714285714285	0.42857142857142855	0.1746031746031746	0.4603174603174603
act/19	last	proj	16	20	False	True	asc	1	0.15873015873015872	0.3492063492063492	0.1746031746031746	0.47619047619047616
act/27	last	proj	16	18	True	False	asc	1	0.12698412698412698	0.4603174603174603	0.1746031746031746	0.3968253968253968
act/15	last	proj	2	7	False	False	asc	1	0.1746031746031746	0.47619047619047616	0.1746031746031746	0.4603174603174603
act/7	last	proj	3	7	False	True	asc	1	0.15873015873015872	0.3968253968253968	0.1746031746031746	0.3968253968253968
act/23	last	proj	5	10	True	True	asc	1	0.20634920634920634	0.38095238095238093	0.1746031746031746	0.3492063492063492
act/23	last	proj	5	11	True	True	asc	1	0.19047619047619047	0.3492063492063492	0.1746031746031746	0.3333333333333333
act/15	last	proj	8	10	False	False	asc	1	0.09523809523809523	0.3968253968253968	0.1746031746031746	0.42857142857142855
act/31_normed	last	proj	3	11	True	True	asc	1	0.1746031746031746	0.47619047619047616	0.1746031746031746	0.4603174603174603
act/31_normed	last	proj	3	11	True	False	asc	1	0.19047619047619047	0.47619047619047616	0.1746031746031746	0.4603174603174603
act/7	last	proj	17	18	False	False	asc	1	0.1111111111111111	0.2857142857142857	0.1746031746031746	0.5079365079365079
act/15	last	proj	1	9	False	False	asc	1	0.1746031746031746	0.3968253968253968	0.1746031746031746	0.4126984126984127
act/27	last	proj	0	1	True	True	asc	1	0.12698412698412698	0.31746031746031744	0.1746031746031746	0.47619047619047616
act/27	last	proj	0	1	True	False	asc	1	0.12698412698412698	0.31746031746031744	0.1746031746031746	0.47619047619047616
act/15	last	proj	8	10	False	True	asc	1	0.09523809523809523	0.3968253968253968	0.1746031746031746	0.42857142857142855
act/11	last	proj	9	17	False	True	asc	1	0.1746031746031746	0.30158730158730157	0.1746031746031746	0.42857142857142855
act/3	last	proj	6	20	True	False	asc	1	0.12698412698412698	0.3492063492063492	0.1746031746031746	0.4603174603174603
act/3	last	proj	6	13	True	True	asc	1	0.14285714285714285	0.31746031746031744	0.1746031746031746	0.42857142857142855
act/7	last	proj	3	7	False	False	asc	1	0.12698412698412698	0.3492063492063492	0.1746031746031746	0.3968253968253968
act/11	last	proj	9	19	False	True	asc	1	0.1111111111111111	0.2698412698412698	0.1746031746031746	0.36507936507936506
act/27	last	proj	8	14	False	False	asc	1	0.1111111111111111	0.2857142857142857	0.1746031746031746	0.31746031746031744
act/7	last	proj	10	13	False	True	asc	1	0.14285714285714285	0.31746031746031744	0.1746031746031746	0.3492063492063492
act/11	last	proj	9	11	False	False	asc	1	0.047619047619047616	0.30158730158730157	0.1746031746031746	0.38095238095238093
act/31	last	proj	1	14	True	False	asc	1	0.09523809523809523	0.4126984126984127	0.1746031746031746	0.4444444444444444
act/31	last	proj	1	15	True	True	asc	1	0.09523809523809523	0.42857142857142855	0.1746031746031746	0.4126984126984127
act/3	last	proj	2	15	True	False	asc	1	0.09523809523809523	0.4126984126984127	0.1746031746031746	0.38095238095238093
act/11	last	proj	5	8	False	True	asc	1	0.1746031746031746	0.3968253968253968	0.1746031746031746	0.5238095238095238
act/11	last	proj	5	7	False	True	asc	1	0.20634920634920634	0.4126984126984127	0.1746031746031746	0.49206349206349204
act/3	last	proj	7	10	True	True	asc	1	0.15873015873015872	0.4126984126984127	0.1746031746031746	0.4126984126984127
act/3	last	proj	6	18	True	True	asc	1	0.14285714285714285	0.36507936507936506	0.1746031746031746	0.49206349206349204
act/11	last	proj	10	20	False	False	asc	1	0.1111111111111111	0.3333333333333333	0.1746031746031746	0.4126984126984127
act/31_normed	last	proj	7	8	True	True	asc	1	0.15873015873015872	0.30158730158730157	0.1746031746031746	0.36507936507936506
act/31_normed	last	proj	7	8	True	False	asc	1	0.15873015873015872	0.30158730158730157	0.1746031746031746	0.36507936507936506
act/11	last	proj	9	20	True	True	asc	1	0.1111111111111111	0.3333333333333333	0.1746031746031746	0.3968253968253968
act/3	last	proj	3	7	True	True	asc	1	0.09523809523809523	0.38095238095238093	0.1746031746031746	0.47619047619047616
act/3	last	proj	2	17	True	False	asc	1	0.1111111111111111	0.4444444444444444	0.1746031746031746	0.36507936507936506
act/3	last	proj	2	20	True	False	asc	1	0.15873015873015872	0.49206349206349204	0.1746031746031746	0.3968253968253968
act/7	last	proj	2	9	True	True	asc	1	0.1746031746031746	0.4126984126984127	0.1746031746031746	0.42857142857142855
act/31	last	proj	0	9	True	False	asc	1	0.20634920634920634	0.4126984126984127	0.1746031746031746	0.38095238095238093
act/31_normed	last	proj	10	14	True	True	asc	1	0.09523809523809523	0.36507936507936506	0.1746031746031746	0.4444444444444444
act/31	last	proj	4	14	False	True	asc	1	0.19047619047619047	0.47619047619047616	0.1746031746031746	0.4603174603174603
act/3	last	proj	0	6	True	False	asc	1	0.2222222222222222	0.3968253968253968	0.1746031746031746	0.31746031746031744
act/3	last	proj	14	19	False	True	asc	1	0.06349206349206349	0.2222222222222222	0.1746031746031746	0.31746031746031744
act/3	last	proj	9	16	False	True	asc	1	0.2222222222222222	0.36507936507936506	0.1746031746031746	0.4603174603174603
act/3	last	proj	8	11	False	False	asc	1	0.19047619047619047	0.38095238095238093	0.1746031746031746	0.4603174603174603
act/3	last	proj	8	12	False	True	asc	1	0.1746031746031746	0.3968253968253968	0.1746031746031746	0.4444444444444444
act/15	last	proj	3	20	False	True	asc	1	0.1746031746031746	0.4603174603174603	0.1746031746031746	0.4444444444444444
act/27	last	proj	3	6	True	True	asc	1	0.15873015873015872	0.38095238095238093	0.1746031746031746	0.3492063492063492
act/11	last	proj	1	5	True	True	asc	1	0.14285714285714285	0.4444444444444444	0.1746031746031746	0.4444444444444444
act/31	last	proj	4	10	False	True	asc	1	0.14285714285714285	0.4126984126984127	0.1746031746031746	0.42857142857142855
act/7	last	proj	2	18	False	True	asc	1	0.14285714285714285	0.4126984126984127	0.1746031746031746	0.42857142857142855
act/7	last	proj	2	19	False	True	asc	1	0.14285714285714285	0.42857142857142855	0.1746031746031746	0.42857142857142855
act/11	last	proj	0	6	True	False	asc	1	0.14285714285714285	0.42857142857142855	0.1746031746031746	0.38095238095238093
act/11	last	proj	1	5	True	False	asc	1	0.12698412698412698	0.42857142857142855	0.1746031746031746	0.4603174603174603
act/3	last	proj	1	9	True	False	asc	1	0.1111111111111111	0.4126984126984127	0.1746031746031746	0.4126984126984127
act/27	last	proj	4	11	True	True	asc	1	0.14285714285714285	0.36507936507936506	0.1746031746031746	0.3492063492063492
act/31	last	proj	11	12	True	True	asc	1	0.14285714285714285	0.3333333333333333	0.1746031746031746	0.38095238095238093
act/3	last	proj	1	17	True	True	asc	1	0.14285714285714285	0.42857142857142855	0.1746031746031746	0.36507936507936506
act/31_normed	last	proj	4	6	True	False	asc	1	0.15873015873015872	0.4444444444444444	0.1746031746031746	0.3968253968253968
act/31	last	proj	11	12	True	False	asc	1	0.14285714285714285	0.3333333333333333	0.1746031746031746	0.38095238095238093
act/7	last	proj	4	6	False	True	asc	1	0.19047619047619047	0.4126984126984127	0.1746031746031746	0.3968253968253968
act/31	last	proj	10	12	True	False	asc	1	0.06349206349206349	0.31746031746031744	0.1746031746031746	0.4603174603174603
act/11	last	proj	3	6	True	False	asc	1	0.15873015873015872	0.42857142857142855	0.1746031746031746	0.38095238095238093
act/7	last	proj	2	10	True	False	asc	1	0.12698412698412698	0.4126984126984127	0.1746031746031746	0.4444444444444444
act/31	last	proj	0	5	True	True	asc	1	0.19047619047619047	0.3492063492063492	0.1746031746031746	0.4126984126984127
act/31	last	proj	0	6	True	True	asc	1	0.23809523809523808	0.4126984126984127	0.1746031746031746	0.38095238095238093
act/23	last	proj	3	8	False	True	asc	1	0.06349206349206349	0.2857142857142857	0.1746031746031746	0.3333333333333333
act/23	last	proj	3	6	False	True	asc	1	0.14285714285714285	0.3968253968253968	0.1746031746031746	0.4603174603174603
act/23	last	proj	4	7	False	True	asc	1	0.06349206349206349	0.31746031746031744	0.1746031746031746	0.3968253968253968
act/23	last	proj	4	7	False	False	asc	1	0.06349206349206349	0.2857142857142857	0.1746031746031746	0.4126984126984127
act/23	last	proj	2	7	False	True	asc	1	0.06349206349206349	0.31746031746031744	0.1746031746031746	0.4126984126984127
act/27	last	proj	0	13	True	False	asc	1	0.14285714285714285	0.3333333333333333	0.1746031746031746	0.3968253968253968
act/3	last	proj	6	14	True	False	asc	1	0.15873015873015872	0.3492063492063492	0.1746031746031746	0.49206349206349204
act/3	last	proj	6	15	True	False	asc	1	0.19047619047619047	0.38095238095238093	0.1746031746031746	0.49206349206349204
act/3	last	proj	8	15	True	True	asc	1	0.15873015873015872	0.3492063492063492	0.1746031746031746	0.42857142857142855
act/7	last	proj	7	20	True	False	asc	1	0.15873015873015872	0.4444444444444444	0.1746031746031746	0.4126984126984127
act/7	last	proj	4	6	True	True	asc	1	0.19047619047619047	0.3492063492063492	0.1746031746031746	0.42857142857142855
act/27	last	proj	17	19	True	True	asc	1	0.1746031746031746	0.3968253968253968	0.1746031746031746	0.3968253968253968
act/7	last	proj	2	7	False	True	asc	1	0.20634920634920634	0.4603174603174603	0.1746031746031746	0.42857142857142855
act/11	last	proj	14	20	True	True	asc	1	0.1111111111111111	0.36507936507936506	0.1746031746031746	0.4444444444444444
act/11	last	proj	14	20	True	False	asc	1	0.1111111111111111	0.36507936507936506	0.1746031746031746	0.3968253968253968
act/3	last	proj	9	15	True	False	asc	1	0.19047619047619047	0.3492063492063492	0.1746031746031746	0.49206349206349204
act/31_normed	last	proj	5	6	False	True	asc	1	0.12698412698412698	0.31746031746031744	0.1746031746031746	0.38095238095238093
act/27	last	proj	4	13	False	True	asc	1	0.1111111111111111	0.3333333333333333	0.1746031746031746	0.36507936507936506
act/31	last	proj	4	18	True	True	asc	1	0.14285714285714285	0.38095238095238093	0.1746031746031746	0.4444444444444444
act/31	last	proj	3	9	True	False	asc	1	0.12698412698412698	0.42857142857142855	0.1746031746031746	0.4603174603174603
act/31	last	proj	3	10	True	True	asc	1	0.15873015873015872	0.4444444444444444	0.1746031746031746	0.47619047619047616
act/7	last	proj	1	11	False	True	asc	1	0.19047619047619047	0.3968253968253968	0.1746031746031746	0.42857142857142855
act/19	last	proj	9	11	True	True	asc	1	0.12698412698412698	0.36507936507936506	0.1746031746031746	0.4444444444444444
act/19	last	proj	9	11	True	False	asc	1	0.14285714285714285	0.36507936507936506	0.1746031746031746	0.4444444444444444
act/11	last	proj	12	13	True	False	asc	1	0.14285714285714285	0.31746031746031744	0.1746031746031746	0.3492063492063492
act/31	last	proj	2	10	False	False	asc	1	0.12698412698412698	0.4126984126984127	0.1746031746031746	0.4444444444444444
act/23	last	proj	2	10	True	False	asc	1	0.2222222222222222	0.36507936507936506	0.1746031746031746	0.3333333333333333
act/23	last	proj	2	11	True	True	asc	1	0.20634920634920634	0.38095238095238093	0.1746031746031746	0.3333333333333333
act/23	last	proj	0	11	True	True	asc	1	0.12698412698412698	0.3333333333333333	0.1746031746031746	0.4126984126984127
act/19	last	proj	0	16	True	True	asc	1	0.14285714285714285	0.2698412698412698	0.1746031746031746	0.38095238095238093
act/3	last	proj	1	13	False	False	asc	1	0.20634920634920634	0.4126984126984127	0.1746031746031746	0.3333333333333333
act/15	last	proj	15	19	False	True	asc	1	0.09523809523809523	0.3333333333333333	0.1746031746031746	0.31746031746031744
act/19	last	proj	6	17	True	False	asc	1	0.15873015873015872	0.3492063492063492	0.1746031746031746	0.42857142857142855
act/7	last	proj	1	9	False	True	asc	1	0.20634920634920634	0.4126984126984127	0.1746031746031746	0.4444444444444444
act/7	last	proj	1	9	False	False	asc	1	0.2698412698412698	0.5873015873015873	0.1746031746031746	0.42857142857142855
act/7	last	proj	1	10	False	True	asc	1	0.19047619047619047	0.38095238095238093	0.1746031746031746	0.4444444444444444
act/7	last	proj	1	10	False	False	asc	1	0.2857142857142857	0.5714285714285714	0.1746031746031746	0.4126984126984127
act/3	last	proj	1	10	True	True	asc	1	0.12698412698412698	0.42857142857142855	0.1746031746031746	0.36507936507936506
act/3	last	proj	1	10	True	False	asc	1	0.12698412698412698	0.3968253968253968	0.1746031746031746	0.3492063492063492
act/7	last	proj	4	17	True	True	asc	1	0.14285714285714285	0.3968253968253968	0.1746031746031746	0.49206349206349204
act/3	last	proj	1	8	True	True	asc	1	0.12698412698412698	0.42857142857142855	0.1746031746031746	0.38095238095238093
act/3	last	proj	1	9	True	True	asc	1	0.12698412698412698	0.42857142857142855	0.1746031746031746	0.3492063492063492
act/3	last	proj	3	6	True	True	asc	1	0.06349206349206349	0.3968253968253968	0.1746031746031746	0.47619047619047616
act/3	last	proj	3	6	True	False	asc	1	0.1111111111111111	0.4444444444444444	0.1746031746031746	0.4603174603174603
act/3	last	proj	17	19	False	False	asc	1	0.09523809523809523	0.1746031746031746	0.1746031746031746	0.30158730158730157
embed	last	proj	16	17	False	True	asc	1	0.1111111111111111	0.4444444444444444	0.15873015873015872	0.4444444444444444
act/31	last	proj	0	13	True	False	asc	1	0.19047619047619047	0.47619047619047616	0.15873015873015872	0.38095238095238093
act/31	last	proj	0	16	True	True	asc	1	0.23809523809523808	0.42857142857142855	0.15873015873015872	0.3333333333333333
embed	last	proj	7	8	True	True	asc	1	0.07936507936507936	0.4126984126984127	0.15873015873015872	0.4444444444444444
embed	last	proj	7	8	True	False	asc	1	0.07936507936507936	0.4126984126984127	0.15873015873015872	0.4444444444444444
act/31	last	proj	0	10	True	False	asc	1	0.2222222222222222	0.42857142857142855	0.15873015873015872	0.3968253968253968
act/3	last	proj	1	5	True	False	asc	1	0.15873015873015872	0.42857142857142855	0.15873015873015872	0.3492063492063492
act/3	last	proj	1	6	True	True	asc	1	0.12698412698412698	0.42857142857142855	0.15873015873015872	0.38095238095238093
act/7	last	proj	4	7	True	False	asc	1	0.15873015873015872	0.3492063492063492	0.15873015873015872	0.42857142857142855
act/7	last	proj	4	8	True	True	asc	1	0.1746031746031746	0.3492063492063492	0.15873015873015872	0.4126984126984127
act/7	last	proj	4	9	True	True	asc	1	0.09523809523809523	0.2857142857142857	0.15873015873015872	0.3968253968253968
act/7	last	proj	4	15	True	False	asc	1	0.14285714285714285	0.4444444444444444	0.15873015873015872	0.47619047619047616
act/11	last	proj	5	6	True	True	asc	1	0.1746031746031746	0.4603174603174603	0.15873015873015872	0.4444444444444444
act/11	last	proj	5	6	True	False	asc	1	0.1746031746031746	0.4603174603174603	0.15873015873015872	0.4444444444444444
act/7	last	proj	3	9	True	False	asc	1	0.14285714285714285	0.38095238095238093	0.15873015873015872	0.38095238095238093
act/7	last	proj	3	10	True	True	asc	1	0.12698412698412698	0.3968253968253968	0.15873015873015872	0.4126984126984127
act/11	last	proj	4	18	True	False	asc	1	0.14285714285714285	0.3968253968253968	0.15873015873015872	0.4126984126984127
act/7	last	proj	3	13	True	False	asc	1	0.1111111111111111	0.36507936507936506	0.15873015873015872	0.4603174603174603
act/11	last	proj	4	17	True	False	asc	1	0.15873015873015872	0.3968253968253968	0.15873015873015872	0.4444444444444444
act/31	last	proj	4	11	False	False	asc	1	0.1746031746031746	0.4126984126984127	0.15873015873015872	0.4603174603174603
act/31	last	proj	4	12	False	True	asc	1	0.15873015873015872	0.4444444444444444	0.15873015873015872	0.4603174603174603
act/7	last	proj	2	20	False	True	asc	1	0.12698412698412698	0.3968253968253968	0.15873015873015872	0.4126984126984127
act/7	last	proj	2	20	False	False	asc	1	0.15873015873015872	0.3968253968253968	0.15873015873015872	0.4444444444444444
act/7	last	proj	4	9	True	False	asc	1	0.1111111111111111	0.30158730158730157	0.15873015873015872	0.3968253968253968
act/7	last	proj	4	14	True	False	asc	1	0.12698412698412698	0.38095238095238093	0.15873015873015872	0.47619047619047616
act/7	last	proj	4	14	True	True	asc	1	0.14285714285714285	0.36507936507936506	0.15873015873015872	0.47619047619047616
act/7	last	proj	4	15	True	True	asc	1	0.14285714285714285	0.38095238095238093	0.15873015873015872	0.4603174603174603
act/31	last	proj	0	3	True	False	asc	1	0.1746031746031746	0.31746031746031744	0.15873015873015872	0.4444444444444444
act/31	last	proj	0	4	True	True	asc	1	0.15873015873015872	0.31746031746031744	0.15873015873015872	0.47619047619047616
act/31	last	proj	0	5	True	False	asc	1	0.12698412698412698	0.30158730158730157	0.15873015873015872	0.36507936507936506
act/7	last	proj	2	13	False	False	asc	1	0.1111111111111111	0.38095238095238093	0.15873015873015872	0.3968253968253968
act/7	last	proj	2	7	False	False	asc	1	0.12698412698412698	0.38095238095238093	0.15873015873015872	0.4444444444444444
act/7	last	proj	2	8	False	True	asc	1	0.14285714285714285	0.36507936507936506	0.15873015873015872	0.42857142857142855
act/7	last	proj	2	12	False	False	asc	1	0.1111111111111111	0.4444444444444444	0.15873015873015872	0.38095238095238093
act/31	last	proj	4	11	False	True	asc	1	0.15873015873015872	0.42857142857142855	0.15873015873015872	0.4444444444444444
act/7	last	proj	2	12	True	False	asc	1	0.12698412698412698	0.36507936507936506	0.15873015873015872	0.4126984126984127
act/7	last	proj	3	7	True	True	asc	1	0.15873015873015872	0.3492063492063492	0.15873015873015872	0.47619047619047616
act/7	last	proj	3	7	True	False	asc	1	0.14285714285714285	0.36507936507936506	0.15873015873015872	0.42857142857142855
act/7	last	proj	3	8	True	True	asc	1	0.15873015873015872	0.3492063492063492	0.15873015873015872	0.4444444444444444
act/7	last	proj	3	11	True	True	asc	1	0.12698412698412698	0.4444444444444444	0.15873015873015872	0.3968253968253968
act/7	last	proj	3	11	True	False	asc	1	0.1111111111111111	0.4126984126984127	0.15873015873015872	0.3968253968253968
act/7	last	proj	3	15	True	False	asc	1	0.1111111111111111	0.4126984126984127	0.15873015873015872	0.4444444444444444
act/31	last	proj	0	2	True	False	asc	1	0.1746031746031746	0.31746031746031744	0.15873015873015872	0.4126984126984127
act/15	last	proj	2	20	False	True	asc	1	0.2222222222222222	0.4603174603174603	0.15873015873015872	0.3968253968253968
act/15	last	proj	1	8	False	True	asc	1	0.1746031746031746	0.31746031746031744	0.15873015873015872	0.38095238095238093
act/31_normed	last	proj	10	15	True	True	asc	1	0.07936507936507936	0.31746031746031744	0.15873015873015872	0.42857142857142855
act/3	last	proj	14	17	True	True	asc	1	0.09523809523809523	0.3333333333333333	0.15873015873015872	0.47619047619047616
act/3	last	proj	14	17	True	False	asc	1	0.09523809523809523	0.31746031746031744	0.15873015873015872	0.47619047619047616
act/27	last	proj	16	19	True	False	asc	1	0.12698412698412698	0.36507936507936506	0.15873015873015872	0.38095238095238093
act/7	last	proj	13	18	False	True	asc	1	0.15873015873015872	0.3968253968253968	0.15873015873015872	0.36507936507936506
act/7	last	proj	13	18	False	False	asc	1	0.14285714285714285	0.38095238095238093	0.15873015873015872	0.36507936507936506
act/31	last	proj	5	6	True	False	asc	1	0.12698412698412698	0.4444444444444444	0.15873015873015872	0.42857142857142855
act/31	last	proj	5	6	True	True	asc	1	0.12698412698412698	0.4444444444444444	0.15873015873015872	0.42857142857142855
act/15	last	proj	1	8	False	False	asc	1	0.1746031746031746	0.36507936507936506	0.15873015873015872	0.38095238095238093
act/15	last	proj	1	9	False	True	asc	1	0.1746031746031746	0.38095238095238093	0.15873015873015872	0.38095238095238093
act/15	last	proj	1	2	False	True	asc	1	0.15873015873015872	0.3333333333333333	0.15873015873015872	0.3333333333333333
act/15	last	proj	1	2	False	False	asc	1	0.15873015873015872	0.3333333333333333	0.15873015873015872	0.3333333333333333
act/15	last	proj	3	8	False	True	asc	1	0.2222222222222222	0.6031746031746031	0.15873015873015872	0.47619047619047616
act/15	last	proj	3	8	False	False	asc	1	0.20634920634920634	0.5555555555555556	0.15873015873015872	0.49206349206349204
act/3	last	proj	2	5	False	True	asc	1	0.31746031746031744	0.4126984126984127	0.15873015873015872	0.4603174603174603
act/3	last	proj	2	5	False	False	asc	1	0.31746031746031744	0.4126984126984127	0.15873015873015872	0.47619047619047616
act/27	last	proj	11	13	True	True	asc	1	0.031746031746031744	0.19047619047619047	0.15873015873015872	0.3333333333333333
act/31_normed	last	proj	0	20	True	False	asc	1	0.12698412698412698	0.30158730158730157	0.15873015873015872	0.3492063492063492
act/31_normed	last	proj	3	10	True	False	asc	1	0.2222222222222222	0.5079365079365079	0.15873015873015872	0.4603174603174603
act/31_normed	last	proj	1	18	True	True	asc	1	0.07936507936507936	0.36507936507936506	0.15873015873015872	0.38095238095238093
act/31_normed	last	proj	1	19	True	True	asc	1	0.07936507936507936	0.3492063492063492	0.15873015873015872	0.38095238095238093
act/31	last	proj	6	14	True	False	asc	1	0.1111111111111111	0.38095238095238093	0.15873015873015872	0.36507936507936506
act/15	last	proj	5	6	False	False	asc	1	0.14285714285714285	0.38095238095238093	0.15873015873015872	0.4126984126984127
act/3	last	proj	1	8	False	True	asc	1	0.3333333333333333	0.4126984126984127	0.15873015873015872	0.4126984126984127
act/3	last	proj	1	9	False	True	asc	1	0.3333333333333333	0.3968253968253968	0.15873015873015872	0.4126984126984127
act/3	last	proj	1	3	False	False	asc	1	0.2222222222222222	0.2857142857142857	0.15873015873015872	0.3333333333333333
act/3	last	proj	1	6	False	True	asc	1	0.3492063492063492	0.4126984126984127	0.15873015873015872	0.4603174603174603
act/15	last	proj	2	18	False	True	asc	1	0.20634920634920634	0.5079365079365079	0.15873015873015872	0.3968253968253968
act/15	last	proj	2	19	False	True	asc	1	0.20634920634920634	0.5079365079365079	0.15873015873015872	0.3968253968253968
act/31_normed	last	proj	10	15	True	False	asc	1	0.07936507936507936	0.31746031746031744	0.15873015873015872	0.42857142857142855
act/15	last	proj	17	19	True	False	asc	1	0.14285714285714285	0.42857142857142855	0.15873015873015872	0.3968253968253968
act/31_normed	last	proj	11	14	True	True	asc	1	0.07936507936507936	0.3333333333333333	0.15873015873015872	0.42857142857142855
act/15	last	proj	1	11	False	True	asc	1	0.19047619047619047	0.38095238095238093	0.15873015873015872	0.4126984126984127
act/31_normed	last	proj	9	12	True	False	asc	1	0.07936507936507936	0.30158730158730157	0.15873015873015872	0.3968253968253968
act/15	last	proj	1	12	False	True	asc	1	0.19047619047619047	0.3968253968253968	0.15873015873015872	0.4126984126984127
act/15	last	proj	1	13	False	True	asc	1	0.1746031746031746	0.38095238095238093	0.15873015873015872	0.4126984126984127
act/31_normed	last	proj	11	14	True	False	asc	1	0.07936507936507936	0.3492063492063492	0.15873015873015872	0.4126984126984127
act/31_normed	last	proj	11	15	True	False	asc	1	0.07936507936507936	0.3492063492063492	0.15873015873015872	0.4126984126984127
act/3	last	proj	1	10	False	True	asc	1	0.3333333333333333	0.4126984126984127	0.15873015873015872	0.42857142857142855
act/31_normed	last	proj	2	4	True	True	asc	1	0.1746031746031746	0.4603174603174603	0.15873015873015872	0.36507936507936506
act/31_normed	last	proj	2	5	True	True	asc	1	0.12698412698412698	0.3968253968253968	0.15873015873015872	0.4444444444444444
act/31_normed	last	proj	1	20	True	True	asc	1	0.07936507936507936	0.3492063492063492	0.15873015873015872	0.38095238095238093
act/15	last	proj	16	18	True	False	asc	1	0.19047619047619047	0.42857142857142855	0.15873015873015872	0.4126984126984127
act/3	last	proj	16	17	True	True	asc	1	0.1111111111111111	0.25396825396825395	0.15873015873015872	0.30158730158730157
act/3	last	proj	16	17	True	False	asc	1	0.1111111111111111	0.25396825396825395	0.15873015873015872	0.30158730158730157
act/15	last	proj	17	19	True	True	asc	1	0.14285714285714285	0.4126984126984127	0.15873015873015872	0.3968253968253968
act/19	last	proj	13	17	False	True	asc	1	0.1111111111111111	0.19047619047619047	0.15873015873015872	0.36507936507936506
act/19	last	proj	13	17	False	False	asc	1	0.1111111111111111	0.19047619047619047	0.15873015873015872	0.36507936507936506
act/31	last	proj	8	12	True	True	asc	1	0.14285714285714285	0.49206349206349204	0.15873015873015872	0.4603174603174603
act/31	last	proj	8	12	True	False	asc	1	0.14285714285714285	0.5079365079365079	0.15873015873015872	0.4603174603174603
act/19	last	proj	16	18	False	True	asc	1	0.20634920634920634	0.3333333333333333	0.15873015873015872	0.47619047619047616
act/31_normed	last	proj	5	6	True	False	asc	1	0.15873015873015872	0.4603174603174603	0.15873015873015872	0.4126984126984127
act/31_normed	last	proj	3	15	True	True	asc	1	0.15873015873015872	0.47619047619047616	0.15873015873015872	0.4126984126984127
act/31_normed	last	proj	3	16	True	True	asc	1	0.14285714285714285	0.4444444444444444	0.15873015873015872	0.42857142857142855
act/3	last	proj	14	20	True	True	asc	1	0.06349206349206349	0.2698412698412698	0.15873015873015872	0.38095238095238093
act/3	last	proj	14	20	True	False	asc	1	0.06349206349206349	0.2698412698412698	0.15873015873015872	0.36507936507936506
act/3	last	proj	15	17	True	False	asc	1	0.14285714285714285	0.3492063492063492	0.15873015873015872	0.4126984126984127
act/27	last	proj	16	19	True	True	asc	1	0.12698412698412698	0.36507936507936506	0.15873015873015872	0.38095238095238093
act/31_normed	last	proj	9	14	True	False	asc	1	0.06349206349206349	0.3492063492063492	0.15873015873015872	0.4126984126984127
act/31_normed	last	proj	9	12	True	True	asc	1	0.07936507936507936	0.30158730158730157	0.15873015873015872	0.42857142857142855
act/15	last	proj	2	14	False	False	asc	1	0.12698412698412698	0.4126984126984127	0.15873015873015872	0.38095238095238093
act/31_normed	last	proj	10	13	True	True	asc	1	0.06349206349206349	0.25396825396825395	0.15873015873015872	0.4126984126984127
act/15	last	proj	17	20	True	True	asc	1	0.09523809523809523	0.47619047619047616	0.15873015873015872	0.31746031746031744
act/15	last	proj	17	20	True	False	asc	1	0.12698412698412698	0.5079365079365079	0.15873015873015872	0.31746031746031744
act/7	last	proj	11	14	True	False	asc	1	0.14285714285714285	0.38095238095238093	0.15873015873015872	0.47619047619047616
act/15	last	proj	15	17	True	True	asc	1	0.09523809523809523	0.2857142857142857	0.15873015873015872	0.31746031746031744
act/15	last	proj	15	17	True	False	asc	1	0.09523809523809523	0.2857142857142857	0.15873015873015872	0.31746031746031744
act/23	last	proj	10	14	False	True	asc	1	0.09523809523809523	0.3492063492063492	0.15873015873015872	0.30158730158730157
act/23	last	proj	11	13	False	True	asc	1	0.07936507936507936	0.2698412698412698	0.15873015873015872	0.3333333333333333
act/23	last	proj	11	13	False	False	asc	1	0.07936507936507936	0.2698412698412698	0.15873015873015872	0.3333333333333333
act/27	last	proj	7	12	True	False	asc	1	0.30158730158730157	0.47619047619047616	0.15873015873015872	0.2857142857142857
act/3	last	proj	1	11	False	True	asc	1	0.3333333333333333	0.4126984126984127	0.15873015873015872	0.4126984126984127
act/27	last	proj	2	8	False	True	asc	1	0.06349206349206349	0.3333333333333333	0.15873015873015872	0.4126984126984127
act/7	last	proj	11	20	False	False	asc	1	0.14285714285714285	0.47619047619047616	0.15873015873015872	0.42857142857142855
act/15	last	proj	14	18	True	False	asc	1	0.1111111111111111	0.30158730158730157	0.15873015873015872	0.38095238095238093
act/15	last	proj	16	19	True	True	asc	1	0.1746031746031746	0.4603174603174603	0.15873015873015872	0.4126984126984127
act/15	last	proj	16	19	True	False	asc	1	0.1746031746031746	0.4603174603174603	0.15873015873015872	0.4126984126984127
act/31_normed	last	proj	17	20	True	False	asc	1	0.07936507936507936	0.14285714285714285	0.15873015873015872	0.23809523809523808
act/31	last	proj	4	5	True	False	asc	1	0.19047619047619047	0.42857142857142855	0.15873015873015872	0.38095238095238093
act/31	last	proj	9	12	True	True	asc	1	0.06349206349206349	0.3333333333333333	0.15873015873015872	0.4126984126984127
act/3	last	proj	16	18	True	True	asc	1	0.12698412698412698	0.20634920634920634	0.15873015873015872	0.3333333333333333
act/3	last	proj	16	18	True	False	asc	1	0.12698412698412698	0.20634920634920634	0.15873015873015872	0.3333333333333333
act/3	last	proj	16	20	True	True	asc	1	0.07936507936507936	0.23809523809523808	0.15873015873015872	0.30158730158730157
act/7	last	proj	12	19	True	True	asc	1	0.12698412698412698	0.4603174603174603	0.15873015873015872	0.3968253968253968
act/3	last	proj	17	19	True	False	asc	1	0.06349206349206349	0.20634920634920634	0.15873015873015872	0.3492063492063492
act/3	last	proj	17	19	True	True	asc	1	0.06349206349206349	0.20634920634920634	0.15873015873015872	0.3492063492063492
act/7	last	proj	12	16	False	True	asc	1	0.1111111111111111	0.3492063492063492	0.15873015873015872	0.4126984126984127
act/7	last	proj	12	16	False	False	asc	1	0.1111111111111111	0.3492063492063492	0.15873015873015872	0.3968253968253968
act/15	last	proj	1	10	False	True	asc	1	0.19047619047619047	0.3968253968253968	0.15873015873015872	0.3968253968253968
act/3	last	proj	15	19	True	True	asc	1	0.09523809523809523	0.30158730158730157	0.15873015873015872	0.38095238095238093
act/3	last	proj	15	19	True	False	asc	1	0.09523809523809523	0.30158730158730157	0.15873015873015872	0.36507936507936506
act/3	last	proj	15	20	True	True	asc	1	0.07936507936507936	0.25396825396825395	0.15873015873015872	0.30158730158730157
act/31	last	proj	4	10	True	True	asc	1	0.2222222222222222	0.49206349206349204	0.15873015873015872	0.4444444444444444
act/31	last	proj	4	5	True	True	asc	1	0.19047619047619047	0.42857142857142855	0.15873015873015872	0.38095238095238093
act/23	last	proj	10	14	False	False	asc	1	0.07936507936507936	0.3333333333333333	0.15873015873015872	0.30158730158730157
act/27	last	proj	0	3	True	False	asc	1	0.1746031746031746	0.3968253968253968	0.15873015873015872	0.5238095238095238
act/19	last	proj	7	9	False	True	asc	1	0.09523809523809523	0.3333333333333333	0.15873015873015872	0.3968253968253968
act/19	last	proj	7	9	False	False	asc	1	0.1111111111111111	0.3492063492063492	0.15873015873015872	0.3492063492063492
act/19	last	proj	7	10	False	True	asc	1	0.07936507936507936	0.30158730158730157	0.15873015873015872	0.42857142857142855
act/19	last	proj	7	10	False	False	asc	1	0.07936507936507936	0.30158730158730157	0.15873015873015872	0.4126984126984127
act/3	last	proj	8	15	False	True	asc	1	0.19047619047619047	0.36507936507936506	0.15873015873015872	0.42857142857142855
act/3	last	proj	5	8	False	False	asc	1	0.15873015873015872	0.3968253968253968	0.15873015873015872	0.3968253968253968
act/27	last	proj	2	13	False	False	asc	1	0.06349206349206349	0.30158730158730157	0.15873015873015872	0.38095238095238093
act/27	last	proj	2	5	False	True	asc	1	0.07936507936507936	0.3333333333333333	0.15873015873015872	0.3968253968253968
act/27	last	proj	2	5	False	False	asc	1	0.06349206349206349	0.3333333333333333	0.15873015873015872	0.3968253968253968
act/7	last	proj	10	18	True	False	asc	1	0.1746031746031746	0.49206349206349204	0.15873015873015872	0.4126984126984127
act/27	last	proj	2	7	False	False	asc	1	0.031746031746031744	0.31746031746031744	0.15873015873015872	0.4126984126984127
act/3	last	proj	13	20	True	True	asc	1	0.12698412698412698	0.31746031746031744	0.15873015873015872	0.36507936507936506
act/23	last	proj	0	4	True	True	asc	1	0.1746031746031746	0.3492063492063492	0.15873015873015872	0.4603174603174603
act/23	last	proj	0	4	True	False	asc	1	0.15873015873015872	0.36507936507936506	0.15873015873015872	0.4603174603174603
act/31_normed	last	proj	0	10	True	True	asc	1	0.15873015873015872	0.3492063492063492	0.15873015873015872	0.3968253968253968
act/31_normed	last	proj	0	10	True	False	asc	1	0.19047619047619047	0.4126984126984127	0.15873015873015872	0.4126984126984127
act/31_normed	last	proj	0	14	True	True	asc	1	0.15873015873015872	0.31746031746031744	0.15873015873015872	0.38095238095238093
act/31_normed	last	proj	0	14	True	False	asc	1	0.15873015873015872	0.4444444444444444	0.15873015873015872	0.4126984126984127
act/31_normed	last	proj	2	10	True	False	asc	1	0.23809523809523808	0.5555555555555556	0.15873015873015872	0.49206349206349204
act/31_normed	last	proj	1	14	True	False	asc	1	0.07936507936507936	0.3968253968253968	0.15873015873015872	0.4126984126984127
act/31_normed	last	proj	0	19	True	False	asc	1	0.1111111111111111	0.30158730158730157	0.15873015873015872	0.3492063492063492
act/27	last	proj	2	13	False	True	asc	1	0.07936507936507936	0.3333333333333333	0.15873015873015872	0.38095238095238093
act/23	last	proj	0	6	True	True	asc	1	0.15873015873015872	0.36507936507936506	0.15873015873015872	0.4444444444444444
act/23	last	proj	0	8	True	False	asc	1	0.14285714285714285	0.3492063492063492	0.15873015873015872	0.36507936507936506
act/19	last	proj	16	18	False	False	asc	1	0.20634920634920634	0.3333333333333333	0.15873015873015872	0.47619047619047616
act/23	last	proj	11	15	False	False	asc	1	0.06349206349206349	0.25396825396825395	0.15873015873015872	0.38095238095238093
act/7	last	proj	10	20	True	False	asc	1	0.15873015873015872	0.4603174603174603	0.15873015873015872	0.4444444444444444
act/7	last	proj	11	16	True	True	asc	1	0.15873015873015872	0.4126984126984127	0.15873015873015872	0.4603174603174603
act/27	last	proj	3	9	False	True	asc	1	0.047619047619047616	0.31746031746031744	0.15873015873015872	0.4126984126984127
act/31_normed	last	proj	0	17	True	False	asc	1	0.15873015873015872	0.3333333333333333	0.15873015873015872	0.3492063492063492
act/15	last	proj	7	9	True	True	asc	1	0.12698412698412698	0.42857142857142855	0.15873015873015872	0.4444444444444444
act/31_normed	last	proj	2	6	False	True	asc	1	0.047619047619047616	0.2857142857142857	0.15873015873015872	0.36507936507936506
act/31_normed	last	proj	2	7	False	True	asc	1	0.047619047619047616	0.36507936507936506	0.15873015873015872	0.4126984126984127
act/3	last	proj	11	13	False	True	asc	1	0.12698412698412698	0.30158730158730157	0.15873015873015872	0.31746031746031744
act/31_normed	last	proj	2	14	False	False	asc	1	0.09523809523809523	0.38095238095238093	0.15873015873015872	0.42857142857142855
act/31_normed	last	proj	2	14	False	True	asc	1	0.047619047619047616	0.3333333333333333	0.15873015873015872	0.4444444444444444
act/3	last	proj	10	17	False	False	asc	1	0.19047619047619047	0.31746031746031744	0.15873015873015872	0.42857142857142855
act/15	last	proj	5	11	True	True	asc	1	0.2222222222222222	0.4444444444444444	0.15873015873015872	0.36507936507936506
act/23	last	proj	0	20	True	True	asc	1	0.1746031746031746	0.3968253968253968	0.15873015873015872	0.38095238095238093
act/23	last	proj	1	5	True	True	asc	1	0.1111111111111111	0.36507936507936506	0.15873015873015872	0.5238095238095238
act/31	last	proj	4	11	True	False	asc	1	0.1746031746031746	0.4444444444444444	0.15873015873015872	0.4444444444444444
act/31_normed	last	proj	1	7	False	False	asc	1	0.09523809523809523	0.2698412698412698	0.15873015873015872	0.4444444444444444
act/3	last	proj	10	20	True	True	asc	1	0.12698412698412698	0.25396825396825395	0.15873015873015872	0.38095238095238093
act/27	last	proj	3	8	False	False	asc	1	0.031746031746031744	0.3333333333333333	0.15873015873015872	0.3968253968253968
act/3	last	proj	10	15	True	True	asc	1	0.12698412698412698	0.3333333333333333	0.15873015873015872	0.4603174603174603
act/3	last	proj	10	15	True	False	asc	1	0.12698412698412698	0.3333333333333333	0.15873015873015872	0.4603174603174603
act/15	last	proj	13	14	False	False	asc	1	0.07936507936507936	0.31746031746031744	0.15873015873015872	0.31746031746031744
act/31_normed	last	proj	0	16	True	True	asc	1	0.19047619047619047	0.36507936507936506	0.15873015873015872	0.38095238095238093
act/31	last	proj	18	20	False	True	asc	1	0.14285714285714285	0.25396825396825395	0.15873015873015872	0.3333333333333333
act/31	last	proj	18	20	False	False	asc	1	0.14285714285714285	0.2698412698412698	0.15873015873015872	0.3333333333333333
act/3	last	proj	10	17	False	True	asc	1	0.1746031746031746	0.30158730158730157	0.15873015873015872	0.42857142857142855
act/23	last	proj	0	19	True	True	asc	1	0.1746031746031746	0.3968253968253968	0.15873015873015872	0.3492063492063492
act/3	last	proj	11	12	False	True	asc	1	0.20634920634920634	0.38095238095238093	0.15873015873015872	0.4126984126984127
act/3	last	proj	11	12	False	False	asc	1	0.20634920634920634	0.38095238095238093	0.15873015873015872	0.4126984126984127
act/7	last	proj	3	17	False	True	asc	1	0.1111111111111111	0.38095238095238093	0.15873015873015872	0.36507936507936506
act/7	last	proj	3	18	False	True	asc	1	0.1111111111111111	0.38095238095238093	0.15873015873015872	0.36507936507936506
act/31	last	proj	19	20	False	True	asc	1	0.09523809523809523	0.31746031746031744	0.15873015873015872	0.3968253968253968
act/31	last	proj	19	20	False	False	asc	1	0.09523809523809523	0.31746031746031744	0.15873015873015872	0.3968253968253968
act/15	last	proj	17	18	False	True	asc	1	0.12698412698412698	0.3333333333333333	0.15873015873015872	0.38095238095238093
act/15	last	proj	17	18	False	False	asc	1	0.12698412698412698	0.3333333333333333	0.15873015873015872	0.38095238095238093
act/31_normed	last	proj	0	15	True	True	asc	1	0.19047619047619047	0.36507936507936506	0.15873015873015872	0.38095238095238093
act/15	last	proj	13	14	False	True	asc	1	0.07936507936507936	0.31746031746031744	0.15873015873015872	0.31746031746031744
act/15	last	proj	2	13	True	True	asc	1	0.15873015873015872	0.49206349206349204	0.15873015873015872	0.42857142857142855
act/31_normed	last	proj	4	16	False	True	asc	1	0.09523809523809523	0.3968253968253968	0.15873015873015872	0.47619047619047616
act/15	last	proj	2	17	True	True	asc	1	0.15873015873015872	0.4444444444444444	0.15873015873015872	0.4444444444444444
act/15	last	proj	1	6	True	True	asc	1	0.2222222222222222	0.49206349206349204	0.15873015873015872	0.4126984126984127
act/23	last	proj	0	12	True	True	asc	1	0.12698412698412698	0.3492063492063492	0.15873015873015872	0.42857142857142855
act/23	last	proj	0	13	True	True	asc	1	0.12698412698412698	0.3333333333333333	0.15873015873015872	0.42857142857142855
act/23	last	proj	0	18	True	True	asc	1	0.1746031746031746	0.3968253968253968	0.15873015873015872	0.36507936507936506
act/27	last	proj	1	15	True	True	asc	1	0.15873015873015872	0.3492063492063492	0.15873015873015872	0.3492063492063492
act/19	last	proj	0	15	True	True	asc	1	0.14285714285714285	0.2698412698412698	0.15873015873015872	0.36507936507936506
act/31_normed	last	proj	0	11	True	False	asc	1	0.1746031746031746	0.3968253968253968	0.15873015873015872	0.42857142857142855
act/3	last	proj	4	9	False	False	asc	1	0.14285714285714285	0.38095238095238093	0.15873015873015872	0.3968253968253968
act/3	last	proj	4	10	False	True	asc	1	0.15873015873015872	0.38095238095238093	0.15873015873015872	0.3968253968253968
act/7	last	proj	10	19	False	False	asc	1	0.15873015873015872	0.42857142857142855	0.15873015873015872	0.3968253968253968
act/15	last	proj	2	8	True	True	asc	1	0.19047619047619047	0.4444444444444444	0.15873015873015872	0.42857142857142855
act/15	last	proj	2	9	True	True	asc	1	0.20634920634920634	0.49206349206349204	0.15873015873015872	0.4603174603174603
act/15	last	proj	2	12	True	True	asc	1	0.1746031746031746	0.5079365079365079	0.15873015873015872	0.4444444444444444
act/31	last	proj	4	15	True	True	asc	1	0.14285714285714285	0.42857142857142855	0.15873015873015872	0.4603174603174603
act/23	last	proj	2	11	True	False	asc	1	0.2222222222222222	0.36507936507936506	0.15873015873015872	0.31746031746031744
act/23	last	proj	2	12	True	True	asc	1	0.19047619047619047	0.3492063492063492	0.15873015873015872	0.38095238095238093
act/31	last	proj	4	13	True	True	asc	1	0.1746031746031746	0.5079365079365079	0.15873015873015872	0.47619047619047616
act/27	last	proj	5	8	False	False	asc	1	0.07936507936507936	0.36507936507936506	0.15873015873015872	0.38095238095238093
act/27	last	proj	5	8	False	True	asc	1	0.07936507936507936	0.36507936507936506	0.15873015873015872	0.36507936507936506
act/15	last	proj	15	19	False	False	asc	1	0.1111111111111111	0.3333333333333333	0.15873015873015872	0.31746031746031744
act/19	last	proj	0	7	True	True	asc	1	0.14285714285714285	0.2698412698412698	0.15873015873015872	0.36507936507936506
act/31_normed	last	proj	2	12	False	False	asc	1	0.1111111111111111	0.38095238095238093	0.15873015873015872	0.47619047619047616
act/15	last	proj	5	12	True	True	asc	1	0.2222222222222222	0.5238095238095238	0.15873015873015872	0.3492063492063492
act/15	last	proj	5	13	True	True	asc	1	0.2857142857142857	0.5238095238095238	0.15873015873015872	0.3968253968253968
act/15	last	proj	2	18	True	False	asc	1	0.14285714285714285	0.38095238095238093	0.15873015873015872	0.42857142857142855
act/31_normed	last	proj	3	15	False	True	asc	1	0.12698412698412698	0.4444444444444444	0.15873015873015872	0.49206349206349204
act/3	last	proj	9	14	True	False	asc	1	0.19047619047619047	0.36507936507936506	0.15873015873015872	0.47619047619047616
act/15	last	proj	4	11	True	True	asc	1	0.15873015873015872	0.4126984126984127	0.15873015873015872	0.38095238095238093
act/23	last	proj	1	14	True	True	asc	1	0.2222222222222222	0.4126984126984127	0.15873015873015872	0.3492063492063492
act/15	last	proj	1	14	True	True	asc	1	0.15873015873015872	0.4603174603174603	0.15873015873015872	0.3968253968253968
act/15	last	proj	1	15	True	True	asc	1	0.1746031746031746	0.4444444444444444	0.15873015873015872	0.3968253968253968
act/7	last	proj	10	20	False	False	asc	1	0.14285714285714285	0.42857142857142855	0.15873015873015872	0.3968253968253968
act/7	last	proj	11	12	False	True	asc	1	0.19047619047619047	0.3492063492063492	0.15873015873015872	0.38095238095238093
act/7	last	proj	11	12	False	False	asc	1	0.19047619047619047	0.3492063492063492	0.15873015873015872	0.38095238095238093
act/7	last	proj	11	15	False	True	asc	1	0.1746031746031746	0.36507936507936506	0.15873015873015872	0.4444444444444444
act/7	last	proj	11	15	False	False	asc	1	0.1746031746031746	0.36507936507936506	0.15873015873015872	0.4444444444444444
act/7	last	proj	11	16	False	True	asc	1	0.1746031746031746	0.3492063492063492	0.15873015873015872	0.42857142857142855
act/23	last	proj	0	14	True	True	asc	1	0.1746031746031746	0.3968253968253968	0.15873015873015872	0.42857142857142855
act/23	last	proj	3	13	True	False	asc	1	0.23809523809523808	0.3968253968253968	0.15873015873015872	0.31746031746031744
act/23	last	proj	1	17	True	True	asc	1	0.25396825396825395	0.3968253968253968	0.15873015873015872	0.3492063492063492
act/15	last	proj	2	14	True	True	asc	1	0.14285714285714285	0.4603174603174603	0.15873015873015872	0.42857142857142855
act/15	last	proj	1	4	True	True	asc	1	0.12698412698412698	0.38095238095238093	0.15873015873015872	0.42857142857142855
act/15	last	proj	1	5	True	True	asc	1	0.14285714285714285	0.4603174603174603	0.15873015873015872	0.4444444444444444
act/15	last	proj	1	4	True	False	asc	1	0.07936507936507936	0.3333333333333333	0.15873015873015872	0.4603174603174603
act/15	last	proj	1	13	True	True	asc	1	0.1746031746031746	0.47619047619047616	0.15873015873015872	0.4126984126984127
act/7	last	proj	3	19	False	True	asc	1	0.1111111111111111	0.38095238095238093	0.15873015873015872	0.36507936507936506
act/19	last	proj	1	10	True	True	asc	1	0.14285714285714285	0.3333333333333333	0.15873015873015872	0.38095238095238093
act/19	last	proj	1	10	True	False	asc	1	0.20634920634920634	0.4126984126984127	0.15873015873015872	0.3968253968253968
act/19	last	proj	1	2	True	False	asc	1	0.12698412698412698	0.3333333333333333	0.15873015873015872	0.47619047619047616
act/3	last	proj	2	9	False	False	asc	1	0.14285714285714285	0.36507936507936506	0.15873015873015872	0.38095238095238093
act/3	last	proj	1	13	False	True	asc	1	0.3333333333333333	0.4126984126984127	0.15873015873015872	0.4444444444444444
act/23	last	proj	3	9	True	False	asc	1	0.2222222222222222	0.38095238095238093	0.15873015873015872	0.3492063492063492
act/23	last	proj	2	18	True	True	asc	1	0.25396825396825395	0.3968253968253968	0.15873015873015872	0.3968253968253968
act/3	last	proj	5	18	False	False	asc	1	0.14285714285714285	0.3968253968253968	0.15873015873015872	0.3968253968253968
act/7	last	proj	3	20	False	True	asc	1	0.09523809523809523	0.3492063492063492	0.15873015873015872	0.36507936507936506
act/7	last	proj	3	14	False	False	asc	1	0.12698412698412698	0.36507936507936506	0.15873015873015872	0.42857142857142855
act/7	last	proj	3	15	False	True	asc	1	0.1111111111111111	0.36507936507936506	0.15873015873015872	0.38095238095238093
act/31	last	proj	1	3	False	False	asc	1	0.14285714285714285	0.2857142857142857	0.15873015873015872	0.3968253968253968
act/7	last	proj	3	13	False	False	asc	1	0.14285714285714285	0.38095238095238093	0.15873015873015872	0.3968253968253968
act/7	last	proj	3	16	False	True	asc	1	0.1111111111111111	0.38095238095238093	0.15873015873015872	0.38095238095238093
act/7	last	proj	3	16	False	False	asc	1	0.15873015873015872	0.4126984126984127	0.15873015873015872	0.4126984126984127
act/11	last	proj	15	20	False	False	asc	1	0.1746031746031746	0.4444444444444444	0.15873015873015872	0.4603174603174603
act/11	last	proj	16	19	False	True	asc	1	0.1746031746031746	0.3492063492063492	0.15873015873015872	0.3492063492063492
act/11	last	proj	16	19	False	False	asc	1	0.1746031746031746	0.3492063492063492	0.15873015873015872	0.3492063492063492
act/11	last	proj	16	18	False	False	asc	1	0.23809523809523808	0.4603174603174603	0.15873015873015872	0.38095238095238093
act/7	last	proj	9	16	True	False	asc	1	0.1746031746031746	0.42857142857142855	0.15873015873015872	0.3968253968253968
act/7	last	proj	9	17	True	False	asc	1	0.19047619047619047	0.4444444444444444	0.15873015873015872	0.3968253968253968
act/7	last	proj	8	17	True	False	asc	1	0.1746031746031746	0.47619047619047616	0.15873015873015872	0.4126984126984127
act/31_normed	last	proj	7	8	False	True	asc	1	0.15873015873015872	0.47619047619047616	0.15873015873015872	0.4126984126984127
act/19	last	proj	1	2	True	True	asc	1	0.12698412698412698	0.3333333333333333	0.15873015873015872	0.47619047619047616
act/11	last	proj	13	20	False	True	asc	1	0.1746031746031746	0.3492063492063492	0.15873015873015872	0.36507936507936506
act/11	last	proj	13	20	False	False	asc	1	0.1746031746031746	0.3492063492063492	0.15873015873015872	0.36507936507936506
act/11	last	proj	14	18	False	False	asc	1	0.2222222222222222	0.4126984126984127	0.15873015873015872	0.36507936507936506
act/7	last	proj	8	20	True	False	asc	1	0.15873015873015872	0.47619047619047616	0.15873015873015872	0.4444444444444444
act/11	last	proj	13	17	False	True	asc	1	0.23809523809523808	0.36507936507936506	0.15873015873015872	0.36507936507936506
act/11	last	proj	16	18	False	True	asc	1	0.23809523809523808	0.4603174603174603	0.15873015873015872	0.38095238095238093
act/11	last	proj	15	18	False	False	asc	1	0.2222222222222222	0.4126984126984127	0.15873015873015872	0.4126984126984127
act/23	last	proj	2	19	True	True	asc	1	0.25396825396825395	0.4126984126984127	0.15873015873015872	0.4126984126984127
act/23	last	proj	2	15	True	True	asc	1	0.2698412698412698	0.4126984126984127	0.15873015873015872	0.3968253968253968
act/23	last	proj	3	16	True	True	asc	1	0.2698412698412698	0.42857142857142855	0.15873015873015872	0.3333333333333333
act/23	last	proj	3	9	True	True	asc	1	0.23809523809523808	0.3968253968253968	0.15873015873015872	0.36507936507936506
act/3	last	proj	1	12	False	True	asc	1	0.3333333333333333	0.4126984126984127	0.15873015873015872	0.42857142857142855
act/19	last	proj	2	9	True	False	asc	1	0.2222222222222222	0.3968253968253968	0.15873015873015872	0.4126984126984127
act/19	last	proj	1	5	True	True	asc	1	0.12698412698412698	0.38095238095238093	0.15873015873015872	0.4444444444444444
act/19	last	proj	1	5	True	False	asc	1	0.09523809523809523	0.36507936507936506	0.15873015873015872	0.4603174603174603
act/27	last	proj	5	9	False	True	asc	1	0.1111111111111111	0.3492063492063492	0.15873015873015872	0.36507936507936506
act/7	last	proj	11	14	False	True	asc	1	0.15873015873015872	0.3492063492063492	0.15873015873015872	0.42857142857142855
act/7	last	proj	11	14	False	False	asc	1	0.15873015873015872	0.3333333333333333	0.15873015873015872	0.42857142857142855
act/15	last	proj	1	16	True	True	asc	1	0.1746031746031746	0.4444444444444444	0.15873015873015872	0.3968253968253968
act/15	last	proj	0	12	True	False	asc	1	0.15873015873015872	0.4444444444444444	0.15873015873015872	0.36507936507936506
act/11	last	proj	17	20	False	False	asc	1	0.09523809523809523	0.30158730158730157	0.15873015873015872	0.42857142857142855
act/15	last	proj	0	6	True	False	asc	1	0.19047619047619047	0.47619047619047616	0.15873015873015872	0.3968253968253968
act/11	last	proj	15	18	False	True	asc	1	0.23809523809523808	0.4126984126984127	0.15873015873015872	0.4126984126984127
act/7	last	proj	9	15	True	False	asc	1	0.20634920634920634	0.47619047619047616	0.15873015873015872	0.42857142857142855
act/11	last	proj	13	17	False	False	asc	1	0.25396825396825395	0.38095238095238093	0.15873015873015872	0.38095238095238093
act/7	last	proj	8	19	True	False	asc	1	0.19047619047619047	0.49206349206349204	0.15873015873015872	0.42857142857142855
act/7	last	proj	9	13	True	True	asc	1	0.12698412698412698	0.2698412698412698	0.15873015873015872	0.31746031746031744
act/19	last	proj	2	7	True	True	asc	1	0.1746031746031746	0.3968253968253968	0.15873015873015872	0.4444444444444444
act/31	last	proj	11	15	False	False	asc	1	0.07936507936507936	0.3492063492063492	0.15873015873015872	0.4126984126984127
act/19	last	proj	2	14	True	False	asc	1	0.20634920634920634	0.3968253968253968	0.15873015873015872	0.3968253968253968
act/19	last	proj	4	7	True	False	asc	1	0.1746031746031746	0.3333333333333333	0.15873015873015872	0.4126984126984127
act/23	last	proj	4	9	True	False	asc	1	0.14285714285714285	0.30158730158730157	0.15873015873015872	0.30158730158730157
act/23	last	proj	4	10	True	False	asc	1	0.1746031746031746	0.3492063492063492	0.15873015873015872	0.31746031746031744
act/23	last	proj	4	11	True	True	asc	1	0.12698412698412698	0.30158730158730157	0.15873015873015872	0.30158730158730157
act/23	last	proj	4	11	True	False	asc	1	0.15873015873015872	0.3492063492063492	0.15873015873015872	0.31746031746031744
act/23	last	proj	2	16	True	True	asc	1	0.2698412698412698	0.42857142857142855	0.15873015873015872	0.3968253968253968
act/23	last	proj	1	10	True	False	asc	1	0.23809523809523808	0.3968253968253968	0.15873015873015872	0.31746031746031744
act/23	last	proj	1	11	True	False	asc	1	0.23809523809523808	0.4126984126984127	0.15873015873015872	0.3333333333333333
act/23	last	proj	4	13	True	False	asc	1	0.1746031746031746	0.3492063492063492	0.15873015873015872	0.2857142857142857
act/31	last	proj	13	15	False	True	asc	1	0.07936507936507936	0.2857142857142857	0.15873015873015872	0.3492063492063492
act/31	last	proj	13	15	False	False	asc	1	0.07936507936507936	0.2857142857142857	0.15873015873015872	0.3492063492063492
act/7	last	proj	1	3	False	True	asc	1	0.20634920634920634	0.3333333333333333	0.15873015873015872	0.38095238095238093
act/7	last	proj	1	3	False	False	asc	1	0.2222222222222222	0.36507936507936506	0.15873015873015872	0.38095238095238093
act/19	last	proj	3	9	True	False	asc	1	0.23809523809523808	0.3968253968253968	0.15873015873015872	0.3968253968253968
act/19	last	proj	2	5	True	True	asc	1	0.14285714285714285	0.36507936507936506	0.15873015873015872	0.42857142857142855
act/19	last	proj	2	5	True	False	asc	1	0.14285714285714285	0.3492063492063492	0.15873015873015872	0.42857142857142855
act/19	last	proj	2	6	True	True	asc	1	0.1746031746031746	0.4126984126984127	0.15873015873015872	0.3968253968253968
act/31_normed	last	proj	7	8	False	False	asc	1	0.15873015873015872	0.47619047619047616	0.15873015873015872	0.4126984126984127
act/7	last	proj	9	19	True	True	asc	1	0.15873015873015872	0.4603174603174603	0.15873015873015872	0.3968253968253968
act/15	last	proj	15	20	False	False	asc	1	0.1746031746031746	0.42857142857142855	0.15873015873015872	0.3492063492063492
act/19	last	proj	1	8	True	False	asc	1	0.20634920634920634	0.36507936507936506	0.15873015873015872	0.36507936507936506
act/19	last	proj	1	9	True	False	asc	1	0.20634920634920634	0.4126984126984127	0.15873015873015872	0.3492063492063492
act/27	last	proj	7	12	True	True	asc	1	0.2698412698412698	0.4444444444444444	0.15873015873015872	0.2857142857142857
act/3	last	proj	3	17	False	True	asc	1	0.12698412698412698	0.38095238095238093	0.15873015873015872	0.4126984126984127
act/3	last	proj	2	10	False	False	asc	1	0.15873015873015872	0.3968253968253968	0.15873015873015872	0.38095238095238093
act/31_normed	last	proj	12	15	False	False	asc	1	0.07936507936507936	0.31746031746031744	0.15873015873015872	0.3968253968253968
act/11	last	proj	9	12	False	True	asc	1	0.1111111111111111	0.23809523809523808	0.15873015873015872	0.36507936507936506
act/31_normed	last	proj	11	15	False	True	asc	1	0.047619047619047616	0.2698412698412698	0.15873015873015872	0.38095238095238093
act/31_normed	last	proj	11	15	False	False	asc	1	0.047619047619047616	0.2857142857142857	0.15873015873015872	0.4126984126984127
act/11	last	proj	10	14	False	False	asc	1	0.07936507936507936	0.25396825396825395	0.15873015873015872	0.30158730158730157
act/11	last	proj	9	16	False	True	asc	1	0.14285714285714285	0.2698412698412698	0.15873015873015872	0.42857142857142855
act/11	last	proj	9	16	False	False	asc	1	0.14285714285714285	0.2857142857142857	0.15873015873015872	0.3968253968253968
act/31_normed	last	proj	12	14	False	True	asc	1	0.15873015873015872	0.3333333333333333	0.15873015873015872	0.3968253968253968
act/31	last	proj	17	18	True	True	asc	1	0.20634920634920634	0.36507936507936506	0.15873015873015872	0.38095238095238093
act/11	last	proj	10	12	False	True	asc	1	0.07936507936507936	0.1746031746031746	0.15873015873015872	0.30158730158730157
act/11	last	proj	10	12	False	False	asc	1	0.06349206349206349	0.15873015873015872	0.15873015873015872	0.30158730158730157
act/31_normed	last	proj	9	10	False	True	asc	1	0.1111111111111111	0.36507936507936506	0.15873015873015872	0.3968253968253968
act/31_normed	last	proj	9	10	False	False	asc	1	0.1111111111111111	0.36507936507936506	0.15873015873015872	0.3968253968253968
act/23	last	proj	2	8	True	False	asc	1	0.20634920634920634	0.36507936507936506	0.15873015873015872	0.38095238095238093
act/23	last	proj	3	17	True	True	asc	1	0.25396825396825395	0.4444444444444444	0.15873015873015872	0.3333333333333333
act/23	last	proj	4	12	True	True	asc	1	0.1111111111111111	0.2698412698412698	0.15873015873015872	0.3333333333333333
act/3	last	proj	3	18	False	True	asc	1	0.14285714285714285	0.4126984126984127	0.15873015873015872	0.4126984126984127
act/3	last	proj	3	20	False	True	asc	1	0.14285714285714285	0.42857142857142855	0.15873015873015872	0.4603174603174603
act/19	last	proj	7	12	False	True	asc	1	0.09523809523809523	0.3492063492063492	0.15873015873015872	0.4444444444444444
act/19	last	proj	7	12	False	False	asc	1	0.07936507936507936	0.30158730158730157	0.15873015873015872	0.47619047619047616
act/19	last	proj	7	13	False	True	asc	1	0.09523809523809523	0.3492063492063492	0.15873015873015872	0.38095238095238093
act/31	last	proj	0	8	False	False	asc	1	0.047619047619047616	0.25396825396825395	0.15873015873015872	0.36507936507936506
act/31	last	proj	0	9	False	False	asc	1	0.047619047619047616	0.25396825396825395	0.15873015873015872	0.36507936507936506
act/31	last	proj	1	3	False	True	asc	1	0.15873015873015872	0.2857142857142857	0.15873015873015872	0.3968253968253968
act/19	last	proj	2	3	True	True	asc	1	0.25396825396825395	0.47619047619047616	0.15873015873015872	0.49206349206349204
act/19	last	proj	2	3	True	False	asc	1	0.25396825396825395	0.47619047619047616	0.15873015873015872	0.49206349206349204
act/3	last	proj	3	11	False	False	asc	1	0.1111111111111111	0.3968253968253968	0.15873015873015872	0.4126984126984127
act/31	last	proj	11	15	False	True	asc	1	0.07936507936507936	0.3492063492063492	0.15873015873015872	0.3968253968253968
act/3	last	proj	3	15	False	True	asc	1	0.12698412698412698	0.3968253968253968	0.15873015873015872	0.3968253968253968
act/3	last	proj	3	15	False	False	asc	1	0.1111111111111111	0.3968253968253968	0.15873015873015872	0.3968253968253968
act/3	last	proj	3	16	False	True	asc	1	0.12698412698412698	0.36507936507936506	0.15873015873015872	0.3968253968253968
act/3	last	proj	3	9	False	True	asc	1	0.14285714285714285	0.4126984126984127	0.15873015873015872	0.4444444444444444
act/23	last	proj	6	7	True	True	asc	1	0.09523809523809523	0.25396825396825395	0.15873015873015872	0.3333333333333333
act/23	last	proj	4	12	True	False	asc	1	0.14285714285714285	0.31746031746031744	0.15873015873015872	0.30158730158730157
act/3	last	proj	8	15	True	False	asc	1	0.14285714285714285	0.3333333333333333	0.15873015873015872	0.42857142857142855
act/3	last	proj	6	12	True	True	asc	1	0.14285714285714285	0.3492063492063492	0.15873015873015872	0.4126984126984127
act/31_normed	last	proj	12	15	False	True	asc	1	0.07936507936507936	0.30158730158730157	0.15873015873015872	0.3968253968253968
embed	last	proj	9	11	False	True	asc	1	0.1111111111111111	0.4444444444444444	0.15873015873015872	0.4444444444444444
embed	last	proj	9	11	False	False	asc	1	0.1111111111111111	0.4444444444444444	0.15873015873015872	0.4444444444444444
embed	last	proj	9	12	False	True	asc	1	0.1111111111111111	0.4444444444444444	0.15873015873015872	0.4444444444444444
act/19	last	proj	3	12	True	True	asc	1	0.23809523809523808	0.38095238095238093	0.15873015873015872	0.3333333333333333
act/19	last	proj	3	7	True	True	asc	1	0.14285714285714285	0.38095238095238093	0.15873015873015872	0.4126984126984127
act/19	last	proj	3	8	True	False	asc	1	0.2222222222222222	0.4126984126984127	0.15873015873015872	0.42857142857142855
act/19	last	proj	5	7	False	False	asc	1	0.12698412698412698	0.2857142857142857	0.15873015873015872	0.3333333333333333
act/19	last	proj	5	8	False	True	asc	1	0.14285714285714285	0.31746031746031744	0.15873015873015872	0.38095238095238093
act/31	last	proj	1	11	False	True	asc	1	0.20634920634920634	0.38095238095238093	0.15873015873015872	0.36507936507936506
act/23	last	proj	5	11	True	False	asc	1	0.1746031746031746	0.3333333333333333	0.15873015873015872	0.31746031746031744
act/23	last	proj	5	12	True	True	asc	1	0.12698412698412698	0.30158730158730157	0.15873015873015872	0.38095238095238093
act/19	last	proj	7	11	False	False	asc	1	0.12698412698412698	0.31746031746031744	0.15873015873015872	0.3968253968253968
act/31	last	proj	1	9	False	False	asc	1	0.19047619047619047	0.3968253968253968	0.15873015873015872	0.36507936507936506
act/31	last	proj	1	13	False	False	asc	1	0.15873015873015872	0.42857142857142855	0.15873015873015872	0.3968253968253968
act/31	last	proj	1	14	False	True	asc	1	0.20634920634920634	0.3968253968253968	0.15873015873015872	0.36507936507936506
act/31	last	proj	11	14	False	True	asc	1	0.06349206349206349	0.31746031746031744	0.15873015873015872	0.4444444444444444
act/31	last	proj	12	15	False	True	asc	1	0.06349206349206349	0.30158730158730157	0.15873015873015872	0.3968253968253968
act/31	last	proj	12	15	False	False	asc	1	0.06349206349206349	0.2857142857142857	0.15873015873015872	0.4126984126984127
act/19	last	proj	3	11	True	True	asc	1	0.2222222222222222	0.42857142857142855	0.15873015873015872	0.3333333333333333
act/31_normed	last	proj	12	14	False	False	asc	1	0.14285714285714285	0.3333333333333333	0.15873015873015872	0.3968253968253968
act/11	last	proj	9	11	False	True	asc	1	0.047619047619047616	0.30158730158730157	0.15873015873015872	0.3492063492063492
act/11	last	proj	9	17	False	False	asc	1	0.14285714285714285	0.2857142857142857	0.15873015873015872	0.3968253968253968
act/11	last	proj	9	19	False	False	asc	1	0.1111111111111111	0.2857142857142857	0.15873015873015872	0.38095238095238093
act/7	last	proj	9	20	False	True	asc	1	0.1746031746031746	0.47619047619047616	0.15873015873015872	0.4126984126984127
act/7	last	proj	9	20	False	False	asc	1	0.15873015873015872	0.4444444444444444	0.15873015873015872	0.42857142857142855
act/31	last	proj	17	18	True	False	asc	1	0.20634920634920634	0.36507936507936506	0.15873015873015872	0.38095238095238093
act/19	last	proj	7	11	False	True	asc	1	0.09523809523809523	0.3492063492063492	0.15873015873015872	0.3968253968253968
act/7	last	proj	0	9	True	True	asc	1	0.19047619047619047	0.38095238095238093	0.15873015873015872	0.4126984126984127
act/31	last	proj	2	7	True	True	asc	1	0.1746031746031746	0.42857142857142855	0.15873015873015872	0.47619047619047616
act/23	last	proj	6	12	False	True	asc	1	0.07936507936507936	0.30158730158730157	0.15873015873015872	0.38095238095238093
act/23	last	proj	6	12	False	False	asc	1	0.06349206349206349	0.30158730158730157	0.15873015873015872	0.38095238095238093
act/11	last	proj	4	8	False	False	asc	1	0.15873015873015872	0.4444444444444444	0.15873015873015872	0.3968253968253968
act/3	last	proj	6	7	True	False	asc	1	0.12698412698412698	0.2698412698412698	0.15873015873015872	0.36507936507936506
act/3	last	proj	6	7	True	True	asc	1	0.12698412698412698	0.2698412698412698	0.15873015873015872	0.36507936507936506
act/31_normed	last	norm_l1	0	0	False	False	asc	1	0.1111111111111111	0.3333333333333333	0.15873015873015872	0.4126984126984127
act/3	last	proj	3	14	False	False	asc	1	0.1111111111111111	0.3968253968253968	0.15873015873015872	0.3968253968253968
act/3	last	proj	3	8	False	False	asc	1	0.15873015873015872	0.3968253968253968	0.15873015873015872	0.4603174603174603
act/3	last	proj	6	11	True	False	asc	1	0.12698412698412698	0.3492063492063492	0.15873015873015872	0.42857142857142855
act/7	last	proj	7	18	True	False	asc	1	0.15873015873015872	0.42857142857142855	0.15873015873015872	0.4126984126984127
act/7	last	proj	7	13	True	True	asc	1	0.15873015873015872	0.3968253968253968	0.15873015873015872	0.3333333333333333
act/7	last	proj	0	5	True	True	asc	1	0.15873015873015872	0.3333333333333333	0.15873015873015872	0.4126984126984127
embed	last	proj	9	12	False	False	asc	1	0.1111111111111111	0.4444444444444444	0.15873015873015872	0.4444444444444444
act/7	last	proj	8	16	True	False	asc	1	0.1746031746031746	0.4444444444444444	0.15873015873015872	0.4126984126984127
act/31	last	proj	1	17	False	True	asc	1	0.19047619047619047	0.38095238095238093	0.15873015873015872	0.36507936507936506
act/31	last	proj	1	19	False	True	asc	1	0.19047619047619047	0.38095238095238093	0.15873015873015872	0.36507936507936506
act/19	last	proj	4	9	False	True	asc	1	0.07936507936507936	0.2857142857142857	0.15873015873015872	0.3968253968253968
act/19	last	proj	5	7	False	True	asc	1	0.1111111111111111	0.2698412698412698	0.15873015873015872	0.3492063492063492
act/31	last	proj	0	10	False	False	asc	1	0.047619047619047616	0.25396825396825395	0.15873015873015872	0.3492063492063492
act/31	last	proj	1	16	False	True	asc	1	0.19047619047619047	0.3968253968253968	0.15873015873015872	0.38095238095238093
act/27	last	proj	6	9	True	True	asc	1	0.12698412698412698	0.2857142857142857	0.15873015873015872	0.3492063492063492
act/27	last	proj	6	9	True	False	asc	1	0.12698412698412698	0.2857142857142857	0.15873015873015872	0.3492063492063492
act/23	last	proj	8	9	False	True	asc	1	0.1111111111111111	0.2857142857142857	0.15873015873015872	0.3968253968253968
act/23	last	proj	8	9	False	False	asc	1	0.1111111111111111	0.2857142857142857	0.15873015873015872	0.3968253968253968
act/23	last	proj	8	10	False	True	asc	1	0.15873015873015872	0.3333333333333333	0.15873015873015872	0.4126984126984127
act/23	last	proj	8	10	False	False	asc	1	0.15873015873015872	0.3492063492063492	0.15873015873015872	0.42857142857142855
act/23	last	proj	6	7	True	False	asc	1	0.09523809523809523	0.25396825396825395	0.15873015873015872	0.3333333333333333
act/23	last	proj	3	12	True	False	asc	1	0.23809523809523808	0.3492063492063492	0.15873015873015872	0.3492063492063492
act/31	last	proj	1	12	False	True	asc	1	0.1746031746031746	0.36507936507936506	0.15873015873015872	0.38095238095238093
act/31	last	proj	1	13	False	True	asc	1	0.20634920634920634	0.3968253968253968	0.15873015873015872	0.3968253968253968
act/11	last	proj	0	17	False	True	asc	1	0.09523809523809523	0.31746031746031744	0.15873015873015872	0.3492063492063492
act/11	last	proj	0	17	False	False	asc	1	0.1111111111111111	0.2857142857142857	0.15873015873015872	0.38095238095238093
act/11	last	proj	0	18	False	True	asc	1	0.09523809523809523	0.31746031746031744	0.15873015873015872	0.3492063492063492
act/11	last	proj	0	18	False	False	asc	1	0.1111111111111111	0.30158730158730157	0.15873015873015872	0.3968253968253968
act/11	last	proj	0	19	False	True	asc	1	0.09523809523809523	0.31746031746031744	0.15873015873015872	0.3492063492063492
act/11	last	proj	0	19	False	False	asc	1	0.1111111111111111	0.2857142857142857	0.15873015873015872	0.3968253968253968
act/11	last	proj	0	20	False	True	asc	1	0.09523809523809523	0.31746031746031744	0.15873015873015872	0.3492063492063492
act/11	last	proj	0	20	False	False	asc	1	0.09523809523809523	0.30158730158730157	0.15873015873015872	0.3968253968253968
act/7	last	proj	5	7	False	True	asc	1	0.1746031746031746	0.3333333333333333	0.15873015873015872	0.42857142857142855
act/23	last	proj	7	8	True	True	asc	1	0.1746031746031746	0.42857142857142855	0.15873015873015872	0.4444444444444444
act/23	last	proj	7	8	True	False	asc	1	0.1746031746031746	0.42857142857142855	0.15873015873015872	0.4444444444444444
act/11	last	proj	2	7	False	False	asc	1	0.15873015873015872	0.4603174603174603	0.15873015873015872	0.4444444444444444
act/7	last	proj	0	7	True	False	asc	1	0.23809523809523808	0.5396825396825397	0.15873015873015872	0.3492063492063492
act/7	last	proj	0	16	True	False	asc	1	0.14285714285714285	0.4603174603174603	0.15873015873015872	0.38095238095238093
act/11	last	proj	2	9	False	True	asc	1	0.1746031746031746	0.4603174603174603	0.15873015873015872	0.4126984126984127
act/27	last	proj	11	15	False	True	asc	1	0.07936507936507936	0.2698412698412698	0.15873015873015872	0.36507936507936506
act/19	last	proj	6	13	True	False	asc	1	0.14285714285714285	0.4126984126984127	0.15873015873015872	0.4603174603174603
act/19	last	proj	4	12	True	False	asc	1	0.2222222222222222	0.4126984126984127	0.15873015873015872	0.38095238095238093
act/19	last	proj	4	13	True	True	asc	1	0.23809523809523808	0.3968253968253968	0.15873015873015872	0.3968253968253968
act/19	last	proj	4	14	True	True	asc	1	0.2222222222222222	0.36507936507936506	0.15873015873015872	0.3968253968253968
act/19	last	proj	6	20	True	False	asc	1	0.14285714285714285	0.36507936507936506	0.15873015873015872	0.4126984126984127
act/19	last	proj	7	16	True	True	asc	1	0.12698412698412698	0.36507936507936506	0.15873015873015872	0.42857142857142855
act/27	last	proj	2	12	True	True	asc	1	0.14285714285714285	0.31746031746031744	0.15873015873015872	0.36507936507936506
act/23	last	proj	6	11	True	False	asc	1	0.1111111111111111	0.31746031746031744	0.15873015873015872	0.36507936507936506
act/7	last	proj	1	7	True	True	asc	1	0.14285714285714285	0.4126984126984127	0.15873015873015872	0.42857142857142855
act/7	last	proj	0	8	True	True	asc	1	0.1746031746031746	0.38095238095238093	0.15873015873015872	0.3968253968253968
act/7	last	proj	1	7	True	False	asc	1	0.15873015873015872	0.4603174603174603	0.15873015873015872	0.42857142857142855
act/11	last	proj	3	6	False	False	asc	1	0.1111111111111111	0.3968253968253968	0.15873015873015872	0.4126984126984127
act/31	last	proj	3	17	True	True	asc	1	0.14285714285714285	0.38095238095238093	0.15873015873015872	0.4126984126984127
act/31	last	proj	10	15	False	True	asc	1	0.09523809523809523	0.36507936507936506	0.15873015873015872	0.3492063492063492
act/31	last	proj	9	17	False	True	asc	1	0.06349206349206349	0.36507936507936506	0.15873015873015872	0.4126984126984127
act/19	last	proj	6	13	True	True	asc	1	0.15873015873015872	0.3968253968253968	0.15873015873015872	0.4444444444444444
act/11	last	proj	0	4	False	True	asc	1	0.09523809523809523	0.31746031746031744	0.15873015873015872	0.3492063492063492
act/11	last	proj	0	4	False	False	asc	1	0.1111111111111111	0.30158730158730157	0.15873015873015872	0.3333333333333333
act/11	last	proj	0	5	False	True	asc	1	0.09523809523809523	0.31746031746031744	0.15873015873015872	0.3492063492063492
act/11	last	proj	0	6	False	True	asc	1	0.09523809523809523	0.31746031746031744	0.15873015873015872	0.3492063492063492
act/11	last	proj	0	6	False	False	asc	1	0.1111111111111111	0.2698412698412698	0.15873015873015872	0.3333333333333333
act/11	last	proj	19	20	True	True	asc	1	0.047619047619047616	0.2698412698412698	0.15873015873015872	0.4603174603174603
act/11	last	proj	0	16	False	False	asc	1	0.1111111111111111	0.2857142857142857	0.15873015873015872	0.38095238095238093
act/11	last	proj	0	11	False	True	asc	1	0.09523809523809523	0.31746031746031744	0.15873015873015872	0.3492063492063492
act/7	last	proj	1	10	True	True	asc	1	0.14285714285714285	0.47619047619047616	0.15873015873015872	0.4444444444444444
act/11	last	proj	19	20	True	False	asc	1	0.047619047619047616	0.2698412698412698	0.15873015873015872	0.4603174603174603
act/11	last	proj	0	1	False	True	asc	1	0.09523809523809523	0.30158730158730157	0.15873015873015872	0.3492063492063492
act/11	last	proj	0	1	False	False	asc	1	0.09523809523809523	0.30158730158730157	0.15873015873015872	0.3492063492063492
act/11	last	proj	0	2	False	True	asc	1	0.09523809523809523	0.31746031746031744	0.15873015873015872	0.3492063492063492
act/11	last	proj	0	2	False	False	asc	1	0.1111111111111111	0.2857142857142857	0.15873015873015872	0.3333333333333333
act/11	last	proj	0	3	False	True	asc	1	0.09523809523809523	0.31746031746031744	0.15873015873015872	0.3492063492063492
act/11	last	proj	0	12	False	False	asc	1	0.1111111111111111	0.2857142857142857	0.15873015873015872	0.3492063492063492
act/27	last	proj	1	3	True	False	asc	1	0.12698412698412698	0.3333333333333333	0.15873015873015872	0.4603174603174603
act/31	last	proj	2	15	False	True	asc	1	0.1111111111111111	0.4126984126984127	0.15873015873015872	0.4126984126984127
act/19	last	proj	4	8	False	True	asc	1	0.09523809523809523	0.3333333333333333	0.15873015873015872	0.4444444444444444
act/3	last	proj	3	10	False	False	asc	1	0.12698412698412698	0.3968253968253968	0.15873015873015872	0.42857142857142855
act/27	last	proj	6	11	True	True	asc	1	0.1111111111111111	0.31746031746031744	0.15873015873015872	0.3492063492063492
act/19	last	proj	7	13	True	True	asc	1	0.07936507936507936	0.38095238095238093	0.15873015873015872	0.4444444444444444
act/19	last	proj	6	15	True	True	asc	1	0.15873015873015872	0.4126984126984127	0.15873015873015872	0.3968253968253968
act/19	last	proj	6	16	True	True	asc	1	0.19047619047619047	0.38095238095238093	0.15873015873015872	0.4126984126984127
act/11	last	proj	1	9	False	False	asc	1	0.1746031746031746	0.4603174603174603	0.15873015873015872	0.3968253968253968
act/11	last	proj	1	11	False	False	asc	1	0.12698412698412698	0.4603174603174603	0.15873015873015872	0.4126984126984127
act/11	last	proj	1	12	False	False	asc	1	0.12698412698412698	0.42857142857142855	0.15873015873015872	0.4126984126984127
act/23	last	proj	6	8	True	True	asc	1	0.09523809523809523	0.3492063492063492	0.15873015873015872	0.4126984126984127
act/23	last	proj	6	9	True	True	asc	1	0.12698412698412698	0.42857142857142855	0.15873015873015872	0.3968253968253968
act/23	last	proj	6	10	True	True	asc	1	0.09523809523809523	0.3492063492063492	0.15873015873015872	0.42857142857142855
act/23	last	proj	6	10	True	False	asc	1	0.09523809523809523	0.36507936507936506	0.15873015873015872	0.42857142857142855
act/27	last	proj	2	13	True	False	asc	1	0.1746031746031746	0.3492063492063492	0.15873015873015872	0.38095238095238093
act/11	last	proj	17	20	True	True	asc	1	0.09523809523809523	0.38095238095238093	0.15873015873015872	0.3968253968253968
act/11	last	proj	17	20	True	False	asc	1	0.09523809523809523	0.38095238095238093	0.15873015873015872	0.3968253968253968
act/11	last	proj	15	20	True	True	asc	1	0.12698412698412698	0.4126984126984127	0.15873015873015872	0.38095238095238093
act/11	last	proj	15	20	True	False	asc	1	0.12698412698412698	0.38095238095238093	0.15873015873015872	0.36507936507936506
act/7	last	proj	1	11	True	True	asc	1	0.1111111111111111	0.4603174603174603	0.15873015873015872	0.42857142857142855
act/11	last	proj	1	7	False	False	asc	1	0.20634920634920634	0.42857142857142855	0.15873015873015872	0.36507936507936506
act/31	last	proj	2	11	True	True	asc	1	0.19047619047619047	0.47619047619047616	0.15873015873015872	0.49206349206349204
act/11	last	proj	0	7	False	True	asc	1	0.09523809523809523	0.31746031746031744	0.15873015873015872	0.3492063492063492
act/3	last	proj	4	9	False	True	asc	1	0.15873015873015872	0.36507936507936506	0.15873015873015872	0.3968253968253968
act/7	last	proj	1	8	False	False	asc	1	0.2698412698412698	0.5873015873015873	0.15873015873015872	0.4126984126984127
act/3	last	proj	3	9	False	False	asc	1	0.12698412698412698	0.3968253968253968	0.15873015873015872	0.42857142857142855
act/3	last	proj	3	10	False	True	asc	1	0.12698412698412698	0.38095238095238093	0.15873015873015872	0.42857142857142855
act/3	last	proj	4	8	False	True	asc	1	0.19047619047619047	0.4444444444444444	0.15873015873015872	0.3968253968253968
act/31	last	proj	2	12	False	False	asc	1	0.14285714285714285	0.4444444444444444	0.15873015873015872	0.4603174603174603
act/11	last	proj	12	14	True	True	asc	1	0.1746031746031746	0.31746031746031744	0.15873015873015872	0.38095238095238093
act/11	last	proj	12	14	True	False	asc	1	0.1746031746031746	0.30158730158730157	0.15873015873015872	0.38095238095238093
act/11	last	proj	0	16	False	True	asc	1	0.09523809523809523	0.31746031746031744	0.15873015873015872	0.3492063492063492
act/19	last	proj	8	14	True	True	asc	1	0.1111111111111111	0.36507936507936506	0.15873015873015872	0.31746031746031744
act/19	last	proj	6	17	True	True	asc	1	0.1746031746031746	0.38095238095238093	0.15873015873015872	0.42857142857142855
act/31	last	proj	8	15	False	False	asc	1	0.09523809523809523	0.4126984126984127	0.15873015873015872	0.3968253968253968
act/19	last	proj	8	20	True	True	asc	1	0.15873015873015872	0.38095238095238093	0.15873015873015872	0.4603174603174603
act/19	last	proj	9	16	True	True	asc	1	0.14285714285714285	0.3333333333333333	0.15873015873015872	0.3492063492063492
act/31	last	proj	9	15	False	False	asc	1	0.09523809523809523	0.38095238095238093	0.15873015873015872	0.42857142857142855
act/3	last	proj	4	8	False	False	asc	1	0.1746031746031746	0.4126984126984127	0.15873015873015872	0.4126984126984127
act/11	last	proj	0	11	False	False	asc	1	0.1111111111111111	0.2857142857142857	0.15873015873015872	0.3492063492063492
act/11	last	proj	0	12	False	True	asc	1	0.09523809523809523	0.31746031746031744	0.15873015873015872	0.3492063492063492
act/11	last	proj	0	13	False	True	asc	1	0.09523809523809523	0.31746031746031744	0.15873015873015872	0.3492063492063492
act/11	last	proj	0	13	False	False	asc	1	0.1111111111111111	0.2857142857142857	0.15873015873015872	0.3492063492063492
act/11	last	proj	0	14	False	True	asc	1	0.09523809523809523	0.31746031746031744	0.15873015873015872	0.3492063492063492
act/11	last	proj	0	14	False	False	asc	1	0.1111111111111111	0.2857142857142857	0.15873015873015872	0.3492063492063492
act/11	last	proj	0	15	False	True	asc	1	0.09523809523809523	0.31746031746031744	0.15873015873015872	0.3492063492063492
act/11	last	proj	0	15	False	False	asc	1	0.09523809523809523	0.30158730158730157	0.15873015873015872	0.3492063492063492
act/11	last	proj	12	18	True	False	asc	1	0.12698412698412698	0.3968253968253968	0.15873015873015872	0.38095238095238093
act/3	last	proj	4	18	True	False	asc	1	0.1746031746031746	0.4444444444444444	0.15873015873015872	0.36507936507936506
act/3	last	proj	3	9	True	False	asc	1	0.1111111111111111	0.36507936507936506	0.15873015873015872	0.4126984126984127
act/3	last	proj	3	11	True	True	asc	1	0.14285714285714285	0.4126984126984127	0.15873015873015872	0.42857142857142855
act/3	last	proj	3	11	True	False	asc	1	0.1111111111111111	0.36507936507936506	0.15873015873015872	0.3492063492063492
act/3	last	proj	3	12	True	True	asc	1	0.14285714285714285	0.4126984126984127	0.15873015873015872	0.42857142857142855
act/3	last	proj	12	19	False	False	asc	1	0.06349206349206349	0.2222222222222222	0.15873015873015872	0.36507936507936506
act/23	last	proj	11	12	True	True	asc	1	0.09523809523809523	0.23809523809523808	0.15873015873015872	0.3333333333333333
act/27	last	proj	4	8	True	True	asc	1	0.1111111111111111	0.3968253968253968	0.15873015873015872	0.3492063492063492
act/27	last	proj	4	8	True	False	asc	1	0.12698412698412698	0.38095238095238093	0.15873015873015872	0.3492063492063492
act/7	last	proj	1	17	False	False	asc	1	0.15873015873015872	0.42857142857142855	0.15873015873015872	0.38095238095238093
act/7	last	proj	1	13	False	True	asc	1	0.2222222222222222	0.4126984126984127	0.15873015873015872	0.38095238095238093
act/11	last	proj	10	20	True	False	asc	1	0.1746031746031746	0.3968253968253968	0.15873015873015872	0.42857142857142855
act/11	last	proj	8	17	True	False	asc	1	0.07936507936507936	0.2857142857142857	0.15873015873015872	0.3492063492063492
act/11	last	proj	13	19	True	False	asc	1	0.15873015873015872	0.4444444444444444	0.15873015873015872	0.4126984126984127
act/7	last	proj	1	13	True	True	asc	1	0.12698412698412698	0.4603174603174603	0.15873015873015872	0.3968253968253968
act/11	last	proj	0	9	False	False	asc	1	0.09523809523809523	0.30158730158730157	0.15873015873015872	0.36507936507936506
act/11	last	proj	0	10	False	True	asc	1	0.09523809523809523	0.31746031746031744	0.15873015873015872	0.3492063492063492
act/27	last	proj	1	7	True	True	asc	1	0.1111111111111111	0.38095238095238093	0.15873015873015872	0.42857142857142855
act/27	last	proj	1	8	True	False	asc	1	0.1111111111111111	0.3333333333333333	0.15873015873015872	0.3968253968253968
act/27	last	proj	1	13	True	True	asc	1	0.14285714285714285	0.3492063492063492	0.15873015873015872	0.36507936507936506
act/27	last	proj	2	6	True	True	asc	1	0.2222222222222222	0.42857142857142855	0.15873015873015872	0.4126984126984127
act/27	last	proj	3	12	True	False	asc	1	0.1746031746031746	0.3492063492063492	0.15873015873015872	0.3492063492063492
act/27	last	proj	3	13	True	False	asc	1	0.19047619047619047	0.36507936507936506	0.15873015873015872	0.36507936507936506
act/11	last	proj	0	7	False	False	asc	1	0.1111111111111111	0.2698412698412698	0.15873015873015872	0.36507936507936506
act/11	last	proj	0	10	False	False	asc	1	0.09523809523809523	0.30158730158730157	0.15873015873015872	0.36507936507936506
act/11	last	proj	13	20	True	False	asc	1	0.1111111111111111	0.38095238095238093	0.15873015873015872	0.36507936507936506
act/7	last	proj	1	18	True	False	asc	1	0.12698412698412698	0.4126984126984127	0.15873015873015872	0.4444444444444444
act/7	last	proj	1	19	True	False	asc	1	0.14285714285714285	0.4126984126984127	0.15873015873015872	0.4444444444444444
act/11	last	proj	0	8	False	True	asc	1	0.09523809523809523	0.31746031746031744	0.15873015873015872	0.3492063492063492
act/11	last	proj	0	8	False	False	asc	1	0.1111111111111111	0.2857142857142857	0.15873015873015872	0.36507936507936506
act/11	last	proj	0	9	False	True	asc	1	0.09523809523809523	0.31746031746031744	0.15873015873015872	0.3492063492063492
act/11	last	proj	8	14	True	False	asc	1	0.09523809523809523	0.30158730158730157	0.15873015873015872	0.3333333333333333
act/11	last	proj	8	20	True	True	asc	1	0.09523809523809523	0.38095238095238093	0.15873015873015872	0.4444444444444444
act/3	last	proj	3	17	True	True	asc	1	0.12698412698412698	0.42857142857142855	0.15873015873015872	0.42857142857142855
embed	last	proj	10	12	False	True	asc	1	0.1111111111111111	0.4444444444444444	0.15873015873015872	0.4444444444444444
embed	last	proj	10	12	False	False	asc	1	0.1111111111111111	0.4444444444444444	0.15873015873015872	0.4444444444444444
act/3	last	proj	0	10	True	False	asc	1	0.25396825396825395	0.4126984126984127	0.15873015873015872	0.31746031746031744
act/3	last	proj	3	14	True	True	asc	1	0.14285714285714285	0.3968253968253968	0.15873015873015872	0.4126984126984127
act/3	last	proj	3	14	True	False	asc	1	0.09523809523809523	0.3333333333333333	0.15873015873015872	0.36507936507936506
act/3	last	proj	3	16	True	True	asc	1	0.14285714285714285	0.42857142857142855	0.15873015873015872	0.4126984126984127
act/11	last	proj	8	17	True	True	asc	1	0.1111111111111111	0.2857142857142857	0.15873015873015872	0.36507936507936506
act/11	last	proj	13	18	True	True	asc	1	0.19047619047619047	0.4126984126984127	0.15873015873015872	0.3968253968253968
act/11	last	proj	11	18	True	True	asc	1	0.14285714285714285	0.36507936507936506	0.15873015873015872	0.42857142857142855
act/11	last	proj	9	14	True	False	asc	1	0.07936507936507936	0.25396825396825395	0.15873015873015872	0.2857142857142857
act/11	last	proj	8	11	True	False	asc	1	0.14285714285714285	0.31746031746031744	0.15873015873015872	0.3492063492063492
embed	last	proj	10	11	False	True	asc	1	0.1111111111111111	0.4444444444444444	0.15873015873015872	0.4603174603174603
embed	last	proj	10	11	False	False	asc	1	0.1111111111111111	0.4444444444444444	0.15873015873015872	0.4603174603174603
act/27	last	proj	4	10	True	False	asc	1	0.1746031746031746	0.31746031746031744	0.15873015873015872	0.3492063492063492
act/27	last	proj	5	12	True	True	asc	1	0.2222222222222222	0.4126984126984127	0.15873015873015872	0.3333333333333333
act/27	last	proj	5	12	True	False	asc	1	0.20634920634920634	0.38095238095238093	0.15873015873015872	0.3492063492063492
act/31	last	proj	1	11	True	False	asc	1	0.14285714285714285	0.47619047619047616	0.15873015873015872	0.4603174603174603
act/31	last	proj	1	13	True	False	asc	1	0.1111111111111111	0.4444444444444444	0.15873015873015872	0.4444444444444444
act/3	last	proj	12	19	False	True	asc	1	0.06349206349206349	0.2222222222222222	0.15873015873015872	0.36507936507936506
act/3	last	proj	3	13	True	True	asc	1	0.14285714285714285	0.42857142857142855	0.15873015873015872	0.42857142857142855
act/3	last	proj	3	15	True	True	asc	1	0.14285714285714285	0.3968253968253968	0.15873015873015872	0.42857142857142855
act/31	last	proj	9	15	False	True	asc	1	0.09523809523809523	0.4126984126984127	0.15873015873015872	0.4444444444444444
act/19	last	proj	11	16	True	False	asc	1	0.12698412698412698	0.2698412698412698	0.15873015873015872	0.47619047619047616
act/7	last	proj	2	17	False	False	asc	1	0.14285714285714285	0.4126984126984127	0.15873015873015872	0.4126984126984127
act/27	last	proj	3	8	True	False	asc	1	0.14285714285714285	0.38095238095238093	0.15873015873015872	0.3492063492063492
act/7	last	proj	2	14	False	True	asc	1	0.15873015873015872	0.4126984126984127	0.15873015873015872	0.42857142857142855
act/7	last	proj	2	14	False	False	asc	1	0.09523809523809523	0.3492063492063492	0.15873015873015872	0.4126984126984127
act/27	last	proj	3	8	True	True	asc	1	0.14285714285714285	0.36507936507936506	0.15873015873015872	0.3492063492063492
act/27	last	proj	4	10	True	True	asc	1	0.15873015873015872	0.36507936507936506	0.15873015873015872	0.36507936507936506
act/23	last	proj	11	12	True	False	asc	1	0.09523809523809523	0.23809523809523808	0.15873015873015872	0.3333333333333333
act/31	last	proj	0	2	True	True	asc	1	0.15873015873015872	0.30158730158730157	0.15873015873015872	0.4126984126984127
act/31	last	proj	0	6	True	False	asc	1	0.2222222222222222	0.4126984126984127	0.15873015873015872	0.3968253968253968
act/31	last	proj	0	7	True	False	asc	1	0.1746031746031746	0.4444444444444444	0.15873015873015872	0.36507936507936506
act/11	last	proj	9	10	True	True	asc	1	0.031746031746031744	0.19047619047619047	0.15873015873015872	0.38095238095238093
act/11	last	proj	9	10	True	False	asc	1	0.031746031746031744	0.19047619047619047	0.15873015873015872	0.38095238095238093
act/7	last	proj	2	19	True	False	asc	1	0.14285714285714285	0.3968253968253968	0.15873015873015872	0.4444444444444444
act/7	last	proj	2	12	True	True	asc	1	0.15873015873015872	0.42857142857142855	0.15873015873015872	0.38095238095238093
act/7	last	proj	2	17	True	False	asc	1	0.14285714285714285	0.36507936507936506	0.15873015873015872	0.4126984126984127
act/3	last	proj	4	6	True	False	asc	1	0.09523809523809523	0.4444444444444444	0.15873015873015872	0.47619047619047616
act/3	last	proj	0	9	True	False	asc	1	0.23809523809523808	0.3968253968253968	0.15873015873015872	0.30158730158730157
act/3	last	proj	0	11	True	False	asc	1	0.2222222222222222	0.3968253968253968	0.15873015873015872	0.2857142857142857
act/3	last	proj	0	13	True	False	asc	1	0.19047619047619047	0.36507936507936506	0.15873015873015872	0.2857142857142857
act/3	last	proj	3	8	True	True	asc	1	0.12698412698412698	0.42857142857142855	0.15873015873015872	0.4603174603174603
act/3	last	proj	2	13	True	False	asc	1	0.09523809523809523	0.3968253968253968	0.15873015873015872	0.3492063492063492
act/3	last	proj	2	14	True	False	asc	1	0.09523809523809523	0.38095238095238093	0.15873015873015872	0.36507936507936506
act/19	last	proj	16	19	True	True	asc	1	0.2222222222222222	0.38095238095238093	0.15873015873015872	0.38095238095238093
act/19	last	proj	16	19	True	False	asc	1	0.2222222222222222	0.38095238095238093	0.15873015873015872	0.38095238095238093
act/7	last	proj	2	8	False	False	asc	1	0.15873015873015872	0.3492063492063492	0.15873015873015872	0.4126984126984127
act/19	last	proj	17	20	True	True	asc	1	0.19047619047619047	0.5555555555555556	0.15873015873015872	0.49206349206349204
act/7	last	proj	2	9	True	False	asc	1	0.14285714285714285	0.38095238095238093	0.15873015873015872	0.4126984126984127
act/7	last	proj	2	10	True	True	asc	1	0.1746031746031746	0.4603174603174603	0.15873015873015872	0.4126984126984127
act/7	last	proj	2	18	True	False	asc	1	0.14285714285714285	0.38095238095238093	0.15873015873015872	0.42857142857142855
act/7	last	proj	3	18	True	False	asc	1	0.12698412698412698	0.3968253968253968	0.15873015873015872	0.4603174603174603
act/3	last	proj	2	12	True	False	asc	1	0.1111111111111111	0.3968253968253968	0.15873015873015872	0.3492063492063492
act/3	last	proj	0	14	True	False	asc	1	0.19047619047619047	0.38095238095238093	0.15873015873015872	0.30158730158730157
act/3	last	proj	0	8	True	False	asc	1	0.25396825396825395	0.4126984126984127	0.15873015873015872	0.31746031746031744
act/31	last	proj	3	5	False	False	asc	1	0.12698412698412698	0.3333333333333333	0.15873015873015872	0.25396825396825395
act/31	last	proj	1	20	False	True	asc	1	0.19047619047619047	0.38095238095238093	0.15873015873015872	0.3492063492063492
act/19	last	proj	3	7	False	True	asc	1	0.1111111111111111	0.30158730158730157	0.15873015873015872	0.3968253968253968
act/27	last	proj	2	7	True	False	asc	1	0.15873015873015872	0.4126984126984127	0.15873015873015872	0.38095238095238093
act/27	last	proj	2	8	True	False	asc	1	0.15873015873015872	0.3968253968253968	0.15873015873015872	0.3492063492063492
act/23	last	proj	1	8	False	True	asc	1	0.047619047619047616	0.2698412698412698	0.15873015873015872	0.3492063492063492
act/23	last	proj	2	7	False	False	asc	1	0.06349206349206349	0.25396825396825395	0.15873015873015872	0.42857142857142855
act/11	last	proj	1	3	True	False	asc	1	0.25396825396825395	0.4444444444444444	0.15873015873015872	0.3492063492063492
embed	last	proj	16	17	False	False	asc	1	0.1111111111111111	0.4444444444444444	0.15873015873015872	0.4444444444444444
act/11	last	proj	0	11	True	False	asc	1	0.12698412698412698	0.4444444444444444	0.15873015873015872	0.42857142857142855
act/11	last	proj	0	1	True	False	asc	1	0.1746031746031746	0.3333333333333333	0.15873015873015872	0.36507936507936506
act/11	last	proj	0	1	True	True	asc	1	0.1746031746031746	0.3333333333333333	0.15873015873015872	0.36507936507936506
act/31	last	proj	0	20	True	True	asc	1	0.2222222222222222	0.4126984126984127	0.15873015873015872	0.31746031746031744
act/31	last	proj	4	10	False	False	asc	1	0.14285714285714285	0.4126984126984127	0.15873015873015872	0.4126984126984127
act/19	last	proj	1	4	False	False	asc	1	0.14285714285714285	0.2222222222222222	0.15873015873015872	0.3333333333333333
act/23	last	proj	1	10	False	False	asc	1	0.047619047619047616	0.25396825396825395	0.15873015873015872	0.3492063492063492
act/23	last	proj	1	12	False	False	asc	1	0.07936507936507936	0.30158730158730157	0.15873015873015872	0.3492063492063492
act/31	last	proj	0	17	True	True	asc	1	0.2222222222222222	0.4126984126984127	0.15873015873015872	0.31746031746031744
act/31	last	proj	0	18	True	True	asc	1	0.2222222222222222	0.4126984126984127	0.15873015873015872	0.31746031746031744
act/31	last	proj	0	19	True	True	asc	1	0.2222222222222222	0.4126984126984127	0.15873015873015872	0.30158730158730157
act/31	last	proj	0	11	True	False	asc	1	0.2222222222222222	0.4603174603174603	0.15873015873015872	0.36507936507936506
act/27	last	proj	2	6	True	False	asc	1	0.15873015873015872	0.38095238095238093	0.15873015873015872	0.38095238095238093
act/27	last	proj	2	17	True	True	asc	1	0.2222222222222222	0.42857142857142855	0.15873015873015872	0.38095238095238093
act/27	last	proj	2	18	True	True	asc	1	0.2222222222222222	0.42857142857142855	0.15873015873015872	0.38095238095238093
act/27	last	proj	2	18	True	False	asc	1	0.20634920634920634	0.3968253968253968	0.15873015873015872	0.38095238095238093
act/27	last	proj	2	19	True	False	asc	1	0.23809523809523808	0.3968253968253968	0.15873015873015872	0.38095238095238093
act/27	last	proj	2	10	True	False	asc	1	0.23809523809523808	0.3968253968253968	0.15873015873015872	0.36507936507936506
act/27	last	proj	2	20	True	True	asc	1	0.20634920634920634	0.4126984126984127	0.15873015873015872	0.38095238095238093
act/27	last	proj	2	16	True	True	asc	1	0.2222222222222222	0.42857142857142855	0.15873015873015872	0.38095238095238093
act/3	last	proj	0	18	True	False	asc	1	0.1746031746031746	0.38095238095238093	0.15873015873015872	0.31746031746031744
act/3	last	proj	0	19	True	False	asc	1	0.1746031746031746	0.38095238095238093	0.15873015873015872	0.31746031746031744
act/3	last	proj	1	3	True	True	asc	1	0.25396825396825395	0.4444444444444444	0.15873015873015872	0.4126984126984127
act/3	last	proj	1	3	True	False	asc	1	0.25396825396825395	0.4444444444444444	0.15873015873015872	0.4126984126984127
act/7	last	proj	2	18	False	False	asc	1	0.15873015873015872	0.4126984126984127	0.15873015873015872	0.4126984126984127
act/7	last	proj	2	19	False	False	asc	1	0.14285714285714285	0.3968253968253968	0.15873015873015872	0.42857142857142855
act/27	last	proj	4	12	True	False	asc	1	0.19047619047619047	0.3333333333333333	0.15873015873015872	0.3333333333333333
act/27	last	proj	4	13	True	False	asc	1	0.15873015873015872	0.31746031746031744	0.15873015873015872	0.36507936507936506
act/31_normed	last	proj	5	6	True	True	asc	1	0.15873015873015872	0.4603174603174603	0.15873015873015872	0.4126984126984127
act/15	last	proj	6	12	False	True	asc	1	0.1746031746031746	0.4126984126984127	0.15873015873015872	0.36507936507936506
act/19	last	proj	7	16	False	False	asc	1	0.07936507936507936	0.2698412698412698	0.15873015873015872	0.4126984126984127
act/3	last	proj	8	15	False	False	asc	1	0.19047619047619047	0.36507936507936506	0.15873015873015872	0.42857142857142855
act/3	last	proj	7	14	False	False	asc	1	0.1746031746031746	0.3492063492063492	0.15873015873015872	0.3968253968253968
act/31	last	proj	8	14	True	True	asc	1	0.09523809523809523	0.3492063492063492	0.15873015873015872	0.42857142857142855
act/31	last	proj	9	12	True	False	asc	1	0.06349206349206349	0.3333333333333333	0.15873015873015872	0.4126984126984127
act/15	last	proj	5	6	False	True	asc	1	0.14285714285714285	0.38095238095238093	0.15873015873015872	0.4126984126984127
act/31_normed	last	proj	4	10	True	True	asc	1	0.2222222222222222	0.5238095238095238	0.15873015873015872	0.4444444444444444
act/31_normed	last	proj	4	10	True	False	asc	1	0.23809523809523808	0.49206349206349204	0.15873015873015872	0.4603174603174603
act/3	last	proj	1	7	False	True	asc	1	0.3333333333333333	0.4126984126984127	0.15873015873015872	0.4126984126984127
act/3	last	proj	1	4	False	True	asc	1	0.25396825396825395	0.30158730158730157	0.15873015873015872	0.3492063492063492
act/3	last	proj	1	4	False	False	asc	1	0.2222222222222222	0.2857142857142857	0.15873015873015872	0.38095238095238093
act/3	last	proj	1	5	False	True	asc	1	0.23809523809523808	0.2857142857142857	0.15873015873015872	0.3492063492063492
act/3	last	proj	1	5	False	False	asc	1	0.23809523809523808	0.2698412698412698	0.15873015873015872	0.3492063492063492
act/15	last	proj	6	10	False	False	asc	1	0.23809523809523808	0.4603174603174603	0.15873015873015872	0.38095238095238093
act/31	last	proj	11	14	True	True	asc	1	0.09523809523809523	0.3333333333333333	0.15873015873015872	0.42857142857142855
act/31	last	proj	11	14	True	False	asc	1	0.09523809523809523	0.3333333333333333	0.15873015873015872	0.42857142857142855
act/3	last	proj	8	11	False	True	asc	1	0.19047619047619047	0.38095238095238093	0.15873015873015872	0.4603174603174603
act/31_normed	last	proj	4	11	True	True	asc	1	0.1746031746031746	0.49206349206349204	0.15873015873015872	0.4603174603174603
act/31_normed	last	proj	4	11	True	False	asc	1	0.19047619047619047	0.47619047619047616	0.15873015873015872	0.4603174603174603
act/31_normed	last	proj	4	12	True	True	asc	1	0.19047619047619047	0.5238095238095238	0.15873015873015872	0.4603174603174603
act/31_normed	last	proj	4	9	True	True	asc	1	0.19047619047619047	0.49206349206349204	0.15873015873015872	0.4603174603174603
act/31_normed	last	proj	4	9	True	False	asc	1	0.19047619047619047	0.49206349206349204	0.15873015873015872	0.4603174603174603
act/31	last	proj	0	4	True	False	asc	1	0.1746031746031746	0.31746031746031744	0.15873015873015872	0.4444444444444444
act/23	last	proj	1	9	False	False	asc	1	0.047619047619047616	0.25396825396825395	0.15873015873015872	0.3492063492063492
act/11	last	proj	2	18	True	False	asc	1	0.09523809523809523	0.3492063492063492	0.15873015873015872	0.4126984126984127
act/7	last	proj	4	10	True	False	asc	1	0.15873015873015872	0.3968253968253968	0.15873015873015872	0.3968253968253968
act/7	last	proj	6	20	True	False	asc	1	0.12698412698412698	0.4444444444444444	0.15873015873015872	0.4603174603174603
act/7	last	proj	4	7	False	True	asc	1	0.14285714285714285	0.3333333333333333	0.15873015873015872	0.38095238095238093
act/31	last	proj	10	13	True	True	asc	1	0.07936507936507936	0.3333333333333333	0.15873015873015872	0.47619047619047616
act/31	last	proj	10	13	True	False	asc	1	0.07936507936507936	0.3333333333333333	0.15873015873015872	0.47619047619047616
act/11	last	proj	0	8	True	True	asc	1	0.19047619047619047	0.42857142857142855	0.14285714285714285	0.3968253968253968
act/7	last	proj	5	17	True	True	asc	1	0.12698412698412698	0.4126984126984127	0.14285714285714285	0.3968253968253968
act/7	last	proj	6	19	True	False	asc	1	0.12698412698412698	0.4603174603174603	0.14285714285714285	0.4444444444444444
act/7	last	proj	6	15	True	False	asc	1	0.19047619047619047	0.4444444444444444	0.14285714285714285	0.3333333333333333
act/7	last	proj	3	14	True	False	asc	1	0.1111111111111111	0.36507936507936506	0.14285714285714285	0.4444444444444444
act/11	last	proj	5	7	True	False	asc	1	0.15873015873015872	0.3968253968253968	0.14285714285714285	0.4126984126984127
act/11	last	proj	3	7	True	True	asc	1	0.1746031746031746	0.47619047619047616	0.14285714285714285	0.36507936507936506
act/7	last	proj	4	13	True	False	asc	1	0.12698412698412698	0.38095238095238093	0.14285714285714285	0.4444444444444444
act/7	last	proj	4	16	True	False	asc	1	0.12698412698412698	0.4444444444444444	0.14285714285714285	0.4444444444444444
act/7	last	proj	4	17	True	False	asc	1	0.1111111111111111	0.4126984126984127	0.14285714285714285	0.4444444444444444
act/7	last	proj	4	10	True	True	asc	1	0.12698412698412698	0.3492063492063492	0.14285714285714285	0.38095238095238093
act/7	last	proj	4	11	True	True	asc	1	0.14285714285714285	0.3968253968253968	0.14285714285714285	0.38095238095238093
act/7	last	proj	2	11	True	True	asc	1	0.14285714285714285	0.4603174603174603	0.14285714285714285	0.3968253968253968
act/7	last	proj	3	16	True	False	asc	1	0.12698412698412698	0.4126984126984127	0.14285714285714285	0.3968253968253968
act/7	last	proj	3	12	True	False	asc	1	0.1111111111111111	0.36507936507936506	0.14285714285714285	0.4444444444444444
act/7	last	proj	3	17	True	False	asc	1	0.12698412698412698	0.38095238095238093	0.14285714285714285	0.4126984126984127
act/3	last	proj	1	8	True	False	asc	1	0.1111111111111111	0.4126984126984127	0.14285714285714285	0.38095238095238093
act/3	last	proj	1	7	True	True	asc	1	0.1111111111111111	0.4126984126984127	0.14285714285714285	0.3492063492063492
act/3	last	proj	1	7	True	False	asc	1	0.1111111111111111	0.38095238095238093	0.14285714285714285	0.3968253968253968
act/3	last	proj	0	20	True	False	asc	1	0.1746031746031746	0.3968253968253968	0.14285714285714285	0.31746031746031744
act/23	last	proj	15	17	True	True	asc	1	0.06349206349206349	0.2698412698412698	0.14285714285714285	0.4444444444444444
act/23	last	proj	15	17	True	False	asc	1	0.06349206349206349	0.2698412698412698	0.14285714285714285	0.4444444444444444
act/23	last	proj	15	16	True	True	asc	1	0.06349206349206349	0.3333333333333333	0.14285714285714285	0.2857142857142857
act/23	last	proj	3	5	False	True	asc	1	0.09523809523809523	0.31746031746031744	0.14285714285714285	0.3968253968253968
act/11	last	proj	3	13	True	False	asc	1	0.09523809523809523	0.38095238095238093	0.14285714285714285	0.4126984126984127
act/11	last	proj	3	19	True	False	asc	1	0.1111111111111111	0.38095238095238093	0.14285714285714285	0.38095238095238093
act/11	last	proj	6	7	True	True	asc	1	0.2222222222222222	0.3492063492063492	0.14285714285714285	0.31746031746031744
act/11	last	proj	6	7	True	False	asc	1	0.2222222222222222	0.3492063492063492	0.14285714285714285	0.31746031746031744
act/31	last	proj	0	12	True	False	asc	1	0.20634920634920634	0.49206349206349204	0.14285714285714285	0.36507936507936506
act/31	last	proj	1	18	True	True	asc	1	0.07936507936507936	0.36507936507936506	0.14285714285714285	0.38095238095238093
act/31	last	proj	1	19	True	True	asc	1	0.09523809523809523	0.38095238095238093	0.14285714285714285	0.36507936507936506
act/31	last	proj	1	20	True	True	asc	1	0.07936507936507936	0.38095238095238093	0.14285714285714285	0.36507936507936506
act/31	last	proj	1	15	True	False	asc	1	0.09523809523809523	0.3968253968253968	0.14285714285714285	0.36507936507936506
act/31	last	proj	1	16	True	True	asc	1	0.1111111111111111	0.42857142857142855	0.14285714285714285	0.38095238095238093
act/31	last	proj	1	17	True	True	asc	1	0.09523809523809523	0.4126984126984127	0.14285714285714285	0.38095238095238093
act/23	last	proj	15	16	True	False	asc	1	0.06349206349206349	0.3333333333333333	0.14285714285714285	0.2857142857142857
act/7	last	proj	2	10	False	True	asc	1	0.12698412698412698	0.4126984126984127	0.14285714285714285	0.42857142857142855
act/19	last	proj	11	19	True	False	asc	1	0.14285714285714285	0.38095238095238093	0.14285714285714285	0.4126984126984127
act/19	last	proj	11	20	True	False	asc	1	0.14285714285714285	0.36507936507936506	0.14285714285714285	0.4603174603174603
act/31	last	proj	7	8	False	True	asc	1	0.20634920634920634	0.5079365079365079	0.14285714285714285	0.4444444444444444
act/31	last	proj	7	10	False	False	asc	1	0.15873015873015872	0.5079365079365079	0.14285714285714285	0.4444444444444444
act/19	last	proj	11	13	True	True	asc	1	0.12698412698412698	0.4126984126984127	0.14285714285714285	0.38095238095238093
act/19	last	proj	11	13	True	False	asc	1	0.12698412698412698	0.4126984126984127	0.14285714285714285	0.38095238095238093
act/31	last	proj	7	8	False	False	asc	1	0.20634920634920634	0.5079365079365079	0.14285714285714285	0.4444444444444444
act/27	last	proj	3	19	True	False	asc	1	0.2222222222222222	0.38095238095238093	0.14285714285714285	0.31746031746031744
act/27	last	proj	4	7	True	False	asc	1	0.09523809523809523	0.36507936507936506	0.14285714285714285	0.3333333333333333
act/27	last	proj	5	13	True	False	asc	1	0.14285714285714285	0.30158730158730157	0.14285714285714285	0.38095238095238093
act/27	last	proj	5	14	True	False	asc	1	0.20634920634920634	0.36507936507936506	0.14285714285714285	0.3492063492063492
act/27	last	proj	3	9	True	True	asc	1	0.14285714285714285	0.38095238095238093	0.14285714285714285	0.3492063492063492
act/27	last	proj	3	9	True	False	asc	1	0.12698412698412698	0.38095238095238093	0.14285714285714285	0.3492063492063492
act/27	last	proj	3	10	True	True	asc	1	0.19047619047619047	0.36507936507936506	0.14285714285714285	0.3492063492063492
act/27	last	proj	3	10	True	False	asc	1	0.2222222222222222	0.36507936507936506	0.14285714285714285	0.3492063492063492
act/19	last	proj	3	7	False	False	asc	1	0.1111111111111111	0.2698412698412698	0.14285714285714285	0.3492063492063492
act/19	last	proj	3	8	False	True	asc	1	0.1111111111111111	0.30158730158730157	0.14285714285714285	0.42857142857142855
act/19	last	proj	1	13	False	True	asc	1	0.14285714285714285	0.2698412698412698	0.14285714285714285	0.31746031746031744
act/31	last	proj	3	10	False	False	asc	1	0.19047619047619047	0.4444444444444444	0.14285714285714285	0.4444444444444444
act/31	last	proj	3	5	False	True	asc	1	0.1111111111111111	0.3492063492063492	0.14285714285714285	0.23809523809523808
act/31	last	proj	2	20	False	True	asc	1	0.1111111111111111	0.3968253968253968	0.14285714285714285	0.3333333333333333
act/27	last	proj	2	4	True	True	asc	1	0.19047619047619047	0.42857142857142855	0.14285714285714285	0.2857142857142857
act/27	last	proj	2	4	True	False	asc	1	0.19047619047619047	0.42857142857142855	0.14285714285714285	0.2698412698412698
act/19	last	proj	17	19	True	False	asc	1	0.1111111111111111	0.3333333333333333	0.14285714285714285	0.38095238095238093
act/19	last	proj	12	20	True	False	asc	1	0.1111111111111111	0.30158730158730157	0.14285714285714285	0.4444444444444444
act/19	last	proj	12	16	True	True	asc	1	0.09523809523809523	0.19047619047619047	0.14285714285714285	0.4444444444444444
act/19	last	proj	12	16	True	False	asc	1	0.09523809523809523	0.19047619047619047	0.14285714285714285	0.4444444444444444
act/19	last	proj	13	17	True	True	asc	1	0.14285714285714285	0.2698412698412698	0.14285714285714285	0.42857142857142855
act/7	last	proj	2	9	False	False	asc	1	0.14285714285714285	0.36507936507936506	0.14285714285714285	0.3968253968253968
act/31	last	proj	5	9	False	False	asc	1	0.1746031746031746	0.4444444444444444	0.14285714285714285	0.3968253968253968
act/27	last	proj	2	9	True	False	asc	1	0.15873015873015872	0.38095238095238093	0.14285714285714285	0.3492063492063492
act/31	last	proj	8	15	False	True	asc	1	0.1111111111111111	0.4126984126984127	0.14285714285714285	0.36507936507936506
act/31	last	proj	9	13	False	True	asc	1	0.06349206349206349	0.4126984126984127	0.14285714285714285	0.42857142857142855
act/31	last	proj	9	13	False	False	asc	1	0.06349206349206349	0.4126984126984127	0.14285714285714285	0.42857142857142855
act/31	last	proj	8	17	False	False	asc	1	0.07936507936507936	0.38095238095238093	0.14285714285714285	0.36507936507936506
act/19	last	proj	6	15	True	False	asc	1	0.12698412698412698	0.3968253968253968	0.14285714285714285	0.4126984126984127
act/19	last	proj	8	14	True	False	asc	1	0.1746031746031746	0.38095238095238093	0.14285714285714285	0.3492063492063492
act/19	last	proj	8	9	True	True	asc	1	0.09523809523809523	0.3492063492063492	0.14285714285714285	0.36507936507936506
act/19	last	proj	8	9	True	False	asc	1	0.09523809523809523	0.3492063492063492	0.14285714285714285	0.36507936507936506
act/3	last	proj	4	7	False	True	asc	1	0.15873015873015872	0.42857142857142855	0.14285714285714285	0.38095238095238093
act/3	last	proj	4	7	False	False	asc	1	0.14285714285714285	0.4603174603174603	0.14285714285714285	0.38095238095238093
act/19	last	proj	9	16	True	False	asc	1	0.12698412698412698	0.2857142857142857	0.14285714285714285	0.3492063492063492
act/19	last	proj	7	18	True	False	asc	1	0.1111111111111111	0.4126984126984127	0.14285714285714285	0.4603174603174603
act/19	last	proj	7	19	True	True	asc	1	0.1111111111111111	0.42857142857142855	0.14285714285714285	0.4126984126984127
act/19	last	proj	7	19	True	False	asc	1	0.09523809523809523	0.4126984126984127	0.14285714285714285	0.42857142857142855
act/19	last	proj	9	14	True	True	asc	1	0.12698412698412698	0.3333333333333333	0.14285714285714285	0.38095238095238093
act/19	last	proj	9	14	True	False	asc	1	0.12698412698412698	0.3333333333333333	0.14285714285714285	0.38095238095238093
act/27	last	proj	1	12	True	False	asc	1	0.1746031746031746	0.3492063492063492	0.14285714285714285	0.3333333333333333
act/27	last	proj	1	13	True	False	asc	1	0.12698412698412698	0.30158730158730157	0.14285714285714285	0.3333333333333333
act/27	last	proj	1	6	True	False	asc	1	0.1111111111111111	0.3492063492063492	0.14285714285714285	0.4126984126984127
act/27	last	proj	1	7	True	False	asc	1	0.09523809523809523	0.31746031746031744	0.14285714285714285	0.38095238095238093
act/27	last	proj	1	9	True	True	asc	1	0.12698412698412698	0.3333333333333333	0.14285714285714285	0.42857142857142855
act/27	last	proj	1	9	True	False	asc	1	0.12698412698412698	0.3492063492063492	0.14285714285714285	0.38095238095238093
act/3	last	proj	5	7	False	True	asc	1	0.14285714285714285	0.4444444444444444	0.14285714285714285	0.3968253968253968
act/3	last	proj	4	14	False	False	asc	1	0.07936507936507936	0.3492063492063492	0.14285714285714285	0.36507936507936506
act/31	last	proj	7	10	False	True	asc	1	0.15873015873015872	0.5238095238095238	0.14285714285714285	0.4444444444444444
act/7	last	proj	1	14	False	True	asc	1	0.19047619047619047	0.3968253968253968	0.14285714285714285	0.3333333333333333
act/7	last	proj	1	14	False	False	asc	1	0.19047619047619047	0.49206349206349204	0.14285714285714285	0.36507936507936506
act/27	last	proj	4	9	True	True	asc	1	0.12698412698412698	0.38095238095238093	0.14285714285714285	0.3333333333333333
act/27	last	proj	4	9	True	False	asc	1	0.12698412698412698	0.36507936507936506	0.14285714285714285	0.3333333333333333
act/27	last	proj	3	14	True	True	asc	1	0.25396825396825395	0.3968253968253968	0.14285714285714285	0.3333333333333333
act/27	last	proj	1	10	True	True	asc	1	0.14285714285714285	0.38095238095238093	0.14285714285714285	0.36507936507936506
act/27	last	proj	1	12	True	True	asc	1	0.09523809523809523	0.30158730158730157	0.14285714285714285	0.36507936507936506
act/19	last	proj	7	14	True	False	asc	1	0.06349206349206349	0.3492063492063492	0.14285714285714285	0.4126984126984127
act/19	last	proj	6	19	True	False	asc	1	0.15873015873015872	0.38095238095238093	0.14285714285714285	0.4126984126984127
act/19	last	proj	7	8	True	True	asc	1	0.1111111111111111	0.3492063492063492	0.14285714285714285	0.38095238095238093
act/19	last	proj	7	8	True	False	asc	1	0.1111111111111111	0.3492063492063492	0.14285714285714285	0.38095238095238093
act/19	last	proj	7	9	True	False	asc	1	0.1111111111111111	0.3492063492063492	0.14285714285714285	0.4126984126984127
act/19	last	proj	4	13	True	False	asc	1	0.23809523809523808	0.4444444444444444	0.14285714285714285	0.4126984126984127
act/19	last	proj	4	14	True	False	asc	1	0.2222222222222222	0.4126984126984127	0.14285714285714285	0.4126984126984127
act/19	last	proj	6	10	True	True	asc	1	0.20634920634920634	0.4603174603174603	0.14285714285714285	0.36507936507936506
act/27	last	proj	6	11	True	False	asc	1	0.12698412698412698	0.3333333333333333	0.14285714285714285	0.3333333333333333
act/27	last	proj	6	12	True	True	asc	1	0.14285714285714285	0.31746031746031744	0.14285714285714285	0.30158730158730157
act/27	last	proj	6	10	True	True	asc	1	0.15873015873015872	0.38095238095238093	0.14285714285714285	0.31746031746031744
act/19	last	proj	7	9	True	True	asc	1	0.09523809523809523	0.3492063492063492	0.14285714285714285	0.4126984126984127
act/19	last	proj	5	12	True	False	asc	1	0.14285714285714285	0.4126984126984127	0.14285714285714285	0.4603174603174603
act/19	last	proj	7	11	True	True	asc	1	0.14285714285714285	0.4444444444444444	0.14285714285714285	0.3968253968253968
act/19	last	proj	7	13	True	False	asc	1	0.07936507936507936	0.3492063492063492	0.14285714285714285	0.4126984126984127
act/19	last	proj	7	14	True	True	asc	1	0.06349206349206349	0.3492063492063492	0.14285714285714285	0.4444444444444444
act/31	last	proj	2	14	False	False	asc	1	0.1111111111111111	0.42857142857142855	0.14285714285714285	0.4126984126984127
act/31	last	proj	2	15	False	False	asc	1	0.1111111111111111	0.42857142857142855	0.14285714285714285	0.36507936507936506
act/19	last	proj	4	8	False	False	asc	1	0.06349206349206349	0.30158730158730157	0.14285714285714285	0.4126984126984127
act/27	last	proj	1	2	True	True	asc	1	0.1111111111111111	0.3333333333333333	0.14285714285714285	0.3492063492063492
act/27	last	proj	1	2	True	False	asc	1	0.1111111111111111	0.3333333333333333	0.14285714285714285	0.3492063492063492
act/27	last	proj	1	4	True	True	asc	1	0.12698412698412698	0.36507936507936506	0.14285714285714285	0.42857142857142855
act/27	last	proj	1	4	True	False	asc	1	0.1111111111111111	0.3333333333333333	0.14285714285714285	0.3968253968253968
act/27	last	proj	2	13	True	True	asc	1	0.20634920634920634	0.4126984126984127	0.14285714285714285	0.36507936507936506
act/19	last	proj	8	19	True	True	asc	1	0.1746031746031746	0.3968253968253968	0.14285714285714285	0.4126984126984127
act/19	last	proj	7	17	True	False	asc	1	0.1111111111111111	0.3968253968253968	0.14285714285714285	0.4126984126984127
act/19	last	proj	7	18	True	True	asc	1	0.1111111111111111	0.4126984126984127	0.14285714285714285	0.42857142857142855
act/3	last	proj	4	20	False	True	asc	1	0.1746031746031746	0.42857142857142855	0.14285714285714285	0.3968253968253968
act/27	last	proj	6	10	True	False	asc	1	0.15873015873015872	0.38095238095238093	0.14285714285714285	0.31746031746031744
act/3	last	proj	5	7	False	False	asc	1	0.12698412698412698	0.42857142857142855	0.14285714285714285	0.3968253968253968
act/31	last	proj	1	11	False	False	asc	1	0.15873015873015872	0.4126984126984127	0.14285714285714285	0.36507936507936506
act/31	last	proj	1	5	False	False	asc	1	0.1746031746031746	0.31746031746031744	0.14285714285714285	0.3968253968253968
act/31	last	proj	10	12	False	False	asc	1	0.06349206349206349	0.36507936507936506	0.14285714285714285	0.4603174603174603
act/19	last	proj	3	14	True	False	asc	1	0.19047619047619047	0.3968253968253968	0.14285714285714285	0.36507936507936506
act/19	last	proj	3	11	True	False	asc	1	0.23809523809523808	0.3968253968253968	0.14285714285714285	0.3333333333333333
act/19	last	proj	5	7	True	False	asc	1	0.19047619047619047	0.42857142857142855	0.14285714285714285	0.38095238095238093
act/19	last	proj	4	20	True	True	asc	1	0.23809523809523808	0.4126984126984127	0.14285714285714285	0.38095238095238093
act/19	last	proj	5	7	True	True	asc	1	0.15873015873015872	0.42857142857142855	0.14285714285714285	0.4126984126984127
act/19	last	proj	3	13	True	False	asc	1	0.1746031746031746	0.36507936507936506	0.14285714285714285	0.3968253968253968
act/31	last	proj	1	15	False	False	asc	1	0.1746031746031746	0.42857142857142855	0.14285714285714285	0.3492063492063492
act/19	last	proj	4	10	True	True	asc	1	0.2698412698412698	0.4444444444444444	0.14285714285714285	0.38095238095238093
act/19	last	proj	3	10	True	False	asc	1	0.23809523809523808	0.3968253968253968	0.14285714285714285	0.4126984126984127
act/19	last	proj	3	5	True	True	asc	1	0.1746031746031746	0.38095238095238093	0.14285714285714285	0.36507936507936506
act/19	last	proj	3	8	True	True	asc	1	0.2222222222222222	0.4126984126984127	0.14285714285714285	0.42857142857142855
act/19	last	proj	3	9	True	True	asc	1	0.2222222222222222	0.3968253968253968	0.14285714285714285	0.4126984126984127
act/19	last	proj	3	12	True	False	asc	1	0.23809523809523808	0.3968253968253968	0.14285714285714285	0.3492063492063492
act/31	last	proj	9	17	False	False	asc	1	0.06349206349206349	0.36507936507936506	0.14285714285714285	0.3968253968253968
act/31	last	proj	10	12	False	True	asc	1	0.06349206349206349	0.36507936507936506	0.14285714285714285	0.4603174603174603
act/27	last	proj	6	8	True	False	asc	1	0.1111111111111111	0.31746031746031744	0.14285714285714285	0.3492063492063492
act/31	last	proj	1	18	False	True	asc	1	0.19047619047619047	0.38095238095238093	0.14285714285714285	0.3333333333333333
act/31	last	proj	0	7	False	False	asc	1	0.047619047619047616	0.25396825396825395	0.14285714285714285	0.38095238095238093
act/31	last	proj	1	15	False	True	asc	1	0.19047619047619047	0.38095238095238093	0.14285714285714285	0.36507936507936506
act/19	last	proj	4	10	False	True	asc	1	0.06349206349206349	0.2857142857142857	0.14285714285714285	0.3968253968253968
act/19	last	proj	5	8	False	False	asc	1	0.14285714285714285	0.31746031746031744	0.14285714285714285	0.3968253968253968
act/31	last	proj	1	10	False	False	asc	1	0.1746031746031746	0.38095238095238093	0.14285714285714285	0.3492063492063492
act/31	last	proj	1	12	False	False	asc	1	0.1746031746031746	0.4126984126984127	0.14285714285714285	0.38095238095238093
act/19	last	proj	4	12	True	True	asc	1	0.23809523809523808	0.38095238095238093	0.14285714285714285	0.38095238095238093
act/19	last	proj	6	10	True	False	asc	1	0.20634920634920634	0.4444444444444444	0.14285714285714285	0.36507936507936506
act/31	last	proj	10	17	False	False	asc	1	0.047619047619047616	0.36507936507936506	0.14285714285714285	0.36507936507936506
act/3	last	proj	3	13	False	False	asc	1	0.09523809523809523	0.36507936507936506	0.14285714285714285	0.36507936507936506
act/3	last	proj	3	7	False	True	asc	1	0.12698412698412698	0.3968253968253968	0.14285714285714285	0.42857142857142855
act/3	last	proj	3	7	False	False	asc	1	0.12698412698412698	0.3968253968253968	0.14285714285714285	0.4444444444444444
act/3	last	proj	3	8	False	True	asc	1	0.1746031746031746	0.42857142857142855	0.14285714285714285	0.4444444444444444
act/27	last	proj	6	8	True	True	asc	1	0.12698412698412698	0.30158730158730157	0.14285714285714285	0.36507936507936506
act/7	last	proj	1	4	False	False	asc	1	0.20634920634920634	0.3333333333333333	0.14285714285714285	0.38095238095238093
act/7	last	proj	1	5	False	True	asc	1	0.19047619047619047	0.3492063492063492	0.14285714285714285	0.38095238095238093
act/3	last	proj	4	5	False	True	asc	1	0.1111111111111111	0.3492063492063492	0.14285714285714285	0.42857142857142855
act/27	last	proj	7	13	True	False	asc	1	0.14285714285714285	0.31746031746031744	0.14285714285714285	0.2222222222222222
act/15	last	proj	16	20	False	True	asc	1	0.1746031746031746	0.4603174603174603	0.14285714285714285	0.4603174603174603
act/15	last	proj	16	20	False	False	asc	1	0.19047619047619047	0.4603174603174603	0.14285714285714285	0.4603174603174603
act/19	last	proj	1	9	True	True	asc	1	0.14285714285714285	0.3333333333333333	0.14285714285714285	0.36507936507936506
act/19	last	proj	0	13	True	False	asc	1	0.19047619047619047	0.3333333333333333	0.14285714285714285	0.38095238095238093
act/3	last	proj	3	12	False	True	asc	1	0.14285714285714285	0.3968253968253968	0.14285714285714285	0.3968253968253968
act/3	last	proj	3	12	False	False	asc	1	0.09523809523809523	0.36507936507936506	0.14285714285714285	0.3968253968253968
act/31	last	proj	11	14	False	False	asc	1	0.07936507936507936	0.31746031746031744	0.14285714285714285	0.42857142857142855
act/19	last	proj	1	14	True	True	asc	1	0.14285714285714285	0.3333333333333333	0.14285714285714285	0.36507936507936506
act/19	last	proj	0	8	True	True	asc	1	0.15873015873015872	0.2698412698412698	0.14285714285714285	0.3333333333333333
act/19	last	proj	0	2	True	False	asc	1	0.07936507936507936	0.23809523809523808	0.14285714285714285	0.31746031746031744
act/19	last	proj	2	7	True	False	asc	1	0.15873015873015872	0.38095238095238093	0.14285714285714285	0.4444444444444444
act/7	last	proj	1	4	False	True	asc	1	0.20634920634920634	0.3333333333333333	0.14285714285714285	0.38095238095238093
act/31	last	proj	0	17	False	False	asc	1	0.047619047619047616	0.25396825396825395	0.14285714285714285	0.3492063492063492
act/19	last	proj	7	13	False	False	asc	1	0.1111111111111111	0.38095238095238093	0.14285714285714285	0.36507936507936506
act/31	last	proj	0	11	False	False	asc	1	0.047619047619047616	0.25396825396825395	0.14285714285714285	0.3333333333333333
act/31	last	proj	0	12	False	False	asc	1	0.047619047619047616	0.25396825396825395	0.14285714285714285	0.3333333333333333
act/3	last	proj	4	5	False	False	asc	1	0.1111111111111111	0.3492063492063492	0.14285714285714285	0.42857142857142855
act/3	last	proj	3	16	False	False	asc	1	0.1111111111111111	0.38095238095238093	0.14285714285714285	0.36507936507936506
act/3	last	proj	3	18	False	False	asc	1	0.12698412698412698	0.4126984126984127	0.14285714285714285	0.38095238095238093
act/3	last	proj	3	11	False	True	asc	1	0.12698412698412698	0.38095238095238093	0.14285714285714285	0.4126984126984127
act/31	last	proj	1	8	False	True	asc	1	0.1746031746031746	0.38095238095238093	0.14285714285714285	0.38095238095238093
act/31	last	proj	1	8	False	False	asc	1	0.1746031746031746	0.36507936507936506	0.14285714285714285	0.38095238095238093
act/31	last	proj	1	9	False	True	asc	1	0.2222222222222222	0.38095238095238093	0.14285714285714285	0.36507936507936506
act/31	last	proj	1	10	False	True	asc	1	0.1746031746031746	0.3492063492063492	0.14285714285714285	0.36507936507936506
act/7	last	proj	3	8	False	True	asc	1	0.1746031746031746	0.38095238095238093	0.14285714285714285	0.36507936507936506
act/7	last	proj	3	8	False	False	asc	1	0.15873015873015872	0.36507936507936506	0.14285714285714285	0.38095238095238093
act/7	last	proj	3	10	False	False	asc	1	0.14285714285714285	0.3333333333333333	0.14285714285714285	0.3968253968253968
act/31	last	proj	0	16	False	False	asc	1	0.047619047619047616	0.25396825396825395	0.14285714285714285	0.3333333333333333
act/19	last	proj	0	5	True	True	asc	1	0.15873015873015872	0.30158730158730157	0.14285714285714285	0.3492063492063492
act/19	last	proj	0	6	True	True	asc	1	0.14285714285714285	0.23809523809523808	0.14285714285714285	0.2857142857142857
act/31	last	norm_l2	0	0	False	False	asc	1	0.1746031746031746	0.38095238095238093	0.14285714285714285	0.42857142857142855
act/31	last	norm_l1	0	0	False	False	asc	1	0.1111111111111111	0.38095238095238093	0.14285714285714285	0.42857142857142855
act/31_normed	last	proj	0	2	True	True	asc	1	0.12698412698412698	0.25396825396825395	0.14285714285714285	0.3492063492063492
act/31_normed	last	proj	0	13	True	True	asc	1	0.15873015873015872	0.31746031746031744	0.14285714285714285	0.36507936507936506
act/31	last	proj	18	19	False	True	asc	1	0.1111111111111111	0.2698412698412698	0.14285714285714285	0.3492063492063492
act/31	last	proj	18	19	False	False	asc	1	0.1111111111111111	0.2698412698412698	0.14285714285714285	0.3492063492063492
act/31_normed	last	proj	0	18	True	True	asc	1	0.19047619047619047	0.38095238095238093	0.14285714285714285	0.3333333333333333
act/31_normed	last	proj	0	18	True	False	asc	1	0.15873015873015872	0.3333333333333333	0.14285714285714285	0.3333333333333333
act/31_normed	last	proj	0	11	True	True	asc	1	0.14285714285714285	0.3333333333333333	0.14285714285714285	0.36507936507936506
act/31_normed	last	proj	0	12	True	True	asc	1	0.14285714285714285	0.31746031746031744	0.14285714285714285	0.36507936507936506
act/19	last	proj	0	9	True	True	asc	1	0.12698412698412698	0.25396825396825395	0.14285714285714285	0.3333333333333333
act/19	last	proj	0	10	True	True	asc	1	0.12698412698412698	0.25396825396825395	0.14285714285714285	0.31746031746031744
act/19	last	proj	0	11	True	True	asc	1	0.14285714285714285	0.2698412698412698	0.14285714285714285	0.3492063492063492
act/19	last	proj	0	12	True	True	asc	1	0.14285714285714285	0.2698412698412698	0.14285714285714285	0.3333333333333333
act/7	last	proj	3	11	False	True	asc	1	0.14285714285714285	0.4603174603174603	0.14285714285714285	0.3968253968253968
act/7	last	proj	3	11	False	False	asc	1	0.12698412698412698	0.4126984126984127	0.14285714285714285	0.4126984126984127
act/7	last	proj	3	15	False	False	asc	1	0.14285714285714285	0.38095238095238093	0.14285714285714285	0.3968253968253968
act/27	last	proj	1	14	True	True	asc	1	0.15873015873015872	0.36507936507936506	0.14285714285714285	0.3333333333333333
act/3	last	proj	5	19	False	True	asc	1	0.12698412698412698	0.36507936507936506	0.14285714285714285	0.4126984126984127
act/3	last	proj	4	10	False	False	asc	1	0.12698412698412698	0.36507936507936506	0.14285714285714285	0.36507936507936506
act/3	last	proj	5	8	False	True	asc	1	0.15873015873015872	0.42857142857142855	0.14285714285714285	0.38095238095238093
act/3	last	proj	5	10	False	True	asc	1	0.14285714285714285	0.36507936507936506	0.14285714285714285	0.36507936507936506
act/19	last	proj	0	14	True	False	asc	1	0.1746031746031746	0.31746031746031744	0.14285714285714285	0.38095238095238093
act/27	last	proj	8	9	True	False	asc	1	0.14285714285714285	0.2857142857142857	0.14285714285714285	0.4444444444444444
act/19	last	proj	1	8	True	True	asc	1	0.12698412698412698	0.3333333333333333	0.14285714285714285	0.3968253968253968
act/19	last	proj	0	7	True	False	asc	1	0.12698412698412698	0.3492063492063492	0.14285714285714285	0.36507936507936506
act/31	last	proj	0	13	False	False	asc	1	0.047619047619047616	0.2698412698412698	0.14285714285714285	0.3333333333333333
act/31	last	proj	0	15	False	False	asc	1	0.047619047619047616	0.2698412698412698	0.14285714285714285	0.3492063492063492
act/7	last	proj	3	19	False	False	asc	1	0.15873015873015872	0.3968253968253968	0.14285714285714285	0.4444444444444444
act/7	last	proj	3	20	False	False	asc	1	0.1746031746031746	0.4126984126984127	0.14285714285714285	0.4126984126984127
act/31_normed	last	proj	1	17	True	True	asc	1	0.07936507936507936	0.36507936507936506	0.14285714285714285	0.38095238095238093
act/15	last	proj	9	10	False	True	asc	1	0.14285714285714285	0.30158730158730157	0.14285714285714285	0.42857142857142855
act/31_normed	last	proj	5	10	True	False	asc	1	0.2698412698412698	0.5079365079365079	0.14285714285714285	0.4444444444444444
act/15	last	proj	9	10	False	False	asc	1	0.14285714285714285	0.30158730158730157	0.14285714285714285	0.42857142857142855
act/15	last	proj	8	12	False	False	asc	1	0.09523809523809523	0.4444444444444444	0.14285714285714285	0.3968253968253968
act/15	last	proj	9	14	False	True	asc	1	0.1111111111111111	0.42857142857142855	0.14285714285714285	0.30158730158730157
act/27	last	proj	11	13	True	False	asc	1	0.031746031746031744	0.19047619047619047	0.14285714285714285	0.31746031746031744
act/7	last	proj	17	19	False	True	asc	1	0.2222222222222222	0.49206349206349204	0.14285714285714285	0.42857142857142855
act/31_normed	last	proj	2	10	True	True	asc	1	0.25396825396825395	0.5238095238095238	0.14285714285714285	0.49206349206349204
act/31_normed	last	proj	0	17	True	True	asc	1	0.19047619047619047	0.38095238095238093	0.14285714285714285	0.3333333333333333
act/31_normed	last	proj	0	4	True	True	asc	1	0.14285714285714285	0.2857142857142857	0.14285714285714285	0.36507936507936506
act/3	last	proj	1	14	False	True	asc	1	0.31746031746031744	0.3968253968253968	0.14285714285714285	0.42857142857142855
act/3	last	proj	1	15	False	True	asc	1	0.31746031746031744	0.38095238095238093	0.14285714285714285	0.4126984126984127
act/27	last	proj	8	9	True	True	asc	1	0.14285714285714285	0.2857142857142857	0.14285714285714285	0.4444444444444444
act/31_normed	last	proj	1	5	True	True	asc	1	0.06349206349206349	0.31746031746031744	0.14285714285714285	0.42857142857142855
act/31_normed	last	proj	2	12	True	True	asc	1	0.19047619047619047	0.5079365079365079	0.14285714285714285	0.4603174603174603
act/3	last	proj	5	9	False	False	asc	1	0.12698412698412698	0.3492063492063492	0.14285714285714285	0.38095238095238093
act/23	last	proj	18	19	False	False	asc	1	0.06349206349206349	0.2222222222222222	0.14285714285714285	0.3492063492063492
act/23	last	proj	16	18	False	True	asc	1	0.14285714285714285	0.4444444444444444	0.14285714285714285	0.3492063492063492
act/23	last	proj	16	18	False	False	asc	1	0.14285714285714285	0.42857142857142855	0.14285714285714285	0.3333333333333333
act/23	last	proj	17	18	False	True	asc	1	0.12698412698412698	0.2698412698412698	0.14285714285714285	0.4126984126984127
act/31_normed	last	proj	1	15	True	False	asc	1	0.09523809523809523	0.38095238095238093	0.14285714285714285	0.3968253968253968
act/31_normed	last	proj	0	19	True	True	asc	1	0.19047619047619047	0.38095238095238093	0.14285714285714285	0.3333333333333333
act/31_normed	last	proj	0	20	True	True	asc	1	0.19047619047619047	0.38095238095238093	0.14285714285714285	0.3333333333333333
act/15	last	norm_l2	0	0	True	False	asc	1	0.09523809523809523	0.3333333333333333	0.14285714285714285	0.4126984126984127
act/3	last	proj	5	10	False	False	asc	1	0.12698412698412698	0.3492063492063492	0.14285714285714285	0.38095238095238093
act/31	last	proj	12	13	True	True	asc	1	0.12698412698412698	0.42857142857142855	0.14285714285714285	0.42857142857142855
act/19	last	proj	7	20	False	True	asc	1	0.12698412698412698	0.2857142857142857	0.14285714285714285	0.4126984126984127
act/19	last	proj	7	20	False	False	asc	1	0.1111111111111111	0.2857142857142857	0.14285714285714285	0.38095238095238093
act/19	last	proj	7	14	False	True	asc	1	0.09523809523809523	0.3333333333333333	0.14285714285714285	0.3968253968253968
act/19	last	proj	7	14	False	False	asc	1	0.09523809523809523	0.36507936507936506	0.14285714285714285	0.42857142857142855
act/3	last	proj	5	9	False	True	asc	1	0.14285714285714285	0.36507936507936506	0.14285714285714285	0.3492063492063492
act/3	last	proj	1	2	False	True	asc	1	0.2222222222222222	0.2698412698412698	0.14285714285714285	0.3333333333333333
act/3	last	proj	1	2	False	False	asc	1	0.2222222222222222	0.2698412698412698	0.14285714285714285	0.3333333333333333
act/3	last	proj	1	3	False	True	asc	1	0.23809523809523808	0.30158730158730157	0.14285714285714285	0.3333333333333333
act/15	last	proj	3	18	False	True	asc	1	0.15873015873015872	0.4444444444444444	0.14285714285714285	0.4126984126984127
act/7	last	proj	19	20	True	True	asc	1	0.15873015873015872	0.3333333333333333	0.14285714285714285	0.38095238095238093
act/7	last	proj	19	20	True	False	asc	1	0.15873015873015872	0.3333333333333333	0.14285714285714285	0.38095238095238093
act/15	last	proj	5	12	False	True	asc	1	0.15873015873015872	0.42857142857142855	0.14285714285714285	0.3492063492063492
act/15	last	proj	5	13	False	True	asc	1	0.1746031746031746	0.4603174603174603	0.14285714285714285	0.3492063492063492
act/31_normed	last	proj	4	13	True	True	asc	1	0.15873015873015872	0.47619047619047616	0.14285714285714285	0.4444444444444444
act/15	last	proj	6	11	False	True	asc	1	0.1746031746031746	0.38095238095238093	0.14285714285714285	0.36507936507936506
act/15	last	proj	6	12	False	False	asc	1	0.20634920634920634	0.47619047619047616	0.14285714285714285	0.31746031746031744
act/15	last	proj	6	13	False	False	asc	1	0.20634920634920634	0.5079365079365079	0.14285714285714285	0.3333333333333333
act/31_normed	last	proj	6	7	True	True	asc	1	0.19047619047619047	0.42857142857142855	0.14285714285714285	0.4126984126984127
act/31_normed	last	proj	6	7	True	False	asc	1	0.19047619047619047	0.42857142857142855	0.14285714285714285	0.4126984126984127
act/15	last	proj	6	8	False	False	asc	1	0.2222222222222222	0.4126984126984127	0.14285714285714285	0.38095238095238093
act/7	last	proj	17	19	False	False	asc	1	0.2222222222222222	0.49206349206349204	0.14285714285714285	0.4126984126984127
act/31	last	proj	11	13	True	True	asc	1	0.09523809523809523	0.42857142857142855	0.14285714285714285	0.4603174603174603
act/31	last	proj	11	13	True	False	asc	1	0.09523809523809523	0.42857142857142855	0.14285714285714285	0.4444444444444444
act/19	last	proj	7	18	False	True	asc	1	0.1111111111111111	0.2698412698412698	0.14285714285714285	0.3968253968253968
act/19	last	proj	7	15	False	True	asc	1	0.09523809523809523	0.36507936507936506	0.14285714285714285	0.38095238095238093
act/19	last	proj	7	15	False	False	asc	1	0.09523809523809523	0.3333333333333333	0.14285714285714285	0.3968253968253968
act/19	last	proj	7	16	False	True	asc	1	0.06349206349206349	0.2698412698412698	0.14285714285714285	0.3968253968253968
act/31_normed	last	proj	4	14	True	True	asc	1	0.14285714285714285	0.4603174603174603	0.14285714285714285	0.4603174603174603
act/31_normed	last	proj	4	20	True	True	asc	1	0.15873015873015872	0.38095238095238093	0.14285714285714285	0.42857142857142855
act/31_normed	last	proj	3	17	True	True	asc	1	0.14285714285714285	0.3968253968253968	0.14285714285714285	0.4126984126984127
act/31_normed	last	proj	3	19	True	False	asc	1	0.07936507936507936	0.38095238095238093	0.14285714285714285	0.3968253968253968
act/23	last	proj	17	18	False	False	asc	1	0.12698412698412698	0.2698412698412698	0.14285714285714285	0.4126984126984127
act/23	last	proj	18	19	False	True	asc	1	0.06349206349206349	0.2222222222222222	0.14285714285714285	0.3492063492063492
act/3	last	proj	8	16	False	True	asc	1	0.20634920634920634	0.3968253968253968	0.14285714285714285	0.4126984126984127
act/3	last	proj	8	16	False	False	asc	1	0.20634920634920634	0.38095238095238093	0.14285714285714285	0.4126984126984127
act/3	last	proj	8	10	False	True	asc	1	0.15873015873015872	0.38095238095238093	0.14285714285714285	0.4603174603174603
act/3	last	proj	8	10	False	False	asc	1	0.15873015873015872	0.38095238095238093	0.14285714285714285	0.4444444444444444
act/15	last	proj	2	5	False	False	asc	1	0.1111111111111111	0.3968253968253968	0.14285714285714285	0.4603174603174603
act/15	last	proj	2	6	False	True	asc	1	0.14285714285714285	0.4444444444444444	0.14285714285714285	0.4603174603174603
act/15	last	proj	3	9	False	True	asc	1	0.19047619047619047	0.47619047619047616	0.14285714285714285	0.42857142857142855
act/15	last	proj	3	13	False	True	asc	1	0.15873015873015872	0.5079365079365079	0.14285714285714285	0.4444444444444444
act/15	last	proj	3	14	False	True	asc	1	0.14285714285714285	0.49206349206349204	0.14285714285714285	0.4444444444444444
act/15	last	proj	3	4	False	True	asc	1	0.25396825396825395	0.5238095238095238	0.14285714285714285	0.42857142857142855
act/3	last	proj	10	11	False	True	asc	1	0.2222222222222222	0.3333333333333333	0.14285714285714285	0.2698412698412698
act/3	last	proj	10	11	False	False	asc	1	0.2222222222222222	0.3333333333333333	0.14285714285714285	0.2698412698412698
act/15	last	proj	4	11	False	True	asc	1	0.07936507936507936	0.3968253968253968	0.14285714285714285	0.4444444444444444
act/15	last	proj	3	19	False	True	asc	1	0.1746031746031746	0.47619047619047616	0.14285714285714285	0.4126984126984127
act/15	last	proj	3	20	False	False	asc	1	0.15873015873015872	0.42857142857142855	0.14285714285714285	0.38095238095238093
act/7	last	proj	14	18	True	True	asc	1	0.06349206349206349	0.3333333333333333	0.14285714285714285	0.3333333333333333
act/15	last	proj	2	7	False	True	asc	1	0.23809523809523808	0.5238095238095238	0.14285714285714285	0.4444444444444444
act/15	last	proj	1	20	False	False	asc	1	0.09523809523809523	0.2222222222222222	0.14285714285714285	0.30158730158730157
act/15	last	proj	3	11	False	True	asc	1	0.1111111111111111	0.4126984126984127	0.14285714285714285	0.4603174603174603
act/15	last	proj	2	5	False	True	asc	1	0.1111111111111111	0.38095238095238093	0.14285714285714285	0.4444444444444444
act/7	last	proj	4	8	False	True	asc	1	0.1746031746031746	0.3968253968253968	0.14285714285714285	0.3968253968253968
act/3	last	proj	7	19	False	False	asc	1	0.15873015873015872	0.31746031746031744	0.14285714285714285	0.4444444444444444
act/3	last	proj	7	20	False	False	asc	1	0.14285714285714285	0.2857142857142857	0.14285714285714285	0.3968253968253968
act/15	last	proj	3	4	False	False	asc	1	0.25396825396825395	0.5238095238095238	0.14285714285714285	0.42857142857142855
act/15	last	proj	3	5	False	True	asc	1	0.14285714285714285	0.4603174603174603	0.14285714285714285	0.4603174603174603
act/15	last	proj	2	16	False	True	asc	1	0.19047619047619047	0.47619047619047616	0.14285714285714285	0.3968253968253968
act/31_normed	last	proj	8	15	True	False	asc	1	0.12698412698412698	0.42857142857142855	0.14285714285714285	0.4126984126984127
act/15	last	proj	2	17	False	True	asc	1	0.19047619047619047	0.5079365079365079	0.14285714285714285	0.3968253968253968
act/15	last	proj	3	17	False	True	asc	1	0.15873015873015872	0.4444444444444444	0.14285714285714285	0.4126984126984127
act/15	last	proj	5	9	False	False	asc	1	0.1746031746031746	0.4126984126984127	0.14285714285714285	0.36507936507936506
act/31	last	proj	12	13	True	False	asc	1	0.12698412698412698	0.42857142857142855	0.14285714285714285	0.42857142857142855
act/7	last	proj	4	16	False	True	asc	1	0.12698412698412698	0.38095238095238093	0.14285714285714285	0.38095238095238093
act/7	last	proj	4	19	False	True	asc	1	0.12698412698412698	0.36507936507936506	0.14285714285714285	0.38095238095238093
act/7	last	proj	4	10	False	True	asc	1	0.14285714285714285	0.38095238095238093	0.14285714285714285	0.36507936507936506
act/7	last	proj	4	15	False	True	asc	1	0.1111111111111111	0.38095238095238093	0.14285714285714285	0.38095238095238093
act/7	last	proj	4	7	False	False	asc	1	0.14285714285714285	0.3492063492063492	0.14285714285714285	0.38095238095238093
act/7	last	proj	12	15	False	False	asc	1	0.15873015873015872	0.3968253968253968	0.14285714285714285	0.4126984126984127
act/31_normed	last	proj	12	15	True	True	asc	1	0.047619047619047616	0.30158730158730157	0.14285714285714285	0.42857142857142855
act/31_normed	last	proj	12	15	True	False	asc	1	0.06349206349206349	0.2857142857142857	0.14285714285714285	0.42857142857142855
act/15	last	proj	1	11	False	False	asc	1	0.1111111111111111	0.3333333333333333	0.14285714285714285	0.3492063492063492
act/15	last	proj	1	12	False	False	asc	1	0.1111111111111111	0.3333333333333333	0.14285714285714285	0.36507936507936506
act/31_normed	last	proj	11	13	True	True	asc	1	0.07936507936507936	0.2698412698412698	0.14285714285714285	0.38095238095238093
act/31_normed	last	proj	11	13	True	False	asc	1	0.07936507936507936	0.2698412698412698	0.14285714285714285	0.38095238095238093
act/31_normed	last	proj	11	12	True	True	asc	1	0.047619047619047616	0.19047619047619047	0.14285714285714285	0.3333333333333333
act/15	last	proj	2	4	False	True	asc	1	0.23809523809523808	0.4603174603174603	0.14285714285714285	0.36507936507936506
act/31_normed	last	proj	9	14	True	True	asc	1	0.06349206349206349	0.3492063492063492	0.14285714285714285	0.4126984126984127
act/31_normed	last	proj	9	15	True	False	asc	1	0.07936507936507936	0.3333333333333333	0.14285714285714285	0.3968253968253968
act/31_normed	last	proj	10	12	True	False	asc	1	0.06349206349206349	0.2698412698412698	0.14285714285714285	0.3968253968253968
act/3	last	proj	15	17	True	True	asc	1	0.14285714285714285	0.36507936507936506	0.14285714285714285	0.4126984126984127
act/7	last	proj	6	16	False	True	asc	1	0.15873015873015872	0.4126984126984127	0.14285714285714285	0.3968253968253968
act/7	last	proj	13	19	False	True	asc	1	0.19047619047619047	0.47619047619047616	0.14285714285714285	0.36507936507936506
act/7	last	proj	12	15	False	True	asc	1	0.15873015873015872	0.38095238095238093	0.14285714285714285	0.42857142857142855
act/31	last	proj	8	10	True	True	asc	1	0.12698412698412698	0.3492063492063492	0.14285714285714285	0.31746031746031744
act/31	last	proj	9	13	True	False	asc	1	0.06349206349206349	0.31746031746031744	0.14285714285714285	0.4444444444444444
act/15	last	proj	2	4	False	False	asc	1	0.2698412698412698	0.47619047619047616	0.14285714285714285	0.36507936507936506
act/15	last	proj	2	13	False	True	asc	1	0.19047619047619047	0.47619047619047616	0.14285714285714285	0.42857142857142855
act/15	last	proj	2	13	False	False	asc	1	0.12698412698412698	0.3968253968253968	0.14285714285714285	0.3333333333333333
act/15	last	proj	2	15	False	True	asc	1	0.15873015873015872	0.42857142857142855	0.14285714285714285	0.4126984126984127
act/31_normed	last	proj	10	13	True	False	asc	1	0.06349206349206349	0.2222222222222222	0.14285714285714285	0.4126984126984127
act/15	last	proj	2	11	False	False	asc	1	0.12698412698412698	0.4126984126984127	0.14285714285714285	0.4126984126984127
act/31	last	proj	4	19	True	True	asc	1	0.1111111111111111	0.36507936507936506	0.14285714285714285	0.4126984126984127
act/31	last	proj	4	20	True	True	asc	1	0.12698412698412698	0.36507936507936506	0.14285714285714285	0.4126984126984127
act/31	last	proj	8	10	True	False	asc	1	0.12698412698412698	0.3492063492063492	0.14285714285714285	0.31746031746031744
act/31	last	proj	6	12	True	True	asc	1	0.1111111111111111	0.3968253968253968	0.14285714285714285	0.4126984126984127
act/31	last	proj	8	9	True	True	asc	1	0.14285714285714285	0.2857142857142857	0.14285714285714285	0.30158730158730157
act/31	last	proj	8	9	True	False	asc	1	0.14285714285714285	0.2857142857142857	0.14285714285714285	0.30158730158730157
act/19	last	proj	16	19	False	True	asc	1	0.2222222222222222	0.36507936507936506	0.14285714285714285	0.4603174603174603
act/19	last	proj	16	19	False	False	asc	1	0.2222222222222222	0.36507936507936506	0.14285714285714285	0.4603174603174603
act/15	last	proj	14	18	True	True	asc	1	0.1111111111111111	0.30158730158730157	0.14285714285714285	0.36507936507936506
act/15	last	proj	18	20	True	False	asc	1	0.14285714285714285	0.4444444444444444	0.14285714285714285	0.4126984126984127
act/7	last	proj	11	19	False	True	asc	1	0.19047619047619047	0.5079365079365079	0.14285714285714285	0.38095238095238093
act/27	last	proj	2	9	False	True	asc	1	0.047619047619047616	0.31746031746031744	0.14285714285714285	0.4126984126984127
act/7	last	proj	11	20	False	True	asc	1	0.15873015873015872	0.47619047619047616	0.14285714285714285	0.3968253968253968
act/15	last	proj	14	20	True	False	asc	1	0.14285714285714285	0.38095238095238093	0.14285714285714285	0.38095238095238093
act/15	last	proj	11	19	True	True	asc	1	0.19047619047619047	0.36507936507936506	0.14285714285714285	0.4126984126984127
act/15	last	proj	11	20	True	True	asc	1	0.20634920634920634	0.38095238095238093	0.14285714285714285	0.4444444444444444
act/7	last	proj	12	20	True	False	asc	1	0.14285714285714285	0.47619047619047616	0.14285714285714285	0.3968253968253968
act/7	last	proj	13	15	True	True	asc	1	0.20634920634920634	0.4603174603174603	0.14285714285714285	0.4603174603174603
act/7	last	proj	12	19	True	False	asc	1	0.12698412698412698	0.47619047619047616	0.14285714285714285	0.4126984126984127
act/7	last	proj	12	20	True	True	asc	1	0.1746031746031746	0.49206349206349204	0.14285714285714285	0.3968253968253968
act/15	last	proj	17	18	True	True	asc	1	0.19047619047619047	0.4444444444444444	0.14285714285714285	0.3492063492063492
act/15	last	proj	18	19	True	True	asc	1	0.047619047619047616	0.1746031746031746	0.14285714285714285	0.3492063492063492
act/15	last	proj	18	19	True	False	asc	1	0.047619047619047616	0.1746031746031746	0.14285714285714285	0.3492063492063492
act/15	last	proj	18	20	True	True	asc	1	0.14285714285714285	0.4603174603174603	0.14285714285714285	0.4126984126984127
act/3	last	proj	11	15	False	True	asc	1	0.12698412698412698	0.2698412698412698	0.14285714285714285	0.3333333333333333
act/3	last	proj	11	15	False	False	asc	1	0.14285714285714285	0.2857142857142857	0.14285714285714285	0.3333333333333333
act/23	last	proj	12	15	False	True	asc	1	0.06349206349206349	0.23809523809523808	0.14285714285714285	0.3492063492063492
act/3	last	proj	16	20	True	False	asc	1	0.07936507936507936	0.23809523809523808	0.14285714285714285	0.2698412698412698
act/3	last	proj	12	20	True	True	asc	1	0.1111111111111111	0.30158730158730157	0.14285714285714285	0.3333333333333333
act/3	last	proj	12	20	True	False	asc	1	0.1111111111111111	0.30158730158730157	0.14285714285714285	0.36507936507936506
act/3	last	proj	12	14	True	True	asc	1	0.09523809523809523	0.23809523809523808	0.14285714285714285	0.3968253968253968
act/3	last	proj	12	14	True	False	asc	1	0.09523809523809523	0.23809523809523808	0.14285714285714285	0.3968253968253968
act/31_normed	last	proj	11	12	True	False	asc	1	0.047619047619047616	0.19047619047619047	0.14285714285714285	0.3333333333333333
act/15	last	proj	1	7	False	True	asc	1	0.19047619047619047	0.38095238095238093	0.14285714285714285	0.38095238095238093
act/7	last	proj	13	15	True	False	asc	1	0.20634920634920634	0.4603174603174603	0.14285714285714285	0.4603174603174603
act/31_normed	last	proj	18	19	True	True	asc	1	0.15873015873015872	0.3968253968253968	0.14285714285714285	0.4603174603174603
act/31_normed	last	proj	18	19	True	False	asc	1	0.15873015873015872	0.3968253968253968	0.14285714285714285	0.4603174603174603
act/15	last	proj	17	18	True	False	asc	1	0.19047619047619047	0.4444444444444444	0.14285714285714285	0.3492063492063492
act/15	last	proj	15	19	True	True	asc	1	0.20634920634920634	0.47619047619047616	0.14285714285714285	0.3968253968253968
act/31	last	proj	4	10	True	False	asc	1	0.2222222222222222	0.47619047619047616	0.14285714285714285	0.4444444444444444
act/7	last	proj	10	14	True	True	asc	1	0.12698412698412698	0.3333333333333333	0.14285714285714285	0.4444444444444444
act/7	last	proj	10	14	True	False	asc	1	0.12698412698412698	0.3333333333333333	0.14285714285714285	0.42857142857142855
act/31_normed	last	proj	1	8	False	False	asc	1	0.07936507936507936	0.3492063492063492	0.14285714285714285	0.42857142857142855
act/31_normed	last	proj	1	9	False	True	asc	1	0.07936507936507936	0.2698412698412698	0.14285714285714285	0.4603174603174603
act/31_normed	last	proj	1	9	False	False	asc	1	0.09523809523809523	0.3333333333333333	0.14285714285714285	0.42857142857142855
act/31_normed	last	proj	1	11	False	False	asc	1	0.09523809523809523	0.36507936507936506	0.14285714285714285	0.47619047619047616
act/31_normed	last	proj	1	12	False	False	asc	1	0.09523809523809523	0.36507936507936506	0.14285714285714285	0.47619047619047616
act/15	last	proj	8	12	True	True	asc	1	0.12698412698412698	0.4126984126984127	0.14285714285714285	0.3333333333333333
act/7	last	proj	10	18	True	True	asc	1	0.1746031746031746	0.47619047619047616	0.14285714285714285	0.4126984126984127
act/7	last	proj	10	15	True	False	asc	1	0.25396825396825395	0.47619047619047616	0.14285714285714285	0.47619047619047616
act/3	last	proj	13	20	True	False	asc	1	0.12698412698412698	0.3333333333333333	0.14285714285714285	0.3492063492063492
act/27	last	proj	2	7	False	True	asc	1	0.09523809523809523	0.3492063492063492	0.14285714285714285	0.3968253968253968
act/27	last	proj	3	8	False	True	asc	1	0.06349206349206349	0.3333333333333333	0.14285714285714285	0.3968253968253968
act/3	last	proj	10	20	True	False	asc	1	0.12698412698412698	0.2698412698412698	0.14285714285714285	0.36507936507936506
act/31_normed	last	proj	1	10	False	True	asc	1	0.09523809523809523	0.30158730158730157	0.14285714285714285	0.42857142857142855
act/31_normed	last	proj	1	11	False	True	asc	1	0.1111111111111111	0.3333333333333333	0.14285714285714285	0.4444444444444444
act/7	last	proj	10	12	True	True	asc	1	0.14285714285714285	0.38095238095238093	0.14285714285714285	0.3968253968253968
act/7	last	proj	11	14	True	True	asc	1	0.14285714285714285	0.38095238095238093	0.14285714285714285	0.47619047619047616
act/23	last	proj	12	15	False	False	asc	1	0.06349206349206349	0.2222222222222222	0.14285714285714285	0.3492063492063492
act/23	last	proj	11	15	False	True	asc	1	0.06349206349206349	0.25396825396825395	0.14285714285714285	0.38095238095238093
act/23	last	proj	0	3	True	True	asc	1	0.14285714285714285	0.36507936507936506	0.14285714285714285	0.5238095238095238
act/19	last	proj	15	18	False	True	asc	1	0.1111111111111111	0.20634920634920634	0.14285714285714285	0.4603174603174603
act/23	last	proj	0	3	True	False	asc	1	0.14285714285714285	0.38095238095238093	0.14285714285714285	0.5238095238095238
act/23	last	proj	8	14	False	False	asc	1	0.1111111111111111	0.30158730158730157	0.14285714285714285	0.31746031746031744
act/15	last	proj	11	13	True	True	asc	1	0.2222222222222222	0.3968253968253968	0.14285714285714285	0.30158730158730157
act/15	last	proj	11	13	True	False	asc	1	0.2222222222222222	0.3968253968253968	0.14285714285714285	0.30158730158730157
act/15	last	proj	14	20	True	True	asc	1	0.14285714285714285	0.38095238095238093	0.14285714285714285	0.3968253968253968
act/7	last	proj	11	17	True	True	asc	1	0.1746031746031746	0.4603174603174603	0.14285714285714285	0.3968253968253968
act/7	last	proj	11	17	True	False	asc	1	0.15873015873015872	0.4444444444444444	0.14285714285714285	0.4444444444444444
act/7	last	proj	11	18	True	True	asc	1	0.1746031746031746	0.47619047619047616	0.14285714285714285	0.42857142857142855
act/7	last	proj	11	18	True	False	asc	1	0.15873015873015872	0.4603174603174603	0.14285714285714285	0.4603174603174603
act/7	last	proj	10	19	True	False	asc	1	0.14285714285714285	0.4603174603174603	0.14285714285714285	0.4126984126984127
act/3	last	proj	11	17	True	False	asc	1	0.1111111111111111	0.3492063492063492	0.14285714285714285	0.4126984126984127
act/27	last	proj	3	14	False	True	asc	1	0.07936507936507936	0.31746031746031744	0.14285714285714285	0.36507936507936506
act/27	last	proj	5	10	False	True	asc	1	0.1111111111111111	0.2857142857142857	0.14285714285714285	0.31746031746031744
act/31_normed	last	proj	3	16	False	True	asc	1	0.12698412698412698	0.4603174603174603	0.14285714285714285	0.4444444444444444
act/31_normed	last	proj	4	10	False	False	asc	1	0.14285714285714285	0.42857142857142855	0.14285714285714285	0.4444444444444444
act/31_normed	last	proj	3	5	False	True	asc	1	0.1111111111111111	0.36507936507936506	0.14285714285714285	0.3333333333333333
act/31_normed	last	proj	3	5	False	False	asc	1	0.1111111111111111	0.38095238095238093	0.14285714285714285	0.3333333333333333
act/31_normed	last	proj	2	16	False	True	asc	1	0.06349206349206349	0.36507936507936506	0.14285714285714285	0.4126984126984127
act/31_normed	last	proj	2	10	False	True	asc	1	0.047619047619047616	0.36507936507936506	0.14285714285714285	0.4603174603174603
act/15	last	proj	7	13	True	False	asc	1	0.19047619047619047	0.42857142857142855	0.14285714285714285	0.36507936507936506
act/15	last	proj	8	20	True	False	asc	1	0.1746031746031746	0.3968253968253968	0.14285714285714285	0.42857142857142855
act/15	last	proj	7	10	True	True	asc	1	0.07936507936507936	0.3968253968253968	0.14285714285714285	0.3968253968253968
act/31_normed	last	proj	3	10	False	False	asc	1	0.15873015873015872	0.4126984126984127	0.14285714285714285	0.5238095238095238
act/3	last	proj	11	20	True	True	asc	1	0.12698412698412698	0.23809523809523808	0.14285714285714285	0.3492063492063492
act/3	last	proj	11	20	True	False	asc	1	0.12698412698412698	0.2698412698412698	0.14285714285714285	0.36507936507936506
act/3	last	proj	11	17	True	True	asc	1	0.1111111111111111	0.3492063492063492	0.14285714285714285	0.4126984126984127
act/23	last	proj	0	16	True	True	asc	1	0.1746031746031746	0.4126984126984127	0.14285714285714285	0.3968253968253968
act/23	last	proj	0	17	True	True	asc	1	0.1746031746031746	0.4126984126984127	0.14285714285714285	0.36507936507936506
act/23	last	proj	1	3	True	True	asc	1	0.15873015873015872	0.3492063492063492	0.14285714285714285	0.4603174603174603
act/23	last	proj	0	15	True	True	asc	1	0.1746031746031746	0.4126984126984127	0.14285714285714285	0.3968253968253968
act/23	last	proj	10	13	False	True	asc	1	0.07936507936507936	0.2698412698412698	0.14285714285714285	0.30158730158730157
act/23	last	proj	10	13	False	False	asc	1	0.07936507936507936	0.2698412698412698	0.14285714285714285	0.2698412698412698
act/3	last	proj	10	16	False	True	asc	1	0.19047619047619047	0.3333333333333333	0.14285714285714285	0.42857142857142855
act/3	last	proj	10	16	False	False	asc	1	0.20634920634920634	0.3333333333333333	0.14285714285714285	0.42857142857142855
act/15	last	proj	8	13	True	True	asc	1	0.15873015873015872	0.4603174603174603	0.14285714285714285	0.3333333333333333
act/15	last	proj	8	13	True	False	asc	1	0.1746031746031746	0.4444444444444444	0.14285714285714285	0.31746031746031744
act/31_normed	last	proj	1	5	False	False	asc	1	0.1111111111111111	0.2222222222222222	0.14285714285714285	0.36507936507936506
act/23	last	proj	11	14	False	True	asc	1	0.09523809523809523	0.2857142857142857	0.14285714285714285	0.36507936507936506
act/23	last	proj	11	14	False	False	asc	1	0.09523809523809523	0.2857142857142857	0.14285714285714285	0.3492063492063492
act/19	last	proj	18	20	False	True	asc	1	0.12698412698412698	0.3492063492063492	0.14285714285714285	0.4126984126984127
act/19	last	proj	18	20	False	False	asc	1	0.12698412698412698	0.36507936507936506	0.14285714285714285	0.4126984126984127
act/23	last	proj	1	4	True	False	asc	1	0.1111111111111111	0.4126984126984127	0.14285714285714285	0.38095238095238093
act/15	last	proj	2	20	True	False	asc	1	0.15873015873015872	0.4126984126984127	0.14285714285714285	0.4126984126984127
act/15	last	proj	3	4	True	True	asc	1	0.09523809523809523	0.4603174603174603	0.14285714285714285	0.3333333333333333
act/15	last	proj	3	4	True	False	asc	1	0.09523809523809523	0.4603174603174603	0.14285714285714285	0.3333333333333333
act/15	last	proj	4	13	True	True	asc	1	0.2222222222222222	0.5079365079365079	0.14285714285714285	0.3492063492063492
act/31_normed	last	proj	3	14	False	True	asc	1	0.1746031746031746	0.4444444444444444	0.14285714285714285	0.47619047619047616
act/27	last	proj	5	7	False	True	asc	1	0.047619047619047616	0.25396825396825395	0.14285714285714285	0.36507936507936506
act/27	last	proj	5	7	False	False	asc	1	0.047619047619047616	0.25396825396825395	0.14285714285714285	0.36507936507936506
act/27	last	proj	6	13	False	False	asc	1	0.19047619047619047	0.3968253968253968	0.14285714285714285	0.3333333333333333
act/15	last	proj	4	8	True	False	asc	1	0.23809523809523808	0.4603174603174603	0.14285714285714285	0.38095238095238093
act/31_normed	last	proj	2	15	False	True	asc	1	0.047619047619047616	0.3333333333333333	0.14285714285714285	0.3968253968253968
act/15	last	proj	3	19	True	False	asc	1	0.19047619047619047	0.4126984126984127	0.14285714285714285	0.4126984126984127
act/15	last	proj	3	20	True	False	asc	1	0.1746031746031746	0.3968253968253968	0.14285714285714285	0.4126984126984127
act/15	last	proj	3	7	True	True	asc	1	0.20634920634920634	0.4603174603174603	0.14285714285714285	0.4126984126984127
act/15	last	proj	3	7	True	False	asc	1	0.25396825396825395	0.49206349206349204	0.14285714285714285	0.4444444444444444
act/15	last	proj	2	19	True	False	asc	1	0.15873015873015872	0.3968253968253968	0.14285714285714285	0.3968253968253968
act/31_normed	last	proj	5	10	False	True	asc	1	0.15873015873015872	0.4444444444444444	0.14285714285714285	0.4603174603174603
act/3	last	proj	13	17	False	True	asc	1	0.09523809523809523	0.23809523809523808	0.14285714285714285	0.3968253968253968
act/3	last	proj	13	17	False	False	asc	1	0.09523809523809523	0.23809523809523808	0.14285714285714285	0.3968253968253968
act/3	last	proj	13	18	False	True	asc	1	0.09523809523809523	0.2857142857142857	0.14285714285714285	0.42857142857142855
act/3	last	proj	13	18	False	False	asc	1	0.09523809523809523	0.30158730158730157	0.14285714285714285	0.42857142857142855
act/23	last	proj	1	12	True	False	asc	1	0.2222222222222222	0.36507936507936506	0.14285714285714285	0.31746031746031744
act/23	last	proj	1	13	True	False	asc	1	0.20634920634920634	0.3492063492063492	0.14285714285714285	0.31746031746031744
act/15	last	proj	4	5	True	True	asc	1	0.14285714285714285	0.4126984126984127	0.14285714285714285	0.38095238095238093
act/15	last	proj	4	5	True	False	asc	1	0.14285714285714285	0.4126984126984127	0.14285714285714285	0.38095238095238093
act/15	last	proj	5	12	True	False	asc	1	0.2222222222222222	0.5238095238095238	0.14285714285714285	0.36507936507936506
act/15	last	proj	5	10	True	False	asc	1	0.1746031746031746	0.3968253968253968	0.14285714285714285	0.3968253968253968
act/15	last	proj	4	20	True	False	asc	1	0.19047619047619047	0.4126984126984127	0.14285714285714285	0.3968253968253968
act/31_normed	last	proj	2	17	False	True	asc	1	0.06349206349206349	0.36507936507936506	0.14285714285714285	0.4126984126984127
act/3	last	proj	10	15	False	True	asc	1	0.1746031746031746	0.30158730158730157	0.14285714285714285	0.3968253968253968
act/3	last	proj	11	13	False	False	asc	1	0.12698412698412698	0.30158730158730157	0.14285714285714285	0.30158730158730157
act/3	last	proj	13	16	False	True	asc	1	0.07936507936507936	0.25396825396825395	0.14285714285714285	0.4603174603174603
act/3	last	proj	13	16	False	False	asc	1	0.07936507936507936	0.25396825396825395	0.14285714285714285	0.4603174603174603
act/15	last	proj	1	19	True	True	asc	1	0.19047619047619047	0.42857142857142855	0.14285714285714285	0.38095238095238093
act/15	last	proj	1	12	True	True	asc	1	0.1746031746031746	0.47619047619047616	0.14285714285714285	0.38095238095238093
act/15	last	proj	1	13	True	False	asc	1	0.1111111111111111	0.3968253968253968	0.14285714285714285	0.36507936507936506
act/15	last	proj	1	14	True	False	asc	1	0.12698412698412698	0.3492063492063492	0.14285714285714285	0.38095238095238093
act/15	last	proj	1	8	True	True	asc	1	0.25396825396825395	0.5238095238095238	0.14285714285714285	0.4126984126984127
act/15	last	proj	1	17	True	True	asc	1	0.20634920634920634	0.4444444444444444	0.14285714285714285	0.3968253968253968
act/15	last	proj	1	9	True	True	asc	1	0.25396825396825395	0.5238095238095238	0.14285714285714285	0.3968253968253968
act/15	last	proj	1	9	True	False	asc	1	0.2222222222222222	0.4603174603174603	0.14285714285714285	0.36507936507936506
act/15	last	proj	1	20	True	True	asc	1	0.20634920634920634	0.42857142857142855	0.14285714285714285	0.38095238095238093
act/15	last	proj	2	11	True	True	asc	1	0.15873015873015872	0.47619047619047616	0.14285714285714285	0.4126984126984127
act/15	last	proj	2	13	True	False	asc	1	0.20634920634920634	0.47619047619047616	0.14285714285714285	0.4126984126984127
act/31_normed	last	proj	4	13	False	False	asc	1	0.15873015873015872	0.42857142857142855	0.14285714285714285	0.4444444444444444
act/31_normed	last	proj	4	14	False	False	asc	1	0.1111111111111111	0.3968253968253968	0.14285714285714285	0.4603174603174603
act/27	last	proj	5	9	False	False	asc	1	0.12698412698412698	0.3492063492063492	0.14285714285714285	0.31746031746031744
act/7	last	proj	10	20	False	True	asc	1	0.15873015873015872	0.4603174603174603	0.14285714285714285	0.38095238095238093
act/15	last	proj	1	18	True	True	asc	1	0.20634920634920634	0.4444444444444444	0.14285714285714285	0.3968253968253968
act/23	last	proj	3	4	True	True	asc	1	0.15873015873015872	0.3492063492063492	0.14285714285714285	0.25396825396825395
act/23	last	proj	3	4	True	False	asc	1	0.15873015873015872	0.3492063492063492	0.14285714285714285	0.25396825396825395
act/15	last	proj	1	7	True	True	asc	1	0.2698412698412698	0.5555555555555556	0.14285714285714285	0.42857142857142855
act/15	last	proj	1	7	True	False	asc	1	0.25396825396825395	0.5714285714285714	0.14285714285714285	0.4603174603174603
act/31_normed	last	proj	4	11	False	True	asc	1	0.14285714285714285	0.4603174603174603	0.14285714285714285	0.4603174603174603
act/31_normed	last	proj	4	12	False	True	asc	1	0.14285714285714285	0.4444444444444444	0.14285714285714285	0.4444444444444444
act/15	last	proj	2	16	True	False	asc	1	0.15873015873015872	0.36507936507936506	0.14285714285714285	0.42857142857142855
act/15	last	proj	2	17	True	False	asc	1	0.14285714285714285	0.3492063492063492	0.14285714285714285	0.4126984126984127
act/27	last	proj	6	8	False	False	asc	1	0.20634920634920634	0.4126984126984127	0.14285714285714285	0.38095238095238093
act/31	last	proj	3	10	True	False	asc	1	0.23809523809523808	0.49206349206349204	0.14285714285714285	0.4603174603174603
act/31	last	proj	4	18	True	False	asc	1	0.09523809523809523	0.31746031746031744	0.14285714285714285	0.3968253968253968
act/31	last	proj	4	11	True	True	asc	1	0.1746031746031746	0.49206349206349204	0.14285714285714285	0.4603174603174603
act/31	last	proj	3	4	True	True	asc	1	0.07936507936507936	0.25396825396825395	0.14285714285714285	0.2857142857142857
act/31	last	proj	3	4	True	False	asc	1	0.07936507936507936	0.25396825396825395	0.14285714285714285	0.2857142857142857
act/31	last	proj	4	12	True	False	asc	1	0.1746031746031746	0.4444444444444444	0.14285714285714285	0.4603174603174603
act/31	last	proj	4	14	True	True	asc	1	0.14285714285714285	0.4603174603174603	0.14285714285714285	0.4444444444444444
act/11	last	proj	15	16	False	False	asc	1	0.15873015873015872	0.3333333333333333	0.14285714285714285	0.4126984126984127
act/11	last	proj	11	17	False	True	asc	1	0.20634920634920634	0.4126984126984127	0.14285714285714285	0.3492063492063492
act/11	last	proj	12	19	False	False	asc	1	0.14285714285714285	0.3492063492063492	0.14285714285714285	0.42857142857142855
act/11	last	proj	13	16	False	True	asc	1	0.23809523809523808	0.3492063492063492	0.14285714285714285	0.31746031746031744
act/11	last	proj	13	16	False	False	asc	1	0.25396825396825395	0.36507936507936506	0.14285714285714285	0.31746031746031744
act/31_normed	last	proj	10	13	False	True	asc	1	0.06349206349206349	0.30158730158730157	0.14285714285714285	0.3492063492063492
act/31_normed	last	proj	10	13	False	False	asc	1	0.06349206349206349	0.30158730158730157	0.14285714285714285	0.3492063492063492
act/11	last	proj	11	18	False	True	asc	1	0.15873015873015872	0.3492063492063492	0.14285714285714285	0.36507936507936506
act/15	last	proj	0	8	True	False	asc	1	0.1746031746031746	0.4126984126984127	0.14285714285714285	0.3968253968253968
act/7	last	proj	9	17	True	True	asc	1	0.19047619047619047	0.42857142857142855	0.14285714285714285	0.3968253968253968
act/11	last	proj	18	20	False	False	asc	1	0.1111111111111111	0.2698412698412698	0.14285714285714285	0.3968253968253968
act/11	last	proj	14	20	False	True	asc	1	0.19047619047619047	0.3968253968253968	0.14285714285714285	0.4126984126984127
act/11	last	proj	14	20	False	False	asc	1	0.19047619047619047	0.3968253968253968	0.14285714285714285	0.4126984126984127
act/11	last	proj	18	20	False	True	asc	1	0.1111111111111111	0.2857142857142857	0.14285714285714285	0.3968253968253968
act/11	last	proj	14	16	False	False	asc	1	0.20634920634920634	0.3492063492063492	0.14285714285714285	0.36507936507936506
act/11	last	proj	15	16	False	True	asc	1	0.15873015873015872	0.3333333333333333	0.14285714285714285	0.4126984126984127
act/23	last	proj	2	14	True	False	asc	1	0.2222222222222222	0.36507936507936506	0.14285714285714285	0.3492063492063492
act/23	last	proj	2	15	True	False	asc	1	0.19047619047619047	0.3333333333333333	0.14285714285714285	0.36507936507936506
act/15	last	proj	0	14	True	False	asc	1	0.1111111111111111	0.30158730158730157	0.14285714285714285	0.3492063492063492
act/15	last	proj	0	7	True	True	asc	1	0.19047619047619047	0.42857142857142855	0.14285714285714285	0.4444444444444444
act/15	last	proj	0	7	True	False	asc	1	0.19047619047619047	0.4444444444444444	0.14285714285714285	0.3968253968253968
act/15	last	proj	0	9	True	False	asc	1	0.1746031746031746	0.42857142857142855	0.14285714285714285	0.36507936507936506
act/11	last	proj	17	20	False	True	asc	1	0.1111111111111111	0.30158730158730157	0.14285714285714285	0.42857142857142855
act/15	last	proj	0	6	True	True	asc	1	0.19047619047619047	0.42857142857142855	0.14285714285714285	0.42857142857142855
act/15	last	proj	1	10	True	True	asc	1	0.1746031746031746	0.4603174603174603	0.14285714285714285	0.4126984126984127
act/15	last	proj	1	11	True	True	asc	1	0.1746031746031746	0.4603174603174603	0.14285714285714285	0.38095238095238093
act/23	last	proj	0	18	True	False	asc	1	0.14285714285714285	0.31746031746031744	0.14285714285714285	0.30158730158730157
act/23	last	proj	2	4	True	False	asc	1	0.14285714285714285	0.42857142857142855	0.14285714285714285	0.31746031746031744
act/23	last	proj	3	20	True	True	asc	1	0.2698412698412698	0.42857142857142855	0.14285714285714285	0.31746031746031744
act/23	last	proj	1	9	True	False	asc	1	0.1746031746031746	0.3492063492063492	0.14285714285714285	0.31746031746031744
act/23	last	proj	2	20	True	True	asc	1	0.25396825396825395	0.4126984126984127	0.14285714285714285	0.3968253968253968
act/23	last	proj	1	15	True	True	asc	1	0.23809523809523808	0.38095238095238093	0.14285714285714285	0.3492063492063492
act/31_normed	last	proj	11	14	False	False	asc	1	0.07936507936507936	0.30158730158730157	0.14285714285714285	0.38095238095238093
act/11	last	proj	10	14	False	True	asc	1	0.07936507936507936	0.25396825396825395	0.14285714285714285	0.2857142857142857
act/3	last	proj	6	20	True	True	asc	1	0.12698412698412698	0.3333333333333333	0.14285714285714285	0.4444444444444444
act/3	last	proj	6	14	True	True	asc	1	0.14285714285714285	0.3492063492063492	0.14285714285714285	0.4603174603174603
act/3	last	proj	6	15	True	True	asc	1	0.14285714285714285	0.3492063492063492	0.14285714285714285	0.47619047619047616
act/3	last	proj	6	16	True	True	asc	1	0.1746031746031746	0.38095238095238093	0.14285714285714285	0.47619047619047616
act/31_normed	last	proj	13	15	False	True	asc	1	0.12698412698412698	0.2698412698412698	0.14285714285714285	0.3492063492063492
act/31_normed	last	proj	13	15	False	False	asc	1	0.12698412698412698	0.2698412698412698	0.14285714285714285	0.3492063492063492
act/27	last	proj	7	10	False	False	asc	1	0.1111111111111111	0.3333333333333333	0.14285714285714285	0.3333333333333333
act/27	last	proj	7	12	False	True	asc	1	0.14285714285714285	0.36507936507936506	0.14285714285714285	0.3492063492063492
act/7	last	proj	10	17	False	True	asc	1	0.14285714285714285	0.36507936507936506	0.14285714285714285	0.38095238095238093
act/27	last	proj	8	9	False	True	asc	1	0.12698412698412698	0.3333333333333333	0.14285714285714285	0.4603174603174603
act/27	last	proj	8	9	False	False	asc	1	0.12698412698412698	0.3333333333333333	0.14285714285714285	0.4603174603174603
act/7	last	proj	10	13	False	False	asc	1	0.1111111111111111	0.30158730158730157	0.14285714285714285	0.3333333333333333
act/11	last	proj	9	12	False	False	asc	1	0.1111111111111111	0.23809523809523808	0.14285714285714285	0.3492063492063492
act/31_normed	last	proj	11	14	False	True	asc	1	0.09523809523809523	0.30158730158730157	0.14285714285714285	0.3492063492063492
act/23	last	proj	4	13	True	True	asc	1	0.1111111111111111	0.31746031746031744	0.14285714285714285	0.30158730158730157
act/23	last	proj	3	14	True	False	asc	1	0.2698412698412698	0.42857142857142855	0.14285714285714285	0.30158730158730157
act/23	last	proj	2	9	True	False	asc	1	0.1746031746031746	0.3492063492063492	0.14285714285714285	0.31746031746031744
act/31_normed	last	proj	9	16	False	True	asc	1	0.06349206349206349	0.3333333333333333	0.14285714285714285	0.36507936507936506
act/31_normed	last	proj	9	16	False	False	asc	1	0.06349206349206349	0.3333333333333333	0.14285714285714285	0.3333333333333333
act/11	last	proj	10	13	False	True	asc	1	0.06349206349206349	0.20634920634920634	0.14285714285714285	0.2698412698412698
act/11	last	proj	10	13	False	False	asc	1	0.06349206349206349	0.20634920634920634	0.14285714285714285	0.2698412698412698
act/27	last	proj	7	10	False	True	asc	1	0.12698412698412698	0.3333333333333333	0.14285714285714285	0.3492063492063492
act/11	last	proj	11	19	False	False	asc	1	0.14285714285714285	0.3333333333333333	0.14285714285714285	0.4126984126984127
act/31_normed	last	proj	7	10	False	True	asc	1	0.15873015873015872	0.5238095238095238	0.14285714285714285	0.47619047619047616
act/31_normed	last	proj	7	10	False	False	asc	1	0.15873015873015872	0.5079365079365079	0.14285714285714285	0.47619047619047616
act/31_normed	last	proj	7	11	False	True	asc	1	0.12698412698412698	0.49206349206349204	0.14285714285714285	0.4444444444444444
act/31_normed	last	proj	7	12	False	True	asc	1	0.1111111111111111	0.4603174603174603	0.14285714285714285	0.49206349206349204
act/31_normed	last	proj	8	15	False	False	asc	1	0.07936507936507936	0.3492063492063492	0.14285714285714285	0.36507936507936506
act/23	last	proj	4	9	True	True	asc	1	0.14285714285714285	0.2698412698412698	0.14285714285714285	0.31746031746031744
act/23	last	proj	4	10	True	True	asc	1	0.15873015873015872	0.31746031746031744	0.14285714285714285	0.30158730158730157
act/7	last	proj	7	13	True	False	asc	1	0.1746031746031746	0.3968253968253968	0.14285714285714285	0.31746031746031744
act/7	last	proj	7	14	True	True	asc	1	0.19047619047619047	0.4444444444444444	0.14285714285714285	0.31746031746031744
act/11	last	proj	4	7	False	True	asc	1	0.20634920634920634	0.49206349206349204	0.14285714285714285	0.38095238095238093
act/11	last	proj	4	7	False	False	asc	1	0.20634920634920634	0.47619047619047616	0.14285714285714285	0.36507936507936506
act/11	last	proj	4	9	False	False	asc	1	0.12698412698412698	0.36507936507936506	0.14285714285714285	0.3968253968253968
act/11	last	proj	6	7	False	True	asc	1	0.19047619047619047	0.4603174603174603	0.14285714285714285	0.42857142857142855
act/11	last	proj	6	7	False	False	asc	1	0.19047619047619047	0.4603174603174603	0.14285714285714285	0.42857142857142855
act/11	last	proj	4	8	False	True	asc	1	0.19047619047619047	0.47619047619047616	0.14285714285714285	0.38095238095238093
act/27	last	proj	10	13	False	False	asc	1	0.15873015873015872	0.3492063492063492	0.14285714285714285	0.3492063492063492
act/3	last	proj	6	17	True	True	asc	1	0.14285714285714285	0.3492063492063492	0.14285714285714285	0.4603174603174603
act/7	last	proj	0	9	True	False	asc	1	0.2698412698412698	0.5714285714285714	0.14285714285714285	0.3333333333333333
act/7	last	proj	0	10	True	False	asc	1	0.25396825396825395	0.5714285714285714	0.14285714285714285	0.3492063492063492
act/7	last	proj	0	2	True	True	asc	1	0.15873015873015872	0.30158730158730157	0.14285714285714285	0.3492063492063492
act/7	last	proj	0	11	True	False	asc	1	0.2222222222222222	0.5714285714285714	0.14285714285714285	0.3333333333333333
act/7	last	proj	0	12	True	True	asc	1	0.1746031746031746	0.3492063492063492	0.14285714285714285	0.3492063492063492
act/7	last	proj	7	17	True	False	asc	1	0.19047619047619047	0.4603174603174603	0.14285714285714285	0.38095238095238093
act/23	last	proj	5	12	True	False	asc	1	0.12698412698412698	0.30158730158730157	0.14285714285714285	0.3333333333333333
act/3	last	proj	10	15	False	False	asc	1	0.1746031746031746	0.2857142857142857	0.14285714285714285	0.38095238095238093
embed	last	proj	3	4	True	False	asc	1	0.1111111111111111	0.47619047619047616	0.14285714285714285	0.5238095238095238
act/11	last	proj	5	9	False	True	asc	1	0.15873015873015872	0.3968253968253968	0.14285714285714285	0.3968253968253968
act/11	last	proj	5	9	False	False	asc	1	0.19047619047619047	0.4444444444444444	0.14285714285714285	0.3968253968253968
embed	last	proj	9	10	False	True	asc	1	0.1111111111111111	0.4444444444444444	0.14285714285714285	0.42857142857142855
embed	last	proj	9	10	False	False	asc	1	0.1111111111111111	0.4444444444444444	0.14285714285714285	0.42857142857142855
act/27	last	proj	10	13	False	True	asc	1	0.15873015873015872	0.3492063492063492	0.14285714285714285	0.3492063492063492
act/23	last	proj	3	18	True	True	asc	1	0.2857142857142857	0.4444444444444444	0.14285714285714285	0.3333333333333333
act/23	last	proj	3	19	True	True	asc	1	0.2698412698412698	0.42857142857142855	0.14285714285714285	0.31746031746031744
act/23	last	proj	4	8	True	True	asc	1	0.1746031746031746	0.31746031746031744	0.14285714285714285	0.31746031746031744
act/23	last	proj	4	8	True	False	asc	1	0.14285714285714285	0.30158730158730157	0.14285714285714285	0.31746031746031744
act/23	last	proj	5	18	True	True	asc	1	0.15873015873015872	0.3492063492063492	0.14285714285714285	0.3333333333333333
act/23	last	proj	5	19	True	True	asc	1	0.15873015873015872	0.3492063492063492	0.14285714285714285	0.3333333333333333
act/23	last	proj	5	19	True	False	asc	1	0.12698412698412698	0.3333333333333333	0.14285714285714285	0.3492063492063492
act/23	last	proj	5	20	True	True	asc	1	0.15873015873015872	0.3492063492063492	0.14285714285714285	0.3333333333333333
act/11	last	proj	2	17	False	True	asc	1	0.14285714285714285	0.4603174603174603	0.14285714285714285	0.4126984126984127
act/7	last	proj	0	14	True	True	asc	1	0.15873015873015872	0.3333333333333333	0.14285714285714285	0.30158730158730157
act/7	last	proj	0	15	True	False	asc	1	0.14285714285714285	0.49206349206349204	0.14285714285714285	0.36507936507936506
act/11	last	proj	2	11	False	True	asc	1	0.15873015873015872	0.4444444444444444	0.14285714285714285	0.3968253968253968
act/11	last	proj	2	12	False	True	asc	1	0.14285714285714285	0.42857142857142855	0.14285714285714285	0.4126984126984127
act/11	last	proj	2	16	False	True	asc	1	0.14285714285714285	0.4603174603174603	0.14285714285714285	0.3968253968253968
act/11	last	proj	1	18	False	False	asc	1	0.1111111111111111	0.3492063492063492	0.14285714285714285	0.38095238095238093
act/11	last	proj	2	8	False	False	asc	1	0.15873015873015872	0.4444444444444444	0.14285714285714285	0.42857142857142855
act/31_normed	last	norm_l1	0	0	True	False	asc	1	0.15873015873015872	0.38095238095238093	0.14285714285714285	0.38095238095238093
act/31_normed	last	norm_l2	0	0	False	False	asc	1	0.14285714285714285	0.3968253968253968	0.14285714285714285	0.42857142857142855
act/7	last	proj	1	6	True	True	asc	1	0.14285714285714285	0.42857142857142855	0.14285714285714285	0.4603174603174603
act/7	last	proj	0	13	True	True	asc	1	0.19047619047619047	0.36507936507936506	0.14285714285714285	0.30158730158730157
act/7	last	proj	1	8	True	True	asc	1	0.14285714285714285	0.42857142857142855	0.14285714285714285	0.42857142857142855
act/27	last	proj	11	14	False	True	asc	1	0.047619047619047616	0.23809523809523808	0.14285714285714285	0.31746031746031744
act/27	last	proj	11	15	False	False	asc	1	0.07936507936507936	0.2698412698412698	0.14285714285714285	0.31746031746031744
act/27	last	proj	16	20	False	True	asc	1	0.12698412698412698	0.38095238095238093	0.14285714285714285	0.3492063492063492
act/31	last	proj	2	5	True	True	asc	1	0.1746031746031746	0.4126984126984127	0.14285714285714285	0.42857142857142855
act/31	last	proj	2	5	True	False	asc	1	0.15873015873015872	0.38095238095238093	0.14285714285714285	0.36507936507936506
act/31	last	proj	3	12	True	False	asc	1	0.14285714285714285	0.4603174603174603	0.14285714285714285	0.42857142857142855
act/31	last	proj	3	13	True	False	asc	1	0.14285714285714285	0.4603174603174603	0.14285714285714285	0.4603174603174603
act/7	last	proj	0	8	True	False	asc	1	0.23809523809523808	0.5714285714285714	0.14285714285714285	0.36507936507936506
act/11	last	proj	3	6	False	True	asc	1	0.1111111111111111	0.3968253968253968	0.14285714285714285	0.36507936507936506
act/7	last	proj	0	3	True	True	asc	1	0.19047619047619047	0.31746031746031744	0.14285714285714285	0.3492063492063492
act/31_normed	last	norm_l2	0	0	True	False	asc	1	0.1746031746031746	0.3968253968253968	0.14285714285714285	0.36507936507936506
act/11	last	proj	5	18	False	True	asc	1	0.14285714285714285	0.36507936507936506	0.14285714285714285	0.3968253968253968
act/23	last	proj	7	10	False	True	asc	1	0.12698412698412698	0.31746031746031744	0.14285714285714285	0.38095238095238093
act/23	last	proj	7	10	False	False	asc	1	0.12698412698412698	0.3492063492063492	0.14285714285714285	0.38095238095238093
act/23	last	proj	7	11	False	True	asc	1	0.09523809523809523	0.3333333333333333	0.14285714285714285	0.38095238095238093
act/23	last	proj	7	11	False	False	asc	1	0.09523809523809523	0.36507936507936506	0.14285714285714285	0.38095238095238093
embed	last	proj	3	4	True	True	asc	1	0.1111111111111111	0.47619047619047616	0.14285714285714285	0.5238095238095238
act/23	last	proj	6	8	False	True	asc	1	0.09523809523809523	0.31746031746031744	0.14285714285714285	0.3492063492063492
act/23	last	proj	6	8	False	False	asc	1	0.09523809523809523	0.3333333333333333	0.14285714285714285	0.3492063492063492
act/11	last	proj	17	19	True	False	asc	1	0.14285714285714285	0.4126984126984127	0.14285714285714285	0.4126984126984127
act/11	last	proj	1	6	False	False	asc	1	0.15873015873015872	0.4126984126984127	0.14285714285714285	0.3968253968253968
act/11	last	proj	12	17	True	True	asc	1	0.1746031746031746	0.3492063492063492	0.14285714285714285	0.3492063492063492
act/11	last	proj	16	20	True	True	asc	1	0.14285714285714285	0.4126984126984127	0.14285714285714285	0.36507936507936506
act/11	last	proj	16	20	True	False	asc	1	0.14285714285714285	0.4126984126984127	0.14285714285714285	0.36507936507936506
act/31	last	proj	2	10	True	True	asc	1	0.20634920634920634	0.49206349206349204	0.14285714285714285	0.47619047619047616
act/7	last	proj	6	7	False	False	asc	1	0.1746031746031746	0.3492063492063492	0.14285714285714285	0.4126984126984127
act/23	last	proj	9	13	True	True	asc	1	0.12698412698412698	0.3333333333333333	0.14285714285714285	0.31746031746031744
act/3	last	proj	4	19	True	False	asc	1	0.14285714285714285	0.42857142857142855	0.14285714285714285	0.36507936507936506
act/3	last	proj	4	20	True	False	asc	1	0.1746031746031746	0.4444444444444444	0.14285714285714285	0.3968253968253968
act/7	last	proj	8	15	False	True	asc	1	0.12698412698412698	0.3968253968253968	0.14285714285714285	0.3492063492063492
act/11	last	proj	0	3	False	False	asc	1	0.1111111111111111	0.30158730158730157	0.14285714285714285	0.31746031746031744
act/11	last	proj	1	13	False	False	asc	1	0.06349206349206349	0.36507936507936506	0.14285714285714285	0.36507936507936506
act/7	last	proj	2	7	True	True	asc	1	0.20634920634920634	0.4126984126984127	0.14285714285714285	0.4126984126984127
act/7	last	proj	1	12	True	True	asc	1	0.14285714285714285	0.47619047619047616	0.14285714285714285	0.38095238095238093
act/11	last	proj	17	19	True	True	asc	1	0.15873015873015872	0.42857142857142855	0.14285714285714285	0.4126984126984127
act/23	last	proj	8	13	True	True	asc	1	0.1111111111111111	0.3333333333333333	0.14285714285714285	0.31746031746031744
act/23	last	proj	8	13	True	False	asc	1	0.14285714285714285	0.3333333333333333	0.14285714285714285	0.2857142857142857
act/11	last	proj	1	17	False	False	asc	1	0.1111111111111111	0.3968253968253968	0.14285714285714285	0.36507936507936506
act/11	last	proj	1	11	False	True	asc	1	0.14285714285714285	0.42857142857142855	0.14285714285714285	0.3968253968253968
act/11	last	proj	1	12	False	True	asc	1	0.14285714285714285	0.42857142857142855	0.14285714285714285	0.38095238095238093
act/11	last	proj	1	2	False	True	asc	1	0.1746031746031746	0.30158730158730157	0.14285714285714285	0.31746031746031744
act/11	last	proj	1	2	False	False	asc	1	0.1746031746031746	0.30158730158730157	0.14285714285714285	0.31746031746031744
act/3	last	proj	4	16	True	False	asc	1	0.09523809523809523	0.3333333333333333	0.14285714285714285	0.36507936507936506
act/7	last	proj	0	3	True	False	asc	1	0.14285714285714285	0.2698412698412698	0.14285714285714285	0.3492063492063492
act/31	last	proj	2	13	True	True	asc	1	0.1746031746031746	0.49206349206349204	0.14285714285714285	0.4444444444444444
act/31	last	proj	2	14	True	False	asc	1	0.12698412698412698	0.4126984126984127	0.14285714285714285	0.4444444444444444
act/31	last	proj	2	12	True	True	asc	1	0.19047619047619047	0.47619047619047616	0.14285714285714285	0.4444444444444444
act/23	last	proj	6	8	True	False	asc	1	0.1111111111111111	0.3492063492063492	0.14285714285714285	0.3968253968253968
act/23	last	proj	6	9	True	False	asc	1	0.14285714285714285	0.4444444444444444	0.14285714285714285	0.36507936507936506
act/23	last	proj	6	11	True	True	asc	1	0.07936507936507936	0.31746031746031744	0.14285714285714285	0.36507936507936506
act/23	last	proj	7	12	True	True	asc	1	0.09523809523809523	0.38095238095238093	0.14285714285714285	0.3492063492063492
act/11	last	proj	11	17	True	False	asc	1	0.15873015873015872	0.3333333333333333	0.14285714285714285	0.38095238095238093
act/11	last	proj	8	20	True	False	asc	1	0.09523809523809523	0.3968253968253968	0.14285714285714285	0.4126984126984127
act/11	last	proj	9	13	True	True	asc	1	0.07936507936507936	0.2857142857142857	0.14285714285714285	0.2857142857142857
act/11	last	proj	9	13	True	False	asc	1	0.07936507936507936	0.2857142857142857	0.14285714285714285	0.2857142857142857
act/3	last	proj	3	10	True	True	asc	1	0.14285714285714285	0.4126984126984127	0.14285714285714285	0.42857142857142855
act/3	last	proj	3	10	True	False	asc	1	0.1111111111111111	0.38095238095238093	0.14285714285714285	0.36507936507936506
act/3	last	proj	3	20	True	True	asc	1	0.14285714285714285	0.47619047619047616	0.14285714285714285	0.42857142857142855
act/3	last	proj	3	13	True	False	asc	1	0.1111111111111111	0.36507936507936506	0.14285714285714285	0.31746031746031744
act/7	last	proj	8	14	False	True	asc	1	0.12698412698412698	0.3968253968253968	0.14285714285714285	0.3333333333333333
act/11	last	proj	13	14	True	True	asc	1	0.07936507936507936	0.23809523809523808	0.14285714285714285	0.36507936507936506
act/11	last	proj	13	14	True	False	asc	1	0.07936507936507936	0.23809523809523808	0.14285714285714285	0.36507936507936506
act/11	last	proj	12	19	True	True	asc	1	0.1746031746031746	0.4444444444444444	0.14285714285714285	0.4126984126984127
act/11	last	proj	12	19	True	False	asc	1	0.1746031746031746	0.42857142857142855	0.14285714285714285	0.3968253968253968
act/11	last	proj	8	16	True	True	asc	1	0.1111111111111111	0.23809523809523808	0.14285714285714285	0.3492063492063492
act/11	last	proj	8	16	True	False	asc	1	0.1111111111111111	0.23809523809523808	0.14285714285714285	0.3333333333333333
act/11	last	proj	13	18	True	False	asc	1	0.15873015873015872	0.4126984126984127	0.14285714285714285	0.38095238095238093
act/3	last	proj	16	19	False	True	asc	1	0.09523809523809523	0.20634920634920634	0.14285714285714285	0.3492063492063492
act/3	last	proj	12	15	False	False	asc	1	0.1111111111111111	0.23809523809523808	0.14285714285714285	0.3492063492063492
act/3	last	proj	3	9	True	True	asc	1	0.12698412698412698	0.3968253968253968	0.14285714285714285	0.4444444444444444
act/7	last	proj	8	14	False	False	asc	1	0.12698412698412698	0.3968253968253968	0.14285714285714285	0.3492063492063492
act/3	last	proj	3	12	True	False	asc	1	0.12698412698412698	0.36507936507936506	0.14285714285714285	0.3333333333333333
act/3	last	proj	4	18	True	True	asc	1	0.14285714285714285	0.3968253968253968	0.14285714285714285	0.30158730158730157
act/3	last	proj	4	19	True	True	asc	1	0.14285714285714285	0.4126984126984127	0.14285714285714285	0.31746031746031744
act/7	last	proj	7	16	False	False	asc	1	0.12698412698412698	0.36507936507936506	0.14285714285714285	0.3333333333333333
act/23	last	proj	9	13	True	False	asc	1	0.12698412698412698	0.31746031746031744	0.14285714285714285	0.31746031746031744
act/7	last	proj	5	10	False	True	asc	1	0.12698412698412698	0.31746031746031744	0.14285714285714285	0.42857142857142855
act/7	last	proj	6	7	False	True	asc	1	0.1746031746031746	0.3492063492063492	0.14285714285714285	0.4126984126984127
act/23	last	proj	11	13	True	True	asc	1	0.047619047619047616	0.20634920634920634	0.14285714285714285	0.2698412698412698
act/23	last	proj	7	14	True	True	asc	1	0.15873015873015872	0.38095238095238093	0.14285714285714285	0.3333333333333333
act/7	last	proj	5	11	False	False	asc	1	0.14285714285714285	0.38095238095238093	0.14285714285714285	0.3968253968253968
act/3	last	proj	12	15	False	True	asc	1	0.1111111111111111	0.23809523809523808	0.14285714285714285	0.3492063492063492
act/3	last	proj	11	20	False	False	asc	1	0.06349206349206349	0.20634920634920634	0.14285714285714285	0.36507936507936506
act/3	last	proj	0	16	True	False	asc	1	0.19047619047619047	0.3968253968253968	0.14285714285714285	0.30158730158730157
act/3	last	proj	0	17	True	False	asc	1	0.19047619047619047	0.3968253968253968	0.14285714285714285	0.31746031746031744
act/3	last	proj	2	10	True	False	asc	1	0.12698412698412698	0.4126984126984127	0.14285714285714285	0.36507936507936506
act/3	last	proj	4	6	True	True	asc	1	0.1111111111111111	0.4603174603174603	0.14285714285714285	0.4126984126984127
act/3	last	proj	0	12	True	False	asc	1	0.19047619047619047	0.36507936507936506	0.14285714285714285	0.2698412698412698
act/11	last	proj	8	13	True	False	asc	1	0.09523809523809523	0.3492063492063492	0.14285714285714285	0.3492063492063492
act/7	last	proj	2	8	True	True	asc	1	0.2222222222222222	0.4444444444444444	0.14285714285714285	0.3968253968253968
act/3	last	proj	15	16	False	False	asc	1	0.015873015873015872	0.19047619047619047	0.14285714285714285	0.38095238095238093
act/3	last	proj	0	3	True	True	asc	1	0.14285714285714285	0.23809523809523808	0.14285714285714285	0.30158730158730157
act/3	last	proj	0	3	True	False	asc	1	0.12698412698412698	0.20634920634920634	0.14285714285714285	0.2222222222222222
act/3	last	proj	0	4	True	False	asc	1	0.23809523809523808	0.3492063492063492	0.14285714285714285	0.2698412698412698
act/11	last	proj	8	19	True	False	asc	1	0.1111111111111111	0.3492063492063492	0.14285714285714285	0.4126984126984127
act/11	last	proj	9	14	True	True	asc	1	0.07936507936507936	0.2698412698412698	0.14285714285714285	0.25396825396825395
act/11	last	proj	8	15	True	True	asc	1	0.12698412698412698	0.25396825396825395	0.14285714285714285	0.3492063492063492
act/3	last	proj	3	8	True	False	asc	1	0.1111111111111111	0.3968253968253968	0.14285714285714285	0.4126984126984127
act/3	last	proj	0	15	True	False	asc	1	0.19047619047619047	0.3968253968253968	0.14285714285714285	0.30158730158730157
act/23	last	proj	6	11	False	True	asc	1	0.1111111111111111	0.3333333333333333	0.14285714285714285	0.3492063492063492
act/23	last	proj	6	11	False	False	asc	1	0.1111111111111111	0.3492063492063492	0.14285714285714285	0.3492063492063492
act/23	last	proj	5	6	False	True	asc	1	0.19047619047619047	0.4444444444444444	0.14285714285714285	0.3492063492063492
act/23	last	proj	5	6	False	False	asc	1	0.19047619047619047	0.4444444444444444	0.14285714285714285	0.3492063492063492
act/23	last	proj	5	7	False	True	asc	1	0.09523809523809523	0.25396825396825395	0.14285714285714285	0.3333333333333333
act/3	last	proj	15	16	False	True	asc	1	0.015873015873015872	0.19047619047619047	0.14285714285714285	0.38095238095238093
act/3	last	proj	0	5	True	True	asc	1	0.1746031746031746	0.2222222222222222	0.14285714285714285	0.2698412698412698
act/3	last	proj	0	6	True	True	asc	1	0.1746031746031746	0.2222222222222222	0.14285714285714285	0.25396825396825395
act/3	last	proj	5	7	True	False	asc	1	0.06349206349206349	0.2222222222222222	0.14285714285714285	0.30158730158730157
embed	last	proj	9	10	True	True	asc	1	0.06349206349206349	0.3968253968253968	0.14285714285714285	0.42857142857142855
embed	last	proj	9	10	True	False	asc	1	0.06349206349206349	0.3968253968253968	0.14285714285714285	0.42857142857142855
act/3	last	proj	16	19	False	False	asc	1	0.09523809523809523	0.20634920634920634	0.14285714285714285	0.3492063492063492
act/3	last	proj	15	18	False	True	asc	1	0.07936507936507936	0.3333333333333333	0.14285714285714285	0.42857142857142855
act/3	last	proj	15	18	False	False	asc	1	0.07936507936507936	0.3333333333333333	0.14285714285714285	0.42857142857142855
act/3	last	proj	15	20	False	True	asc	1	0.09523809523809523	0.2698412698412698	0.14285714285714285	0.36507936507936506
act/3	last	proj	11	20	False	True	asc	1	0.06349206349206349	0.20634920634920634	0.14285714285714285	0.36507936507936506
act/11	last	proj	0	7	True	True	asc	1	0.20634920634920634	0.4444444444444444	0.14285714285714285	0.42857142857142855
act/11	last	proj	1	2	True	True	asc	1	0.12698412698412698	0.23809523809523808	0.14285714285714285	0.30158730158730157
act/7	last	proj	6	16	True	False	asc	1	0.19047619047619047	0.4444444444444444	0.14285714285714285	0.3333333333333333
act/7	last	proj	6	17	True	False	asc	1	0.15873015873015872	0.4444444444444444	0.14285714285714285	0.4126984126984127
act/11	last	proj	1	14	True	True	asc	1	0.14285714285714285	0.5079365079365079	0.14285714285714285	0.42857142857142855
act/11	last	proj	2	5	True	False	asc	1	0.09523809523809523	0.36507936507936506	0.14285714285714285	0.3968253968253968
act/11	last	proj	2	7	True	False	asc	1	0.14285714285714285	0.42857142857142855	0.14285714285714285	0.3492063492063492
act/7	last	proj	6	18	True	False	asc	1	0.14285714285714285	0.4444444444444444	0.14285714285714285	0.4444444444444444
act/11	last	proj	0	10	True	True	asc	1	0.14285714285714285	0.3968253968253968	0.14285714285714285	0.4126984126984127
act/3	last	proj	2	9	True	False	asc	1	0.1111111111111111	0.4444444444444444	0.14285714285714285	0.4126984126984127
act/11	last	proj	0	11	True	True	asc	1	0.14285714285714285	0.3968253968253968	0.14285714285714285	0.3968253968253968
act/11	last	proj	1	2	True	False	asc	1	0.12698412698412698	0.23809523809523808	0.14285714285714285	0.30158730158730157
act/11	last	proj	0	3	True	False	asc	1	0.20634920634920634	0.31746031746031744	0.14285714285714285	0.38095238095238093
act/11	last	proj	0	5	True	True	asc	1	0.1746031746031746	0.4126984126984127	0.14285714285714285	0.4126984126984127
act/11	last	proj	0	6	True	True	asc	1	0.20634920634920634	0.42857142857142855	0.14285714285714285	0.38095238095238093
act/11	last	proj	1	6	True	False	asc	1	0.14285714285714285	0.4444444444444444	0.14285714285714285	0.4444444444444444
act/23	last	proj	2	12	False	False	asc	1	0.1111111111111111	0.2857142857142857	0.14285714285714285	0.3333333333333333
act/23	last	proj	2	8	False	True	asc	1	0.047619047619047616	0.30158730158730157	0.14285714285714285	0.3492063492063492
act/23	last	proj	2	9	False	True	asc	1	0.07936507936507936	0.25396825396825395	0.14285714285714285	0.3333333333333333
act/23	last	proj	2	10	False	True	asc	1	0.09523809523809523	0.2698412698412698	0.14285714285714285	0.3333333333333333
act/23	last	proj	2	10	False	False	asc	1	0.047619047619047616	0.2222222222222222	0.14285714285714285	0.3333333333333333
act/23	last	proj	2	11	False	True	asc	1	0.09523809523809523	0.30158730158730157	0.14285714285714285	0.31746031746031744
act/23	last	proj	1	7	False	True	asc	1	0.06349206349206349	0.2857142857142857	0.14285714285714285	0.36507936507936506
act/23	last	proj	1	7	False	False	asc	1	0.047619047619047616	0.2857142857142857	0.14285714285714285	0.36507936507936506
act/7	last	proj	4	11	True	False	asc	1	0.14285714285714285	0.38095238095238093	0.14285714285714285	0.38095238095238093
act/7	last	proj	4	12	True	True	asc	1	0.14285714285714285	0.36507936507936506	0.14285714285714285	0.42857142857142855
act/7	last	proj	4	7	True	True	asc	1	0.15873015873015872	0.3333333333333333	0.14285714285714285	0.42857142857142855
act/3	last	proj	1	6	True	False	asc	1	0.07936507936507936	0.36507936507936506	0.14285714285714285	0.4126984126984127
act/23	last	proj	3	6	False	False	asc	1	0.12698412698412698	0.3968253968253968	0.14285714285714285	0.47619047619047616
act/23	last	proj	4	12	False	False	asc	1	0.06349206349206349	0.31746031746031744	0.14285714285714285	0.3333333333333333
act/31	last	proj	0	14	True	False	asc	1	0.19047619047619047	0.4603174603174603	0.14285714285714285	0.38095238095238093
act/31	last	proj	0	20	True	False	asc	1	0.14285714285714285	0.3333333333333333	0.14285714285714285	0.3333333333333333
act/27	last	proj	2	7	True	True	asc	1	0.1746031746031746	0.4126984126984127	0.14285714285714285	0.3968253968253968
act/19	last	proj	1	9	False	False	asc	1	0.12698412698412698	0.2698412698412698	0.14285714285714285	0.2857142857142857
act/31	last	proj	5	6	False	True	asc	1	0.15873015873015872	0.3333333333333333	0.14285714285714285	0.36507936507936506
act/31	last	proj	5	6	False	False	asc	1	0.15873015873015872	0.3333333333333333	0.14285714285714285	0.36507936507936506
act/31	last	proj	5	10	False	True	asc	1	0.15873015873015872	0.42857142857142855	0.14285714285714285	0.38095238095238093
act/31	last	proj	5	11	False	False	asc	1	0.19047619047619047	0.42857142857142855	0.14285714285714285	0.4444444444444444
act/7	last	proj	2	9	False	True	asc	1	0.15873015873015872	0.3968253968253968	0.14285714285714285	0.4126984126984127
act/19	last	proj	17	19	True	True	asc	1	0.1111111111111111	0.3333333333333333	0.14285714285714285	0.38095238095238093
act/19	last	proj	2	6	False	True	asc	1	0.12698412698412698	0.30158730158730157	0.14285714285714285	0.4444444444444444
act/27	last	proj	2	20	True	False	asc	1	0.2222222222222222	0.3492063492063492	0.14285714285714285	0.3492063492063492
act/27	last	proj	4	7	True	True	asc	1	0.09523809523809523	0.36507936507936506	0.14285714285714285	0.31746031746031744
act/27	last	proj	2	16	True	False	asc	1	0.23809523809523808	0.42857142857142855	0.14285714285714285	0.36507936507936506
act/27	last	proj	2	17	True	False	asc	1	0.2222222222222222	0.4126984126984127	0.14285714285714285	0.3333333333333333
act/27	last	proj	2	19	True	True	asc	1	0.2222222222222222	0.4126984126984127	0.14285714285714285	0.38095238095238093
act/27	last	proj	4	12	True	True	asc	1	0.14285714285714285	0.3333333333333333	0.14285714285714285	0.30158730158730157
act/27	last	proj	4	13	True	True	asc	1	0.14285714285714285	0.31746031746031744	0.14285714285714285	0.36507936507936506
act/23	last	proj	1	2	False	False	asc	1	0.06349206349206349	0.2857142857142857	0.14285714285714285	0.42857142857142855
act/23	last	proj	1	11	False	False	asc	1	0.047619047619047616	0.2857142857142857	0.14285714285714285	0.3333333333333333
act/23	last	proj	1	12	False	True	asc	1	0.047619047619047616	0.25396825396825395	0.14285714285714285	0.3492063492063492
act/11	last	proj	0	9	True	True	asc	1	0.15873015873015872	0.3968253968253968	0.14285714285714285	0.3968253968253968
act/19	last	proj	1	6	False	True	asc	1	0.1746031746031746	0.2698412698412698	0.14285714285714285	0.3333333333333333
act/19	last	proj	1	6	False	False	asc	1	0.19047619047619047	0.3492063492063492	0.14285714285714285	0.31746031746031744
act/19	last	proj	1	10	False	False	asc	1	0.09523809523809523	0.25396825396825395	0.14285714285714285	0.30158730158730157
act/19	last	proj	1	4	False	True	asc	1	0.14285714285714285	0.20634920634920634	0.14285714285714285	0.30158730158730157
act/11	last	proj	1	13	True	True	asc	1	0.14285714285714285	0.5079365079365079	0.14285714285714285	0.42857142857142855
act/11	last	proj	2	20	True	False	asc	1	0.07936507936507936	0.36507936507936506	0.14285714285714285	0.3968253968253968
act/11	last	proj	2	14	True	False	asc	1	0.09523809523809523	0.36507936507936506	0.14285714285714285	0.3968253968253968
act/11	last	proj	3	6	True	True	asc	1	0.15873015873015872	0.4444444444444444	0.14285714285714285	0.36507936507936506
act/3	last	proj	18	19	False	True	asc	1	0.06349206349206349	0.23809523809523808	0.14285714285714285	0.2857142857142857
act/31	last	proj	0	19	True	False	asc	1	0.14285714285714285	0.3333333333333333	0.14285714285714285	0.3333333333333333
act/3	last	proj	18	19	False	False	asc	1	0.06349206349206349	0.23809523809523808	0.14285714285714285	0.2857142857142857
act/23	last	proj	1	2	False	True	asc	1	0.06349206349206349	0.2857142857142857	0.14285714285714285	0.42857142857142855
act/11	last	proj	0	8	True	False	asc	1	0.14285714285714285	0.4126984126984127	0.12698412698412698	0.3492063492063492
embed	last	proj	16	18	False	True	asc	1	0.1111111111111111	0.49206349206349204	0.12698412698412698	0.49206349206349204
embed	last	proj	16	18	False	False	asc	1	0.1111111111111111	0.49206349206349204	0.12698412698412698	0.49206349206349204
embed	last	proj	16	19	False	True	asc	1	0.1111111111111111	0.49206349206349204	0.12698412698412698	0.49206349206349204
embed	last	proj	16	19	False	False	asc	1	0.1111111111111111	0.49206349206349204	0.12698412698412698	0.49206349206349204
embed	last	proj	16	20	False	True	asc	1	0.1111111111111111	0.49206349206349204	0.12698412698412698	0.49206349206349204
embed	last	proj	16	20	False	False	asc	1	0.1111111111111111	0.49206349206349204	0.12698412698412698	0.49206349206349204
embed	last	proj	15	17	False	True	asc	1	0.1111111111111111	0.49206349206349204	0.12698412698412698	0.49206349206349204
embed	last	proj	17	19	False	True	asc	1	0.1111111111111111	0.49206349206349204	0.12698412698412698	0.49206349206349204
embed	last	proj	17	19	False	False	asc	1	0.1111111111111111	0.49206349206349204	0.12698412698412698	0.49206349206349204
embed	last	proj	17	20	False	True	asc	1	0.1111111111111111	0.49206349206349204	0.12698412698412698	0.49206349206349204
embed	last	proj	17	20	False	False	asc	1	0.1111111111111111	0.49206349206349204	0.12698412698412698	0.49206349206349204
embed	last	proj	18	19	False	True	asc	1	0.1111111111111111	0.49206349206349204	0.12698412698412698	0.49206349206349204
embed	last	proj	18	19	False	False	asc	1	0.1111111111111111	0.49206349206349204	0.12698412698412698	0.49206349206349204
embed	last	proj	18	20	False	False	asc	1	0.1111111111111111	0.49206349206349204	0.12698412698412698	0.49206349206349204
act/11	last	proj	0	12	True	False	asc	1	0.06349206349206349	0.36507936507936506	0.12698412698412698	0.3333333333333333
embed	last	proj	18	20	False	True	asc	1	0.1111111111111111	0.49206349206349204	0.12698412698412698	0.49206349206349204
act/11	last	proj	1	20	True	False	asc	1	0.12698412698412698	0.38095238095238093	0.12698412698412698	0.38095238095238093
act/11	last	proj	1	14	True	False	asc	1	0.09523809523809523	0.3968253968253968	0.12698412698412698	0.3968253968253968
act/11	last	proj	1	18	True	True	asc	1	0.14285714285714285	0.47619047619047616	0.12698412698412698	0.42857142857142855
embed	last	proj	12	19	False	False	asc	1	0.1111111111111111	0.49206349206349204	0.12698412698412698	0.49206349206349204
embed	last	proj	12	20	False	True	asc	1	0.1111111111111111	0.49206349206349204	0.12698412698412698	0.49206349206349204
embed	last	proj	12	20	False	False	asc	1	0.1111111111111111	0.49206349206349204	0.12698412698412698	0.49206349206349204
embed	last	proj	13	18	False	True	asc	1	0.1111111111111111	0.49206349206349204	0.12698412698412698	0.49206349206349204
embed	last	proj	13	18	False	False	asc	1	0.1111111111111111	0.49206349206349204	0.12698412698412698	0.49206349206349204
embed	last	proj	13	19	False	True	asc	1	0.1111111111111111	0.49206349206349204	0.12698412698412698	0.49206349206349204
embed	last	proj	13	19	False	False	asc	1	0.1111111111111111	0.49206349206349204	0.12698412698412698	0.49206349206349204
embed	last	proj	12	19	False	True	asc	1	0.1111111111111111	0.49206349206349204	0.12698412698412698	0.49206349206349204
act/11	last	proj	2	13	True	False	asc	1	0.07936507936507936	0.3492063492063492	0.12698412698412698	0.38095238095238093
act/11	last	proj	2	19	True	False	asc	1	0.07936507936507936	0.38095238095238093	0.12698412698412698	0.3968253968253968
act/11	last	proj	1	13	True	False	asc	1	0.09523809523809523	0.38095238095238093	0.12698412698412698	0.38095238095238093
act/7	last	proj	4	18	True	False	asc	1	0.12698412698412698	0.4126984126984127	0.12698412698412698	0.42857142857142855
act/7	last	proj	4	12	True	False	asc	1	0.12698412698412698	0.3492063492063492	0.12698412698412698	0.42857142857142855
act/7	last	proj	4	13	True	True	asc	1	0.14285714285714285	0.36507936507936506	0.12698412698412698	0.42857142857142855
act/11	last	proj	3	14	True	True	asc	1	0.12698412698412698	0.3968253968253968	0.12698412698412698	0.3968253968253968
act/11	last	proj	3	14	True	False	asc	1	0.1111111111111111	0.3968253968253968	0.12698412698412698	0.3968253968253968
act/11	last	proj	3	8	True	False	asc	1	0.09523809523809523	0.3492063492063492	0.12698412698412698	0.36507936507936506
act/11	last	proj	3	11	True	True	asc	1	0.1111111111111111	0.3968253968253968	0.12698412698412698	0.4126984126984127
act/11	last	proj	3	11	True	False	asc	1	0.09523809523809523	0.36507936507936506	0.12698412698412698	0.4126984126984127
act/3	last	proj	2	6	True	False	asc	1	0.07936507936507936	0.4444444444444444	0.12698412698412698	0.3968253968253968
act/3	last	proj	2	7	True	True	asc	1	0.12698412698412698	0.4603174603174603	0.12698412698412698	0.4444444444444444
act/3	last	proj	2	7	True	False	asc	1	0.1111111111111111	0.4126984126984127	0.12698412698412698	0.4444444444444444
act/3	last	proj	1	4	True	False	asc	1	0.15873015873015872	0.4126984126984127	0.12698412698412698	0.3492063492063492
act/3	last	proj	0	2	True	True	asc	1	0.07936507936507936	0.15873015873015872	0.12698412698412698	0.36507936507936506
act/3	last	proj	0	2	True	False	asc	1	0.07936507936507936	0.14285714285714285	0.12698412698412698	0.36507936507936506
act/7	last	proj	5	17	True	False	asc	1	0.14285714285714285	0.4126984126984127	0.12698412698412698	0.42857142857142855
act/7	last	proj	5	18	True	True	asc	1	0.12698412698412698	0.4126984126984127	0.12698412698412698	0.4126984126984127
act/11	last	proj	4	5	True	True	asc	1	0.1111111111111111	0.2857142857142857	0.12698412698412698	0.49206349206349204
act/11	last	proj	4	5	True	False	asc	1	0.1111111111111111	0.2857142857142857	0.12698412698412698	0.49206349206349204
act/11	last	proj	4	9	True	True	asc	1	0.12698412698412698	0.36507936507936506	0.12698412698412698	0.3492063492063492
act/11	last	proj	4	18	True	True	asc	1	0.15873015873015872	0.38095238095238093	0.12698412698412698	0.4126984126984127
act/11	last	proj	5	7	True	True	asc	1	0.19047619047619047	0.4444444444444444	0.12698412698412698	0.3968253968253968
act/11	last	proj	4	19	True	True	asc	1	0.1746031746031746	0.3968253968253968	0.12698412698412698	0.3968253968253968
act/11	last	proj	4	19	True	False	asc	1	0.12698412698412698	0.38095238095238093	0.12698412698412698	0.4126984126984127
act/11	last	proj	4	20	True	True	asc	1	0.15873015873015872	0.3968253968253968	0.12698412698412698	0.3968253968253968
embed	last	proj	5	12	True	True	asc	1	0.07936507936507936	0.4603174603174603	0.12698412698412698	0.49206349206349204
embed	last	proj	5	12	True	False	asc	1	0.07936507936507936	0.4603174603174603	0.12698412698412698	0.49206349206349204
embed	last	proj	5	13	True	True	asc	1	0.07936507936507936	0.4603174603174603	0.12698412698412698	0.49206349206349204
embed	last	proj	7	17	True	True	asc	1	0.07936507936507936	0.4603174603174603	0.12698412698412698	0.49206349206349204
embed	last	proj	7	17	True	False	asc	1	0.07936507936507936	0.4603174603174603	0.12698412698412698	0.49206349206349204
embed	last	proj	7	18	True	True	asc	1	0.07936507936507936	0.4603174603174603	0.12698412698412698	0.49206349206349204
embed	last	proj	7	18	True	False	asc	1	0.07936507936507936	0.4603174603174603	0.12698412698412698	0.49206349206349204
embed	last	proj	7	19	True	True	asc	1	0.07936507936507936	0.4603174603174603	0.12698412698412698	0.49206349206349204
embed	last	proj	5	8	True	True	asc	1	0.07936507936507936	0.4603174603174603	0.12698412698412698	0.49206349206349204
embed	last	proj	5	8	True	False	asc	1	0.07936507936507936	0.4603174603174603	0.12698412698412698	0.49206349206349204
embed	last	proj	5	9	True	True	asc	1	0.07936507936507936	0.4603174603174603	0.12698412698412698	0.49206349206349204
embed	last	proj	5	9	True	False	asc	1	0.07936507936507936	0.4603174603174603	0.12698412698412698	0.49206349206349204
embed	last	proj	5	10	True	True	asc	1	0.07936507936507936	0.4603174603174603	0.12698412698412698	0.49206349206349204
embed	last	proj	5	10	True	False	asc	1	0.07936507936507936	0.4603174603174603	0.12698412698412698	0.49206349206349204
embed	last	proj	5	11	True	True	asc	1	0.07936507936507936	0.4603174603174603	0.12698412698412698	0.49206349206349204
embed	last	proj	5	11	True	False	asc	1	0.07936507936507936	0.4603174603174603	0.12698412698412698	0.49206349206349204
act/31	last	proj	0	17	True	False	asc	1	0.15873015873015872	0.38095238095238093	0.12698412698412698	0.30158730158730157
act/31	last	proj	0	18	True	False	asc	1	0.15873015873015872	0.36507936507936506	0.12698412698412698	0.31746031746031744
act/3	last	proj	17	18	False	True	asc	1	0.06349206349206349	0.19047619047619047	0.12698412698412698	0.25396825396825395
act/3	last	proj	17	18	False	False	asc	1	0.06349206349206349	0.19047619047619047	0.12698412698412698	0.25396825396825395
act/3	last	proj	17	20	False	True	asc	1	0.047619047619047616	0.1111111111111111	0.12698412698412698	0.23809523809523808
act/3	last	proj	17	20	False	False	asc	1	0.047619047619047616	0.1111111111111111	0.12698412698412698	0.23809523809523808
embed	last	proj	5	7	True	True	asc	1	0.07936507936507936	0.4603174603174603	0.12698412698412698	0.49206349206349204
embed	last	proj	5	7	True	False	asc	1	0.07936507936507936	0.4603174603174603	0.12698412698412698	0.49206349206349204
embed	last	proj	6	9	True	False	asc	1	0.07936507936507936	0.4603174603174603	0.12698412698412698	0.49206349206349204
embed	last	proj	6	10	True	True	asc	1	0.07936507936507936	0.4603174603174603	0.12698412698412698	0.49206349206349204
embed	last	proj	6	10	True	False	asc	1	0.07936507936507936	0.4603174603174603	0.12698412698412698	0.49206349206349204
embed	last	proj	6	11	True	True	asc	1	0.07936507936507936	0.4603174603174603	0.12698412698412698	0.49206349206349204
embed	last	proj	6	11	True	False	asc	1	0.07936507936507936	0.4603174603174603	0.12698412698412698	0.49206349206349204
embed	last	proj	5	18	True	True	asc	1	0.07936507936507936	0.4603174603174603	0.12698412698412698	0.49206349206349204
embed	last	proj	5	18	True	False	asc	1	0.07936507936507936	0.4603174603174603	0.12698412698412698	0.49206349206349204
embed	last	proj	5	19	True	True	asc	1	0.07936507936507936	0.4603174603174603	0.12698412698412698	0.49206349206349204
embed	last	proj	6	16	True	False	asc	1	0.07936507936507936	0.4603174603174603	0.12698412698412698	0.49206349206349204
embed	last	proj	6	17	True	True	asc	1	0.07936507936507936	0.4603174603174603	0.12698412698412698	0.49206349206349204
embed	last	proj	5	13	True	False	asc	1	0.07936507936507936	0.4603174603174603	0.12698412698412698	0.49206349206349204
embed	last	proj	5	14	True	True	asc	1	0.07936507936507936	0.4603174603174603	0.12698412698412698	0.49206349206349204
embed	last	proj	5	14	True	False	asc	1	0.07936507936507936	0.4603174603174603	0.12698412698412698	0.49206349206349204
embed	last	proj	5	15	True	True	asc	1	0.07936507936507936	0.4603174603174603	0.12698412698412698	0.49206349206349204
embed	last	proj	5	15	True	False	asc	1	0.07936507936507936	0.4603174603174603	0.12698412698412698	0.49206349206349204
embed	last	proj	5	16	True	True	asc	1	0.07936507936507936	0.4603174603174603	0.12698412698412698	0.49206349206349204
embed	last	proj	6	19	True	True	asc	1	0.07936507936507936	0.4603174603174603	0.12698412698412698	0.49206349206349204
embed	last	proj	6	19	True	False	asc	1	0.07936507936507936	0.4603174603174603	0.12698412698412698	0.49206349206349204
embed	last	proj	6	12	True	True	asc	1	0.07936507936507936	0.4603174603174603	0.12698412698412698	0.49206349206349204
embed	last	proj	6	12	True	False	asc	1	0.07936507936507936	0.4603174603174603	0.12698412698412698	0.49206349206349204
embed	last	proj	6	13	True	True	asc	1	0.07936507936507936	0.4603174603174603	0.12698412698412698	0.49206349206349204
act/23	last	proj	17	19	True	True	asc	1	0.20634920634920634	0.30158730158730157	0.12698412698412698	0.31746031746031744
act/23	last	proj	17	19	True	False	asc	1	0.20634920634920634	0.30158730158730157	0.12698412698412698	0.31746031746031744
embed	last	proj	6	16	True	True	asc	1	0.07936507936507936	0.4603174603174603	0.12698412698412698	0.49206349206349204
embed	last	proj	6	15	True	True	asc	1	0.07936507936507936	0.4603174603174603	0.12698412698412698	0.49206349206349204
embed	last	proj	6	15	True	False	asc	1	0.07936507936507936	0.4603174603174603	0.12698412698412698	0.49206349206349204
embed	last	proj	6	8	True	True	asc	1	0.07936507936507936	0.4603174603174603	0.12698412698412698	0.49206349206349204
embed	last	proj	6	8	True	False	asc	1	0.07936507936507936	0.4603174603174603	0.12698412698412698	0.49206349206349204
embed	last	proj	6	9	True	True	asc	1	0.07936507936507936	0.4603174603174603	0.12698412698412698	0.49206349206349204
embed	last	proj	6	17	True	False	asc	1	0.07936507936507936	0.4603174603174603	0.12698412698412698	0.49206349206349204
embed	last	proj	6	18	True	True	asc	1	0.07936507936507936	0.4603174603174603	0.12698412698412698	0.49206349206349204
embed	last	proj	6	18	True	False	asc	1	0.07936507936507936	0.4603174603174603	0.12698412698412698	0.49206349206349204
embed	last	proj	7	19	True	False	asc	1	0.07936507936507936	0.4603174603174603	0.12698412698412698	0.49206349206349204
embed	last	proj	7	20	True	True	asc	1	0.07936507936507936	0.4603174603174603	0.12698412698412698	0.49206349206349204
embed	last	proj	7	20	True	False	asc	1	0.07936507936507936	0.4603174603174603	0.12698412698412698	0.49206349206349204
embed	last	proj	8	10	True	True	asc	1	0.07936507936507936	0.4603174603174603	0.12698412698412698	0.49206349206349204
embed	last	proj	8	10	True	False	asc	1	0.07936507936507936	0.4603174603174603	0.12698412698412698	0.49206349206349204
embed	last	proj	6	13	True	False	asc	1	0.07936507936507936	0.4603174603174603	0.12698412698412698	0.49206349206349204
embed	last	proj	6	14	True	True	asc	1	0.07936507936507936	0.4603174603174603	0.12698412698412698	0.49206349206349204
embed	last	proj	6	14	True	False	asc	1	0.07936507936507936	0.4603174603174603	0.12698412698412698	0.49206349206349204
embed	last	proj	7	13	True	True	asc	1	0.07936507936507936	0.4603174603174603	0.12698412698412698	0.49206349206349204
embed	last	proj	7	13	True	False	asc	1	0.07936507936507936	0.4603174603174603	0.12698412698412698	0.49206349206349204
embed	last	proj	7	14	True	True	asc	1	0.07936507936507936	0.4603174603174603	0.12698412698412698	0.49206349206349204
embed	last	proj	7	14	True	False	asc	1	0.07936507936507936	0.4603174603174603	0.12698412698412698	0.49206349206349204
embed	last	proj	7	15	True	True	asc	1	0.07936507936507936	0.4603174603174603	0.12698412698412698	0.49206349206349204
embed	last	proj	7	15	True	False	asc	1	0.07936507936507936	0.4603174603174603	0.12698412698412698	0.49206349206349204
embed	last	proj	7	16	True	True	asc	1	0.07936507936507936	0.4603174603174603	0.12698412698412698	0.49206349206349204
embed	last	proj	7	16	True	False	asc	1	0.07936507936507936	0.4603174603174603	0.12698412698412698	0.49206349206349204
embed	last	proj	7	9	True	True	asc	1	0.07936507936507936	0.4603174603174603	0.12698412698412698	0.49206349206349204
embed	last	proj	7	9	True	False	asc	1	0.07936507936507936	0.4603174603174603	0.12698412698412698	0.49206349206349204
embed	last	proj	7	10	True	True	asc	1	0.07936507936507936	0.4603174603174603	0.12698412698412698	0.49206349206349204
embed	last	proj	7	10	True	False	asc	1	0.07936507936507936	0.4603174603174603	0.12698412698412698	0.49206349206349204
embed	last	proj	7	11	True	True	asc	1	0.07936507936507936	0.4603174603174603	0.12698412698412698	0.49206349206349204
embed	last	proj	7	11	True	False	asc	1	0.07936507936507936	0.4603174603174603	0.12698412698412698	0.49206349206349204
embed	last	proj	7	12	True	True	asc	1	0.07936507936507936	0.4603174603174603	0.12698412698412698	0.49206349206349204
embed	last	proj	7	12	True	False	asc	1	0.07936507936507936	0.4603174603174603	0.12698412698412698	0.49206349206349204
act/23	last	proj	2	11	False	False	asc	1	0.09523809523809523	0.2857142857142857	0.12698412698412698	0.31746031746031744
act/23	last	proj	2	12	False	True	asc	1	0.09523809523809523	0.2857142857142857	0.12698412698412698	0.3333333333333333
act/23	last	proj	2	8	False	False	asc	1	0.047619047619047616	0.2857142857142857	0.12698412698412698	0.3492063492063492
embed	last	proj	4	17	True	True	asc	1	0.07936507936507936	0.4603174603174603	0.12698412698412698	0.49206349206349204
embed	last	proj	4	17	True	False	asc	1	0.07936507936507936	0.4603174603174603	0.12698412698412698	0.49206349206349204
embed	last	proj	4	18	True	True	asc	1	0.07936507936507936	0.4603174603174603	0.12698412698412698	0.49206349206349204
embed	last	proj	6	20	True	True	asc	1	0.07936507936507936	0.4603174603174603	0.12698412698412698	0.49206349206349204
embed	last	proj	6	20	True	False	asc	1	0.07936507936507936	0.4603174603174603	0.12698412698412698	0.49206349206349204
embed	last	proj	5	16	True	False	asc	1	0.07936507936507936	0.4603174603174603	0.12698412698412698	0.49206349206349204
embed	last	proj	5	17	True	True	asc	1	0.07936507936507936	0.4603174603174603	0.12698412698412698	0.49206349206349204
embed	last	proj	5	17	True	False	asc	1	0.07936507936507936	0.4603174603174603	0.12698412698412698	0.49206349206349204
act/23	last	proj	1	13	False	True	asc	1	0.047619047619047616	0.2698412698412698	0.12698412698412698	0.3492063492063492
act/23	last	proj	1	8	False	False	asc	1	0.047619047619047616	0.2698412698412698	0.12698412698412698	0.3492063492063492
act/23	last	proj	1	9	False	True	asc	1	0.047619047619047616	0.2222222222222222	0.12698412698412698	0.31746031746031744
act/23	last	proj	3	11	False	True	asc	1	0.031746031746031744	0.25396825396825395	0.12698412698412698	0.31746031746031744
act/23	last	proj	2	9	False	False	asc	1	0.06349206349206349	0.25396825396825395	0.12698412698412698	0.31746031746031744
embed	last	proj	8	11	True	False	asc	1	0.07936507936507936	0.4603174603174603	0.12698412698412698	0.49206349206349204
embed	last	proj	8	12	True	True	asc	1	0.07936507936507936	0.4603174603174603	0.12698412698412698	0.49206349206349204
embed	last	proj	8	12	True	False	asc	1	0.07936507936507936	0.4603174603174603	0.12698412698412698	0.49206349206349204
embed	last	proj	8	13	True	True	asc	1	0.07936507936507936	0.4603174603174603	0.12698412698412698	0.49206349206349204
embed	last	proj	8	13	True	False	asc	1	0.07936507936507936	0.4603174603174603	0.12698412698412698	0.49206349206349204
act/31	last	proj	1	18	True	False	asc	1	0.06349206349206349	0.3492063492063492	0.12698412698412698	0.3492063492063492
act/3	last	proj	15	20	False	False	asc	1	0.09523809523809523	0.2698412698412698	0.12698412698412698	0.3492063492063492
act/3	last	proj	14	18	False	True	asc	1	0.047619047619047616	0.25396825396825395	0.12698412698412698	0.3968253968253968
act/23	last	proj	10	14	True	True	asc	1	0.15873015873015872	0.2857142857142857	0.12698412698412698	0.2698412698412698
act/23	last	proj	10	12	True	True	asc	1	0.09523809523809523	0.3333333333333333	0.12698412698412698	0.3492063492063492
act/23	last	proj	10	12	True	False	asc	1	0.1111111111111111	0.3492063492063492	0.12698412698412698	0.3492063492063492
embed	last	proj	8	14	True	True	asc	1	0.07936507936507936	0.4603174603174603	0.12698412698412698	0.49206349206349204
embed	last	proj	8	14	True	False	asc	1	0.07936507936507936	0.4603174603174603	0.12698412698412698	0.49206349206349204
embed	last	proj	8	18	True	True	asc	1	0.07936507936507936	0.4603174603174603	0.12698412698412698	0.49206349206349204
embed	last	proj	8	18	True	False	asc	1	0.07936507936507936	0.4603174603174603	0.12698412698412698	0.49206349206349204
embed	last	proj	8	11	True	True	asc	1	0.07936507936507936	0.4603174603174603	0.12698412698412698	0.49206349206349204
act/23	last	proj	3	5	False	False	asc	1	0.1111111111111111	0.3333333333333333	0.12698412698412698	0.4126984126984127
act/23	last	proj	4	12	False	True	asc	1	0.06349206349206349	0.30158730158730157	0.12698412698412698	0.30158730158730157
act/23	last	proj	3	9	False	True	asc	1	0.047619047619047616	0.25396825396825395	0.12698412698412698	0.30158730158730157
act/23	last	proj	3	10	False	True	asc	1	0.031746031746031744	0.23809523809523808	0.12698412698412698	0.31746031746031744
act/23	last	proj	3	10	False	False	asc	1	0.047619047619047616	0.2698412698412698	0.12698412698412698	0.3333333333333333
act/23	last	proj	3	12	False	True	asc	1	0.06349206349206349	0.2857142857142857	0.12698412698412698	0.31746031746031744
act/23	last	proj	3	12	False	False	asc	1	0.07936507936507936	0.30158730158730157	0.12698412698412698	0.31746031746031744
act/31	last	proj	0	8	True	False	asc	1	0.19047619047619047	0.4126984126984127	0.12698412698412698	0.3333333333333333
embed	last	proj	4	18	True	False	asc	1	0.07936507936507936	0.4603174603174603	0.12698412698412698	0.49206349206349204
embed	last	proj	4	19	True	True	asc	1	0.07936507936507936	0.4603174603174603	0.12698412698412698	0.49206349206349204
embed	last	proj	4	19	True	False	asc	1	0.07936507936507936	0.4603174603174603	0.12698412698412698	0.49206349206349204
embed	last	proj	4	20	True	True	asc	1	0.07936507936507936	0.4603174603174603	0.12698412698412698	0.49206349206349204
embed	last	proj	4	20	True	False	asc	1	0.07936507936507936	0.4603174603174603	0.12698412698412698	0.49206349206349204
act/23	last	proj	4	8	False	True	asc	1	0.047619047619047616	0.2222222222222222	0.12698412698412698	0.3333333333333333
act/23	last	proj	4	8	False	False	asc	1	0.047619047619047616	0.23809523809523808	0.12698412698412698	0.3492063492063492
act/23	last	proj	4	9	False	True	asc	1	0.047619047619047616	0.2698412698412698	0.12698412698412698	0.31746031746031744
act/23	last	proj	4	10	False	True	asc	1	0.047619047619047616	0.25396825396825395	0.12698412698412698	0.31746031746031744
act/23	last	proj	4	10	False	False	asc	1	0.047619047619047616	0.25396825396825395	0.12698412698412698	0.3333333333333333
act/23	last	proj	5	7	False	False	asc	1	0.07936507936507936	0.23809523809523808	0.12698412698412698	0.3333333333333333
act/23	last	proj	6	10	False	True	asc	1	0.07936507936507936	0.30158730158730157	0.12698412698412698	0.31746031746031744
act/23	last	proj	6	10	False	False	asc	1	0.06349206349206349	0.25396825396825395	0.12698412698412698	0.31746031746031744
embed	last	proj	3	20	True	False	asc	1	0.09523809523809523	0.47619047619047616	0.12698412698412698	0.49206349206349204
act/23	last	proj	5	12	False	False	asc	1	0.031746031746031744	0.25396825396825395	0.12698412698412698	0.3333333333333333
embed	last	proj	4	8	True	False	asc	1	0.07936507936507936	0.4603174603174603	0.12698412698412698	0.49206349206349204
embed	last	proj	4	12	True	True	asc	1	0.07936507936507936	0.4603174603174603	0.12698412698412698	0.49206349206349204
embed	last	proj	4	13	True	True	asc	1	0.07936507936507936	0.4603174603174603	0.12698412698412698	0.49206349206349204
embed	last	proj	4	13	True	False	asc	1	0.07936507936507936	0.4603174603174603	0.12698412698412698	0.49206349206349204
embed	last	proj	4	14	True	True	asc	1	0.07936507936507936	0.4603174603174603	0.12698412698412698	0.49206349206349204
embed	last	proj	4	14	True	False	asc	1	0.07936507936507936	0.4603174603174603	0.12698412698412698	0.49206349206349204
embed	last	proj	4	15	True	True	asc	1	0.07936507936507936	0.4603174603174603	0.12698412698412698	0.49206349206349204
embed	last	proj	4	15	True	False	asc	1	0.07936507936507936	0.4603174603174603	0.12698412698412698	0.49206349206349204
embed	last	proj	4	16	True	True	asc	1	0.07936507936507936	0.4603174603174603	0.12698412698412698	0.49206349206349204
embed	last	proj	4	8	True	True	asc	1	0.07936507936507936	0.4603174603174603	0.12698412698412698	0.49206349206349204
embed	last	proj	4	16	True	False	asc	1	0.07936507936507936	0.4603174603174603	0.12698412698412698	0.49206349206349204
embed	last	proj	4	9	True	True	asc	1	0.07936507936507936	0.4603174603174603	0.12698412698412698	0.49206349206349204
embed	last	proj	4	9	True	False	asc	1	0.07936507936507936	0.4603174603174603	0.12698412698412698	0.49206349206349204
embed	last	proj	4	10	True	True	asc	1	0.07936507936507936	0.4603174603174603	0.12698412698412698	0.49206349206349204
embed	last	proj	4	10	True	False	asc	1	0.07936507936507936	0.4603174603174603	0.12698412698412698	0.49206349206349204
embed	last	proj	4	11	True	True	asc	1	0.07936507936507936	0.4603174603174603	0.12698412698412698	0.49206349206349204
embed	last	proj	4	11	True	False	asc	1	0.07936507936507936	0.4603174603174603	0.12698412698412698	0.49206349206349204
act/3	last	proj	14	18	False	False	asc	1	0.047619047619047616	0.25396825396825395	0.12698412698412698	0.4126984126984127
embed	last	proj	4	12	True	False	asc	1	0.07936507936507936	0.4603174603174603	0.12698412698412698	0.49206349206349204
embed	last	proj	4	5	True	True	asc	1	0.07936507936507936	0.4603174603174603	0.12698412698412698	0.49206349206349204
embed	last	proj	4	5	True	False	asc	1	0.07936507936507936	0.4603174603174603	0.12698412698412698	0.49206349206349204
embed	last	proj	4	6	True	True	asc	1	0.07936507936507936	0.4603174603174603	0.12698412698412698	0.49206349206349204
embed	last	proj	4	6	True	False	asc	1	0.07936507936507936	0.4603174603174603	0.12698412698412698	0.49206349206349204
embed	last	proj	4	7	True	True	asc	1	0.07936507936507936	0.4603174603174603	0.12698412698412698	0.49206349206349204
embed	last	proj	4	7	True	False	asc	1	0.07936507936507936	0.4603174603174603	0.12698412698412698	0.49206349206349204
embed	last	proj	9	13	True	False	asc	1	0.1111111111111111	0.49206349206349204	0.12698412698412698	0.49206349206349204
embed	last	proj	9	14	True	True	asc	1	0.1111111111111111	0.49206349206349204	0.12698412698412698	0.49206349206349204
embed	last	proj	9	14	True	False	asc	1	0.1111111111111111	0.49206349206349204	0.12698412698412698	0.49206349206349204
act/3	last	proj	12	16	False	True	asc	1	0.1111111111111111	0.2698412698412698	0.12698412698412698	0.42857142857142855
act/3	last	proj	12	16	False	False	asc	1	0.1111111111111111	0.2698412698412698	0.12698412698412698	0.42857142857142855
act/3	last	proj	13	15	False	True	asc	1	0.07936507936507936	0.2222222222222222	0.12698412698412698	0.38095238095238093
act/3	last	proj	13	15	False	False	asc	1	0.07936507936507936	0.2222222222222222	0.12698412698412698	0.38095238095238093
embed	last	proj	3	12	True	True	asc	1	0.09523809523809523	0.47619047619047616	0.12698412698412698	0.5079365079365079
embed	last	proj	9	15	True	False	asc	1	0.1111111111111111	0.49206349206349204	0.12698412698412698	0.49206349206349204
embed	last	proj	8	19	True	True	asc	1	0.07936507936507936	0.4603174603174603	0.12698412698412698	0.49206349206349204
embed	last	proj	8	19	True	False	asc	1	0.07936507936507936	0.4603174603174603	0.12698412698412698	0.49206349206349204
embed	last	proj	8	20	True	True	asc	1	0.07936507936507936	0.4603174603174603	0.12698412698412698	0.49206349206349204
embed	last	proj	8	20	True	False	asc	1	0.07936507936507936	0.4603174603174603	0.12698412698412698	0.49206349206349204
embed	last	proj	9	12	True	True	asc	1	0.07936507936507936	0.4603174603174603	0.12698412698412698	0.49206349206349204
embed	last	proj	9	12	True	False	asc	1	0.1111111111111111	0.49206349206349204	0.12698412698412698	0.49206349206349204
embed	last	proj	9	13	True	True	asc	1	0.1111111111111111	0.49206349206349204	0.12698412698412698	0.49206349206349204
embed	last	proj	9	11	True	False	asc	1	0.1111111111111111	0.49206349206349204	0.12698412698412698	0.49206349206349204
embed	last	proj	8	15	True	True	asc	1	0.07936507936507936	0.4603174603174603	0.12698412698412698	0.49206349206349204
embed	last	proj	8	15	True	False	asc	1	0.07936507936507936	0.4603174603174603	0.12698412698412698	0.49206349206349204
embed	last	proj	8	16	True	True	asc	1	0.07936507936507936	0.4603174603174603	0.12698412698412698	0.49206349206349204
embed	last	proj	8	16	True	False	asc	1	0.07936507936507936	0.4603174603174603	0.12698412698412698	0.49206349206349204
embed	last	proj	8	17	True	True	asc	1	0.07936507936507936	0.4603174603174603	0.12698412698412698	0.49206349206349204
embed	last	proj	8	17	True	False	asc	1	0.07936507936507936	0.4603174603174603	0.12698412698412698	0.49206349206349204
embed	last	proj	9	15	True	True	asc	1	0.1111111111111111	0.49206349206349204	0.12698412698412698	0.49206349206349204
embed	last	proj	3	17	True	True	asc	1	0.09523809523809523	0.47619047619047616	0.12698412698412698	0.49206349206349204
embed	last	proj	3	17	True	False	asc	1	0.09523809523809523	0.47619047619047616	0.12698412698412698	0.49206349206349204
embed	last	proj	3	18	True	True	asc	1	0.09523809523809523	0.47619047619047616	0.12698412698412698	0.49206349206349204
embed	last	proj	3	18	True	False	asc	1	0.09523809523809523	0.47619047619047616	0.12698412698412698	0.49206349206349204
embed	last	proj	3	19	True	True	asc	1	0.09523809523809523	0.47619047619047616	0.12698412698412698	0.49206349206349204
embed	last	proj	3	19	True	False	asc	1	0.09523809523809523	0.47619047619047616	0.12698412698412698	0.49206349206349204
embed	last	proj	3	20	True	True	asc	1	0.09523809523809523	0.47619047619047616	0.12698412698412698	0.49206349206349204
embed	last	proj	9	11	True	True	asc	1	0.07936507936507936	0.4603174603174603	0.12698412698412698	0.49206349206349204
act/23	last	proj	7	14	True	False	asc	1	0.14285714285714285	0.36507936507936506	0.12698412698412698	0.31746031746031744
act/23	last	proj	9	12	True	True	asc	1	0.09523809523809523	0.31746031746031744	0.12698412698412698	0.2857142857142857
act/23	last	proj	9	12	True	False	asc	1	0.09523809523809523	0.31746031746031744	0.12698412698412698	0.2857142857142857
act/7	last	proj	5	16	False	True	asc	1	0.12698412698412698	0.38095238095238093	0.12698412698412698	0.4603174603174603
act/7	last	proj	5	16	False	False	asc	1	0.14285714285714285	0.4603174603174603	0.12698412698412698	0.4603174603174603
act/31	last	proj	2	10	True	False	asc	1	0.20634920634920634	0.5238095238095238	0.12698412698412698	0.47619047619047616
act/31	last	proj	2	11	True	False	asc	1	0.19047619047619047	0.49206349206349204	0.12698412698412698	0.42857142857142855
act/23	last	proj	8	14	True	True	asc	1	0.1111111111111111	0.30158730158730157	0.12698412698412698	0.2857142857142857
embed	last	proj	3	13	True	False	asc	1	0.09523809523809523	0.47619047619047616	0.12698412698412698	0.49206349206349204
embed	last	proj	3	14	True	True	asc	1	0.09523809523809523	0.47619047619047616	0.12698412698412698	0.49206349206349204
embed	last	proj	3	14	True	False	asc	1	0.09523809523809523	0.47619047619047616	0.12698412698412698	0.49206349206349204
act/7	last	proj	5	10	False	False	asc	1	0.12698412698412698	0.3333333333333333	0.12698412698412698	0.3968253968253968
act/7	last	proj	5	11	False	True	asc	1	0.12698412698412698	0.3492063492063492	0.12698412698412698	0.3968253968253968
act/23	last	proj	11	13	True	False	asc	1	0.047619047619047616	0.20634920634920634	0.12698412698412698	0.25396825396825395
act/23	last	proj	9	14	True	True	asc	1	0.12698412698412698	0.31746031746031744	0.12698412698412698	0.2698412698412698
act/23	last	proj	9	14	True	False	asc	1	0.1111111111111111	0.31746031746031744	0.12698412698412698	0.2698412698412698
embed	last	proj	3	16	True	False	asc	1	0.09523809523809523	0.47619047619047616	0.12698412698412698	0.49206349206349204
embed	last	proj	3	9	True	True	asc	1	0.09523809523809523	0.47619047619047616	0.12698412698412698	0.5079365079365079
embed	last	proj	3	9	True	False	asc	1	0.09523809523809523	0.47619047619047616	0.12698412698412698	0.5079365079365079
embed	last	proj	3	10	True	True	asc	1	0.09523809523809523	0.47619047619047616	0.12698412698412698	0.5079365079365079
embed	last	proj	3	10	True	False	asc	1	0.09523809523809523	0.47619047619047616	0.12698412698412698	0.5079365079365079
embed	last	proj	3	11	True	True	asc	1	0.09523809523809523	0.47619047619047616	0.12698412698412698	0.5079365079365079
embed	last	proj	3	11	True	False	asc	1	0.09523809523809523	0.47619047619047616	0.12698412698412698	0.5079365079365079
embed	last	proj	3	13	True	True	asc	1	0.09523809523809523	0.47619047619047616	0.12698412698412698	0.49206349206349204
embed	last	proj	3	12	True	False	asc	1	0.09523809523809523	0.47619047619047616	0.12698412698412698	0.5079365079365079
embed	last	proj	3	5	True	True	asc	1	0.09523809523809523	0.47619047619047616	0.12698412698412698	0.5079365079365079
embed	last	proj	3	5	True	False	asc	1	0.09523809523809523	0.47619047619047616	0.12698412698412698	0.5079365079365079
embed	last	proj	3	6	True	True	asc	1	0.09523809523809523	0.47619047619047616	0.12698412698412698	0.5079365079365079
embed	last	proj	3	6	True	False	asc	1	0.09523809523809523	0.47619047619047616	0.12698412698412698	0.5079365079365079
embed	last	proj	3	7	True	True	asc	1	0.09523809523809523	0.47619047619047616	0.12698412698412698	0.5079365079365079
embed	last	proj	3	7	True	False	asc	1	0.09523809523809523	0.47619047619047616	0.12698412698412698	0.5079365079365079
embed	last	proj	3	16	True	True	asc	1	0.09523809523809523	0.47619047619047616	0.12698412698412698	0.49206349206349204
act/23	last	proj	5	20	True	False	asc	1	0.12698412698412698	0.3333333333333333	0.12698412698412698	0.3492063492063492
act/23	last	proj	4	6	True	True	asc	1	0.19047619047619047	0.3968253968253968	0.12698412698412698	0.30158730158730157
act/23	last	proj	4	6	True	False	asc	1	0.19047619047619047	0.4126984126984127	0.12698412698412698	0.30158730158730157
act/23	last	proj	4	14	True	True	asc	1	0.14285714285714285	0.31746031746031744	0.12698412698412698	0.2857142857142857
act/23	last	proj	4	14	True	False	asc	1	0.19047619047619047	0.36507936507936506	0.12698412698412698	0.2857142857142857
act/23	last	proj	2	18	True	False	asc	1	0.2222222222222222	0.36507936507936506	0.12698412698412698	0.31746031746031744
act/23	last	proj	2	19	True	False	asc	1	0.2222222222222222	0.36507936507936506	0.12698412698412698	0.31746031746031744
act/23	last	proj	1	15	True	False	asc	1	0.19047619047619047	0.31746031746031744	0.12698412698412698	0.31746031746031744
embed	last	proj	2	20	True	True	asc	1	0.09523809523809523	0.47619047619047616	0.12698412698412698	0.49206349206349204
embed	last	proj	2	20	True	False	asc	1	0.09523809523809523	0.47619047619047616	0.12698412698412698	0.49206349206349204
act/23	last	proj	5	13	True	True	asc	1	0.14285714285714285	0.3333333333333333	0.12698412698412698	0.30158730158730157
act/23	last	proj	5	14	True	True	asc	1	0.2222222222222222	0.4126984126984127	0.12698412698412698	0.2857142857142857
act/23	last	proj	5	14	True	False	asc	1	0.15873015873015872	0.31746031746031744	0.12698412698412698	0.30158730158730157
act/23	last	proj	5	16	True	True	asc	1	0.15873015873015872	0.3492063492063492	0.12698412698412698	0.31746031746031744
act/23	last	proj	5	17	True	True	asc	1	0.15873015873015872	0.3492063492063492	0.12698412698412698	0.31746031746031744
act/23	last	proj	5	18	True	False	asc	1	0.12698412698412698	0.3333333333333333	0.12698412698412698	0.3492063492063492
act/23	last	proj	8	12	False	True	asc	1	0.15873015873015872	0.42857142857142855	0.12698412698412698	0.38095238095238093
act/23	last	proj	8	12	False	False	asc	1	0.12698412698412698	0.3968253968253968	0.12698412698412698	0.38095238095238093
embed	last	proj	3	8	True	True	asc	1	0.09523809523809523	0.47619047619047616	0.12698412698412698	0.5079365079365079
embed	last	proj	3	8	True	False	asc	1	0.09523809523809523	0.47619047619047616	0.12698412698412698	0.5079365079365079
embed	last	proj	2	18	True	True	asc	1	0.09523809523809523	0.47619047619047616	0.12698412698412698	0.49206349206349204
embed	last	proj	2	18	True	False	asc	1	0.09523809523809523	0.47619047619047616	0.12698412698412698	0.49206349206349204
embed	last	proj	2	19	True	True	asc	1	0.09523809523809523	0.47619047619047616	0.12698412698412698	0.49206349206349204
embed	last	proj	2	19	True	False	asc	1	0.09523809523809523	0.47619047619047616	0.12698412698412698	0.49206349206349204
act/23	last	proj	8	14	True	False	asc	1	0.1111111111111111	0.2857142857142857	0.12698412698412698	0.2698412698412698
act/31	last	proj	2	13	True	False	asc	1	0.15873015873015872	0.4603174603174603	0.12698412698412698	0.4444444444444444
act/31	last	proj	2	14	True	True	asc	1	0.15873015873015872	0.4603174603174603	0.12698412698412698	0.42857142857142855
act/31	last	proj	3	14	True	False	asc	1	0.1111111111111111	0.3968253968253968	0.12698412698412698	0.42857142857142855
act/31	last	proj	3	18	True	False	asc	1	0.1111111111111111	0.31746031746031744	0.12698412698412698	0.3968253968253968
embed	last	proj	3	15	True	True	asc	1	0.09523809523809523	0.47619047619047616	0.12698412698412698	0.49206349206349204
embed	last	proj	3	15	True	False	asc	1	0.09523809523809523	0.47619047619047616	0.12698412698412698	0.49206349206349204
act/23	last	proj	7	12	False	True	asc	1	0.07936507936507936	0.3492063492063492	0.12698412698412698	0.36507936507936506
act/23	last	proj	1	2	True	True	asc	1	0.14285714285714285	0.2857142857142857	0.12698412698412698	0.3968253968253968
act/23	last	proj	1	4	True	True	asc	1	0.1111111111111111	0.36507936507936506	0.12698412698412698	0.3968253968253968
act/23	last	proj	0	2	True	True	asc	1	0.1746031746031746	0.3333333333333333	0.12698412698412698	0.4444444444444444
act/23	last	proj	8	13	False	True	asc	1	0.07936507936507936	0.2857142857142857	0.12698412698412698	0.3492063492063492
embed	last	proj	2	7	True	False	asc	1	0.09523809523809523	0.47619047619047616	0.12698412698412698	0.5079365079365079
embed	last	proj	2	8	True	True	asc	1	0.09523809523809523	0.47619047619047616	0.12698412698412698	0.5079365079365079
embed	last	proj	2	8	True	False	asc	1	0.09523809523809523	0.47619047619047616	0.12698412698412698	0.5079365079365079
embed	last	proj	2	9	True	True	asc	1	0.09523809523809523	0.47619047619047616	0.12698412698412698	0.5079365079365079
embed	last	proj	10	13	True	False	asc	1	0.1111111111111111	0.49206349206349204	0.12698412698412698	0.49206349206349204
embed	last	proj	9	16	True	True	asc	1	0.1111111111111111	0.49206349206349204	0.12698412698412698	0.49206349206349204
act/23	last	proj	1	2	True	False	asc	1	0.14285714285714285	0.2857142857142857	0.12698412698412698	0.3968253968253968
act/23	last	proj	1	3	True	False	asc	1	0.14285714285714285	0.3492063492063492	0.12698412698412698	0.4444444444444444
act/23	last	proj	0	15	True	False	asc	1	0.15873015873015872	0.30158730158730157	0.12698412698412698	0.31746031746031744
act/23	last	proj	0	16	True	False	asc	1	0.14285714285714285	0.30158730158730157	0.12698412698412698	0.31746031746031744
act/23	last	proj	0	19	True	False	asc	1	0.14285714285714285	0.3333333333333333	0.12698412698412698	0.30158730158730157
act/23	last	proj	0	20	True	False	asc	1	0.15873015873015872	0.3333333333333333	0.12698412698412698	0.30158730158730157
act/23	last	proj	2	20	True	False	asc	1	0.19047619047619047	0.3492063492063492	0.12698412698412698	0.3333333333333333
act/31	last	proj	4	14	True	False	asc	1	0.1111111111111111	0.38095238095238093	0.12698412698412698	0.42857142857142855
act/31	last	proj	4	16	True	True	asc	1	0.1746031746031746	0.47619047619047616	0.12698412698412698	0.4126984126984127
act/31	last	proj	4	17	True	True	asc	1	0.14285714285714285	0.38095238095238093	0.12698412698412698	0.4126984126984127
act/23	last	proj	1	18	True	False	asc	1	0.19047619047619047	0.31746031746031744	0.12698412698412698	0.3333333333333333
act/23	last	proj	1	19	True	False	asc	1	0.19047619047619047	0.31746031746031744	0.12698412698412698	0.31746031746031744
embed	last	proj	10	12	True	False	asc	1	0.1111111111111111	0.49206349206349204	0.12698412698412698	0.49206349206349204
embed	last	proj	10	13	True	True	asc	1	0.1111111111111111	0.49206349206349204	0.12698412698412698	0.49206349206349204
act/23	last	proj	3	15	True	False	asc	1	0.19047619047619047	0.3492063492063492	0.12698412698412698	0.2857142857142857
act/23	last	proj	3	20	True	False	asc	1	0.15873015873015872	0.2857142857142857	0.12698412698412698	0.2857142857142857
act/23	last	proj	2	3	True	True	asc	1	0.15873015873015872	0.3333333333333333	0.12698412698412698	0.3492063492063492
act/23	last	proj	2	3	True	False	asc	1	0.15873015873015872	0.3333333333333333	0.12698412698412698	0.3492063492063492
act/23	last	proj	2	4	True	True	asc	1	0.1746031746031746	0.4444444444444444	0.12698412698412698	0.2698412698412698
act/23	last	proj	0	17	True	False	asc	1	0.14285714285714285	0.3333333333333333	0.12698412698412698	0.3333333333333333
act/23	last	proj	2	16	True	False	asc	1	0.20634920634920634	0.3492063492063492	0.12698412698412698	0.3333333333333333
act/23	last	proj	2	17	True	False	asc	1	0.14285714285714285	0.36507936507936506	0.12698412698412698	0.3492063492063492
embed	last	proj	9	17	True	True	asc	1	0.1111111111111111	0.49206349206349204	0.12698412698412698	0.49206349206349204
embed	last	proj	9	17	True	False	asc	1	0.1111111111111111	0.49206349206349204	0.12698412698412698	0.49206349206349204
embed	last	proj	9	18	True	True	asc	1	0.1111111111111111	0.49206349206349204	0.12698412698412698	0.49206349206349204
embed	last	proj	9	18	True	False	asc	1	0.1111111111111111	0.49206349206349204	0.12698412698412698	0.49206349206349204
embed	last	proj	9	19	True	True	asc	1	0.1111111111111111	0.49206349206349204	0.12698412698412698	0.49206349206349204
embed	last	proj	9	19	True	False	asc	1	0.1111111111111111	0.49206349206349204	0.12698412698412698	0.49206349206349204
embed	last	proj	9	20	True	False	asc	1	0.1111111111111111	0.49206349206349204	0.12698412698412698	0.49206349206349204
embed	last	proj	10	11	True	True	asc	1	0.1111111111111111	0.49206349206349204	0.12698412698412698	0.49206349206349204
embed	last	proj	2	11	True	True	asc	1	0.09523809523809523	0.47619047619047616	0.12698412698412698	0.5079365079365079
act/23	last	proj	10	11	False	True	asc	1	0.07936507936507936	0.30158730158730157	0.12698412698412698	0.2698412698412698
act/23	last	proj	10	11	False	False	asc	1	0.07936507936507936	0.30158730158730157	0.12698412698412698	0.2698412698412698
embed	last	proj	2	14	True	True	asc	1	0.09523809523809523	0.47619047619047616	0.12698412698412698	0.49206349206349204
embed	last	proj	10	18	True	True	asc	1	0.1111111111111111	0.49206349206349204	0.12698412698412698	0.49206349206349204
act/19	last	proj	15	17	False	True	asc	1	0.15873015873015872	0.2698412698412698	0.12698412698412698	0.4126984126984127
act/19	last	proj	15	17	False	False	asc	1	0.15873015873015872	0.2698412698412698	0.12698412698412698	0.4126984126984127
embed	last	proj	9	16	True	False	asc	1	0.1111111111111111	0.49206349206349204	0.12698412698412698	0.49206349206349204
embed	last	proj	2	7	True	True	asc	1	0.09523809523809523	0.47619047619047616	0.12698412698412698	0.5079365079365079
embed	last	proj	2	15	True	False	asc	1	0.09523809523809523	0.47619047619047616	0.12698412698412698	0.49206349206349204
embed	last	proj	2	16	True	True	asc	1	0.09523809523809523	0.47619047619047616	0.12698412698412698	0.49206349206349204
embed	last	proj	2	16	True	False	asc	1	0.09523809523809523	0.47619047619047616	0.12698412698412698	0.49206349206349204
embed	last	proj	2	17	True	True	asc	1	0.09523809523809523	0.47619047619047616	0.12698412698412698	0.49206349206349204
embed	last	proj	2	17	True	False	asc	1	0.09523809523809523	0.47619047619047616	0.12698412698412698	0.49206349206349204
embed	last	proj	2	10	True	True	asc	1	0.09523809523809523	0.47619047619047616	0.12698412698412698	0.5079365079365079
embed	last	proj	2	10	True	False	asc	1	0.09523809523809523	0.47619047619047616	0.12698412698412698	0.5079365079365079
embed	last	proj	2	9	True	False	asc	1	0.09523809523809523	0.47619047619047616	0.12698412698412698	0.5079365079365079
embed	last	proj	2	11	True	False	asc	1	0.09523809523809523	0.47619047619047616	0.12698412698412698	0.5079365079365079
embed	last	proj	2	12	True	True	asc	1	0.09523809523809523	0.47619047619047616	0.12698412698412698	0.5079365079365079
embed	last	proj	2	12	True	False	asc	1	0.09523809523809523	0.47619047619047616	0.12698412698412698	0.5079365079365079
embed	last	proj	2	13	True	True	asc	1	0.09523809523809523	0.47619047619047616	0.12698412698412698	0.49206349206349204
embed	last	proj	2	13	True	False	asc	1	0.09523809523809523	0.47619047619047616	0.12698412698412698	0.49206349206349204
embed	last	proj	2	6	True	True	asc	1	0.09523809523809523	0.47619047619047616	0.12698412698412698	0.5079365079365079
embed	last	proj	2	6	True	False	asc	1	0.09523809523809523	0.47619047619047616	0.12698412698412698	0.5079365079365079
embed	last	proj	10	20	True	False	asc	1	0.1111111111111111	0.49206349206349204	0.12698412698412698	0.49206349206349204
embed	last	proj	11	12	True	True	asc	1	0.07936507936507936	0.4603174603174603	0.12698412698412698	0.49206349206349204
embed	last	proj	11	12	True	False	asc	1	0.07936507936507936	0.4603174603174603	0.12698412698412698	0.49206349206349204
embed	last	proj	10	14	True	True	asc	1	0.1111111111111111	0.49206349206349204	0.12698412698412698	0.49206349206349204
act/19	last	proj	15	18	False	False	asc	1	0.1111111111111111	0.20634920634920634	0.12698412698412698	0.4444444444444444
act/19	last	proj	15	20	False	True	asc	1	0.07936507936507936	0.2698412698412698	0.12698412698412698	0.4126984126984127
act/19	last	proj	15	20	False	False	asc	1	0.07936507936507936	0.2857142857142857	0.12698412698412698	0.42857142857142855
act/31	last	proj	6	12	True	False	asc	1	0.09523809523809523	0.38095238095238093	0.12698412698412698	0.38095238095238093
embed	last	proj	10	16	True	False	asc	1	0.1111111111111111	0.49206349206349204	0.12698412698412698	0.49206349206349204
embed	last	proj	10	17	True	True	asc	1	0.1111111111111111	0.49206349206349204	0.12698412698412698	0.49206349206349204
embed	last	proj	10	17	True	False	asc	1	0.1111111111111111	0.49206349206349204	0.12698412698412698	0.49206349206349204
embed	last	proj	9	20	True	True	asc	1	0.1111111111111111	0.49206349206349204	0.12698412698412698	0.49206349206349204
embed	last	proj	10	18	True	False	asc	1	0.1111111111111111	0.49206349206349204	0.12698412698412698	0.49206349206349204
embed	last	proj	10	19	True	True	asc	1	0.1111111111111111	0.49206349206349204	0.12698412698412698	0.49206349206349204
embed	last	proj	10	19	True	False	asc	1	0.1111111111111111	0.49206349206349204	0.12698412698412698	0.49206349206349204
embed	last	proj	10	20	True	True	asc	1	0.1111111111111111	0.49206349206349204	0.12698412698412698	0.49206349206349204
act/3	last	proj	11	16	False	True	asc	1	0.12698412698412698	0.3333333333333333	0.12698412698412698	0.3968253968253968
act/3	last	proj	11	16	False	False	asc	1	0.14285714285714285	0.3492063492063492	0.12698412698412698	0.3968253968253968
act/31	last	proj	5	13	True	False	asc	1	0.14285714285714285	0.4444444444444444	0.12698412698412698	0.42857142857142855
act/31	last	proj	3	20	True	False	asc	1	0.1111111111111111	0.31746031746031744	0.12698412698412698	0.36507936507936506
embed	last	proj	10	14	True	False	asc	1	0.1111111111111111	0.49206349206349204	0.12698412698412698	0.49206349206349204
embed	last	proj	10	15	True	True	asc	1	0.1111111111111111	0.49206349206349204	0.12698412698412698	0.49206349206349204
embed	last	proj	10	15	True	False	asc	1	0.1111111111111111	0.49206349206349204	0.12698412698412698	0.49206349206349204
embed	last	proj	10	16	True	True	asc	1	0.1111111111111111	0.49206349206349204	0.12698412698412698	0.49206349206349204
embed	last	proj	10	11	True	False	asc	1	0.1111111111111111	0.49206349206349204	0.12698412698412698	0.49206349206349204
embed	last	proj	10	12	True	True	asc	1	0.1111111111111111	0.49206349206349204	0.12698412698412698	0.49206349206349204
embed	last	proj	2	14	True	False	asc	1	0.09523809523809523	0.47619047619047616	0.12698412698412698	0.49206349206349204
embed	last	proj	2	15	True	True	asc	1	0.09523809523809523	0.47619047619047616	0.12698412698412698	0.49206349206349204
embed	last	proj	2	5	True	True	asc	1	0.09523809523809523	0.47619047619047616	0.12698412698412698	0.5079365079365079
embed	last	proj	2	5	True	False	asc	1	0.09523809523809523	0.47619047619047616	0.12698412698412698	0.5079365079365079
act/23	last	proj	13	14	False	True	asc	1	0.15873015873015872	0.4126984126984127	0.12698412698412698	0.36507936507936506
act/23	last	proj	13	14	False	False	asc	1	0.15873015873015872	0.4126984126984127	0.12698412698412698	0.36507936507936506
act/7	last	proj	4	18	False	False	asc	1	0.14285714285714285	0.42857142857142855	0.12698412698412698	0.4126984126984127
act/7	last	proj	4	19	False	False	asc	1	0.14285714285714285	0.3968253968253968	0.12698412698412698	0.42857142857142855
act/7	last	proj	4	20	False	True	asc	1	0.12698412698412698	0.38095238095238093	0.12698412698412698	0.36507936507936506
act/7	last	proj	4	20	False	False	asc	1	0.15873015873015872	0.4444444444444444	0.12698412698412698	0.4126984126984127
act/31	last	proj	9	18	True	False	asc	1	0.06349206349206349	0.2857142857142857	0.12698412698412698	0.2698412698412698
act/19	last	proj	9	14	False	False	asc	1	0.12698412698412698	0.2698412698412698	0.12698412698412698	0.31746031746031744
act/19	last	proj	9	15	False	False	asc	1	0.09523809523809523	0.23809523809523808	0.12698412698412698	0.3968253968253968
act/19	last	proj	7	17	False	True	asc	1	0.09523809523809523	0.2698412698412698	0.12698412698412698	0.3492063492063492
act/19	last	proj	9	11	False	False	asc	1	0.14285714285714285	0.3333333333333333	0.12698412698412698	0.31746031746031744
act/19	last	proj	11	18	False	False	asc	1	0.047619047619047616	0.14285714285714285	0.12698412698412698	0.2857142857142857
act/7	last	proj	4	10	False	False	asc	1	0.14285714285714285	0.36507936507936506	0.12698412698412698	0.3968253968253968
act/7	last	proj	4	12	False	True	asc	1	0.12698412698412698	0.4126984126984127	0.12698412698412698	0.36507936507936506
act/7	last	proj	4	16	False	False	asc	1	0.14285714285714285	0.42857142857142855	0.12698412698412698	0.3968253968253968
act/7	last	proj	4	17	False	True	asc	1	0.12698412698412698	0.36507936507936506	0.12698412698412698	0.36507936507936506
act/7	last	proj	4	17	False	False	asc	1	0.14285714285714285	0.42857142857142855	0.12698412698412698	0.3968253968253968
act/7	last	proj	4	18	False	True	asc	1	0.12698412698412698	0.36507936507936506	0.12698412698412698	0.36507936507936506
act/19	last	proj	13	18	False	False	asc	1	0.09523809523809523	0.1746031746031746	0.12698412698412698	0.38095238095238093
act/19	last	proj	13	20	False	True	asc	1	0.12698412698412698	0.23809523809523808	0.12698412698412698	0.38095238095238093
act/19	last	proj	13	20	False	False	asc	1	0.12698412698412698	0.2222222222222222	0.12698412698412698	0.38095238095238093
act/19	last	proj	10	15	False	True	asc	1	0.09523809523809523	0.25396825396825395	0.12698412698412698	0.3968253968253968
act/19	last	proj	10	15	False	False	asc	1	0.09523809523809523	0.23809523809523808	0.12698412698412698	0.38095238095238093
act/19	last	proj	11	13	False	True	asc	1	0.15873015873015872	0.3968253968253968	0.12698412698412698	0.3968253968253968
act/19	last	proj	11	13	False	False	asc	1	0.15873015873015872	0.3968253968253968	0.12698412698412698	0.3968253968253968
act/19	last	proj	9	11	False	True	asc	1	0.14285714285714285	0.3333333333333333	0.12698412698412698	0.30158730158730157
act/31	last	proj	6	13	True	True	asc	1	0.12698412698412698	0.42857142857142855	0.12698412698412698	0.42857142857142855
act/31	last	proj	4	20	True	False	asc	1	0.09523809523809523	0.2857142857142857	0.12698412698412698	0.3333333333333333
act/31	last	proj	5	12	True	False	asc	1	0.14285714285714285	0.4444444444444444	0.12698412698412698	0.42857142857142855
act/31	last	proj	5	13	True	True	asc	1	0.1746031746031746	0.4603174603174603	0.12698412698412698	0.42857142857142855
act/3	last	proj	7	20	False	True	asc	1	0.14285714285714285	0.2698412698412698	0.12698412698412698	0.3968253968253968
act/3	last	proj	7	14	False	True	asc	1	0.19047619047619047	0.3333333333333333	0.12698412698412698	0.3492063492063492
act/3	last	proj	7	18	False	False	asc	1	0.19047619047619047	0.3333333333333333	0.12698412698412698	0.4126984126984127
act/3	last	proj	7	19	False	True	asc	1	0.14285714285714285	0.2857142857142857	0.12698412698412698	0.38095238095238093
act/31	last	proj	15	19	True	False	asc	1	0.031746031746031744	0.1746031746031746	0.12698412698412698	0.23809523809523808
act/7	last	proj	3	17	False	False	asc	1	0.15873015873015872	0.4126984126984127	0.12698412698412698	0.38095238095238093
act/3	last	proj	5	11	False	True	asc	1	0.12698412698412698	0.36507936507936506	0.12698412698412698	0.38095238095238093
act/3	last	proj	5	11	False	False	asc	1	0.1111111111111111	0.36507936507936506	0.12698412698412698	0.36507936507936506
act/3	last	proj	5	12	False	False	asc	1	0.1111111111111111	0.36507936507936506	0.12698412698412698	0.36507936507936506
act/3	last	proj	5	13	False	True	asc	1	0.1111111111111111	0.3333333333333333	0.12698412698412698	0.36507936507936506
act/3	last	proj	5	13	False	False	asc	1	0.07936507936507936	0.3333333333333333	0.12698412698412698	0.3492063492063492
act/3	last	proj	5	14	False	True	asc	1	0.1111111111111111	0.3333333333333333	0.12698412698412698	0.38095238095238093
embed	last	proj	11	17	True	False	asc	1	0.1111111111111111	0.49206349206349204	0.12698412698412698	0.49206349206349204
embed	last	proj	11	18	True	True	asc	1	0.1111111111111111	0.49206349206349204	0.12698412698412698	0.49206349206349204
embed	last	proj	11	18	True	False	asc	1	0.1111111111111111	0.49206349206349204	0.12698412698412698	0.49206349206349204
embed	last	proj	11	19	True	True	asc	1	0.1111111111111111	0.49206349206349204	0.12698412698412698	0.49206349206349204
embed	last	proj	11	19	True	False	asc	1	0.1111111111111111	0.49206349206349204	0.12698412698412698	0.49206349206349204
embed	last	proj	11	20	True	True	asc	1	0.1111111111111111	0.49206349206349204	0.12698412698412698	0.49206349206349204
embed	last	proj	11	20	True	False	asc	1	0.1111111111111111	0.49206349206349204	0.12698412698412698	0.49206349206349204
embed	last	proj	11	13	True	True	asc	1	0.1111111111111111	0.49206349206349204	0.12698412698412698	0.49206349206349204
act/19	last	proj	7	19	False	False	asc	1	0.12698412698412698	0.31746031746031744	0.12698412698412698	0.3968253968253968
embed	last	proj	11	13	True	False	asc	1	0.1111111111111111	0.49206349206349204	0.12698412698412698	0.49206349206349204
embed	last	proj	11	14	True	True	asc	1	0.1111111111111111	0.49206349206349204	0.12698412698412698	0.49206349206349204
embed	last	proj	11	14	True	False	asc	1	0.1111111111111111	0.49206349206349204	0.12698412698412698	0.49206349206349204
embed	last	proj	11	15	True	True	asc	1	0.1111111111111111	0.49206349206349204	0.12698412698412698	0.49206349206349204
embed	last	proj	11	15	True	False	asc	1	0.1111111111111111	0.49206349206349204	0.12698412698412698	0.49206349206349204
embed	last	proj	11	16	True	True	asc	1	0.1111111111111111	0.49206349206349204	0.12698412698412698	0.49206349206349204
embed	last	proj	11	16	True	False	asc	1	0.1111111111111111	0.49206349206349204	0.12698412698412698	0.49206349206349204
act/19	last	proj	7	17	False	False	asc	1	0.1111111111111111	0.25396825396825395	0.12698412698412698	0.3492063492063492
act/31	last	proj	10	18	True	True	asc	1	0.047619047619047616	0.30158730158730157	0.12698412698412698	0.3333333333333333
act/31	last	proj	10	18	True	False	asc	1	0.047619047619047616	0.30158730158730157	0.12698412698412698	0.3333333333333333
act/3	last	proj	6	20	False	False	asc	1	0.07936507936507936	0.2698412698412698	0.12698412698412698	0.36507936507936506
act/3	last	proj	7	11	False	False	asc	1	0.1746031746031746	0.3333333333333333	0.12698412698412698	0.3492063492063492
embed	last	proj	12	17	True	True	asc	1	0.1111111111111111	0.49206349206349204	0.12698412698412698	0.49206349206349204
act/19	last	proj	8	13	False	True	asc	1	0.07936507936507936	0.3333333333333333	0.12698412698412698	0.3492063492063492
act/19	last	proj	7	19	False	True	asc	1	0.12698412698412698	0.2857142857142857	0.12698412698412698	0.42857142857142855
embed	last	proj	12	19	True	False	asc	1	0.1111111111111111	0.49206349206349204	0.12698412698412698	0.49206349206349204
embed	last	proj	12	20	True	True	asc	1	0.1111111111111111	0.49206349206349204	0.12698412698412698	0.49206349206349204
embed	last	proj	12	20	True	False	asc	1	0.1111111111111111	0.49206349206349204	0.12698412698412698	0.49206349206349204
embed	last	proj	12	13	True	True	asc	1	0.1111111111111111	0.49206349206349204	0.12698412698412698	0.49206349206349204
act/31	last	proj	0	18	False	False	asc	1	0.047619047619047616	0.25396825396825395	0.12698412698412698	0.31746031746031744
act/19	last	proj	4	11	False	True	asc	1	0.09523809523809523	0.2857142857142857	0.12698412698412698	0.3968253968253968
act/19	last	proj	6	8	False	True	asc	1	0.14285714285714285	0.3333333333333333	0.12698412698412698	0.30158730158730157
act/19	last	proj	6	8	False	False	asc	1	0.15873015873015872	0.3492063492063492	0.12698412698412698	0.31746031746031744
embed	last	proj	12	15	True	False	asc	1	0.1111111111111111	0.49206349206349204	0.12698412698412698	0.49206349206349204
embed	last	proj	12	16	True	True	asc	1	0.1111111111111111	0.49206349206349204	0.12698412698412698	0.49206349206349204
embed	last	proj	12	16	True	False	asc	1	0.1111111111111111	0.49206349206349204	0.12698412698412698	0.49206349206349204
embed	last	proj	11	17	True	True	asc	1	0.1111111111111111	0.49206349206349204	0.12698412698412698	0.49206349206349204
embed	last	proj	12	17	True	False	asc	1	0.1111111111111111	0.49206349206349204	0.12698412698412698	0.49206349206349204
embed	last	proj	12	18	True	True	asc	1	0.1111111111111111	0.49206349206349204	0.12698412698412698	0.49206349206349204
embed	last	proj	12	18	True	False	asc	1	0.1111111111111111	0.49206349206349204	0.12698412698412698	0.49206349206349204
embed	last	proj	12	19	True	True	asc	1	0.1111111111111111	0.49206349206349204	0.12698412698412698	0.49206349206349204
act/3	last	proj	5	16	False	True	asc	1	0.1111111111111111	0.3333333333333333	0.12698412698412698	0.38095238095238093
act/7	last	proj	3	12	False	True	asc	1	0.1111111111111111	0.4126984126984127	0.12698412698412698	0.38095238095238093
act/7	last	proj	3	12	False	False	asc	1	0.09523809523809523	0.3968253968253968	0.12698412698412698	0.38095238095238093
act/7	last	proj	3	9	False	False	asc	1	0.1746031746031746	0.3968253968253968	0.12698412698412698	0.3492063492063492
act/7	last	proj	3	18	False	False	asc	1	0.15873015873015872	0.4126984126984127	0.12698412698412698	0.3968253968253968
act/7	last	proj	3	14	False	True	asc	1	0.1111111111111111	0.3968253968253968	0.12698412698412698	0.3492063492063492
embed	last	proj	12	13	True	False	asc	1	0.1111111111111111	0.49206349206349204	0.12698412698412698	0.49206349206349204
embed	last	proj	12	15	True	True	asc	1	0.1111111111111111	0.49206349206349204	0.12698412698412698	0.49206349206349204
act/3	last	proj	5	14	False	False	asc	1	0.07936507936507936	0.3492063492063492	0.12698412698412698	0.36507936507936506
act/3	last	proj	5	15	False	True	asc	1	0.1111111111111111	0.3333333333333333	0.12698412698412698	0.38095238095238093
act/3	last	proj	5	15	False	False	asc	1	0.09523809523809523	0.3492063492063492	0.12698412698412698	0.3492063492063492
act/3	last	proj	5	16	False	False	asc	1	0.09523809523809523	0.3492063492063492	0.12698412698412698	0.36507936507936506
act/3	last	proj	5	17	False	True	asc	1	0.1111111111111111	0.3333333333333333	0.12698412698412698	0.38095238095238093
act/3	last	proj	5	17	False	False	asc	1	0.1111111111111111	0.36507936507936506	0.12698412698412698	0.38095238095238093
act/3	last	proj	5	18	False	True	asc	1	0.1111111111111111	0.3333333333333333	0.12698412698412698	0.3968253968253968
act/3	last	proj	5	12	False	True	asc	1	0.12698412698412698	0.3492063492063492	0.12698412698412698	0.36507936507936506
embed	last	proj	13	14	True	False	asc	1	0.1111111111111111	0.49206349206349204	0.12698412698412698	0.49206349206349204
embed	last	proj	13	15	True	True	asc	1	0.1111111111111111	0.49206349206349204	0.12698412698412698	0.49206349206349204
act/31	last	proj	2	16	False	True	asc	1	0.12698412698412698	0.42857142857142855	0.12698412698412698	0.38095238095238093
act/31	last	proj	2	17	False	True	asc	1	0.12698412698412698	0.42857142857142855	0.12698412698412698	0.38095238095238093
act/31	last	proj	1	4	False	True	asc	1	0.20634920634920634	0.36507936507936506	0.12698412698412698	0.3968253968253968
act/31	last	proj	1	4	False	False	asc	1	0.20634920634920634	0.3333333333333333	0.12698412698412698	0.36507936507936506
act/31	last	proj	1	5	False	True	asc	1	0.20634920634920634	0.36507936507936506	0.12698412698412698	0.3968253968253968
embed	last	proj	14	17	True	False	asc	1	0.1111111111111111	0.49206349206349204	0.12698412698412698	0.49206349206349204
embed	last	proj	13	17	True	True	asc	1	0.1111111111111111	0.49206349206349204	0.12698412698412698	0.49206349206349204
embed	last	proj	13	17	True	False	asc	1	0.1111111111111111	0.49206349206349204	0.12698412698412698	0.49206349206349204
embed	last	proj	13	19	True	False	asc	1	0.1111111111111111	0.49206349206349204	0.12698412698412698	0.49206349206349204
embed	last	proj	13	20	True	True	asc	1	0.1111111111111111	0.49206349206349204	0.12698412698412698	0.49206349206349204
embed	last	proj	13	20	True	False	asc	1	0.1111111111111111	0.49206349206349204	0.12698412698412698	0.49206349206349204
embed	last	proj	14	15	True	True	asc	1	0.07936507936507936	0.4603174603174603	0.12698412698412698	0.47619047619047616
embed	last	proj	14	15	True	False	asc	1	0.07936507936507936	0.4603174603174603	0.12698412698412698	0.47619047619047616
embed	last	proj	13	14	True	True	asc	1	0.1111111111111111	0.49206349206349204	0.12698412698412698	0.49206349206349204
act/27	last	proj	2	15	True	True	asc	1	0.1746031746031746	0.36507936507936506	0.12698412698412698	0.36507936507936506
act/27	last	proj	2	15	True	False	asc	1	0.19047619047619047	0.3333333333333333	0.12698412698412698	0.30158730158730157
embed	last	proj	14	20	True	False	asc	1	0.1111111111111111	0.49206349206349204	0.12698412698412698	0.49206349206349204
act/19	last	proj	3	13	False	True	asc	1	0.12698412698412698	0.31746031746031744	0.12698412698412698	0.36507936507936506
act/19	last	proj	4	7	False	False	asc	1	0.09523809523809523	0.2698412698412698	0.12698412698412698	0.36507936507936506
embed	last	proj	13	15	True	False	asc	1	0.1111111111111111	0.49206349206349204	0.12698412698412698	0.49206349206349204
embed	last	proj	13	16	True	True	asc	1	0.1111111111111111	0.49206349206349204	0.12698412698412698	0.49206349206349204
embed	last	proj	13	16	True	False	asc	1	0.1111111111111111	0.49206349206349204	0.12698412698412698	0.49206349206349204
act/31	last	proj	0	19	False	False	asc	1	0.047619047619047616	0.25396825396825395	0.12698412698412698	0.3333333333333333
act/31	last	proj	0	20	False	False	asc	1	0.047619047619047616	0.25396825396825395	0.12698412698412698	0.3333333333333333
act/31	last	proj	17	19	True	False	asc	1	0.06349206349206349	0.25396825396825395	0.12698412698412698	0.3968253968253968
act/31	last	proj	0	6	False	False	asc	1	0.047619047619047616	0.23809523809523808	0.12698412698412698	0.36507936507936506
act/19	last	proj	4	9	False	False	asc	1	0.047619047619047616	0.23809523809523808	0.12698412698412698	0.3333333333333333
act/19	last	proj	3	9	False	True	asc	1	0.07936507936507936	0.25396825396825395	0.12698412698412698	0.36507936507936506
act/31	last	proj	0	14	False	False	asc	1	0.047619047619047616	0.2698412698412698	0.12698412698412698	0.3333333333333333
act/27	last	proj	2	14	True	True	asc	1	0.1746031746031746	0.38095238095238093	0.12698412698412698	0.38095238095238093
act/19	last	proj	3	5	False	True	asc	1	0.06349206349206349	0.2857142857142857	0.12698412698412698	0.30158730158730157
act/19	last	proj	3	5	False	False	asc	1	0.06349206349206349	0.31746031746031744	0.12698412698412698	0.30158730158730157
act/19	last	proj	1	12	False	True	asc	1	0.14285714285714285	0.2698412698412698	0.12698412698412698	0.30158730158730157
act/19	last	proj	1	16	False	True	asc	1	0.14285714285714285	0.25396825396825395	0.12698412698412698	0.25396825396825395
act/19	last	proj	1	17	False	True	asc	1	0.14285714285714285	0.25396825396825395	0.12698412698412698	0.25396825396825395
act/19	last	proj	1	18	False	True	asc	1	0.14285714285714285	0.25396825396825395	0.12698412698412698	0.25396825396825395
act/19	last	proj	1	19	False	True	asc	1	0.14285714285714285	0.25396825396825395	0.12698412698412698	0.2698412698412698
act/27	last	proj	3	4	True	True	asc	1	0.14285714285714285	0.31746031746031744	0.12698412698412698	0.2857142857142857
act/27	last	proj	1	6	True	True	asc	1	0.1111111111111111	0.36507936507936506	0.12698412698412698	0.3968253968253968
act/27	last	proj	1	10	True	False	asc	1	0.14285714285714285	0.3492063492063492	0.12698412698412698	0.3492063492063492
act/27	last	proj	3	14	True	False	asc	1	0.19047619047619047	0.3492063492063492	0.12698412698412698	0.30158730158730157
act/31	last	proj	4	13	False	False	asc	1	0.15873015873015872	0.42857142857142855	0.12698412698412698	0.42857142857142855
act/31	last	proj	3	6	False	False	asc	1	0.19047619047619047	0.38095238095238093	0.12698412698412698	0.38095238095238093
act/31	last	proj	2	18	False	True	asc	1	0.1111111111111111	0.4126984126984127	0.12698412698412698	0.31746031746031744
act/19	last	proj	3	4	False	True	asc	1	0.14285714285714285	0.42857142857142855	0.12698412698412698	0.4603174603174603
act/19	last	proj	3	4	False	False	asc	1	0.14285714285714285	0.42857142857142855	0.12698412698412698	0.4603174603174603
embed	last	proj	15	17	True	False	asc	1	0.1111111111111111	0.49206349206349204	0.12698412698412698	0.49206349206349204
embed	last	proj	15	18	True	True	asc	1	0.1111111111111111	0.49206349206349204	0.12698412698412698	0.49206349206349204
embed	last	proj	15	18	True	False	asc	1	0.1111111111111111	0.49206349206349204	0.12698412698412698	0.49206349206349204
embed	last	proj	14	16	True	True	asc	1	0.09523809523809523	0.47619047619047616	0.12698412698412698	0.49206349206349204
embed	last	proj	14	16	True	False	asc	1	0.09523809523809523	0.47619047619047616	0.12698412698412698	0.49206349206349204
embed	last	proj	14	17	True	True	asc	1	0.1111111111111111	0.49206349206349204	0.12698412698412698	0.49206349206349204
embed	last	proj	14	20	True	True	asc	1	0.1111111111111111	0.49206349206349204	0.12698412698412698	0.49206349206349204
act/27	last	proj	1	5	True	False	asc	1	0.12698412698412698	0.3333333333333333	0.12698412698412698	0.3968253968253968
embed	last	proj	14	18	True	True	asc	1	0.1111111111111111	0.49206349206349204	0.12698412698412698	0.49206349206349204
embed	last	proj	14	18	True	False	asc	1	0.1111111111111111	0.49206349206349204	0.12698412698412698	0.49206349206349204
embed	last	proj	14	19	True	True	asc	1	0.1111111111111111	0.49206349206349204	0.12698412698412698	0.49206349206349204
embed	last	proj	14	19	True	False	asc	1	0.1111111111111111	0.49206349206349204	0.12698412698412698	0.49206349206349204
embed	last	proj	13	18	True	True	asc	1	0.1111111111111111	0.49206349206349204	0.12698412698412698	0.49206349206349204
embed	last	proj	13	18	True	False	asc	1	0.1111111111111111	0.49206349206349204	0.12698412698412698	0.49206349206349204
embed	last	proj	13	19	True	True	asc	1	0.1111111111111111	0.49206349206349204	0.12698412698412698	0.49206349206349204
embed	last	proj	15	17	True	True	asc	1	0.1111111111111111	0.49206349206349204	0.12698412698412698	0.49206349206349204
act/31	last	proj	4	12	False	False	asc	1	0.19047619047619047	0.42857142857142855	0.12698412698412698	0.4444444444444444
embed	last	proj	16	18	True	True	asc	1	0.1111111111111111	0.49206349206349204	0.12698412698412698	0.49206349206349204
embed	last	proj	16	18	True	False	asc	1	0.1111111111111111	0.49206349206349204	0.12698412698412698	0.49206349206349204
act/19	last	proj	1	8	False	False	asc	1	0.1746031746031746	0.31746031746031744	0.12698412698412698	0.3333333333333333
embed	last	proj	17	19	True	True	asc	1	0.1111111111111111	0.49206349206349204	0.12698412698412698	0.49206349206349204
embed	last	proj	17	19	True	False	asc	1	0.1111111111111111	0.49206349206349204	0.12698412698412698	0.49206349206349204
embed	last	proj	15	19	True	True	asc	1	0.1111111111111111	0.49206349206349204	0.12698412698412698	0.49206349206349204
embed	last	proj	15	19	True	False	asc	1	0.1111111111111111	0.49206349206349204	0.12698412698412698	0.49206349206349204
act/19	last	proj	1	7	False	True	asc	1	0.1746031746031746	0.23809523809523808	0.12698412698412698	0.2698412698412698
act/19	last	proj	1	7	False	False	asc	1	0.14285714285714285	0.23809523809523808	0.12698412698412698	0.25396825396825395
act/19	last	proj	1	11	False	False	asc	1	0.1111111111111111	0.25396825396825395	0.12698412698412698	0.3492063492063492
act/19	last	proj	1	5	False	True	asc	1	0.07936507936507936	0.14285714285714285	0.12698412698412698	0.2222222222222222
act/19	last	proj	1	5	False	False	asc	1	0.09523809523809523	0.1746031746031746	0.12698412698412698	0.2222222222222222
act/31	last	proj	2	19	False	True	asc	1	0.1111111111111111	0.3968253968253968	0.12698412698412698	0.3333333333333333
act/31	last	proj	5	14	False	True	asc	1	0.1746031746031746	0.4603174603174603	0.12698412698412698	0.42857142857142855
act/31	last	proj	5	10	False	False	asc	1	0.15873015873015872	0.42857142857142855	0.12698412698412698	0.38095238095238093
embed	last	proj	17	20	True	False	asc	1	0.1111111111111111	0.49206349206349204	0.12698412698412698	0.49206349206349204
embed	last	proj	18	19	True	True	asc	1	0.07936507936507936	0.4603174603174603	0.12698412698412698	0.49206349206349204
embed	last	proj	18	19	True	False	asc	1	0.07936507936507936	0.4603174603174603	0.12698412698412698	0.49206349206349204
act/19	last	proj	1	20	False	True	asc	1	0.14285714285714285	0.25396825396825395	0.12698412698412698	0.2698412698412698
act/19	last	proj	2	4	False	True	asc	1	0.14285714285714285	0.3492063492063492	0.12698412698412698	0.42857142857142855
act/19	last	proj	2	4	False	False	asc	1	0.14285714285714285	0.3492063492063492	0.12698412698412698	0.42857142857142855
act/19	last	proj	2	6	False	False	asc	1	0.06349206349206349	0.2698412698412698	0.12698412698412698	0.42857142857142855
act/19	last	proj	2	9	False	False	asc	1	0.1111111111111111	0.2857142857142857	0.12698412698412698	0.30158730158730157
act/27	last	proj	3	4	True	False	asc	1	0.14285714285714285	0.31746031746031744	0.12698412698412698	0.2857142857142857
embed	last	proj	19	20	True	True	asc	1	0.1111111111111111	0.49206349206349204	0.12698412698412698	0.49206349206349204
embed	last	proj	19	20	True	False	asc	1	0.1111111111111111	0.49206349206349204	0.12698412698412698	0.49206349206349204
embed	last	proj	16	19	True	True	asc	1	0.1111111111111111	0.49206349206349204	0.12698412698412698	0.49206349206349204
embed	last	proj	16	19	True	False	asc	1	0.1111111111111111	0.49206349206349204	0.12698412698412698	0.49206349206349204
embed	last	proj	16	20	True	True	asc	1	0.1111111111111111	0.49206349206349204	0.12698412698412698	0.49206349206349204
embed	last	proj	16	20	True	False	asc	1	0.1111111111111111	0.49206349206349204	0.12698412698412698	0.49206349206349204
embed	last	proj	17	20	True	True	asc	1	0.1111111111111111	0.49206349206349204	0.12698412698412698	0.49206349206349204
act/19	last	proj	11	12	True	False	asc	1	0.07936507936507936	0.4126984126984127	0.12698412698412698	0.42857142857142855
act/19	last	proj	11	20	True	True	asc	1	0.15873015873015872	0.36507936507936506	0.12698412698412698	0.4444444444444444
act/31	last	proj	9	10	False	False	asc	1	0.07936507936507936	0.30158730158730157	0.12698412698412698	0.3492063492063492
act/31	last	proj	9	12	False	False	asc	1	0.07936507936507936	0.3968253968253968	0.12698412698412698	0.38095238095238093
act/31	last	proj	9	14	False	True	asc	1	0.07936507936507936	0.47619047619047616	0.12698412698412698	0.4126984126984127
act/31	last	proj	9	14	False	False	asc	1	0.07936507936507936	0.4603174603174603	0.12698412698412698	0.4126984126984127
act/19	last	proj	9	20	True	False	asc	1	0.19047619047619047	0.42857142857142855	0.12698412698412698	0.4444444444444444
act/19	last	proj	9	15	True	True	asc	1	0.12698412698412698	0.2857142857142857	0.12698412698412698	0.3968253968253968
act/27	last	proj	3	20	True	False	asc	1	0.2222222222222222	0.3492063492063492	0.12698412698412698	0.30158730158730157
act/27	last	proj	4	5	True	True	asc	1	0.12698412698412698	0.31746031746031744	0.12698412698412698	0.2698412698412698
act/27	last	proj	4	5	True	False	asc	1	0.12698412698412698	0.31746031746031744	0.12698412698412698	0.2698412698412698
act/3	last	proj	4	13	False	False	asc	1	0.07936507936507936	0.3492063492063492	0.12698412698412698	0.3492063492063492
act/3	last	proj	4	14	False	True	asc	1	0.14285714285714285	0.38095238095238093	0.12698412698412698	0.36507936507936506
act/31	last	proj	9	12	False	True	asc	1	0.07936507936507936	0.3968253968253968	0.12698412698412698	0.36507936507936506
act/31	last	proj	7	9	False	True	asc	1	0.19047619047619047	0.5396825396825397	0.12698412698412698	0.4444444444444444
act/19	last	proj	11	12	True	True	asc	1	0.07936507936507936	0.4126984126984127	0.12698412698412698	0.42857142857142855
act/31	last	proj	5	12	False	False	asc	1	0.1746031746031746	0.4126984126984127	0.12698412698412698	0.42857142857142855
act/31	last	proj	5	13	False	True	asc	1	0.19047619047619047	0.49206349206349204	0.12698412698412698	0.42857142857142855
act/19	last	proj	12	20	True	True	asc	1	0.1111111111111111	0.2857142857142857	0.12698412698412698	0.4126984126984127
act/19	last	proj	13	17	True	False	asc	1	0.14285714285714285	0.2698412698412698	0.12698412698412698	0.4126984126984127
act/7	last	proj	2	13	False	True	asc	1	0.14285714285714285	0.4126984126984127	0.12698412698412698	0.4126984126984127
act/7	last	proj	3	4	False	False	asc	1	0.07936507936507936	0.2698412698412698	0.12698412698412698	0.25396825396825395
act/27	last	proj	3	17	True	False	asc	1	0.20634920634920634	0.38095238095238093	0.12698412698412698	0.31746031746031744
act/27	last	proj	3	18	True	False	asc	1	0.2222222222222222	0.3968253968253968	0.12698412698412698	0.31746031746031744
embed	last	proj	15	20	True	True	asc	1	0.1111111111111111	0.49206349206349204	0.12698412698412698	0.49206349206349204
embed	last	proj	15	20	True	False	asc	1	0.1111111111111111	0.49206349206349204	0.12698412698412698	0.49206349206349204
embed	last	proj	18	20	True	True	asc	1	0.1111111111111111	0.49206349206349204	0.12698412698412698	0.49206349206349204
embed	last	proj	18	20	True	False	asc	1	0.1111111111111111	0.49206349206349204	0.12698412698412698	0.49206349206349204
act/7	last	proj	3	4	False	True	asc	1	0.07936507936507936	0.2698412698412698	0.12698412698412698	0.25396825396825395
act/31	last	proj	4	19	False	True	asc	1	0.06349206349206349	0.38095238095238093	0.12698412698412698	0.42857142857142855
act/19	last	proj	15	17	True	True	asc	1	0.2857142857142857	0.3968253968253968	0.12698412698412698	0.5079365079365079
act/19	last	proj	15	17	True	False	asc	1	0.2857142857142857	0.3968253968253968	0.12698412698412698	0.5079365079365079
act/31	last	proj	8	16	False	True	asc	1	0.09523809523809523	0.4126984126984127	0.12698412698412698	0.31746031746031744
act/31	last	proj	8	17	False	True	asc	1	0.07936507936507936	0.3968253968253968	0.12698412698412698	0.36507936507936506
act/31	last	proj	9	10	False	True	asc	1	0.07936507936507936	0.30158730158730157	0.12698412698412698	0.3492063492063492
act/19	last	proj	7	12	True	True	asc	1	0.09523809523809523	0.38095238095238093	0.12698412698412698	0.38095238095238093
act/19	last	proj	7	12	True	False	asc	1	0.09523809523809523	0.38095238095238093	0.12698412698412698	0.38095238095238093
act/19	last	proj	7	15	True	False	asc	1	0.07936507936507936	0.38095238095238093	0.12698412698412698	0.38095238095238093
act/19	last	proj	5	13	True	True	asc	1	0.15873015873015872	0.38095238095238093	0.12698412698412698	0.42857142857142855
act/19	last	proj	5	13	True	False	asc	1	0.1746031746031746	0.3968253968253968	0.12698412698412698	0.4444444444444444
act/3	last	proj	4	19	False	True	asc	1	0.15873015873015872	0.38095238095238093	0.12698412698412698	0.36507936507936506
act/19	last	proj	5	14	True	False	asc	1	0.15873015873015872	0.38095238095238093	0.12698412698412698	0.4444444444444444
act/19	last	proj	7	17	True	True	asc	1	0.1111111111111111	0.36507936507936506	0.12698412698412698	0.4126984126984127
act/19	last	proj	8	16	True	True	asc	1	0.1746031746031746	0.3492063492063492	0.12698412698412698	0.31746031746031744
act/19	last	proj	8	17	True	False	asc	1	0.1746031746031746	0.3492063492063492	0.12698412698412698	0.31746031746031744
act/19	last	proj	8	19	True	False	asc	1	0.1746031746031746	0.3968253968253968	0.12698412698412698	0.42857142857142855
act/19	last	proj	8	20	True	False	asc	1	0.1746031746031746	0.4126984126984127	0.12698412698412698	0.4444444444444444
act/19	last	proj	8	13	True	True	asc	1	0.14285714285714285	0.3492063492063492	0.12698412698412698	0.36507936507936506
act/3	last	proj	4	12	False	True	asc	1	0.14285714285714285	0.38095238095238093	0.12698412698412698	0.36507936507936506
act/3	last	proj	4	12	False	False	asc	1	0.09523809523809523	0.3333333333333333	0.12698412698412698	0.36507936507936506
act/3	last	proj	4	13	False	True	asc	1	0.14285714285714285	0.38095238095238093	0.12698412698412698	0.36507936507936506
act/3	last	proj	4	15	False	True	asc	1	0.14285714285714285	0.3968253968253968	0.12698412698412698	0.36507936507936506
act/3	last	proj	4	15	False	False	asc	1	0.1111111111111111	0.38095238095238093	0.12698412698412698	0.3333333333333333
act/3	last	proj	4	16	False	True	asc	1	0.14285714285714285	0.38095238095238093	0.12698412698412698	0.36507936507936506
act/3	last	proj	4	16	False	False	asc	1	0.1111111111111111	0.36507936507936506	0.12698412698412698	0.3492063492063492
act/3	last	proj	4	17	False	True	asc	1	0.14285714285714285	0.38095238095238093	0.12698412698412698	0.36507936507936506
act/19	last	proj	9	19	True	False	asc	1	0.1746031746031746	0.3968253968253968	0.12698412698412698	0.42857142857142855
act/19	last	proj	7	20	True	True	asc	1	0.1111111111111111	0.4126984126984127	0.12698412698412698	0.42857142857142855
act/19	last	proj	7	20	True	False	asc	1	0.09523809523809523	0.4126984126984127	0.12698412698412698	0.42857142857142855
act/3	last	proj	4	17	False	False	asc	1	0.1111111111111111	0.38095238095238093	0.12698412698412698	0.36507936507936506
act/3	last	proj	4	18	False	True	asc	1	0.15873015873015872	0.3968253968253968	0.12698412698412698	0.36507936507936506
act/3	last	proj	4	18	False	False	asc	1	0.14285714285714285	0.4126984126984127	0.12698412698412698	0.3492063492063492
act/3	last	proj	4	11	False	True	asc	1	0.14285714285714285	0.38095238095238093	0.12698412698412698	0.38095238095238093
act/3	last	proj	4	11	False	False	asc	1	0.1111111111111111	0.36507936507936506	0.12698412698412698	0.38095238095238093
act/31	last	proj	12	16	False	False	asc	1	0.06349206349206349	0.3333333333333333	0.12698412698412698	0.31746031746031744
act/31	last	proj	11	17	False	True	asc	1	0.047619047619047616	0.3333333333333333	0.12698412698412698	0.38095238095238093
act/31	last	proj	11	17	False	False	asc	1	0.047619047619047616	0.3333333333333333	0.12698412698412698	0.38095238095238093
act/19	last	proj	4	11	True	True	asc	1	0.25396825396825395	0.38095238095238093	0.12698412698412698	0.36507936507936506
act/19	last	proj	5	8	True	True	asc	1	0.20634920634920634	0.42857142857142855	0.12698412698412698	0.4444444444444444
act/19	last	proj	5	8	True	False	asc	1	0.19047619047619047	0.42857142857142855	0.12698412698412698	0.42857142857142855
act/19	last	proj	5	10	True	True	asc	1	0.1746031746031746	0.4444444444444444	0.12698412698412698	0.4603174603174603
act/19	last	proj	3	18	True	True	asc	1	0.20634920634920634	0.3968253968253968	0.12698412698412698	0.38095238095238093
act/31	last	proj	10	14	False	False	asc	1	0.06349206349206349	0.36507936507936506	0.12698412698412698	0.42857142857142855
act/19	last	proj	5	17	True	True	asc	1	0.1746031746031746	0.38095238095238093	0.12698412698412698	0.4126984126984127
act/19	last	proj	5	18	True	True	asc	1	0.15873015873015872	0.3968253968253968	0.12698412698412698	0.42857142857142855
act/19	last	proj	5	19	True	True	asc	1	0.14285714285714285	0.4126984126984127	0.12698412698412698	0.42857142857142855
act/19	last	proj	5	16	True	True	asc	1	0.1746031746031746	0.38095238095238093	0.12698412698412698	0.3968253968253968
act/19	last	proj	5	20	True	True	asc	1	0.15873015873015872	0.42857142857142855	0.12698412698412698	0.42857142857142855
act/19	last	proj	4	11	True	False	asc	1	0.20634920634920634	0.38095238095238093	0.12698412698412698	0.38095238095238093
act/31	last	proj	12	16	False	True	asc	1	0.06349206349206349	0.3333333333333333	0.12698412698412698	0.36507936507936506
act/3	last	proj	3	14	False	True	asc	1	0.14285714285714285	0.4126984126984127	0.12698412698412698	0.3968253968253968
act/31	last	proj	10	13	False	True	asc	1	0.07936507936507936	0.4126984126984127	0.12698412698412698	0.4126984126984127
act/31	last	proj	10	13	False	False	asc	1	0.06349206349206349	0.38095238095238093	0.12698412698412698	0.4126984126984127
act/31	last	proj	10	16	False	False	asc	1	0.06349206349206349	0.3492063492063492	0.12698412698412698	0.3492063492063492
act/31	last	proj	10	17	False	True	asc	1	0.06349206349206349	0.36507936507936506	0.12698412698412698	0.38095238095238093
act/31	last	proj	10	11	False	True	asc	1	0.12698412698412698	0.2857142857142857	0.12698412698412698	0.42857142857142855
act/31	last	proj	10	18	False	False	asc	1	0.047619047619047616	0.2857142857142857	0.12698412698412698	0.2857142857142857
act/31	last	proj	10	14	False	True	asc	1	0.06349206349206349	0.36507936507936506	0.12698412698412698	0.4444444444444444
act/19	last	proj	5	14	True	True	asc	1	0.15873015873015872	0.38095238095238093	0.12698412698412698	0.42857142857142855
act/27	last	proj	6	12	True	False	asc	1	0.14285714285714285	0.31746031746031744	0.12698412698412698	0.2857142857142857
act/27	last	proj	6	13	True	True	asc	1	0.15873015873015872	0.30158730158730157	0.12698412698412698	0.30158730158730157
act/27	last	proj	4	16	True	False	asc	1	0.1746031746031746	0.36507936507936506	0.12698412698412698	0.31746031746031744
act/27	last	proj	4	19	True	False	asc	1	0.19047619047619047	0.38095238095238093	0.12698412698412698	0.31746031746031744
act/27	last	proj	5	20	True	False	asc	1	0.19047619047619047	0.38095238095238093	0.12698412698412698	0.3333333333333333
act/27	last	proj	6	7	True	True	asc	1	0.12698412698412698	0.3333333333333333	0.12698412698412698	0.30158730158730157
act/27	last	proj	6	7	True	False	asc	1	0.12698412698412698	0.3333333333333333	0.12698412698412698	0.30158730158730157
act/7	last	proj	0	19	False	False	asc	1	0.1746031746031746	0.3968253968253968	0.12698412698412698	0.31746031746031744
act/7	last	proj	0	20	False	True	asc	1	0.1746031746031746	0.31746031746031744	0.12698412698412698	0.2857142857142857
act/7	last	proj	0	20	False	False	asc	1	0.19047619047619047	0.3968253968253968	0.12698412698412698	0.31746031746031744
act/7	last	proj	1	5	False	False	asc	1	0.15873015873015872	0.38095238095238093	0.12698412698412698	0.4126984126984127
act/31	last	proj	13	14	False	True	asc	1	0.14285714285714285	0.2857142857142857	0.12698412698412698	0.38095238095238093
act/31	last	proj	13	14	False	False	asc	1	0.14285714285714285	0.2857142857142857	0.12698412698412698	0.38095238095238093
act/19	last	proj	2	16	True	True	asc	1	0.20634920634920634	0.4444444444444444	0.12698412698412698	0.38095238095238093
act/19	last	proj	2	17	True	True	asc	1	0.2222222222222222	0.42857142857142855	0.12698412698412698	0.3968253968253968
act/27	last	proj	7	11	True	True	asc	1	0.1746031746031746	0.3492063492063492	0.12698412698412698	0.2698412698412698
act/27	last	proj	7	11	True	False	asc	1	0.1746031746031746	0.3492063492063492	0.12698412698412698	0.30158730158730157
act/27	last	proj	7	13	True	True	asc	1	0.1746031746031746	0.3492063492063492	0.12698412698412698	0.23809523809523808
act/7	last	proj	0	17	False	True	asc	1	0.1746031746031746	0.31746031746031744	0.12698412698412698	0.2857142857142857
act/7	last	proj	0	17	False	False	asc	1	0.1746031746031746	0.3968253968253968	0.12698412698412698	0.31746031746031744
act/7	last	proj	0	18	False	True	asc	1	0.1746031746031746	0.31746031746031744	0.12698412698412698	0.2857142857142857
act/7	last	proj	0	18	False	False	asc	1	0.1746031746031746	0.3968253968253968	0.12698412698412698	0.31746031746031744
act/7	last	proj	0	19	False	True	asc	1	0.1746031746031746	0.31746031746031744	0.12698412698412698	0.2857142857142857
act/19	last	proj	4	8	True	True	asc	1	0.20634920634920634	0.3968253968253968	0.12698412698412698	0.38095238095238093
act/19	last	proj	4	9	True	True	asc	1	0.20634920634920634	0.3968253968253968	0.12698412698412698	0.36507936507936506
act/19	last	proj	2	12	True	False	asc	1	0.23809523809523808	0.42857142857142855	0.12698412698412698	0.3333333333333333
act/31	last	proj	11	16	False	True	asc	1	0.047619047619047616	0.3333333333333333	0.12698412698412698	0.38095238095238093
act/31	last	proj	11	16	False	False	asc	1	0.047619047619047616	0.3333333333333333	0.12698412698412698	0.38095238095238093
act/3	last	proj	3	17	False	False	asc	1	0.1111111111111111	0.3968253968253968	0.12698412698412698	0.36507936507936506
act/3	last	proj	3	13	False	True	asc	1	0.14285714285714285	0.3968253968253968	0.12698412698412698	0.38095238095238093
act/27	last	proj	7	9	True	True	asc	1	0.1111111111111111	0.31746031746031744	0.12698412698412698	0.3333333333333333
act/31	last	proj	12	17	False	False	asc	1	0.031746031746031744	0.2857142857142857	0.12698412698412698	0.38095238095238093
act/31	last	proj	10	11	False	False	asc	1	0.12698412698412698	0.2857142857142857	0.12698412698412698	0.42857142857142855
act/19	last	proj	2	20	True	True	asc	1	0.25396825396825395	0.4603174603174603	0.12698412698412698	0.3968253968253968
act/19	last	proj	3	7	True	False	asc	1	0.14285714285714285	0.38095238095238093	0.12698412698412698	0.4126984126984127
act/19	last	proj	3	19	True	True	asc	1	0.20634920634920634	0.38095238095238093	0.12698412698412698	0.36507936507936506
act/19	last	proj	3	20	True	True	asc	1	0.2222222222222222	0.3968253968253968	0.12698412698412698	0.3333333333333333
act/19	last	proj	2	15	True	True	asc	1	0.20634920634920634	0.3968253968253968	0.12698412698412698	0.38095238095238093
act/19	last	proj	2	15	True	False	asc	1	0.23809523809523808	0.49206349206349204	0.12698412698412698	0.38095238095238093
act/31_normed	last	proj	0	2	True	False	asc	1	0.1111111111111111	0.2222222222222222	0.12698412698412698	0.36507936507936506
act/7	last	proj	0	11	False	True	asc	1	0.1746031746031746	0.31746031746031744	0.12698412698412698	0.2857142857142857
act/7	last	proj	0	11	False	False	asc	1	0.1746031746031746	0.38095238095238093	0.12698412698412698	0.30158730158730157
act/7	last	proj	0	12	False	True	asc	1	0.1746031746031746	0.31746031746031744	0.12698412698412698	0.30158730158730157
act/7	last	proj	0	12	False	False	asc	1	0.1746031746031746	0.38095238095238093	0.12698412698412698	0.30158730158730157
act/7	last	proj	0	13	False	True	asc	1	0.1746031746031746	0.31746031746031744	0.12698412698412698	0.30158730158730157
act/7	last	proj	0	13	False	False	asc	1	0.1746031746031746	0.38095238095238093	0.12698412698412698	0.30158730158730157
act/7	last	proj	0	14	False	True	asc	1	0.1746031746031746	0.31746031746031744	0.12698412698412698	0.2857142857142857
act/19	last	proj	1	12	True	True	asc	1	0.14285714285714285	0.31746031746031744	0.12698412698412698	0.38095238095238093
act/3	last	proj	3	6	False	True	asc	1	0.14285714285714285	0.3968253968253968	0.12698412698412698	0.42857142857142855
act/27	last	proj	10	12	True	True	asc	1	0.14285714285714285	0.3492063492063492	0.12698412698412698	0.25396825396825395
act/27	last	proj	10	12	True	False	asc	1	0.12698412698412698	0.3333333333333333	0.12698412698412698	0.25396825396825395
act/31	last	norm_l2	0	0	True	False	asc	1	0.15873015873015872	0.38095238095238093	0.12698412698412698	0.36507936507936506
act/31	last	norm_l1	0	0	True	False	asc	1	0.1746031746031746	0.3968253968253968	0.12698412698412698	0.38095238095238093
act/31_normed	last	proj	0	1	True	True	asc	1	0.07936507936507936	0.23809523809523808	0.12698412698412698	0.30158730158730157
act/31_normed	last	proj	0	1	True	False	asc	1	0.07936507936507936	0.23809523809523808	0.12698412698412698	0.30158730158730157
act/7	last	proj	0	16	False	True	asc	1	0.1746031746031746	0.31746031746031744	0.12698412698412698	0.2857142857142857
act/7	last	proj	0	16	False	False	asc	1	0.19047619047619047	0.3968253968253968	0.12698412698412698	0.30158730158730157
act/19	last	proj	1	13	True	True	asc	1	0.12698412698412698	0.31746031746031744	0.12698412698412698	0.36507936507936506
act/19	last	proj	1	6	True	True	asc	1	0.12698412698412698	0.38095238095238093	0.12698412698412698	0.38095238095238093
act/19	last	proj	1	6	True	False	asc	1	0.1746031746031746	0.4126984126984127	0.12698412698412698	0.36507936507936506
act/19	last	proj	1	7	True	True	asc	1	0.12698412698412698	0.3492063492063492	0.12698412698412698	0.4126984126984127
act/19	last	proj	0	4	True	False	asc	1	0.1111111111111111	0.25396825396825395	0.12698412698412698	0.31746031746031744
act/19	last	proj	1	11	True	True	asc	1	0.14285714285714285	0.31746031746031744	0.12698412698412698	0.38095238095238093
act/19	last	proj	2	18	True	True	asc	1	0.25396825396825395	0.4444444444444444	0.12698412698412698	0.3968253968253968
act/19	last	proj	3	10	True	True	asc	1	0.19047619047619047	0.38095238095238093	0.12698412698412698	0.36507936507936506
act/19	last	proj	0	8	True	False	asc	1	0.12698412698412698	0.3492063492063492	0.12698412698412698	0.38095238095238093
act/19	last	proj	0	2	True	True	asc	1	0.07936507936507936	0.23809523809523808	0.12698412698412698	0.2857142857142857
act/19	last	proj	2	10	True	False	asc	1	0.23809523809523808	0.42857142857142855	0.12698412698412698	0.38095238095238093
act/19	last	proj	2	11	True	False	asc	1	0.23809523809523808	0.3968253968253968	0.12698412698412698	0.36507936507936506
act/7	last	proj	0	15	False	True	asc	1	0.1746031746031746	0.31746031746031744	0.12698412698412698	0.2857142857142857
act/7	last	proj	0	15	False	False	asc	1	0.19047619047619047	0.3968253968253968	0.12698412698412698	0.30158730158730157
act/31_normed	last	proj	2	14	True	True	asc	1	0.19047619047619047	0.5079365079365079	0.12698412698412698	0.4444444444444444
act/31_normed	last	proj	2	15	True	True	asc	1	0.19047619047619047	0.5238095238095238	0.12698412698412698	0.4444444444444444
act/15	last	proj	10	14	False	False	asc	1	0.19047619047619047	0.47619047619047616	0.12698412698412698	0.25396825396825395
act/15	last	proj	10	11	False	True	asc	1	0.0	0.3968253968253968	0.12698412698412698	0.3968253968253968
act/15	last	proj	8	11	False	False	asc	1	0.047619047619047616	0.38095238095238093	0.12698412698412698	0.38095238095238093
act/15	last	proj	8	12	False	True	asc	1	0.1111111111111111	0.4603174603174603	0.12698412698412698	0.36507936507936506
act/15	last	proj	10	14	False	True	asc	1	0.15873015873015872	0.4444444444444444	0.12698412698412698	0.2698412698412698
act/15	last	proj	8	11	False	True	asc	1	0.047619047619047616	0.38095238095238093	0.12698412698412698	0.38095238095238093
act/31_normed	last	proj	1	19	True	False	asc	1	0.06349206349206349	0.31746031746031744	0.12698412698412698	0.38095238095238093
act/31_normed	last	proj	2	11	True	False	asc	1	0.19047619047619047	0.49206349206349204	0.12698412698412698	0.4444444444444444
act/31_normed	last	proj	2	12	True	False	asc	1	0.15873015873015872	0.47619047619047616	0.12698412698412698	0.42857142857142855
act/31_normed	last	proj	2	13	True	True	asc	1	0.19047619047619047	0.5238095238095238	0.12698412698412698	0.42857142857142855
act/31_normed	last	proj	2	13	True	False	asc	1	0.15873015873015872	0.4603174603174603	0.12698412698412698	0.4126984126984127
act/15	last	proj	10	11	False	False	asc	1	0.0	0.3968253968253968	0.12698412698412698	0.3968253968253968
act/15	last	proj	9	14	False	False	asc	1	0.14285714285714285	0.4603174603174603	0.12698412698412698	0.2857142857142857
act/31_normed	last	proj	2	19	True	False	asc	1	0.09523809523809523	0.38095238095238093	0.12698412698412698	0.3333333333333333
act/15	last	norm_l1	0	0	True	False	asc	1	0.1111111111111111	0.36507936507936506	0.12698412698412698	0.3492063492063492
act/31	last	proj	16	17	False	True	asc	1	0.12698412698412698	0.31746031746031744	0.12698412698412698	0.42857142857142855
act/31	last	proj	16	17	False	False	asc	1	0.12698412698412698	0.31746031746031744	0.12698412698412698	0.42857142857142855
act/31_normed	last	proj	0	15	True	False	asc	1	0.14285714285714285	0.42857142857142855	0.12698412698412698	0.3968253968253968
act/31_normed	last	proj	0	3	True	False	asc	1	0.14285714285714285	0.2857142857142857	0.12698412698412698	0.38095238095238093
act/31_normed	last	proj	0	16	True	False	asc	1	0.1746031746031746	0.3968253968253968	0.12698412698412698	0.38095238095238093
act/15	last	proj	15	16	False	True	asc	1	0.06349206349206349	0.23809523809523808	0.12698412698412698	0.3492063492063492
act/15	last	proj	15	16	False	False	asc	1	0.06349206349206349	0.23809523809523808	0.12698412698412698	0.3492063492063492
act/7	last	proj	0	14	False	False	asc	1	0.19047619047619047	0.3968253968253968	0.12698412698412698	0.30158730158730157
act/19	last	proj	0	12	True	False	asc	1	0.1746031746031746	0.31746031746031744	0.12698412698412698	0.38095238095238093
act/19	last	proj	0	5	True	False	asc	1	0.1746031746031746	0.3492063492063492	0.12698412698412698	0.3492063492063492
act/19	last	proj	0	6	True	False	asc	1	0.12698412698412698	0.23809523809523808	0.12698412698412698	0.2698412698412698
act/19	last	proj	0	9	True	False	asc	1	0.12698412698412698	0.3492063492063492	0.12698412698412698	0.3333333333333333
act/19	last	proj	0	10	True	False	asc	1	0.1746031746031746	0.31746031746031744	0.12698412698412698	0.36507936507936506
act/15	last	proj	16	17	False	True	asc	1	0.07936507936507936	0.2222222222222222	0.12698412698412698	0.2857142857142857
act/15	last	proj	16	17	False	False	asc	1	0.07936507936507936	0.2222222222222222	0.12698412698412698	0.2857142857142857
act/31_normed	last	proj	4	13	True	False	asc	1	0.1746031746031746	0.47619047619047616	0.12698412698412698	0.4126984126984127
act/15	last	proj	5	10	False	False	asc	1	0.23809523809523808	0.47619047619047616	0.12698412698412698	0.3333333333333333
act/15	last	proj	5	11	False	False	asc	1	0.1746031746031746	0.36507936507936506	0.12698412698412698	0.36507936507936506
act/15	last	proj	3	16	False	True	asc	1	0.1746031746031746	0.47619047619047616	0.12698412698412698	0.3968253968253968
act/15	last	proj	3	17	False	False	asc	1	0.14285714285714285	0.36507936507936506	0.12698412698412698	0.38095238095238093
act/15	last	proj	3	18	False	False	asc	1	0.14285714285714285	0.36507936507936506	0.12698412698412698	0.36507936507936506
act/7	last	proj	0	1	False	True	asc	1	0.1746031746031746	0.31746031746031744	0.12698412698412698	0.30158730158730157
act/7	last	proj	0	1	False	False	asc	1	0.1746031746031746	0.31746031746031744	0.12698412698412698	0.30158730158730157
act/7	last	proj	0	10	False	True	asc	1	0.1746031746031746	0.31746031746031744	0.12698412698412698	0.30158730158730157
act/7	last	proj	0	10	False	False	asc	1	0.1746031746031746	0.3492063492063492	0.12698412698412698	0.30158730158730157
act/15	last	proj	6	13	False	True	asc	1	0.20634920634920634	0.49206349206349204	0.12698412698412698	0.30158730158730157
act/15	last	proj	6	14	False	False	asc	1	0.1746031746031746	0.4603174603174603	0.12698412698412698	0.36507936507936506
act/31_normed	last	proj	6	15	True	False	asc	1	0.09523809523809523	0.42857142857142855	0.12698412698412698	0.3968253968253968
act/31_normed	last	proj	4	14	True	False	asc	1	0.14285714285714285	0.4603174603174603	0.12698412698412698	0.4126984126984127
act/31_normed	last	proj	4	15	True	True	asc	1	0.14285714285714285	0.4603174603174603	0.12698412698412698	0.4444444444444444
act/31_normed	last	proj	4	19	True	True	asc	1	0.15873015873015872	0.38095238095238093	0.12698412698412698	0.4444444444444444
act/7	last	proj	16	20	False	False	asc	1	0.1111111111111111	0.38095238095238093	0.12698412698412698	0.3968253968253968
act/7	last	proj	0	6	False	False	asc	1	0.1746031746031746	0.36507936507936506	0.12698412698412698	0.30158730158730157
act/7	last	proj	0	7	False	True	asc	1	0.1746031746031746	0.31746031746031744	0.12698412698412698	0.30158730158730157
act/7	last	proj	0	7	False	False	asc	1	0.1746031746031746	0.38095238095238093	0.12698412698412698	0.30158730158730157
act/7	last	proj	0	8	False	True	asc	1	0.1746031746031746	0.31746031746031744	0.12698412698412698	0.2857142857142857
act/7	last	proj	0	8	False	False	asc	1	0.1746031746031746	0.3492063492063492	0.12698412698412698	0.30158730158730157
act/7	last	proj	0	9	False	True	asc	1	0.1746031746031746	0.31746031746031744	0.12698412698412698	0.2857142857142857
act/7	last	proj	0	9	False	False	asc	1	0.1746031746031746	0.3492063492063492	0.12698412698412698	0.30158730158730157
act/31_normed	last	proj	4	17	True	True	asc	1	0.14285714285714285	0.38095238095238093	0.12698412698412698	0.42857142857142855
act/31_normed	last	proj	5	10	True	True	asc	1	0.23809523809523808	0.47619047619047616	0.12698412698412698	0.4444444444444444
act/31_normed	last	proj	3	19	True	True	asc	1	0.14285714285714285	0.3968253968253968	0.12698412698412698	0.3968253968253968
act/31_normed	last	proj	3	20	True	True	asc	1	0.14285714285714285	0.3968253968253968	0.12698412698412698	0.38095238095238093
act/31_normed	last	proj	3	20	True	False	asc	1	0.12698412698412698	0.38095238095238093	0.12698412698412698	0.36507936507936506
act/31_normed	last	proj	3	13	True	False	asc	1	0.15873015873015872	0.4603174603174603	0.12698412698412698	0.4126984126984127
act/31_normed	last	proj	3	18	True	True	asc	1	0.14285714285714285	0.3968253968253968	0.12698412698412698	0.3968253968253968
act/7	last	proj	16	20	False	True	asc	1	0.1111111111111111	0.3968253968253968	0.12698412698412698	0.3968253968253968
act/15	last	proj	3	10	False	True	asc	1	0.1746031746031746	0.4603174603174603	0.12698412698412698	0.4444444444444444
act/15	last	proj	2	20	False	False	asc	1	0.14285714285714285	0.38095238095238093	0.12698412698412698	0.3492063492063492
act/15	last	proj	3	12	False	True	asc	1	0.1746031746031746	0.5079365079365079	0.12698412698412698	0.42857142857142855
act/15	last	proj	1	19	False	True	asc	1	0.15873015873015872	0.3492063492063492	0.12698412698412698	0.31746031746031744
act/15	last	proj	1	20	False	True	asc	1	0.15873015873015872	0.3492063492063492	0.12698412698412698	0.31746031746031744
act/15	last	proj	2	6	False	False	asc	1	0.1111111111111111	0.4444444444444444	0.12698412698412698	0.4444444444444444
act/15	last	proj	1	18	False	True	asc	1	0.15873015873015872	0.3492063492063492	0.12698412698412698	0.3333333333333333
act/15	last	proj	1	18	False	False	asc	1	0.07936507936507936	0.2222222222222222	0.12698412698412698	0.30158730158730157
act/15	last	proj	3	19	False	False	asc	1	0.14285714285714285	0.38095238095238093	0.12698412698412698	0.38095238095238093
act/15	last	proj	4	12	False	True	asc	1	0.06349206349206349	0.36507936507936506	0.12698412698412698	0.42857142857142855
act/15	last	proj	4	13	False	True	asc	1	0.07936507936507936	0.38095238095238093	0.12698412698412698	0.38095238095238093
act/15	last	proj	4	14	False	True	asc	1	0.09523809523809523	0.4126984126984127	0.12698412698412698	0.3968253968253968
act/15	last	proj	2	17	False	False	asc	1	0.15873015873015872	0.3968253968253968	0.12698412698412698	0.3492063492063492
act/15	last	proj	2	18	False	False	asc	1	0.14285714285714285	0.38095238095238093	0.12698412698412698	0.3492063492063492
act/15	last	proj	2	19	False	False	asc	1	0.14285714285714285	0.38095238095238093	0.12698412698412698	0.3492063492063492
act/15	last	proj	3	5	False	False	asc	1	0.14285714285714285	0.49206349206349204	0.12698412698412698	0.4126984126984127
act/7	last	proj	0	6	False	True	asc	1	0.1746031746031746	0.31746031746031744	0.12698412698412698	0.30158730158730157
act/3	last	proj	17	20	True	True	asc	1	0.015873015873015872	0.15873015873015872	0.12698412698412698	0.2698412698412698
act/7	last	proj	14	20	True	False	asc	1	0.06349206349206349	0.2857142857142857	0.12698412698412698	0.2698412698412698
act/7	last	proj	15	20	True	True	asc	1	0.1111111111111111	0.36507936507936506	0.12698412698412698	0.4126984126984127
act/7	last	proj	15	20	True	False	asc	1	0.1111111111111111	0.3492063492063492	0.12698412698412698	0.38095238095238093
act/7	last	proj	14	18	True	False	asc	1	0.06349206349206349	0.3333333333333333	0.12698412698412698	0.3333333333333333
act/7	last	proj	14	19	True	True	asc	1	0.06349206349206349	0.30158730158730157	0.12698412698412698	0.2857142857142857
act/7	last	proj	14	20	True	True	asc	1	0.06349206349206349	0.30158730158730157	0.12698412698412698	0.2698412698412698
act/7	last	proj	0	2	False	True	asc	1	0.1746031746031746	0.31746031746031744	0.12698412698412698	0.2857142857142857
act/7	last	proj	0	2	False	False	asc	1	0.1746031746031746	0.30158730158730157	0.12698412698412698	0.2698412698412698
act/7	last	proj	0	3	False	True	asc	1	0.1746031746031746	0.31746031746031744	0.12698412698412698	0.2857142857142857
act/7	last	proj	0	3	False	False	asc	1	0.1746031746031746	0.30158730158730157	0.12698412698412698	0.2857142857142857
act/7	last	proj	0	4	False	True	asc	1	0.1746031746031746	0.31746031746031744	0.12698412698412698	0.2857142857142857
act/7	last	proj	0	4	False	False	asc	1	0.1746031746031746	0.30158730158730157	0.12698412698412698	0.2698412698412698
act/7	last	proj	0	5	False	True	asc	1	0.1746031746031746	0.31746031746031744	0.12698412698412698	0.2857142857142857
act/7	last	proj	0	5	False	False	asc	1	0.1746031746031746	0.31746031746031744	0.12698412698412698	0.30158730158730157
act/7	last	proj	13	18	True	True	asc	1	0.15873015873015872	0.47619047619047616	0.12698412698412698	0.3968253968253968
act/7	last	proj	13	18	True	False	asc	1	0.15873015873015872	0.47619047619047616	0.12698412698412698	0.3968253968253968
act/7	last	proj	13	19	True	True	asc	1	0.12698412698412698	0.47619047619047616	0.12698412698412698	0.3968253968253968
act/31_normed	last	proj	13	14	True	True	asc	1	0.09523809523809523	0.2698412698412698	0.12698412698412698	0.30158730158730157
act/31_normed	last	proj	13	14	True	False	asc	1	0.09523809523809523	0.2698412698412698	0.12698412698412698	0.30158730158730157
act/31_normed	last	proj	11	16	True	True	asc	1	0.047619047619047616	0.31746031746031744	0.12698412698412698	0.3492063492063492
act/15	last	proj	1	15	False	True	asc	1	0.15873015873015872	0.3492063492063492	0.12698412698412698	0.3492063492063492
act/15	last	proj	1	16	False	True	asc	1	0.15873015873015872	0.3492063492063492	0.12698412698412698	0.3333333333333333
act/15	last	proj	2	8	False	False	asc	1	0.20634920634920634	0.5238095238095238	0.12698412698412698	0.4603174603174603
act/15	last	proj	1	3	False	True	asc	1	0.12698412698412698	0.2857142857142857	0.12698412698412698	0.36507936507936506
act/15	last	proj	1	3	False	False	asc	1	0.12698412698412698	0.2698412698412698	0.12698412698412698	0.3333333333333333
act/15	last	proj	1	4	False	True	asc	1	0.15873015873015872	0.31746031746031744	0.12698412698412698	0.38095238095238093
act/15	last	proj	1	4	False	False	asc	1	0.1746031746031746	0.3333333333333333	0.12698412698412698	0.36507936507936506
act/15	last	proj	2	12	False	True	asc	1	0.20634920634920634	0.47619047619047616	0.12698412698412698	0.42857142857142855
act/15	last	proj	2	12	False	False	asc	1	0.14285714285714285	0.42857142857142855	0.12698412698412698	0.36507936507936506
act/7	last	proj	13	17	True	False	asc	1	0.15873015873015872	0.4444444444444444	0.12698412698412698	0.4126984126984127
act/31_normed	last	proj	9	13	True	False	asc	1	0.07936507936507936	0.3333333333333333	0.12698412698412698	0.3968253968253968
act/31_normed	last	proj	9	15	True	True	asc	1	0.07936507936507936	0.3333333333333333	0.12698412698412698	0.38095238095238093
act/31_normed	last	proj	10	12	True	True	asc	1	0.06349206349206349	0.2857142857142857	0.12698412698412698	0.3968253968253968
act/15	last	proj	2	9	False	True	asc	1	0.2222222222222222	0.5079365079365079	0.12698412698412698	0.4444444444444444
act/15	last	proj	2	10	False	True	asc	1	0.20634920634920634	0.47619047619047616	0.12698412698412698	0.42857142857142855
act/15	last	proj	2	10	False	False	asc	1	0.19047619047619047	0.4603174603174603	0.12698412698412698	0.36507936507936506
act/15	last	proj	2	11	False	True	asc	1	0.1746031746031746	0.4444444444444444	0.12698412698412698	0.42857142857142855
act/15	last	proj	2	8	False	True	asc	1	0.23809523809523808	0.5555555555555556	0.12698412698412698	0.47619047619047616
act/7	last	proj	14	19	False	False	asc	1	0.09523809523809523	0.3492063492063492	0.12698412698412698	0.31746031746031744
act/7	last	proj	16	18	False	True	asc	1	0.09523809523809523	0.31746031746031744	0.12698412698412698	0.38095238095238093
act/7	last	proj	16	18	False	False	asc	1	0.09523809523809523	0.31746031746031744	0.12698412698412698	0.38095238095238093
act/7	last	proj	14	20	False	False	asc	1	0.09523809523809523	0.31746031746031744	0.12698412698412698	0.30158730158730157
act/27	last	proj	16	20	True	True	asc	1	0.14285714285714285	0.3492063492063492	0.12698412698412698	0.3333333333333333
act/27	last	proj	16	20	True	False	asc	1	0.14285714285714285	0.3492063492063492	0.12698412698412698	0.31746031746031744
act/7	last	proj	6	16	False	False	asc	1	0.14285714285714285	0.4126984126984127	0.12698412698412698	0.4126984126984127
act/3	last	proj	15	18	True	True	asc	1	0.09523809523809523	0.2698412698412698	0.12698412698412698	0.3333333333333333
embed	last	proj	4	12	False	True	asc	1	0.09523809523809523	0.47619047619047616	0.12698412698412698	0.49206349206349204
embed	last	proj	4	12	False	False	asc	1	0.09523809523809523	0.47619047619047616	0.12698412698412698	0.49206349206349204
embed	last	proj	4	13	False	True	asc	1	0.09523809523809523	0.47619047619047616	0.12698412698412698	0.49206349206349204
act/15	last	proj	15	19	True	False	asc	1	0.20634920634920634	0.47619047619047616	0.12698412698412698	0.3968253968253968
embed	last	proj	3	17	False	False	asc	1	0.09523809523809523	0.47619047619047616	0.12698412698412698	0.49206349206349204
embed	last	proj	3	18	False	False	asc	1	0.09523809523809523	0.47619047619047616	0.12698412698412698	0.49206349206349204
embed	last	proj	4	5	False	False	asc	1	0.09523809523809523	0.47619047619047616	0.12698412698412698	0.49206349206349204
embed	last	proj	4	6	False	True	asc	1	0.09523809523809523	0.47619047619047616	0.12698412698412698	0.49206349206349204
embed	last	proj	4	14	False	False	asc	1	0.09523809523809523	0.47619047619047616	0.12698412698412698	0.49206349206349204
embed	last	proj	4	7	False	True	asc	1	0.09523809523809523	0.47619047619047616	0.12698412698412698	0.49206349206349204
embed	last	proj	4	7	False	False	asc	1	0.09523809523809523	0.47619047619047616	0.12698412698412698	0.49206349206349204
embed	last	proj	4	8	False	True	asc	1	0.09523809523809523	0.47619047619047616	0.12698412698412698	0.49206349206349204
embed	last	proj	4	8	False	False	asc	1	0.09523809523809523	0.47619047619047616	0.12698412698412698	0.49206349206349204
embed	last	proj	4	9	False	True	asc	1	0.09523809523809523	0.47619047619047616	0.12698412698412698	0.49206349206349204
embed	last	proj	4	11	False	True	asc	1	0.09523809523809523	0.47619047619047616	0.12698412698412698	0.49206349206349204
embed	last	proj	4	11	False	False	asc	1	0.09523809523809523	0.47619047619047616	0.12698412698412698	0.49206349206349204
act/7	last	proj	12	20	False	False	asc	1	0.12698412698412698	0.42857142857142855	0.12698412698412698	0.4126984126984127
act/7	last	proj	13	17	False	True	asc	1	0.15873015873015872	0.3968253968253968	0.12698412698412698	0.3492063492063492
act/7	last	proj	13	17	False	False	asc	1	0.14285714285714285	0.36507936507936506	0.12698412698412698	0.3492063492063492
act/7	last	proj	13	19	False	False	asc	1	0.19047619047619047	0.4603174603174603	0.12698412698412698	0.3333333333333333
act/7	last	proj	13	20	False	True	asc	1	0.12698412698412698	0.4444444444444444	0.12698412698412698	0.36507936507936506
act/7	last	proj	13	20	False	False	asc	1	0.09523809523809523	0.4126984126984127	0.12698412698412698	0.38095238095238093
embed	last	proj	4	13	False	False	asc	1	0.09523809523809523	0.47619047619047616	0.12698412698412698	0.49206349206349204
embed	last	proj	4	14	False	True	asc	1	0.09523809523809523	0.47619047619047616	0.12698412698412698	0.49206349206349204
act/15	last	proj	1	16	False	False	asc	1	0.06349206349206349	0.23809523809523808	0.12698412698412698	0.30158730158730157
act/15	last	proj	1	17	False	True	asc	1	0.15873015873015872	0.3492063492063492	0.12698412698412698	0.3333333333333333
act/15	last	proj	1	17	False	False	asc	1	0.07936507936507936	0.2222222222222222	0.12698412698412698	0.30158730158730157
act/15	last	proj	1	14	False	True	asc	1	0.15873015873015872	0.36507936507936506	0.12698412698412698	0.36507936507936506
act/31_normed	last	proj	9	13	True	True	asc	1	0.07936507936507936	0.3333333333333333	0.12698412698412698	0.38095238095238093
act/3	last	proj	15	18	True	False	asc	1	0.09523809523809523	0.2698412698412698	0.12698412698412698	0.3333333333333333
act/7	last	proj	11	18	False	True	asc	1	0.1746031746031746	0.4126984126984127	0.12698412698412698	0.3492063492063492
act/7	last	proj	12	18	False	False	asc	1	0.1746031746031746	0.4444444444444444	0.12698412698412698	0.38095238095238093
embed	last	proj	4	15	False	False	asc	1	0.09523809523809523	0.47619047619047616	0.12698412698412698	0.49206349206349204
embed	last	proj	4	16	False	True	asc	1	0.09523809523809523	0.47619047619047616	0.12698412698412698	0.49206349206349204
embed	last	proj	4	16	False	False	asc	1	0.09523809523809523	0.47619047619047616	0.12698412698412698	0.49206349206349204
embed	last	proj	4	17	False	True	asc	1	0.09523809523809523	0.47619047619047616	0.12698412698412698	0.49206349206349204
embed	last	proj	4	17	False	False	asc	1	0.09523809523809523	0.47619047619047616	0.12698412698412698	0.49206349206349204
act/7	last	proj	10	13	True	True	asc	1	0.1746031746031746	0.36507936507936506	0.12698412698412698	0.4126984126984127
act/7	last	proj	10	20	True	True	asc	1	0.15873015873015872	0.4444444444444444	0.12698412698412698	0.4126984126984127
act/7	last	proj	11	15	True	False	asc	1	0.20634920634920634	0.4603174603174603	0.12698412698412698	0.4444444444444444
act/7	last	proj	11	18	False	False	asc	1	0.1746031746031746	0.4126984126984127	0.12698412698412698	0.3492063492063492
act/7	last	proj	11	19	False	False	asc	1	0.19047619047619047	0.5238095238095238	0.12698412698412698	0.38095238095238093
embed	last	proj	4	18	False	True	asc	1	0.09523809523809523	0.47619047619047616	0.12698412698412698	0.49206349206349204
embed	last	proj	4	18	False	False	asc	1	0.09523809523809523	0.47619047619047616	0.12698412698412698	0.49206349206349204
act/15	last	proj	12	13	True	True	asc	1	0.20634920634920634	0.36507936507936506	0.12698412698412698	0.36507936507936506
embed	last	proj	5	7	False	True	asc	1	0.09523809523809523	0.47619047619047616	0.12698412698412698	0.49206349206349204
embed	last	proj	5	7	False	False	asc	1	0.09523809523809523	0.47619047619047616	0.12698412698412698	0.49206349206349204
embed	last	proj	4	15	False	True	asc	1	0.09523809523809523	0.47619047619047616	0.12698412698412698	0.49206349206349204
act/7	last	proj	13	19	True	False	asc	1	0.12698412698412698	0.47619047619047616	0.12698412698412698	0.4126984126984127
embed	last	proj	4	9	False	False	asc	1	0.09523809523809523	0.47619047619047616	0.12698412698412698	0.49206349206349204
embed	last	proj	4	10	False	True	asc	1	0.09523809523809523	0.47619047619047616	0.12698412698412698	0.49206349206349204
embed	last	proj	4	10	False	False	asc	1	0.09523809523809523	0.47619047619047616	0.12698412698412698	0.49206349206349204
embed	last	proj	3	19	False	False	asc	1	0.09523809523809523	0.47619047619047616	0.12698412698412698	0.49206349206349204
embed	last	proj	3	20	False	False	asc	1	0.09523809523809523	0.47619047619047616	0.12698412698412698	0.49206349206349204
embed	last	proj	4	5	False	True	asc	1	0.09523809523809523	0.47619047619047616	0.12698412698412698	0.49206349206349204
act/27	last	proj	1	14	False	True	asc	1	0.09523809523809523	0.30158730158730157	0.12698412698412698	0.38095238095238093
embed	last	proj	4	6	False	False	asc	1	0.09523809523809523	0.47619047619047616	0.12698412698412698	0.49206349206349204
embed	last	proj	3	15	False	False	asc	1	0.09523809523809523	0.47619047619047616	0.12698412698412698	0.49206349206349204
embed	last	proj	3	16	False	False	asc	1	0.09523809523809523	0.47619047619047616	0.12698412698412698	0.49206349206349204
act/7	last	proj	13	17	True	True	asc	1	0.15873015873015872	0.4444444444444444	0.12698412698412698	0.4126984126984127
act/7	last	proj	11	19	True	True	asc	1	0.12698412698412698	0.4444444444444444	0.12698412698412698	0.4444444444444444
act/7	last	proj	11	19	True	False	asc	1	0.12698412698412698	0.4444444444444444	0.12698412698412698	0.4444444444444444
act/7	last	proj	11	20	True	True	asc	1	0.15873015873015872	0.47619047619047616	0.12698412698412698	0.42857142857142855
act/7	last	proj	11	20	True	False	asc	1	0.14285714285714285	0.4603174603174603	0.12698412698412698	0.42857142857142855
embed	last	proj	5	12	False	True	asc	1	0.07936507936507936	0.4603174603174603	0.12698412698412698	0.49206349206349204
embed	last	proj	5	12	False	False	asc	1	0.07936507936507936	0.4603174603174603	0.12698412698412698	0.49206349206349204
embed	last	proj	5	13	False	True	asc	1	0.07936507936507936	0.4603174603174603	0.12698412698412698	0.49206349206349204
embed	last	proj	5	13	False	False	asc	1	0.07936507936507936	0.4603174603174603	0.12698412698412698	0.49206349206349204
embed	last	proj	5	14	False	True	asc	1	0.07936507936507936	0.4603174603174603	0.12698412698412698	0.49206349206349204
embed	last	proj	5	14	False	False	asc	1	0.07936507936507936	0.4603174603174603	0.12698412698412698	0.49206349206349204
act/7	last	proj	10	17	True	False	asc	1	0.19047619047619047	0.49206349206349204	0.12698412698412698	0.3968253968253968
act/7	last	proj	10	19	True	True	asc	1	0.15873015873015872	0.4444444444444444	0.12698412698412698	0.42857142857142855
embed	last	proj	5	15	False	True	asc	1	0.07936507936507936	0.4603174603174603	0.12698412698412698	0.49206349206349204
embed	last	proj	5	15	False	False	asc	1	0.07936507936507936	0.4603174603174603	0.12698412698412698	0.49206349206349204
embed	last	proj	5	8	False	True	asc	1	0.09523809523809523	0.47619047619047616	0.12698412698412698	0.49206349206349204
embed	last	proj	5	8	False	False	asc	1	0.09523809523809523	0.47619047619047616	0.12698412698412698	0.49206349206349204
embed	last	proj	5	9	False	True	asc	1	0.09523809523809523	0.47619047619047616	0.12698412698412698	0.49206349206349204
embed	last	proj	5	9	False	False	asc	1	0.09523809523809523	0.47619047619047616	0.12698412698412698	0.49206349206349204
embed	last	proj	5	10	False	True	asc	1	0.09523809523809523	0.47619047619047616	0.12698412698412698	0.49206349206349204
embed	last	proj	5	10	False	False	asc	1	0.09523809523809523	0.47619047619047616	0.12698412698412698	0.49206349206349204
embed	last	proj	5	11	False	True	asc	1	0.09523809523809523	0.47619047619047616	0.12698412698412698	0.49206349206349204
embed	last	proj	5	11	False	False	asc	1	0.09523809523809523	0.47619047619047616	0.12698412698412698	0.49206349206349204
embed	last	proj	4	19	False	True	asc	1	0.09523809523809523	0.47619047619047616	0.12698412698412698	0.49206349206349204
embed	last	proj	4	19	False	False	asc	1	0.09523809523809523	0.47619047619047616	0.12698412698412698	0.49206349206349204
embed	last	proj	4	20	False	True	asc	1	0.09523809523809523	0.47619047619047616	0.12698412698412698	0.49206349206349204
embed	last	proj	4	20	False	False	asc	1	0.09523809523809523	0.47619047619047616	0.12698412698412698	0.49206349206349204
embed	last	proj	5	6	False	True	asc	1	0.09523809523809523	0.47619047619047616	0.12698412698412698	0.49206349206349204
embed	last	proj	5	6	False	False	asc	1	0.09523809523809523	0.47619047619047616	0.12698412698412698	0.49206349206349204
act/15	last	proj	11	20	True	False	asc	1	0.23809523809523808	0.4126984126984127	0.12698412698412698	0.4444444444444444
act/15	last	proj	12	13	True	False	asc	1	0.20634920634920634	0.36507936507936506	0.12698412698412698	0.36507936507936506
act/15	last	proj	11	18	True	True	asc	1	0.15873015873015872	0.36507936507936506	0.12698412698412698	0.31746031746031744
act/15	last	proj	11	18	True	False	asc	1	0.15873015873015872	0.36507936507936506	0.12698412698412698	0.31746031746031744
act/15	last	proj	11	19	True	False	asc	1	0.20634920634920634	0.38095238095238093	0.12698412698412698	0.42857142857142855
act/27	last	proj	2	3	False	True	asc	1	0.12698412698412698	0.2698412698412698	0.12698412698412698	0.3492063492063492
act/27	last	proj	2	3	False	False	asc	1	0.12698412698412698	0.2698412698412698	0.12698412698412698	0.3492063492063492
act/7	last	proj	10	15	True	True	asc	1	0.2222222222222222	0.4603174603174603	0.12698412698412698	0.4603174603174603
act/31_normed	last	proj	1	15	False	False	asc	1	0.1111111111111111	0.4126984126984127	0.12698412698412698	0.3968253968253968
act/27	last	proj	5	13	False	True	asc	1	0.1111111111111111	0.30158730158730157	0.12698412698412698	0.30158730158730157
act/27	last	proj	3	13	False	False	asc	1	0.09523809523809523	0.3492063492063492	0.12698412698412698	0.36507936507936506
act/31_normed	last	proj	3	9	False	True	asc	1	0.19047619047619047	0.4603174603174603	0.12698412698412698	0.42857142857142855
act/31_normed	last	proj	1	17	False	False	asc	1	0.09523809523809523	0.38095238095238093	0.12698412698412698	0.3968253968253968
act/31_normed	last	proj	3	7	False	True	asc	1	0.15873015873015872	0.4444444444444444	0.12698412698412698	0.36507936507936506
act/31_normed	last	proj	3	8	False	True	asc	1	0.1746031746031746	0.4603174603174603	0.12698412698412698	0.42857142857142855
embed	last	proj	5	17	False	True	asc	1	0.07936507936507936	0.4603174603174603	0.12698412698412698	0.49206349206349204
embed	last	proj	6	17	False	False	asc	1	0.07936507936507936	0.4603174603174603	0.12698412698412698	0.49206349206349204
embed	last	proj	6	10	False	True	asc	1	0.07936507936507936	0.4603174603174603	0.12698412698412698	0.49206349206349204
embed	last	proj	6	10	False	False	asc	1	0.07936507936507936	0.4603174603174603	0.12698412698412698	0.49206349206349204
act/15	last	proj	8	20	True	True	asc	1	0.14285714285714285	0.36507936507936506	0.12698412698412698	0.4126984126984127
act/15	last	proj	7	10	True	False	asc	1	0.07936507936507936	0.4126984126984127	0.12698412698412698	0.4126984126984127
act/15	last	proj	7	11	True	True	asc	1	0.09523809523809523	0.42857142857142855	0.12698412698412698	0.4126984126984127
act/15	last	proj	7	13	True	True	asc	1	0.15873015873015872	0.4444444444444444	0.12698412698412698	0.3492063492063492
act/31_normed	last	proj	1	14	False	True	asc	1	0.12698412698412698	0.3333333333333333	0.12698412698412698	0.3968253968253968
act/7	last	proj	10	13	True	False	asc	1	0.14285714285714285	0.36507936507936506	0.12698412698412698	0.4126984126984127
act/3	last	proj	10	14	True	True	asc	1	0.1111111111111111	0.30158730158730157	0.12698412698412698	0.3968253968253968
act/3	last	proj	10	14	True	False	asc	1	0.1111111111111111	0.30158730158730157	0.12698412698412698	0.3968253968253968
act/27	last	proj	2	14	False	True	asc	1	0.1111111111111111	0.38095238095238093	0.12698412698412698	0.36507936507936506
embed	last	proj	6	15	False	False	asc	1	0.07936507936507936	0.4603174603174603	0.12698412698412698	0.49206349206349204
embed	last	proj	6	16	False	True	asc	1	0.07936507936507936	0.4603174603174603	0.12698412698412698	0.49206349206349204
embed	last	proj	6	16	False	False	asc	1	0.07936507936507936	0.4603174603174603	0.12698412698412698	0.49206349206349204
embed	last	proj	6	17	False	True	asc	1	0.07936507936507936	0.4603174603174603	0.12698412698412698	0.49206349206349204
act/15	last	proj	10	20	True	True	asc	1	0.19047619047619047	0.38095238095238093	0.12698412698412698	0.4444444444444444
act/15	last	proj	8	12	True	False	asc	1	0.1111111111111111	0.3968253968253968	0.12698412698412698	0.30158730158730157
act/31_normed	last	proj	1	4	False	True	asc	1	0.1111111111111111	0.25396825396825395	0.12698412698412698	0.38095238095238093
act/31_normed	last	proj	1	5	False	True	asc	1	0.1111111111111111	0.25396825396825395	0.12698412698412698	0.36507936507936506
act/31_normed	last	proj	1	8	False	True	asc	1	0.07936507936507936	0.2698412698412698	0.12698412698412698	0.42857142857142855
act/31_normed	last	proj	1	3	False	True	asc	1	0.07936507936507936	0.2222222222222222	0.12698412698412698	0.31746031746031744
act/31_normed	last	proj	1	13	False	False	asc	1	0.1111111111111111	0.38095238095238093	0.12698412698412698	0.4603174603174603
act/31_normed	last	proj	1	10	False	False	asc	1	0.09523809523809523	0.3333333333333333	0.12698412698412698	0.4444444444444444
act/15	last	proj	4	18	True	False	asc	1	0.19047619047619047	0.4126984126984127	0.12698412698412698	0.4126984126984127
act/15	last	proj	4	19	True	False	asc	1	0.1746031746031746	0.4126984126984127	0.12698412698412698	0.3968253968253968
act/15	last	proj	5	8	True	False	asc	1	0.2698412698412698	0.49206349206349204	0.12698412698412698	0.38095238095238093
act/15	last	proj	5	11	True	False	asc	1	0.2222222222222222	0.47619047619047616	0.12698412698412698	0.3492063492063492
act/31_normed	last	proj	2	13	False	False	asc	1	0.09523809523809523	0.3968253968253968	0.12698412698412698	0.3968253968253968
act/31_normed	last	proj	3	6	False	True	asc	1	0.09523809523809523	0.36507936507936506	0.12698412698412698	0.3968253968253968
act/31_normed	last	proj	3	6	False	False	asc	1	0.12698412698412698	0.3333333333333333	0.12698412698412698	0.38095238095238093
act/31_normed	last	proj	3	19	False	True	asc	1	0.12698412698412698	0.4444444444444444	0.12698412698412698	0.42857142857142855
embed	last	proj	6	12	False	False	asc	1	0.07936507936507936	0.4603174603174603	0.12698412698412698	0.49206349206349204
embed	last	proj	6	13	False	True	asc	1	0.07936507936507936	0.4603174603174603	0.12698412698412698	0.49206349206349204
embed	last	proj	6	13	False	False	asc	1	0.07936507936507936	0.4603174603174603	0.12698412698412698	0.49206349206349204
embed	last	proj	5	20	False	True	asc	1	0.07936507936507936	0.4603174603174603	0.12698412698412698	0.49206349206349204
embed	last	proj	5	20	False	False	asc	1	0.07936507936507936	0.4603174603174603	0.12698412698412698	0.49206349206349204
embed	last	proj	6	15	False	True	asc	1	0.07936507936507936	0.4603174603174603	0.12698412698412698	0.49206349206349204
embed	last	proj	6	14	False	True	asc	1	0.07936507936507936	0.4603174603174603	0.12698412698412698	0.49206349206349204
embed	last	proj	6	14	False	False	asc	1	0.07936507936507936	0.4603174603174603	0.12698412698412698	0.49206349206349204
embed	last	proj	6	8	False	False	asc	1	0.09523809523809523	0.47619047619047616	0.12698412698412698	0.49206349206349204
embed	last	proj	6	9	False	True	asc	1	0.09523809523809523	0.47619047619047616	0.12698412698412698	0.49206349206349204
embed	last	proj	6	9	False	False	asc	1	0.09523809523809523	0.47619047619047616	0.12698412698412698	0.49206349206349204
embed	last	proj	5	16	False	True	asc	1	0.07936507936507936	0.4603174603174603	0.12698412698412698	0.49206349206349204
embed	last	proj	5	16	False	False	asc	1	0.07936507936507936	0.4603174603174603	0.12698412698412698	0.49206349206349204
embed	last	proj	6	11	False	True	asc	1	0.07936507936507936	0.4603174603174603	0.12698412698412698	0.49206349206349204
embed	last	proj	6	11	False	False	asc	1	0.07936507936507936	0.4603174603174603	0.12698412698412698	0.49206349206349204
embed	last	proj	6	12	False	True	asc	1	0.07936507936507936	0.4603174603174603	0.12698412698412698	0.49206349206349204
embed	last	proj	5	17	False	False	asc	1	0.07936507936507936	0.4603174603174603	0.12698412698412698	0.49206349206349204
embed	last	proj	5	18	False	True	asc	1	0.07936507936507936	0.4603174603174603	0.12698412698412698	0.49206349206349204
embed	last	proj	5	18	False	False	asc	1	0.07936507936507936	0.4603174603174603	0.12698412698412698	0.49206349206349204
embed	last	proj	5	19	False	True	asc	1	0.07936507936507936	0.4603174603174603	0.12698412698412698	0.49206349206349204
embed	last	proj	5	19	False	False	asc	1	0.07936507936507936	0.4603174603174603	0.12698412698412698	0.49206349206349204
embed	last	proj	6	7	False	True	asc	1	0.09523809523809523	0.47619047619047616	0.12698412698412698	0.49206349206349204
embed	last	proj	6	7	False	False	asc	1	0.09523809523809523	0.47619047619047616	0.12698412698412698	0.49206349206349204
embed	last	proj	6	8	False	True	asc	1	0.09523809523809523	0.47619047619047616	0.12698412698412698	0.49206349206349204
act/15	last	proj	2	4	True	True	asc	1	0.12698412698412698	0.5238095238095238	0.12698412698412698	0.42857142857142855
act/15	last	proj	2	15	True	False	asc	1	0.15873015873015872	0.36507936507936506	0.12698412698412698	0.3968253968253968
act/15	last	proj	2	10	True	True	asc	1	0.12698412698412698	0.42857142857142855	0.12698412698412698	0.42857142857142855
act/31_normed	last	proj	4	17	False	False	asc	1	0.047619047619047616	0.36507936507936506	0.12698412698412698	0.4444444444444444
act/31_normed	last	proj	4	15	False	True	asc	1	0.1111111111111111	0.4126984126984127	0.12698412698412698	0.4126984126984127
act/15	last	proj	0	15	True	False	asc	1	0.06349206349206349	0.25396825396825395	0.12698412698412698	0.3333333333333333
act/15	last	proj	1	5	True	False	asc	1	0.12698412698412698	0.4603174603174603	0.12698412698412698	0.4444444444444444
act/15	last	proj	2	14	True	False	asc	1	0.12698412698412698	0.3968253968253968	0.12698412698412698	0.3968253968253968
act/31_normed	last	proj	5	8	False	False	asc	1	0.14285714285714285	0.4444444444444444	0.12698412698412698	0.4126984126984127
act/31_normed	last	proj	5	9	False	True	asc	1	0.15873015873015872	0.42857142857142855	0.12698412698412698	0.38095238095238093
act/31_normed	last	proj	5	9	False	False	asc	1	0.19047619047619047	0.4444444444444444	0.12698412698412698	0.4126984126984127
act/15	last	proj	4	13	True	False	asc	1	0.2698412698412698	0.5238095238095238	0.12698412698412698	0.3333333333333333
act/15	last	proj	3	12	True	True	asc	1	0.06349206349206349	0.3492063492063492	0.12698412698412698	0.38095238095238093
act/15	last	proj	3	15	True	False	asc	1	0.15873015873015872	0.38095238095238093	0.12698412698412698	0.3968253968253968
act/15	last	proj	3	16	True	False	asc	1	0.14285714285714285	0.3333333333333333	0.12698412698412698	0.4126984126984127
act/31_normed	last	proj	3	11	False	False	asc	1	0.20634920634920634	0.5079365079365079	0.12698412698412698	0.49206349206349204
act/27	last	proj	6	14	False	True	asc	1	0.12698412698412698	0.31746031746031744	0.12698412698412698	0.31746031746031744
act/27	last	proj	6	8	False	True	asc	1	0.20634920634920634	0.4126984126984127	0.12698412698412698	0.36507936507936506
act/27	last	proj	5	13	False	False	asc	1	0.12698412698412698	0.3333333333333333	0.12698412698412698	0.3333333333333333
act/31_normed	last	proj	4	17	False	True	asc	1	0.09523809523809523	0.3968253968253968	0.12698412698412698	0.4603174603174603
act/31_normed	last	proj	5	10	False	False	asc	1	0.15873015873015872	0.4603174603174603	0.12698412698412698	0.4444444444444444
act/31_normed	last	proj	5	11	False	True	asc	1	0.1746031746031746	0.47619047619047616	0.12698412698412698	0.4603174603174603
act/31_normed	last	proj	5	11	False	False	asc	1	0.20634920634920634	0.47619047619047616	0.12698412698412698	0.4603174603174603
act/31_normed	last	proj	5	8	False	True	asc	1	0.14285714285714285	0.4126984126984127	0.12698412698412698	0.42857142857142855
act/15	last	proj	5	14	True	True	asc	1	0.1746031746031746	0.42857142857142855	0.12698412698412698	0.38095238095238093
act/15	last	proj	3	17	True	True	asc	1	0.12698412698412698	0.3968253968253968	0.12698412698412698	0.4126984126984127
act/15	last	proj	3	17	True	False	asc	1	0.12698412698412698	0.31746031746031744	0.12698412698412698	0.4126984126984127
act/15	last	proj	3	18	True	True	asc	1	0.12698412698412698	0.3968253968253968	0.12698412698412698	0.4126984126984127
act/15	last	proj	3	18	True	False	asc	1	0.14285714285714285	0.36507936507936506	0.12698412698412698	0.3968253968253968
act/15	last	proj	4	11	True	False	asc	1	0.19047619047619047	0.4444444444444444	0.12698412698412698	0.3333333333333333
act/15	last	proj	4	12	True	True	asc	1	0.19047619047619047	0.47619047619047616	0.12698412698412698	0.3492063492063492
act/27	last	proj	6	13	False	True	asc	1	0.19047619047619047	0.38095238095238093	0.12698412698412698	0.30158730158730157
act/15	last	proj	0	20	True	False	asc	1	0.1111111111111111	0.2698412698412698	0.12698412698412698	0.3333333333333333
act/15	last	proj	1	2	True	True	asc	1	0.14285714285714285	0.3333333333333333	0.12698412698412698	0.4126984126984127
act/15	last	proj	1	2	True	False	asc	1	0.14285714285714285	0.3333333333333333	0.12698412698412698	0.4126984126984127
act/11	last	proj	14	16	False	True	asc	1	0.20634920634920634	0.3492063492063492	0.12698412698412698	0.3492063492063492
act/15	last	proj	0	19	True	True	asc	1	0.1746031746031746	0.42857142857142855	0.12698412698412698	0.4126984126984127
act/15	last	proj	0	19	True	False	asc	1	0.09523809523809523	0.23809523809523808	0.12698412698412698	0.3492063492063492
act/15	last	proj	0	1	True	True	asc	1	0.15873015873015872	0.3492063492063492	0.12698412698412698	0.3492063492063492
act/15	last	proj	0	1	True	False	asc	1	0.15873015873015872	0.3492063492063492	0.12698412698412698	0.3492063492063492
act/15	last	proj	0	16	True	False	asc	1	0.047619047619047616	0.20634920634920634	0.12698412698412698	0.3333333333333333
act/15	last	proj	0	17	True	True	asc	1	0.1746031746031746	0.42857142857142855	0.12698412698412698	0.3968253968253968
act/15	last	proj	0	17	True	False	asc	1	0.07936507936507936	0.2222222222222222	0.12698412698412698	0.3333333333333333
act/15	last	proj	0	18	True	True	asc	1	0.1746031746031746	0.42857142857142855	0.12698412698412698	0.4126984126984127
act/15	last	proj	0	18	True	False	asc	1	0.07936507936507936	0.23809523809523808	0.12698412698412698	0.3492063492063492
act/15	last	proj	0	11	True	True	asc	1	0.20634920634920634	0.4444444444444444	0.12698412698412698	0.4444444444444444
act/15	last	proj	0	11	True	False	asc	1	0.15873015873015872	0.3968253968253968	0.12698412698412698	0.3333333333333333
act/15	last	proj	0	20	True	True	asc	1	0.1746031746031746	0.4126984126984127	0.12698412698412698	0.4126984126984127
act/7	last	proj	11	13	False	False	asc	1	0.19047619047619047	0.3492063492063492	0.12698412698412698	0.4126984126984127
act/3	last	proj	10	13	True	True	asc	1	0.12698412698412698	0.23809523809523808	0.12698412698412698	0.36507936507936506
act/15	last	proj	0	8	True	True	asc	1	0.19047619047619047	0.4444444444444444	0.12698412698412698	0.4444444444444444
act/15	last	proj	0	9	True	True	asc	1	0.2222222222222222	0.4603174603174603	0.12698412698412698	0.42857142857142855
act/15	last	proj	0	10	True	True	asc	1	0.20634920634920634	0.4444444444444444	0.12698412698412698	0.4444444444444444
act/15	last	proj	0	10	True	False	asc	1	0.14285714285714285	0.4126984126984127	0.12698412698412698	0.3333333333333333
act/15	last	proj	0	12	True	True	asc	1	0.20634920634920634	0.4444444444444444	0.12698412698412698	0.4126984126984127
act/15	last	proj	0	13	True	True	asc	1	0.20634920634920634	0.4444444444444444	0.12698412698412698	0.4126984126984127
act/15	last	proj	1	10	True	False	asc	1	0.1111111111111111	0.38095238095238093	0.12698412698412698	0.3333333333333333
act/15	last	proj	1	12	True	False	asc	1	0.12698412698412698	0.38095238095238093	0.12698412698412698	0.3333333333333333
act/31_normed	last	proj	5	13	False	True	asc	1	0.1746031746031746	0.49206349206349204	0.12698412698412698	0.4603174603174603
act/31_normed	last	proj	5	14	False	True	asc	1	0.14285714285714285	0.42857142857142855	0.12698412698412698	0.4603174603174603
act/31_normed	last	proj	5	17	False	False	asc	1	0.047619047619047616	0.38095238095238093	0.12698412698412698	0.4603174603174603
act/27	last	proj	6	7	False	True	asc	1	0.19047619047619047	0.38095238095238093	0.12698412698412698	0.4126984126984127
act/27	last	proj	6	7	False	False	asc	1	0.19047619047619047	0.38095238095238093	0.12698412698412698	0.4126984126984127
act/7	last	proj	11	13	False	True	asc	1	0.19047619047619047	0.3333333333333333	0.12698412698412698	0.4126984126984127
act/31_normed	last	proj	11	13	False	False	asc	1	0.047619047619047616	0.23809523809523808	0.12698412698412698	0.3333333333333333
act/31_normed	last	proj	12	13	False	True	asc	1	0.06349206349206349	0.25396825396825395	0.12698412698412698	0.3333333333333333
act/31_normed	last	proj	12	13	False	False	asc	1	0.06349206349206349	0.25396825396825395	0.12698412698412698	0.3333333333333333
act/11	last	proj	9	10	False	True	asc	1	0.07936507936507936	0.3333333333333333	0.12698412698412698	0.36507936507936506
act/11	last	proj	9	10	False	False	asc	1	0.07936507936507936	0.3333333333333333	0.12698412698412698	0.36507936507936506
act/11	last	proj	9	13	False	True	asc	1	0.07936507936507936	0.25396825396825395	0.12698412698412698	0.36507936507936506
act/11	last	proj	9	13	False	False	asc	1	0.06349206349206349	0.23809523809523808	0.12698412698412698	0.3492063492063492
act/11	last	proj	9	14	False	True	asc	1	0.1111111111111111	0.2857142857142857	0.12698412698412698	0.36507936507936506
embed	last	proj	6	19	False	False	asc	1	0.07936507936507936	0.4603174603174603	0.12698412698412698	0.49206349206349204
embed	last	proj	6	20	False	True	asc	1	0.07936507936507936	0.4603174603174603	0.12698412698412698	0.49206349206349204
embed	last	proj	6	20	False	False	asc	1	0.07936507936507936	0.4603174603174603	0.12698412698412698	0.49206349206349204
embed	last	proj	7	8	False	True	asc	1	0.07936507936507936	0.4603174603174603	0.12698412698412698	0.49206349206349204
embed	last	proj	7	8	False	False	asc	1	0.07936507936507936	0.4603174603174603	0.12698412698412698	0.49206349206349204
act/31_normed	last	proj	9	14	False	True	asc	1	0.09523809523809523	0.3492063492063492	0.12698412698412698	0.3333333333333333
act/31_normed	last	proj	10	20	False	True	asc	1	0.031746031746031744	0.20634920634920634	0.12698412698412698	0.2857142857142857
act/31_normed	last	proj	11	13	False	True	asc	1	0.047619047619047616	0.2222222222222222	0.12698412698412698	0.3333333333333333
act/11	last	proj	11	17	False	False	asc	1	0.20634920634920634	0.38095238095238093	0.12698412698412698	0.3333333333333333
act/11	last	proj	12	18	False	True	asc	1	0.15873015873015872	0.3492063492063492	0.12698412698412698	0.38095238095238093
act/11	last	proj	12	17	False	True	asc	1	0.1746031746031746	0.38095238095238093	0.12698412698412698	0.36507936507936506
act/7	last	proj	9	12	True	True	asc	1	0.09523809523809523	0.23809523809523808	0.12698412698412698	0.25396825396825395
act/7	last	proj	9	13	True	False	asc	1	0.12698412698412698	0.2857142857142857	0.12698412698412698	0.30158730158730157
act/3	last	proj	8	9	True	True	asc	1	0.1111111111111111	0.23809523809523808	0.12698412698412698	0.3492063492063492
act/3	last	proj	8	9	True	False	asc	1	0.1111111111111111	0.23809523809523808	0.12698412698412698	0.3492063492063492
act/27	last	proj	7	12	False	False	asc	1	0.1746031746031746	0.3968253968253968	0.12698412698412698	0.3333333333333333
act/15	last	proj	0	2	True	False	asc	1	0.12698412698412698	0.2857142857142857	0.12698412698412698	0.30158730158730157
act/31_normed	last	proj	7	11	False	False	asc	1	0.12698412698412698	0.49206349206349204	0.12698412698412698	0.4444444444444444
act/15	last	proj	0	3	True	True	asc	1	0.15873015873015872	0.3492063492063492	0.12698412698412698	0.36507936507936506
act/15	last	proj	0	3	True	False	asc	1	0.1746031746031746	0.36507936507936506	0.12698412698412698	0.38095238095238093
act/11	last	proj	14	18	False	True	asc	1	0.23809523809523808	0.3968253968253968	0.12698412698412698	0.3333333333333333
act/31_normed	last	proj	9	15	False	True	asc	1	0.07936507936507936	0.38095238095238093	0.12698412698412698	0.36507936507936506
act/31_normed	last	proj	9	15	False	False	asc	1	0.07936507936507936	0.38095238095238093	0.12698412698412698	0.3492063492063492
act/31_normed	last	proj	9	18	False	False	asc	1	0.031746031746031744	0.2698412698412698	0.12698412698412698	0.30158730158730157
embed	last	proj	7	15	False	True	asc	1	0.07936507936507936	0.4603174603174603	0.12698412698412698	0.49206349206349204
embed	last	proj	7	15	False	False	asc	1	0.07936507936507936	0.4603174603174603	0.12698412698412698	0.49206349206349204
embed	last	proj	7	16	False	True	asc	1	0.07936507936507936	0.4603174603174603	0.12698412698412698	0.49206349206349204
embed	last	proj	7	16	False	False	asc	1	0.07936507936507936	0.4603174603174603	0.12698412698412698	0.49206349206349204
embed	last	proj	7	17	False	True	asc	1	0.07936507936507936	0.4603174603174603	0.12698412698412698	0.49206349206349204
embed	last	proj	7	17	False	False	asc	1	0.07936507936507936	0.4603174603174603	0.12698412698412698	0.49206349206349204
embed	last	proj	7	18	False	True	asc	1	0.07936507936507936	0.4603174603174603	0.12698412698412698	0.49206349206349204
embed	last	proj	7	18	False	False	asc	1	0.07936507936507936	0.4603174603174603	0.12698412698412698	0.49206349206349204
embed	last	proj	7	11	False	True	asc	1	0.07936507936507936	0.4603174603174603	0.12698412698412698	0.49206349206349204
embed	last	proj	7	11	False	False	asc	1	0.07936507936507936	0.4603174603174603	0.12698412698412698	0.49206349206349204
embed	last	proj	7	12	False	True	asc	1	0.07936507936507936	0.4603174603174603	0.12698412698412698	0.49206349206349204
embed	last	proj	7	12	False	False	asc	1	0.07936507936507936	0.4603174603174603	0.12698412698412698	0.49206349206349204
embed	last	proj	7	13	False	True	asc	1	0.07936507936507936	0.4603174603174603	0.12698412698412698	0.49206349206349204
embed	last	proj	7	13	False	False	asc	1	0.07936507936507936	0.4603174603174603	0.12698412698412698	0.49206349206349204
embed	last	proj	7	14	False	True	asc	1	0.07936507936507936	0.4603174603174603	0.12698412698412698	0.49206349206349204
embed	last	proj	7	14	False	False	asc	1	0.07936507936507936	0.4603174603174603	0.12698412698412698	0.49206349206349204
act/27	last	proj	8	15	False	True	asc	1	0.09523809523809523	0.25396825396825395	0.12698412698412698	0.3492063492063492
act/3	last	proj	6	12	True	False	asc	1	0.14285714285714285	0.3492063492063492	0.12698412698412698	0.3968253968253968
act/31_normed	last	proj	13	14	False	True	asc	1	0.14285714285714285	0.2857142857142857	0.12698412698412698	0.38095238095238093
act/31_normed	last	proj	13	14	False	False	asc	1	0.14285714285714285	0.2857142857142857	0.12698412698412698	0.38095238095238093
embed	last	proj	7	9	False	True	asc	1	0.09523809523809523	0.47619047619047616	0.12698412698412698	0.49206349206349204
embed	last	proj	7	9	False	False	asc	1	0.09523809523809523	0.47619047619047616	0.12698412698412698	0.49206349206349204
embed	last	proj	7	10	False	True	asc	1	0.07936507936507936	0.4603174603174603	0.12698412698412698	0.49206349206349204
embed	last	proj	7	10	False	False	asc	1	0.07936507936507936	0.4603174603174603	0.12698412698412698	0.49206349206349204
act/11	last	proj	9	14	False	False	asc	1	0.09523809523809523	0.2698412698412698	0.12698412698412698	0.38095238095238093
embed	last	proj	6	18	False	True	asc	1	0.07936507936507936	0.4603174603174603	0.12698412698412698	0.49206349206349204
embed	last	proj	6	18	False	False	asc	1	0.07936507936507936	0.4603174603174603	0.12698412698412698	0.49206349206349204
embed	last	proj	6	19	False	True	asc	1	0.07936507936507936	0.4603174603174603	0.12698412698412698	0.49206349206349204
act/27	last	proj	7	13	False	False	asc	1	0.1746031746031746	0.42857142857142855	0.12698412698412698	0.30158730158730157
act/7	last	proj	10	11	False	True	asc	1	0.12698412698412698	0.38095238095238093	0.12698412698412698	0.2698412698412698
act/7	last	proj	10	11	False	False	asc	1	0.12698412698412698	0.38095238095238093	0.12698412698412698	0.2698412698412698
act/7	last	proj	10	17	False	False	asc	1	0.12698412698412698	0.3333333333333333	0.12698412698412698	0.36507936507936506
embed	last	proj	8	9	False	True	asc	1	0.07936507936507936	0.4603174603174603	0.12698412698412698	0.49206349206349204
embed	last	proj	8	9	False	False	asc	1	0.07936507936507936	0.4603174603174603	0.12698412698412698	0.49206349206349204
embed	last	proj	8	10	False	True	asc	1	0.07936507936507936	0.4603174603174603	0.12698412698412698	0.49206349206349204
embed	last	proj	8	10	False	False	asc	1	0.07936507936507936	0.4603174603174603	0.12698412698412698	0.49206349206349204
embed	last	proj	8	11	False	True	asc	1	0.07936507936507936	0.4603174603174603	0.12698412698412698	0.49206349206349204
embed	last	proj	8	19	False	False	asc	1	0.07936507936507936	0.4603174603174603	0.12698412698412698	0.49206349206349204
embed	last	proj	8	20	False	True	asc	1	0.07936507936507936	0.4603174603174603	0.12698412698412698	0.49206349206349204
embed	last	proj	8	20	False	False	asc	1	0.07936507936507936	0.4603174603174603	0.12698412698412698	0.49206349206349204
embed	last	proj	8	19	False	True	asc	1	0.07936507936507936	0.4603174603174603	0.12698412698412698	0.49206349206349204
act/11	last	proj	7	20	False	False	asc	1	0.09523809523809523	0.38095238095238093	0.12698412698412698	0.4126984126984127
embed	last	proj	8	11	False	False	asc	1	0.07936507936507936	0.4603174603174603	0.12698412698412698	0.49206349206349204
embed	last	proj	8	12	False	True	asc	1	0.07936507936507936	0.4603174603174603	0.12698412698412698	0.49206349206349204
embed	last	proj	8	12	False	False	asc	1	0.07936507936507936	0.4603174603174603	0.12698412698412698	0.49206349206349204
embed	last	proj	8	15	False	False	asc	1	0.07936507936507936	0.4603174603174603	0.12698412698412698	0.49206349206349204
embed	last	proj	8	16	False	True	asc	1	0.07936507936507936	0.4603174603174603	0.12698412698412698	0.49206349206349204
embed	last	proj	8	16	False	False	asc	1	0.07936507936507936	0.4603174603174603	0.12698412698412698	0.49206349206349204
act/27	last	proj	12	14	False	False	asc	1	0.015873015873015872	0.12698412698412698	0.12698412698412698	0.23809523809523808
act/27	last	proj	12	15	False	True	asc	1	0.015873015873015872	0.1111111111111111	0.12698412698412698	0.2222222222222222
embed	last	proj	9	13	False	True	asc	1	0.1111111111111111	0.49206349206349204	0.12698412698412698	0.49206349206349204
embed	last	proj	9	13	False	False	asc	1	0.1111111111111111	0.49206349206349204	0.12698412698412698	0.49206349206349204
embed	last	proj	8	17	False	True	asc	1	0.07936507936507936	0.4603174603174603	0.12698412698412698	0.49206349206349204
embed	last	proj	8	17	False	False	asc	1	0.07936507936507936	0.4603174603174603	0.12698412698412698	0.49206349206349204
embed	last	proj	8	18	False	True	asc	1	0.07936507936507936	0.4603174603174603	0.12698412698412698	0.49206349206349204
embed	last	proj	8	18	False	False	asc	1	0.07936507936507936	0.4603174603174603	0.12698412698412698	0.49206349206349204
embed	last	proj	7	19	False	True	asc	1	0.07936507936507936	0.4603174603174603	0.12698412698412698	0.49206349206349204
embed	last	proj	7	19	False	False	asc	1	0.07936507936507936	0.4603174603174603	0.12698412698412698	0.49206349206349204
embed	last	proj	7	20	False	True	asc	1	0.07936507936507936	0.4603174603174603	0.12698412698412698	0.49206349206349204
embed	last	proj	7	20	False	False	asc	1	0.07936507936507936	0.4603174603174603	0.12698412698412698	0.49206349206349204
act/31_normed	last	proj	14	15	False	True	asc	1	0.06349206349206349	0.23809523809523808	0.12698412698412698	0.23809523809523808
act/31_normed	last	proj	14	15	False	False	asc	1	0.06349206349206349	0.23809523809523808	0.12698412698412698	0.23809523809523808
act/27	last	proj	12	15	False	False	asc	1	0.015873015873015872	0.1111111111111111	0.12698412698412698	0.2222222222222222
act/27	last	proj	12	14	False	True	asc	1	0.015873015873015872	0.12698412698412698	0.12698412698412698	0.25396825396825395
act/11	last	proj	1	19	False	False	asc	1	0.1111111111111111	0.36507936507936506	0.12698412698412698	0.31746031746031744
act/11	last	proj	3	19	False	False	asc	1	0.1111111111111111	0.36507936507936506	0.12698412698412698	0.3968253968253968
act/11	last	proj	2	13	False	True	asc	1	0.15873015873015872	0.4603174603174603	0.12698412698412698	0.4126984126984127
act/11	last	proj	2	17	False	False	asc	1	0.12698412698412698	0.3968253968253968	0.12698412698412698	0.38095238095238093
act/11	last	proj	2	10	False	True	asc	1	0.14285714285714285	0.42857142857142855	0.12698412698412698	0.36507936507936506
act/7	last	proj	0	14	True	False	asc	1	0.1746031746031746	0.49206349206349204	0.12698412698412698	0.36507936507936506
act/27	last	proj	11	14	False	False	asc	1	0.047619047619047616	0.23809523809523808	0.12698412698412698	0.31746031746031744
act/27	last	proj	16	19	False	True	asc	1	0.15873015873015872	0.4126984126984127	0.12698412698412698	0.3968253968253968
act/7	last	proj	1	3	True	False	asc	1	0.031746031746031744	0.20634920634920634	0.12698412698412698	0.25396825396825395
act/11	last	proj	3	8	False	False	asc	1	0.15873015873015872	0.4603174603174603	0.12698412698412698	0.3333333333333333
act/11	last	proj	3	12	False	True	asc	1	0.15873015873015872	0.4444444444444444	0.12698412698412698	0.36507936507936506
act/11	last	proj	3	7	False	False	asc	1	0.15873015873015872	0.42857142857142855	0.12698412698412698	0.3492063492063492
act/11	last	proj	3	9	False	False	asc	1	0.15873015873015872	0.3968253968253968	0.12698412698412698	0.36507936507936506
act/7	last	proj	0	4	True	True	asc	1	0.19047619047619047	0.3492063492063492	0.12698412698412698	0.4126984126984127
act/11	last	proj	1	18	False	True	asc	1	0.14285714285714285	0.4126984126984127	0.12698412698412698	0.3333333333333333
act/11	last	proj	1	19	False	True	asc	1	0.14285714285714285	0.4126984126984127	0.12698412698412698	0.31746031746031744
act/11	last	proj	5	19	False	False	asc	1	0.12698412698412698	0.31746031746031744	0.12698412698412698	0.4444444444444444
act/11	last	proj	4	9	False	True	asc	1	0.15873015873015872	0.38095238095238093	0.12698412698412698	0.38095238095238093
act/3	last	proj	5	19	True	False	asc	1	0.09523809523809523	0.3333333333333333	0.12698412698412698	0.3333333333333333
act/3	last	proj	5	20	True	False	asc	1	0.1111111111111111	0.30158730158730157	0.12698412698412698	0.38095238095238093
act/7	last	proj	1	8	True	False	asc	1	0.14285714285714285	0.4126984126984127	0.12698412698412698	0.3968253968253968
act/7	last	proj	1	9	True	True	asc	1	0.1111111111111111	0.4444444444444444	0.12698412698412698	0.3968253968253968
act/7	last	proj	1	9	True	False	asc	1	0.14285714285714285	0.4126984126984127	0.12698412698412698	0.38095238095238093
act/7	last	proj	1	3	True	True	asc	1	0.047619047619047616	0.2222222222222222	0.12698412698412698	0.2698412698412698
embed	last	proj	8	13	False	True	asc	1	0.07936507936507936	0.4603174603174603	0.12698412698412698	0.49206349206349204
embed	last	proj	8	13	False	False	asc	1	0.07936507936507936	0.4603174603174603	0.12698412698412698	0.49206349206349204
embed	last	proj	8	14	False	True	asc	1	0.07936507936507936	0.4603174603174603	0.12698412698412698	0.49206349206349204
embed	last	proj	8	14	False	False	asc	1	0.07936507936507936	0.4603174603174603	0.12698412698412698	0.49206349206349204
embed	last	proj	8	15	False	True	asc	1	0.07936507936507936	0.4603174603174603	0.12698412698412698	0.49206349206349204
act/11	last	proj	5	16	False	True	asc	1	0.12698412698412698	0.3333333333333333	0.12698412698412698	0.3968253968253968
act/11	last	proj	5	17	False	True	asc	1	0.14285714285714285	0.3492063492063492	0.12698412698412698	0.3968253968253968
act/11	last	proj	5	18	False	False	asc	1	0.14285714285714285	0.3492063492063492	0.12698412698412698	0.4444444444444444
act/11	last	proj	2	3	False	True	asc	1	0.1746031746031746	0.25396825396825395	0.12698412698412698	0.30158730158730157
act/11	last	proj	2	3	False	False	asc	1	0.1746031746031746	0.25396825396825395	0.12698412698412698	0.30158730158730157
act/11	last	proj	14	15	True	True	asc	1	0.1111111111111111	0.2222222222222222	0.12698412698412698	0.3333333333333333
act/11	last	proj	14	15	True	False	asc	1	0.1111111111111111	0.2222222222222222	0.12698412698412698	0.3333333333333333
act/11	last	proj	14	16	True	True	asc	1	0.20634920634920634	0.38095238095238093	0.12698412698412698	0.3333333333333333
act/11	last	proj	14	16	True	False	asc	1	0.20634920634920634	0.38095238095238093	0.12698412698412698	0.3333333333333333
act/11	last	proj	14	17	True	True	asc	1	0.19047619047619047	0.36507936507936506	0.12698412698412698	0.3333333333333333
act/11	last	proj	14	17	True	False	asc	1	0.19047619047619047	0.36507936507936506	0.12698412698412698	0.3492063492063492
act/11	last	proj	1	10	False	True	asc	1	0.15873015873015872	0.42857142857142855	0.12698412698412698	0.36507936507936506
act/11	last	proj	1	10	False	False	asc	1	0.14285714285714285	0.4126984126984127	0.12698412698412698	0.36507936507936506
act/11	last	proj	1	13	False	True	asc	1	0.14285714285714285	0.4126984126984127	0.12698412698412698	0.3333333333333333
act/11	last	proj	1	14	False	True	asc	1	0.14285714285714285	0.42857142857142855	0.12698412698412698	0.3333333333333333
act/11	last	proj	1	15	False	True	asc	1	0.14285714285714285	0.42857142857142855	0.12698412698412698	0.3492063492063492
act/11	last	proj	1	16	False	True	asc	1	0.14285714285714285	0.4126984126984127	0.12698412698412698	0.3492063492063492
act/11	last	proj	1	16	False	False	asc	1	0.09523809523809523	0.36507936507936506	0.12698412698412698	0.3333333333333333
act/11	last	proj	1	17	False	True	asc	1	0.14285714285714285	0.4126984126984127	0.12698412698412698	0.3333333333333333
act/3	last	proj	4	17	True	False	asc	1	0.1111111111111111	0.36507936507936506	0.12698412698412698	0.38095238095238093
act/11	last	proj	1	3	False	True	asc	1	0.20634920634920634	0.31746031746031744	0.12698412698412698	0.31746031746031744
act/11	last	proj	1	3	False	False	asc	1	0.19047619047619047	0.30158730158730157	0.12698412698412698	0.30158730158730157
act/11	last	proj	2	19	False	True	asc	1	0.15873015873015872	0.47619047619047616	0.12698412698412698	0.3968253968253968
act/11	last	proj	2	14	False	True	asc	1	0.14285714285714285	0.4603174603174603	0.12698412698412698	0.4126984126984127
act/11	last	proj	1	8	False	True	asc	1	0.20634920634920634	0.47619047619047616	0.12698412698412698	0.3968253968253968
act/11	last	proj	1	8	False	False	asc	1	0.1746031746031746	0.42857142857142855	0.12698412698412698	0.3968253968253968
act/11	last	proj	1	9	False	True	asc	1	0.19047619047619047	0.4603174603174603	0.12698412698412698	0.3492063492063492
act/27	last	proj	16	19	False	False	asc	1	0.15873015873015872	0.4126984126984127	0.12698412698412698	0.3968253968253968
act/27	last	proj	16	20	False	False	asc	1	0.12698412698412698	0.38095238095238093	0.12698412698412698	0.3492063492063492
act/27	last	proj	17	18	False	True	asc	1	0.14285714285714285	0.2698412698412698	0.12698412698412698	0.2698412698412698
act/27	last	proj	17	18	False	False	asc	1	0.14285714285714285	0.2698412698412698	0.12698412698412698	0.2698412698412698
act/3	last	proj	4	15	True	False	asc	1	0.09523809523809523	0.3333333333333333	0.12698412698412698	0.3333333333333333
act/3	last	proj	4	20	True	True	asc	1	0.15873015873015872	0.4126984126984127	0.12698412698412698	0.3333333333333333
act/3	last	proj	4	14	True	False	asc	1	0.07936507936507936	0.31746031746031744	0.12698412698412698	0.30158730158730157
act/3	last	proj	4	17	True	True	asc	1	0.1111111111111111	0.3333333333333333	0.12698412698412698	0.31746031746031744
embed	last	proj	9	19	False	True	asc	1	0.1111111111111111	0.49206349206349204	0.12698412698412698	0.49206349206349204
embed	last	proj	9	19	False	False	asc	1	0.1111111111111111	0.49206349206349204	0.12698412698412698	0.49206349206349204
embed	last	proj	9	20	False	True	asc	1	0.1111111111111111	0.49206349206349204	0.12698412698412698	0.49206349206349204
embed	last	proj	9	20	False	False	asc	1	0.1111111111111111	0.49206349206349204	0.12698412698412698	0.49206349206349204
embed	last	proj	9	14	False	True	asc	1	0.1111111111111111	0.49206349206349204	0.12698412698412698	0.49206349206349204
act/11	last	proj	8	12	True	True	asc	1	0.1111111111111111	0.30158730158730157	0.12698412698412698	0.38095238095238093
act/11	last	proj	8	12	True	False	asc	1	0.09523809523809523	0.2857142857142857	0.12698412698412698	0.36507936507936506
embed	last	proj	10	13	False	True	asc	1	0.1111111111111111	0.49206349206349204	0.12698412698412698	0.49206349206349204
act/11	last	proj	10	20	True	True	asc	1	0.15873015873015872	0.36507936507936506	0.12698412698412698	0.4126984126984127
act/11	last	proj	10	17	True	False	asc	1	0.19047619047619047	0.36507936507936506	0.12698412698412698	0.3492063492063492
embed	last	proj	9	15	False	True	asc	1	0.1111111111111111	0.49206349206349204	0.12698412698412698	0.49206349206349204
embed	last	proj	9	15	False	False	asc	1	0.1111111111111111	0.49206349206349204	0.12698412698412698	0.49206349206349204
embed	last	proj	9	16	False	True	asc	1	0.1111111111111111	0.49206349206349204	0.12698412698412698	0.49206349206349204
embed	last	proj	9	16	False	False	asc	1	0.1111111111111111	0.49206349206349204	0.12698412698412698	0.49206349206349204
embed	last	proj	9	17	False	True	asc	1	0.1111111111111111	0.49206349206349204	0.12698412698412698	0.49206349206349204
embed	last	proj	9	17	False	False	asc	1	0.1111111111111111	0.49206349206349204	0.12698412698412698	0.49206349206349204
act/7	last	proj	7	18	False	False	asc	1	0.1111111111111111	0.38095238095238093	0.12698412698412698	0.3492063492063492
act/7	last	proj	7	13	False	False	asc	1	0.14285714285714285	0.38095238095238093	0.12698412698412698	0.30158730158730157
act/7	last	proj	8	13	False	False	asc	1	0.14285714285714285	0.3968253968253968	0.12698412698412698	0.2698412698412698
act/3	last	proj	5	7	True	True	asc	1	0.047619047619047616	0.20634920634920634	0.12698412698412698	0.2857142857142857
embed	last	proj	10	16	False	True	asc	1	0.1111111111111111	0.49206349206349204	0.12698412698412698	0.49206349206349204
embed	last	proj	10	16	False	False	asc	1	0.1111111111111111	0.49206349206349204	0.12698412698412698	0.49206349206349204
act/11	last	proj	10	19	True	False	asc	1	0.12698412698412698	0.31746031746031744	0.12698412698412698	0.3968253968253968
act/11	last	proj	11	17	True	True	asc	1	0.15873015873015872	0.3333333333333333	0.12698412698412698	0.3492063492063492
act/11	last	proj	1	4	False	True	asc	1	0.19047619047619047	0.31746031746031744	0.12698412698412698	0.38095238095238093
act/11	last	proj	1	5	False	True	asc	1	0.1746031746031746	0.3492063492063492	0.12698412698412698	0.3333333333333333
act/11	last	proj	1	6	False	True	asc	1	0.1746031746031746	0.3968253968253968	0.12698412698412698	0.3968253968253968
act/11	last	proj	1	7	False	True	asc	1	0.20634920634920634	0.4444444444444444	0.12698412698412698	0.36507936507936506
embed	last	proj	9	14	False	False	asc	1	0.1111111111111111	0.49206349206349204	0.12698412698412698	0.49206349206349204
act/11	last	proj	12	16	True	False	asc	1	0.14285714285714285	0.3333333333333333	0.12698412698412698	0.3492063492063492
act/11	last	proj	12	17	True	False	asc	1	0.19047619047619047	0.3492063492063492	0.12698412698412698	0.3333333333333333
act/7	last	proj	7	17	False	False	asc	1	0.12698412698412698	0.38095238095238093	0.12698412698412698	0.3333333333333333
act/3	last	proj	2	11	True	True	asc	1	0.1111111111111111	0.42857142857142855	0.12698412698412698	0.4444444444444444
act/3	last	proj	2	11	True	False	asc	1	0.1111111111111111	0.42857142857142855	0.12698412698412698	0.3333333333333333
act/3	last	proj	2	20	True	True	asc	1	0.1111111111111111	0.42857142857142855	0.12698412698412698	0.4444444444444444
act/3	last	proj	3	4	True	True	asc	1	0.12698412698412698	0.4603174603174603	0.12698412698412698	0.3968253968253968
act/3	last	proj	3	4	True	False	asc	1	0.12698412698412698	0.4603174603174603	0.12698412698412698	0.3968253968253968
act/3	last	proj	2	14	True	True	asc	1	0.1111111111111111	0.47619047619047616	0.12698412698412698	0.4444444444444444
act/3	last	proj	2	15	True	True	asc	1	0.1111111111111111	0.47619047619047616	0.12698412698412698	0.4444444444444444
act/3	last	proj	2	18	True	True	asc	1	0.1111111111111111	0.4603174603174603	0.12698412698412698	0.42857142857142855
act/3	last	proj	0	8	True	True	asc	1	0.1746031746031746	0.2222222222222222	0.12698412698412698	0.25396825396825395
act/3	last	proj	0	9	True	True	asc	1	0.1746031746031746	0.2222222222222222	0.12698412698412698	0.25396825396825395
act/3	last	proj	0	11	True	True	asc	1	0.1746031746031746	0.2222222222222222	0.12698412698412698	0.23809523809523808
act/3	last	proj	2	12	True	True	asc	1	0.1111111111111111	0.4126984126984127	0.12698412698412698	0.4444444444444444
act/3	last	proj	2	13	True	True	asc	1	0.1111111111111111	0.4126984126984127	0.12698412698412698	0.4444444444444444
act/3	last	proj	2	16	True	True	asc	1	0.1111111111111111	0.47619047619047616	0.12698412698412698	0.4444444444444444
act/3	last	proj	2	17	True	True	asc	1	0.1111111111111111	0.4603174603174603	0.12698412698412698	0.4444444444444444
act/3	last	proj	2	10	True	True	asc	1	0.1111111111111111	0.4444444444444444	0.12698412698412698	0.4444444444444444
embed	last	proj	10	17	False	False	asc	1	0.1111111111111111	0.49206349206349204	0.12698412698412698	0.49206349206349204
embed	last	proj	10	18	False	True	asc	1	0.1111111111111111	0.49206349206349204	0.12698412698412698	0.49206349206349204
embed	last	proj	10	18	False	False	asc	1	0.1111111111111111	0.49206349206349204	0.12698412698412698	0.49206349206349204
embed	last	proj	10	19	False	True	asc	1	0.1111111111111111	0.49206349206349204	0.12698412698412698	0.49206349206349204
embed	last	proj	10	19	False	False	asc	1	0.1111111111111111	0.49206349206349204	0.12698412698412698	0.49206349206349204
act/3	last	proj	0	10	True	True	asc	1	0.1746031746031746	0.2222222222222222	0.12698412698412698	0.25396825396825395
act/3	last	proj	0	4	True	True	asc	1	0.19047619047619047	0.2222222222222222	0.12698412698412698	0.25396825396825395
act/3	last	proj	0	7	True	True	asc	1	0.1746031746031746	0.2222222222222222	0.12698412698412698	0.25396825396825395
embed	last	proj	10	13	False	False	asc	1	0.1111111111111111	0.49206349206349204	0.12698412698412698	0.49206349206349204
embed	last	proj	10	14	False	True	asc	1	0.1111111111111111	0.49206349206349204	0.12698412698412698	0.49206349206349204
embed	last	proj	10	14	False	False	asc	1	0.1111111111111111	0.49206349206349204	0.12698412698412698	0.49206349206349204
embed	last	proj	10	15	False	True	asc	1	0.1111111111111111	0.49206349206349204	0.12698412698412698	0.49206349206349204
embed	last	proj	10	15	False	False	asc	1	0.1111111111111111	0.49206349206349204	0.12698412698412698	0.49206349206349204
embed	last	proj	9	18	False	True	asc	1	0.1111111111111111	0.49206349206349204	0.12698412698412698	0.49206349206349204
embed	last	proj	9	18	False	False	asc	1	0.1111111111111111	0.49206349206349204	0.12698412698412698	0.49206349206349204
embed	last	proj	10	17	False	True	asc	1	0.1111111111111111	0.49206349206349204	0.12698412698412698	0.49206349206349204
embed	last	proj	11	14	False	False	asc	1	0.1111111111111111	0.49206349206349204	0.12698412698412698	0.49206349206349204
act/11	last	proj	8	13	True	True	asc	1	0.1111111111111111	0.3492063492063492	0.12698412698412698	0.31746031746031744
embed	last	proj	12	17	False	True	asc	1	0.1111111111111111	0.49206349206349204	0.12698412698412698	0.49206349206349204
act/11	last	proj	5	19	True	False	asc	1	0.12698412698412698	0.4444444444444444	0.12698412698412698	0.47619047619047616
act/11	last	proj	5	20	True	False	asc	1	0.12698412698412698	0.4126984126984127	0.12698412698412698	0.4444444444444444
act/11	last	proj	3	12	True	True	asc	1	0.1111111111111111	0.3492063492063492	0.12698412698412698	0.42857142857142855
act/11	last	proj	3	13	True	True	asc	1	0.1111111111111111	0.36507936507936506	0.12698412698412698	0.4126984126984127
act/11	last	proj	3	20	True	False	asc	1	0.09523809523809523	0.36507936507936506	0.12698412698412698	0.38095238095238093
embed	last	proj	12	18	False	False	asc	1	0.1111111111111111	0.49206349206349204	0.12698412698412698	0.49206349206349204
embed	last	proj	11	19	False	True	asc	1	0.1111111111111111	0.49206349206349204	0.12698412698412698	0.49206349206349204
embed	last	proj	11	19	False	False	asc	1	0.1111111111111111	0.49206349206349204	0.12698412698412698	0.49206349206349204
embed	last	proj	11	20	False	True	asc	1	0.1111111111111111	0.49206349206349204	0.12698412698412698	0.49206349206349204
embed	last	proj	11	20	False	False	asc	1	0.1111111111111111	0.49206349206349204	0.12698412698412698	0.49206349206349204
act/11	last	proj	9	16	True	True	asc	1	0.09523809523809523	0.2222222222222222	0.12698412698412698	0.3492063492063492
embed	last	proj	11	13	False	False	asc	1	0.1111111111111111	0.49206349206349204	0.12698412698412698	0.49206349206349204
embed	last	proj	11	14	False	True	asc	1	0.1111111111111111	0.49206349206349204	0.12698412698412698	0.49206349206349204
embed	last	proj	11	13	False	True	asc	1	0.1111111111111111	0.49206349206349204	0.12698412698412698	0.49206349206349204
embed	last	proj	11	15	False	True	asc	1	0.1111111111111111	0.49206349206349204	0.12698412698412698	0.49206349206349204
embed	last	proj	11	15	False	False	asc	1	0.1111111111111111	0.49206349206349204	0.12698412698412698	0.49206349206349204
embed	last	proj	11	16	False	True	asc	1	0.1111111111111111	0.49206349206349204	0.12698412698412698	0.49206349206349204
embed	last	proj	11	16	False	False	asc	1	0.1111111111111111	0.49206349206349204	0.12698412698412698	0.49206349206349204
embed	last	proj	11	17	False	True	asc	1	0.1111111111111111	0.49206349206349204	0.12698412698412698	0.49206349206349204
embed	last	proj	12	17	False	False	asc	1	0.1111111111111111	0.49206349206349204	0.12698412698412698	0.49206349206349204
embed	last	proj	12	18	False	True	asc	1	0.1111111111111111	0.49206349206349204	0.12698412698412698	0.49206349206349204
act/3	last	proj	2	19	True	True	asc	1	0.1111111111111111	0.4603174603174603	0.12698412698412698	0.42857142857142855
embed	last	proj	11	17	False	False	asc	1	0.1111111111111111	0.49206349206349204	0.12698412698412698	0.49206349206349204
embed	last	proj	11	18	False	True	asc	1	0.1111111111111111	0.49206349206349204	0.12698412698412698	0.49206349206349204
embed	last	proj	11	18	False	False	asc	1	0.1111111111111111	0.49206349206349204	0.12698412698412698	0.49206349206349204
embed	last	proj	10	20	False	True	asc	1	0.1111111111111111	0.49206349206349204	0.12698412698412698	0.49206349206349204
embed	last	proj	10	20	False	False	asc	1	0.1111111111111111	0.49206349206349204	0.12698412698412698	0.49206349206349204
embed	last	proj	11	12	False	True	asc	1	0.1111111111111111	0.49206349206349204	0.12698412698412698	0.49206349206349204
embed	last	proj	11	12	False	False	asc	1	0.1111111111111111	0.49206349206349204	0.12698412698412698	0.49206349206349204
act/11	last	proj	0	3	True	True	asc	1	0.20634920634920634	0.3492063492063492	0.12698412698412698	0.3492063492063492
act/11	last	proj	0	5	True	False	asc	1	0.14285714285714285	0.3968253968253968	0.12698412698412698	0.3968253968253968
act/11	last	proj	0	2	True	False	asc	1	0.19047619047619047	0.31746031746031744	0.12698412698412698	0.30158730158730157
act/11	last	proj	0	2	True	True	asc	1	0.19047619047619047	0.31746031746031744	0.12698412698412698	0.31746031746031744
act/11	last	proj	0	15	True	True	asc	1	0.14285714285714285	0.4126984126984127	0.12698412698412698	0.3492063492063492
act/11	last	proj	0	7	True	False	asc	1	0.1746031746031746	0.4444444444444444	0.12698412698412698	0.38095238095238093
act/11	last	proj	0	16	True	True	asc	1	0.14285714285714285	0.4126984126984127	0.12698412698412698	0.3492063492063492
act/11	last	proj	2	5	True	True	asc	1	0.09523809523809523	0.4126984126984127	0.12698412698412698	0.38095238095238093
act/11	last	proj	0	18	True	False	asc	1	0.14285714285714285	0.4126984126984127	0.12698412698412698	0.38095238095238093
act/11	last	proj	0	19	True	True	asc	1	0.14285714285714285	0.3968253968253968	0.12698412698412698	0.3492063492063492
act/11	last	proj	0	13	True	True	asc	1	0.14285714285714285	0.4126984126984127	0.12698412698412698	0.3492063492063492
act/11	last	proj	0	13	True	False	asc	1	0.1111111111111111	0.36507936507936506	0.12698412698412698	0.3333333333333333
act/11	last	proj	0	14	True	True	asc	1	0.14285714285714285	0.4126984126984127	0.12698412698412698	0.3492063492063492
act/11	last	proj	0	4	True	True	asc	1	0.1746031746031746	0.3492063492063492	0.12698412698412698	0.3333333333333333
act/11	last	proj	0	12	True	True	asc	1	0.14285714285714285	0.3968253968253968	0.12698412698412698	0.3492063492063492
embed	last	proj	14	18	False	True	asc	1	0.1111111111111111	0.49206349206349204	0.12698412698412698	0.49206349206349204
act/7	last	proj	5	12	True	False	asc	1	0.14285714285714285	0.3968253968253968	0.12698412698412698	0.3492063492063492
act/7	last	proj	5	20	True	True	asc	1	0.12698412698412698	0.4126984126984127	0.12698412698412698	0.4444444444444444
act/7	last	proj	5	16	True	True	asc	1	0.12698412698412698	0.4126984126984127	0.12698412698412698	0.3968253968253968
act/7	last	proj	5	16	True	False	asc	1	0.14285714285714285	0.4126984126984127	0.12698412698412698	0.4126984126984127
act/3	last	proj	2	4	True	False	asc	1	0.14285714285714285	0.4444444444444444	0.12698412698412698	0.36507936507936506
act/3	last	proj	2	8	True	True	asc	1	0.1111111111111111	0.4126984126984127	0.12698412698412698	0.4603174603174603
act/3	last	proj	2	8	True	False	asc	1	0.09523809523809523	0.4126984126984127	0.12698412698412698	0.42857142857142855
act/11	last	proj	0	18	True	True	asc	1	0.14285714285714285	0.3968253968253968	0.12698412698412698	0.3492063492063492
act/11	last	proj	1	11	True	True	asc	1	0.12698412698412698	0.5079365079365079	0.12698412698412698	0.4126984126984127
act/11	last	proj	1	12	True	True	asc	1	0.15873015873015872	0.5079365079365079	0.12698412698412698	0.4126984126984127
act/7	last	proj	5	14	True	False	asc	1	0.1111111111111111	0.3968253968253968	0.12698412698412698	0.4126984126984127
act/7	last	proj	5	15	True	True	asc	1	0.12698412698412698	0.4126984126984127	0.12698412698412698	0.3968253968253968
act/7	last	proj	5	15	True	False	asc	1	0.14285714285714285	0.4603174603174603	0.12698412698412698	0.42857142857142855
act/7	last	proj	5	18	True	False	asc	1	0.14285714285714285	0.4603174603174603	0.12698412698412698	0.4603174603174603
act/7	last	proj	5	19	True	True	asc	1	0.12698412698412698	0.4126984126984127	0.12698412698412698	0.42857142857142855
act/7	last	proj	5	19	True	False	asc	1	0.14285714285714285	0.4444444444444444	0.12698412698412698	0.4603174603174603
act/23	last	proj	1	14	False	True	asc	1	0.047619047619047616	0.25396825396825395	0.12698412698412698	0.3492063492063492
act/23	last	proj	1	10	False	True	asc	1	0.047619047619047616	0.2857142857142857	0.12698412698412698	0.3333333333333333
act/23	last	proj	1	11	False	True	asc	1	0.047619047619047616	0.25396825396825395	0.12698412698412698	0.3333333333333333
embed	last	proj	5	19	True	False	asc	1	0.07936507936507936	0.4603174603174603	0.12698412698412698	0.49206349206349204
embed	last	proj	5	20	True	True	asc	1	0.07936507936507936	0.4603174603174603	0.12698412698412698	0.49206349206349204
embed	last	proj	5	20	True	False	asc	1	0.07936507936507936	0.4603174603174603	0.12698412698412698	0.49206349206349204
embed	last	proj	6	7	True	True	asc	1	0.07936507936507936	0.4603174603174603	0.12698412698412698	0.49206349206349204
embed	last	proj	6	7	True	False	asc	1	0.07936507936507936	0.4603174603174603	0.12698412698412698	0.49206349206349204
embed	last	proj	14	18	False	False	asc	1	0.1111111111111111	0.49206349206349204	0.12698412698412698	0.49206349206349204
embed	last	proj	14	19	False	True	asc	1	0.1111111111111111	0.49206349206349204	0.12698412698412698	0.49206349206349204
embed	last	proj	14	19	False	False	asc	1	0.1111111111111111	0.49206349206349204	0.12698412698412698	0.49206349206349204
embed	last	proj	14	20	False	True	asc	1	0.1111111111111111	0.49206349206349204	0.12698412698412698	0.49206349206349204
embed	last	proj	14	20	False	False	asc	1	0.1111111111111111	0.49206349206349204	0.12698412698412698	0.49206349206349204
embed	last	proj	13	20	False	True	asc	1	0.1111111111111111	0.49206349206349204	0.12698412698412698	0.49206349206349204
act/11	last	proj	0	9	True	False	asc	1	0.14285714285714285	0.3968253968253968	0.12698412698412698	0.36507936507936506
act/11	last	proj	0	10	True	False	asc	1	0.12698412698412698	0.4603174603174603	0.12698412698412698	0.4126984126984127
embed	last	proj	15	19	False	True	asc	1	0.1111111111111111	0.49206349206349204	0.12698412698412698	0.49206349206349204
embed	last	proj	15	19	False	False	asc	1	0.1111111111111111	0.49206349206349204	0.12698412698412698	0.49206349206349204
embed	last	proj	15	20	False	True	asc	1	0.1111111111111111	0.49206349206349204	0.12698412698412698	0.49206349206349204
embed	last	proj	15	20	False	False	asc	1	0.1111111111111111	0.49206349206349204	0.12698412698412698	0.49206349206349204
embed	last	proj	13	20	False	False	asc	1	0.1111111111111111	0.49206349206349204	0.12698412698412698	0.49206349206349204
embed	last	proj	14	17	False	True	asc	1	0.1111111111111111	0.49206349206349204	0.12698412698412698	0.49206349206349204
embed	last	proj	14	17	False	False	asc	1	0.1111111111111111	0.49206349206349204	0.12698412698412698	0.49206349206349204
embed	last	proj	13	16	False	True	asc	1	0.1111111111111111	0.49206349206349204	0.12698412698412698	0.49206349206349204
embed	last	proj	13	16	False	False	asc	1	0.1111111111111111	0.49206349206349204	0.12698412698412698	0.49206349206349204
embed	last	proj	13	17	False	True	asc	1	0.1111111111111111	0.49206349206349204	0.12698412698412698	0.49206349206349204
embed	last	proj	13	17	False	False	asc	1	0.1111111111111111	0.49206349206349204	0.12698412698412698	0.49206349206349204
act/11	last	proj	0	17	True	True	asc	1	0.14285714285714285	0.3968253968253968	0.12698412698412698	0.3492063492063492
act/11	last	proj	1	7	True	False	asc	1	0.14285714285714285	0.4444444444444444	0.12698412698412698	0.42857142857142855
embed	last	proj	15	17	False	False	asc	1	0.1111111111111111	0.49206349206349204	0.12698412698412698	0.49206349206349204
embed	last	proj	15	18	False	True	asc	1	0.1111111111111111	0.49206349206349204	0.12698412698412698	0.49206349206349204
embed	last	proj	15	18	False	False	asc	1	0.1111111111111111	0.49206349206349204	0.12698412698412698	0.49206349206349204
act/11	last	proj	0	16	True	False	asc	1	0.09523809523809523	0.36507936507936506	0.1111111111111111	0.36507936507936506
embed	last	proj	15	16	False	True	asc	1	0.12698412698412698	0.5079365079365079	0.1111111111111111	0.47619047619047616
embed	last	proj	15	16	False	False	asc	1	0.12698412698412698	0.5079365079365079	0.1111111111111111	0.47619047619047616
embed	last	norm_l1	0	0	False	False	asc	1	0.07936507936507936	0.4603174603174603	0.1111111111111111	0.47619047619047616
act/11	last	proj	0	4	True	False	asc	1	0.1746031746031746	0.38095238095238093	0.1111111111111111	0.3492063492063492
embed	last	proj	14	16	False	True	asc	1	0.1111111111111111	0.49206349206349204	0.1111111111111111	0.47619047619047616
embed	last	proj	14	16	False	False	asc	1	0.1111111111111111	0.49206349206349204	0.1111111111111111	0.47619047619047616
act/11	last	proj	1	8	True	True	asc	1	0.19047619047619047	0.47619047619047616	0.1111111111111111	0.36507936507936506
embed	last	proj	17	18	False	False	asc	1	0.1111111111111111	0.49206349206349204	0.1111111111111111	0.47619047619047616
act/11	last	proj	1	9	True	True	asc	1	0.15873015873015872	0.4603174603174603	0.1111111111111111	0.36507936507936506
act/11	last	proj	0	17	True	False	asc	1	0.12698412698412698	0.38095238095238093	0.1111111111111111	0.3492063492063492
embed	last	proj	17	18	False	True	asc	1	0.1111111111111111	0.49206349206349204	0.1111111111111111	0.47619047619047616
act/11	last	proj	0	20	True	True	asc	1	0.14285714285714285	0.3968253968253968	0.1111111111111111	0.3492063492063492
act/3	last	proj	2	9	True	True	asc	1	0.1111111111111111	0.4444444444444444	0.1111111111111111	0.42857142857142855
act/3	last	proj	2	4	True	True	asc	1	0.14285714285714285	0.4444444444444444	0.1111111111111111	0.36507936507936506
embed	last	norm_l2	0	0	False	False	asc	1	0.07936507936507936	0.4603174603174603	0.1111111111111111	0.47619047619047616
embed	last	norm_l1	0	0	True	False	asc	1	0.07936507936507936	0.4603174603174603	0.1111111111111111	0.47619047619047616
act/11	last	proj	3	4	True	True	asc	1	0.09523809523809523	0.38095238095238093	0.1111111111111111	0.3968253968253968
act/11	last	proj	3	4	True	False	asc	1	0.09523809523809523	0.38095238095238093	0.1111111111111111	0.3968253968253968
act/11	last	proj	2	16	True	False	asc	1	0.1111111111111111	0.38095238095238093	0.1111111111111111	0.3968253968253968
act/7	last	proj	6	16	True	True	asc	1	0.1746031746031746	0.4126984126984127	0.1111111111111111	0.2857142857142857
act/11	last	proj	1	17	True	True	asc	1	0.12698412698412698	0.4603174603174603	0.1111111111111111	0.4126984126984127
act/11	last	proj	1	10	True	True	asc	1	0.12698412698412698	0.4603174603174603	0.1111111111111111	0.38095238095238093
act/7	last	proj	7	12	True	True	asc	1	0.14285714285714285	0.36507936507936506	0.1111111111111111	0.25396825396825395
act/7	last	proj	6	18	True	True	asc	1	0.12698412698412698	0.4126984126984127	0.1111111111111111	0.36507936507936506
act/7	last	proj	6	19	True	True	asc	1	0.12698412698412698	0.3968253968253968	0.1111111111111111	0.38095238095238093
act/7	last	proj	6	20	True	True	asc	1	0.12698412698412698	0.38095238095238093	0.1111111111111111	0.38095238095238093
act/7	last	proj	5	13	True	True	asc	1	0.12698412698412698	0.38095238095238093	0.1111111111111111	0.36507936507936506
act/7	last	proj	5	13	True	False	asc	1	0.1111111111111111	0.38095238095238093	0.1111111111111111	0.36507936507936506
act/7	last	proj	5	14	True	True	asc	1	0.12698412698412698	0.38095238095238093	0.1111111111111111	0.38095238095238093
act/3	last	proj	6	10	True	True	asc	1	0.1746031746031746	0.3968253968253968	0.1111111111111111	0.36507936507936506
act/7	last	proj	9	11	False	True	asc	1	0.06349206349206349	0.4444444444444444	0.1111111111111111	0.38095238095238093
act/7	last	proj	9	11	False	False	asc	1	0.06349206349206349	0.4444444444444444	0.1111111111111111	0.36507936507936506
act/3	last	proj	4	10	True	False	asc	1	0.07936507936507936	0.30158730158730157	0.1111111111111111	0.30158730158730157
act/3	last	proj	4	11	True	False	asc	1	0.07936507936507936	0.3333333333333333	0.1111111111111111	0.2857142857142857
act/3	last	proj	5	8	True	False	asc	1	0.14285714285714285	0.31746031746031744	0.1111111111111111	0.30158730158730157
act/3	last	proj	4	13	True	False	asc	1	0.07936507936507936	0.36507936507936506	0.1111111111111111	0.2857142857142857
act/3	last	proj	4	16	True	True	asc	1	0.09523809523809523	0.31746031746031744	0.1111111111111111	0.30158730158730157
act/7	last	proj	7	15	False	False	asc	1	0.14285714285714285	0.4126984126984127	0.1111111111111111	0.30158730158730157
act/7	last	proj	7	16	False	True	asc	1	0.14285714285714285	0.3492063492063492	0.1111111111111111	0.2857142857142857
act/7	last	proj	7	17	False	True	asc	1	0.14285714285714285	0.3492063492063492	0.1111111111111111	0.30158730158730157
act/7	last	proj	7	18	False	True	asc	1	0.14285714285714285	0.36507936507936506	0.1111111111111111	0.30158730158730157
act/7	last	proj	7	13	False	True	asc	1	0.1746031746031746	0.3492063492063492	0.1111111111111111	0.2857142857142857
act/3	last	proj	5	8	True	True	asc	1	0.14285714285714285	0.31746031746031744	0.1111111111111111	0.2857142857142857
act/11	last	proj	3	18	True	False	asc	1	0.1111111111111111	0.38095238095238093	0.1111111111111111	0.3492063492063492
act/11	last	proj	3	8	True	True	asc	1	0.12698412698412698	0.4126984126984127	0.1111111111111111	0.36507936507936506
act/11	last	proj	3	9	True	True	asc	1	0.1111111111111111	0.38095238095238093	0.1111111111111111	0.36507936507936506
act/7	last	proj	5	20	True	False	asc	1	0.1111111111111111	0.42857142857142855	0.1111111111111111	0.4444444444444444
act/7	last	proj	5	12	True	True	asc	1	0.12698412698412698	0.36507936507936506	0.1111111111111111	0.36507936507936506
act/11	last	proj	3	15	True	True	asc	1	0.1111111111111111	0.3968253968253968	0.1111111111111111	0.3968253968253968
act/11	last	proj	3	15	True	False	asc	1	0.12698412698412698	0.38095238095238093	0.1111111111111111	0.3968253968253968
act/11	last	proj	3	16	True	True	asc	1	0.1111111111111111	0.3968253968253968	0.1111111111111111	0.3968253968253968
act/11	last	proj	3	16	True	False	asc	1	0.1111111111111111	0.36507936507936506	0.1111111111111111	0.38095238095238093
act/11	last	proj	3	17	True	True	asc	1	0.1111111111111111	0.4126984126984127	0.1111111111111111	0.3968253968253968
act/11	last	proj	3	17	True	False	asc	1	0.09523809523809523	0.3492063492063492	0.1111111111111111	0.36507936507936506
act/11	last	proj	3	18	True	True	asc	1	0.1111111111111111	0.4126984126984127	0.1111111111111111	0.3968253968253968
act/11	last	proj	4	14	True	False	asc	1	0.09523809523809523	0.38095238095238093	0.1111111111111111	0.3492063492063492
act/11	last	proj	4	8	True	True	asc	1	0.12698412698412698	0.3492063492063492	0.1111111111111111	0.31746031746031744
act/11	last	proj	4	8	True	False	asc	1	0.14285714285714285	0.38095238095238093	0.1111111111111111	0.3492063492063492
act/11	last	proj	4	9	True	False	asc	1	0.14285714285714285	0.3968253968253968	0.1111111111111111	0.3492063492063492
act/11	last	proj	4	16	True	False	asc	1	0.14285714285714285	0.36507936507936506	0.1111111111111111	0.3968253968253968
act/11	last	proj	4	17	True	True	asc	1	0.14285714285714285	0.36507936507936506	0.1111111111111111	0.3968253968253968
act/11	last	proj	4	11	True	True	asc	1	0.1111111111111111	0.36507936507936506	0.1111111111111111	0.38095238095238093
act/11	last	proj	4	13	True	False	asc	1	0.09523809523809523	0.36507936507936506	0.1111111111111111	0.3492063492063492
act/3	last	proj	5	17	True	False	asc	1	0.06349206349206349	0.31746031746031744	0.1111111111111111	0.31746031746031744
act/3	last	proj	5	10	True	True	asc	1	0.09523809523809523	0.31746031746031744	0.1111111111111111	0.2698412698412698
act/3	last	proj	5	18	True	False	asc	1	0.09523809523809523	0.3492063492063492	0.1111111111111111	0.2857142857142857
act/3	last	proj	5	19	True	True	asc	1	0.09523809523809523	0.30158730158730157	0.1111111111111111	0.30158730158730157
act/27	last	proj	11	16	False	True	asc	1	0.047619047619047616	0.20634920634920634	0.1111111111111111	0.30158730158730157
act/27	last	proj	11	16	False	False	asc	1	0.047619047619047616	0.20634920634920634	0.1111111111111111	0.30158730158730157
act/7	last	proj	9	12	False	True	asc	1	0.09523809523809523	0.42857142857142855	0.1111111111111111	0.42857142857142855
act/7	last	proj	9	12	False	False	asc	1	0.1111111111111111	0.42857142857142855	0.1111111111111111	0.42857142857142855
embed	last	proj	12	16	False	False	asc	1	0.1111111111111111	0.49206349206349204	0.1111111111111111	0.47619047619047616
act/11	last	proj	3	10	True	True	asc	1	0.1111111111111111	0.3968253968253968	0.1111111111111111	0.3968253968253968
act/11	last	proj	3	10	True	False	asc	1	0.07936507936507936	0.31746031746031744	0.1111111111111111	0.3968253968253968
act/11	last	proj	4	20	True	False	asc	1	0.12698412698412698	0.38095238095238093	0.1111111111111111	0.42857142857142855
act/11	last	proj	4	16	True	True	asc	1	0.15873015873015872	0.38095238095238093	0.1111111111111111	0.38095238095238093
embed	last	proj	12	15	False	True	asc	1	0.1111111111111111	0.49206349206349204	0.1111111111111111	0.47619047619047616
embed	last	proj	12	15	False	False	asc	1	0.1111111111111111	0.49206349206349204	0.1111111111111111	0.47619047619047616
embed	last	proj	12	16	False	True	asc	1	0.1111111111111111	0.49206349206349204	0.1111111111111111	0.47619047619047616
act/11	last	proj	5	9	True	True	asc	1	0.12698412698412698	0.3968253968253968	0.1111111111111111	0.38095238095238093
act/11	last	proj	5	9	True	False	asc	1	0.1111111111111111	0.38095238095238093	0.1111111111111111	0.38095238095238093
act/11	last	proj	5	17	True	False	asc	1	0.12698412698412698	0.38095238095238093	0.1111111111111111	0.49206349206349204
act/11	last	proj	5	18	True	False	asc	1	0.12698412698412698	0.4444444444444444	0.1111111111111111	0.4603174603174603
act/27	last	proj	11	17	False	True	asc	1	0.047619047619047616	0.23809523809523808	0.1111111111111111	0.3333333333333333
act/27	last	proj	9	13	False	True	asc	1	0.047619047619047616	0.20634920634920634	0.1111111111111111	0.2698412698412698
act/27	last	proj	10	14	False	False	asc	1	0.031746031746031744	0.2222222222222222	0.1111111111111111	0.2698412698412698
embed	last	proj	12	13	False	True	asc	1	0.1111111111111111	0.49206349206349204	0.1111111111111111	0.47619047619047616
embed	last	proj	12	13	False	False	asc	1	0.1111111111111111	0.49206349206349204	0.1111111111111111	0.47619047619047616
embed	last	proj	12	14	False	True	asc	1	0.1111111111111111	0.49206349206349204	0.1111111111111111	0.47619047619047616
embed	last	proj	12	14	False	False	asc	1	0.1111111111111111	0.49206349206349204	0.1111111111111111	0.47619047619047616
act/11	last	proj	4	10	True	True	asc	1	0.09523809523809523	0.36507936507936506	0.1111111111111111	0.36507936507936506
act/11	last	proj	10	19	True	True	asc	1	0.12698412698412698	0.3333333333333333	0.1111111111111111	0.3968253968253968
act/11	last	proj	8	15	True	False	asc	1	0.09523809523809523	0.25396825396825395	0.1111111111111111	0.30158730158730157
act/11	last	proj	12	16	True	True	asc	1	0.15873015873015872	0.3333333333333333	0.1111111111111111	0.3333333333333333
act/11	last	proj	12	18	True	True	asc	1	0.14285714285714285	0.3968253968253968	0.1111111111111111	0.3492063492063492
act/11	last	proj	11	19	True	True	asc	1	0.12698412698412698	0.36507936507936506	0.1111111111111111	0.3492063492063492
act/11	last	proj	11	16	True	False	asc	1	0.12698412698412698	0.31746031746031744	0.1111111111111111	0.38095238095238093
act/11	last	proj	15	17	True	True	asc	1	0.14285714285714285	0.36507936507936506	0.1111111111111111	0.2857142857142857
act/11	last	proj	15	17	True	False	asc	1	0.14285714285714285	0.36507936507936506	0.1111111111111111	0.2857142857142857
act/11	last	proj	12	15	True	True	asc	1	0.15873015873015872	0.2698412698412698	0.1111111111111111	0.30158730158730157
act/11	last	proj	12	15	True	False	asc	1	0.15873015873015872	0.2698412698412698	0.1111111111111111	0.30158730158730157
act/11	last	proj	1	20	False	True	asc	1	0.14285714285714285	0.3968253968253968	0.1111111111111111	0.30158730158730157
act/11	last	proj	1	20	False	False	asc	1	0.09523809523809523	0.38095238095238093	0.1111111111111111	0.30158730158730157
act/11	last	proj	18	19	True	True	asc	1	0.07936507936507936	0.38095238095238093	0.1111111111111111	0.3968253968253968
act/11	last	proj	18	19	True	False	asc	1	0.07936507936507936	0.38095238095238093	0.1111111111111111	0.3968253968253968
act/11	last	proj	1	4	False	False	asc	1	0.19047619047619047	0.30158730158730157	0.1111111111111111	0.36507936507936506
act/11	last	proj	1	5	False	False	asc	1	0.12698412698412698	0.36507936507936506	0.1111111111111111	0.36507936507936506
act/11	last	proj	1	14	False	False	asc	1	0.07936507936507936	0.3968253968253968	0.1111111111111111	0.3492063492063492
act/11	last	proj	1	15	False	False	asc	1	0.07936507936507936	0.36507936507936506	0.1111111111111111	0.36507936507936506
act/11	last	proj	2	18	False	True	asc	1	0.15873015873015872	0.47619047619047616	0.1111111111111111	0.3968253968253968
act/11	last	proj	2	20	False	True	asc	1	0.15873015873015872	0.4444444444444444	0.1111111111111111	0.38095238095238093
act/11	last	proj	3	13	False	True	asc	1	0.12698412698412698	0.42857142857142855	0.1111111111111111	0.31746031746031744
act/11	last	proj	3	14	False	True	asc	1	0.12698412698412698	0.42857142857142855	0.1111111111111111	0.3333333333333333
act/27	last	proj	7	8	False	True	asc	1	0.14285714285714285	0.3333333333333333	0.1111111111111111	0.3333333333333333
act/27	last	proj	7	8	False	False	asc	1	0.14285714285714285	0.3333333333333333	0.1111111111111111	0.3333333333333333
act/3	last	proj	10	13	True	False	asc	1	0.12698412698412698	0.23809523809523808	0.1111111111111111	0.3492063492063492
act/27	last	proj	10	14	False	True	asc	1	0.06349206349206349	0.25396825396825395	0.1111111111111111	0.2857142857142857
act/7	last	proj	10	12	False	True	asc	1	0.23809523809523808	0.4126984126984127	0.1111111111111111	0.38095238095238093
act/7	last	proj	10	12	False	False	asc	1	0.23809523809523808	0.4126984126984127	0.1111111111111111	0.38095238095238093
act/27	last	proj	7	13	False	True	asc	1	0.15873015873015872	0.3968253968253968	0.1111111111111111	0.2857142857142857
act/27	last	proj	8	12	False	True	asc	1	0.15873015873015872	0.36507936507936506	0.1111111111111111	0.36507936507936506
act/27	last	proj	8	16	False	True	asc	1	0.047619047619047616	0.2222222222222222	0.1111111111111111	0.36507936507936506
act/11	last	proj	3	17	False	False	asc	1	0.14285714285714285	0.4126984126984127	0.1111111111111111	0.3333333333333333
act/11	last	proj	2	15	False	True	asc	1	0.14285714285714285	0.4603174603174603	0.1111111111111111	0.3968253968253968
act/11	last	proj	4	17	False	False	asc	1	0.12698412698412698	0.38095238095238093	0.1111111111111111	0.36507936507936506
act/11	last	proj	4	19	False	False	asc	1	0.1111111111111111	0.38095238095238093	0.1111111111111111	0.3968253968253968
act/11	last	proj	3	12	False	False	asc	1	0.1111111111111111	0.4126984126984127	0.1111111111111111	0.36507936507936506
act/11	last	proj	3	8	False	True	asc	1	0.1746031746031746	0.47619047619047616	0.1111111111111111	0.38095238095238093
act/31_normed	last	proj	18	20	False	False	asc	1	0.06349206349206349	0.15873015873015872	0.1111111111111111	0.23809523809523808
act/31_normed	last	proj	19	20	False	True	asc	1	0.1111111111111111	0.25396825396825395	0.1111111111111111	0.2698412698412698
act/31_normed	last	proj	19	20	False	False	asc	1	0.1111111111111111	0.25396825396825395	0.1111111111111111	0.2698412698412698
act/11	last	proj	3	15	False	False	asc	1	0.12698412698412698	0.42857142857142855	0.1111111111111111	0.36507936507936506
act/11	last	proj	3	16	False	False	asc	1	0.14285714285714285	0.42857142857142855	0.1111111111111111	0.3492063492063492
act/11	last	proj	3	9	False	True	asc	1	0.15873015873015872	0.42857142857142855	0.1111111111111111	0.3333333333333333
act/11	last	proj	5	16	False	False	asc	1	0.15873015873015872	0.36507936507936506	0.1111111111111111	0.4603174603174603
act/11	last	proj	5	17	False	False	asc	1	0.15873015873015872	0.36507936507936506	0.1111111111111111	0.4603174603174603
act/7	last	proj	0	12	True	False	asc	1	0.1746031746031746	0.5079365079365079	0.1111111111111111	0.3333333333333333
act/7	last	proj	0	2	True	False	asc	1	0.15873015873015872	0.30158730158730157	0.1111111111111111	0.3333333333333333
act/7	last	proj	0	4	True	False	asc	1	0.15873015873015872	0.36507936507936506	0.1111111111111111	0.4444444444444444
act/31_normed	last	proj	18	20	False	True	asc	1	0.06349206349206349	0.15873015873015872	0.1111111111111111	0.23809523809523808
act/11	last	proj	4	5	False	True	asc	1	0.15873015873015872	0.4444444444444444	0.1111111111111111	0.36507936507936506
act/11	last	proj	4	5	False	False	asc	1	0.15873015873015872	0.4444444444444444	0.1111111111111111	0.36507936507936506
act/11	last	proj	5	19	False	True	asc	1	0.14285714285714285	0.36507936507936506	0.1111111111111111	0.3968253968253968
act/11	last	proj	5	20	False	True	asc	1	0.15873015873015872	0.3492063492063492	0.1111111111111111	0.38095238095238093
act/11	last	proj	4	16	False	False	asc	1	0.12698412698412698	0.3968253968253968	0.1111111111111111	0.38095238095238093
act/27	last	proj	3	18	False	False	asc	1	0.09523809523809523	0.31746031746031744	0.1111111111111111	0.3333333333333333
act/27	last	proj	3	19	False	False	asc	1	0.09523809523809523	0.31746031746031744	0.1111111111111111	0.3492063492063492
act/27	last	proj	3	20	False	False	asc	1	0.09523809523809523	0.31746031746031744	0.1111111111111111	0.3492063492063492
act/27	last	proj	4	15	False	True	asc	1	0.09523809523809523	0.30158730158730157	0.1111111111111111	0.2857142857142857
act/27	last	proj	4	16	False	True	asc	1	0.1111111111111111	0.30158730158730157	0.1111111111111111	0.2857142857142857
act/27	last	proj	4	19	False	True	asc	1	0.09523809523809523	0.30158730158730157	0.1111111111111111	0.2857142857142857
act/27	last	proj	4	19	False	False	asc	1	0.09523809523809523	0.2857142857142857	0.1111111111111111	0.30158730158730157
act/27	last	proj	4	20	False	True	asc	1	0.09523809523809523	0.30158730158730157	0.1111111111111111	0.2857142857142857
act/27	last	proj	4	20	False	False	asc	1	0.09523809523809523	0.2857142857142857	0.1111111111111111	0.30158730158730157
act/27	last	proj	4	13	False	False	asc	1	0.12698412698412698	0.38095238095238093	0.1111111111111111	0.3492063492063492
act/27	last	proj	4	14	False	True	asc	1	0.07936507936507936	0.2698412698412698	0.1111111111111111	0.30158730158730157
act/11	last	proj	5	6	False	True	asc	1	0.1746031746031746	0.31746031746031744	0.1111111111111111	0.4444444444444444
act/11	last	proj	5	6	False	False	asc	1	0.1746031746031746	0.31746031746031744	0.1111111111111111	0.4444444444444444
act/11	last	proj	7	19	False	False	asc	1	0.09523809523809523	0.38095238095238093	0.1111111111111111	0.4126984126984127
act/11	last	proj	5	10	False	True	asc	1	0.1111111111111111	0.36507936507936506	0.1111111111111111	0.36507936507936506
act/11	last	proj	6	8	False	True	asc	1	0.20634920634920634	0.4603174603174603	0.1111111111111111	0.38095238095238093
act/11	last	proj	6	8	False	False	asc	1	0.1746031746031746	0.42857142857142855	0.1111111111111111	0.38095238095238093
act/31_normed	last	proj	12	17	False	True	asc	1	0.047619047619047616	0.25396825396825395	0.1111111111111111	0.30158730158730157
act/31_normed	last	proj	12	17	False	False	asc	1	0.06349206349206349	0.2698412698412698	0.1111111111111111	0.30158730158730157
act/31_normed	last	proj	12	18	False	True	asc	1	0.047619047619047616	0.23809523809523808	0.1111111111111111	0.2698412698412698
act/31_normed	last	proj	12	18	False	False	asc	1	0.047619047619047616	0.23809523809523808	0.1111111111111111	0.2698412698412698
act/31_normed	last	proj	12	16	False	True	asc	1	0.07936507936507936	0.23809523809523808	0.1111111111111111	0.2857142857142857
act/31_normed	last	proj	12	16	False	False	asc	1	0.07936507936507936	0.23809523809523808	0.1111111111111111	0.2857142857142857
act/31_normed	last	proj	10	19	False	True	asc	1	0.031746031746031744	0.2222222222222222	0.1111111111111111	0.2698412698412698
act/31_normed	last	proj	10	19	False	False	asc	1	0.031746031746031744	0.20634920634920634	0.1111111111111111	0.2857142857142857
act/31_normed	last	proj	11	18	False	False	asc	1	0.047619047619047616	0.2698412698412698	0.1111111111111111	0.30158730158730157
act/31_normed	last	proj	10	20	False	False	asc	1	0.031746031746031744	0.19047619047619047	0.1111111111111111	0.2857142857142857
act/31_normed	last	proj	10	16	False	True	asc	1	0.06349206349206349	0.2698412698412698	0.1111111111111111	0.2857142857142857
act/31_normed	last	proj	10	16	False	False	asc	1	0.06349206349206349	0.25396825396825395	0.1111111111111111	0.2857142857142857
act/31_normed	last	proj	10	17	False	True	asc	1	0.031746031746031744	0.2698412698412698	0.1111111111111111	0.31746031746031744
act/31_normed	last	proj	10	17	False	False	asc	1	0.031746031746031744	0.2698412698412698	0.1111111111111111	0.31746031746031744
act/31_normed	last	proj	10	18	False	True	asc	1	0.031746031746031744	0.23809523809523808	0.1111111111111111	0.2857142857142857
act/31_normed	last	proj	10	18	False	False	asc	1	0.031746031746031744	0.2222222222222222	0.1111111111111111	0.2857142857142857
act/31_normed	last	proj	11	16	False	True	asc	1	0.06349206349206349	0.2698412698412698	0.1111111111111111	0.31746031746031744
act/31_normed	last	proj	11	16	False	False	asc	1	0.06349206349206349	0.2698412698412698	0.1111111111111111	0.30158730158730157
act/31_normed	last	proj	11	18	False	True	asc	1	0.047619047619047616	0.25396825396825395	0.1111111111111111	0.30158730158730157
act/11	last	proj	8	20	False	False	asc	1	0.07936507936507936	0.36507936507936506	0.1111111111111111	0.4126984126984127
act/11	last	proj	11	16	False	True	asc	1	0.19047619047619047	0.36507936507936506	0.1111111111111111	0.30158730158730157
act/27	last	proj	2	17	False	True	asc	1	0.09523809523809523	0.30158730158730157	0.1111111111111111	0.3333333333333333
act/3	last	proj	11	13	True	True	asc	1	0.1111111111111111	0.15873015873015872	0.1111111111111111	0.3333333333333333
act/3	last	proj	11	13	True	False	asc	1	0.1111111111111111	0.15873015873015872	0.1111111111111111	0.31746031746031744
act/27	last	proj	2	20	False	True	asc	1	0.1111111111111111	0.30158730158730157	0.1111111111111111	0.31746031746031744
act/27	last	proj	2	20	False	False	asc	1	0.1111111111111111	0.3333333333333333	0.1111111111111111	0.3333333333333333
act/27	last	proj	2	15	False	True	asc	1	0.1111111111111111	0.3333333333333333	0.1111111111111111	0.3333333333333333
act/27	last	proj	2	18	False	True	asc	1	0.1111111111111111	0.30158730158730157	0.1111111111111111	0.3333333333333333
act/27	last	proj	2	18	False	False	asc	1	0.09523809523809523	0.31746031746031744	0.1111111111111111	0.3333333333333333
act/27	last	proj	2	19	False	True	asc	1	0.1111111111111111	0.30158730158730157	0.1111111111111111	0.3333333333333333
act/27	last	proj	2	19	False	False	asc	1	0.1111111111111111	0.3333333333333333	0.1111111111111111	0.31746031746031744
act/31_normed	last	proj	9	14	False	False	asc	1	0.09523809523809523	0.36507936507936506	0.1111111111111111	0.31746031746031744
act/31_normed	last	proj	9	17	False	True	asc	1	0.031746031746031744	0.30158730158730157	0.1111111111111111	0.3333333333333333
act/31_normed	last	proj	9	17	False	False	asc	1	0.031746031746031744	0.30158730158730157	0.1111111111111111	0.3492063492063492
act/31_normed	last	proj	10	15	False	True	asc	1	0.07936507936507936	0.3333333333333333	0.1111111111111111	0.31746031746031744
act/31_normed	last	proj	10	15	False	False	asc	1	0.07936507936507936	0.31746031746031744	0.1111111111111111	0.3333333333333333
act/11	last	proj	11	20	False	False	asc	1	0.1746031746031746	0.4126984126984127	0.1111111111111111	0.38095238095238093
act/31_normed	last	proj	8	10	False	False	asc	1	0.07936507936507936	0.3492063492063492	0.1111111111111111	0.30158730158730157
act/31_normed	last	proj	10	14	False	True	asc	1	0.07936507936507936	0.3333333333333333	0.1111111111111111	0.2857142857142857
act/11	last	proj	12	14	False	False	asc	1	0.1111111111111111	0.2857142857142857	0.1111111111111111	0.3492063492063492
act/11	last	proj	12	16	False	True	asc	1	0.19047619047619047	0.38095238095238093	0.1111111111111111	0.3333333333333333
act/11	last	proj	11	18	False	False	asc	1	0.1746031746031746	0.3492063492063492	0.1111111111111111	0.3333333333333333
act/11	last	proj	11	19	False	True	asc	1	0.14285714285714285	0.3492063492063492	0.1111111111111111	0.36507936507936506
act/11	last	proj	11	20	False	True	asc	1	0.15873015873015872	0.36507936507936506	0.1111111111111111	0.38095238095238093
act/11	last	proj	12	17	False	False	asc	1	0.19047619047619047	0.36507936507936506	0.1111111111111111	0.36507936507936506
act/11	last	proj	12	18	False	False	asc	1	0.1746031746031746	0.3333333333333333	0.1111111111111111	0.38095238095238093
act/11	last	proj	12	19	False	True	asc	1	0.12698412698412698	0.3492063492063492	0.1111111111111111	0.3968253968253968
act/11	last	proj	12	20	False	False	asc	1	0.19047619047619047	0.4126984126984127	0.1111111111111111	0.38095238095238093
act/11	last	proj	12	14	False	True	asc	1	0.12698412698412698	0.30158730158730157	0.1111111111111111	0.3492063492063492
act/31_normed	last	proj	8	15	False	True	asc	1	0.06349206349206349	0.3333333333333333	0.1111111111111111	0.3492063492063492
act/31_normed	last	proj	8	16	False	True	asc	1	0.06349206349206349	0.31746031746031744	0.1111111111111111	0.2857142857142857
act/31_normed	last	proj	8	16	False	False	asc	1	0.047619047619047616	0.31746031746031744	0.1111111111111111	0.30158730158730157
act/31_normed	last	proj	8	9	False	True	asc	1	0.1111111111111111	0.23809523809523808	0.1111111111111111	0.23809523809523808
act/31_normed	last	proj	8	9	False	False	asc	1	0.1111111111111111	0.23809523809523808	0.1111111111111111	0.23809523809523808
act/31_normed	last	proj	8	14	False	True	asc	1	0.07936507936507936	0.31746031746031744	0.1111111111111111	0.30158730158730157
act/31_normed	last	proj	8	14	False	False	asc	1	0.09523809523809523	0.31746031746031744	0.1111111111111111	0.2698412698412698
act/7	last	proj	10	11	True	False	asc	1	0.1111111111111111	0.3333333333333333	0.1111111111111111	0.3492063492063492
act/7	last	proj	9	12	True	False	asc	1	0.09523809523809523	0.23809523809523808	0.1111111111111111	0.23809523809523808
act/31_normed	last	proj	8	18	False	False	asc	1	0.047619047619047616	0.2698412698412698	0.1111111111111111	0.2857142857142857
act/7	last	proj	14	15	False	True	asc	1	0.12698412698412698	0.36507936507936506	0.1111111111111111	0.30158730158730157
act/7	last	proj	14	15	False	False	asc	1	0.12698412698412698	0.36507936507936506	0.1111111111111111	0.30158730158730157
act/7	last	proj	12	17	False	True	asc	1	0.1111111111111111	0.3968253968253968	0.1111111111111111	0.36507936507936506
act/7	last	proj	12	17	False	False	asc	1	0.1111111111111111	0.3968253968253968	0.1111111111111111	0.38095238095238093
act/7	last	proj	12	18	False	True	asc	1	0.1746031746031746	0.4603174603174603	0.1111111111111111	0.36507936507936506
act/7	last	proj	12	19	False	True	asc	1	0.19047619047619047	0.49206349206349204	0.1111111111111111	0.38095238095238093
act/7	last	proj	12	19	False	False	asc	1	0.19047619047619047	0.49206349206349204	0.1111111111111111	0.38095238095238093
act/27	last	proj	1	2	False	False	asc	1	0.1111111111111111	0.30158730158730157	0.1111111111111111	0.42857142857142855
act/3	last	proj	12	15	True	True	asc	1	0.09523809523809523	0.2222222222222222	0.1111111111111111	0.4126984126984127
act/3	last	proj	12	15	True	False	asc	1	0.09523809523809523	0.2222222222222222	0.1111111111111111	0.4126984126984127
act/3	last	proj	12	16	True	True	asc	1	0.14285714285714285	0.2698412698412698	0.1111111111111111	0.3968253968253968
act/3	last	proj	12	16	True	False	asc	1	0.14285714285714285	0.2698412698412698	0.1111111111111111	0.3968253968253968
act/27	last	proj	1	15	False	True	asc	1	0.09523809523809523	0.2698412698412698	0.1111111111111111	0.3333333333333333
act/27	last	proj	1	2	False	True	asc	1	0.1111111111111111	0.30158730158730157	0.1111111111111111	0.42857142857142855
act/27	last	proj	1	16	False	True	asc	1	0.09523809523809523	0.2857142857142857	0.1111111111111111	0.3333333333333333
act/11	last	proj	14	17	False	False	asc	1	0.25396825396825395	0.4603174603174603	0.1111111111111111	0.3492063492063492
act/31_normed	last	proj	7	12	False	False	asc	1	0.1111111111111111	0.4603174603174603	0.1111111111111111	0.4444444444444444
act/7	last	proj	10	11	True	True	asc	1	0.1111111111111111	0.3333333333333333	0.1111111111111111	0.3492063492063492
act/11	last	proj	18	19	False	False	asc	1	0.09523809523809523	0.30158730158730157	0.1111111111111111	0.31746031746031744
act/11	last	proj	14	17	False	True	asc	1	0.25396825396825395	0.4603174603174603	0.1111111111111111	0.3492063492063492
act/15	last	proj	1	16	True	False	asc	1	0.12698412698412698	0.36507936507936506	0.1111111111111111	0.38095238095238093
act/15	last	proj	0	4	True	True	asc	1	0.14285714285714285	0.3492063492063492	0.1111111111111111	0.3333333333333333
act/15	last	proj	0	4	True	False	asc	1	0.14285714285714285	0.36507936507936506	0.1111111111111111	0.38095238095238093
act/15	last	proj	0	5	True	True	asc	1	0.14285714285714285	0.36507936507936506	0.1111111111111111	0.36507936507936506
act/15	last	proj	0	2	True	True	asc	1	0.12698412698412698	0.2857142857142857	0.1111111111111111	0.31746031746031744
act/11	last	proj	18	19	False	True	asc	1	0.09523809523809523	0.30158730158730157	0.1111111111111111	0.31746031746031744
act/15	last	proj	1	17	True	False	asc	1	0.12698412698412698	0.36507936507936506	0.1111111111111111	0.38095238095238093
act/15	last	proj	1	18	True	False	asc	1	0.1111111111111111	0.38095238095238093	0.1111111111111111	0.38095238095238093
act/15	last	proj	1	19	True	False	asc	1	0.12698412698412698	0.3968253968253968	0.1111111111111111	0.38095238095238093
act/15	last	proj	1	15	True	False	asc	1	0.14285714285714285	0.38095238095238093	0.1111111111111111	0.3492063492063492
act/15	last	proj	1	8	True	False	asc	1	0.2222222222222222	0.49206349206349204	0.1111111111111111	0.38095238095238093
act/15	last	proj	1	11	True	False	asc	1	0.12698412698412698	0.3968253968253968	0.1111111111111111	0.3333333333333333
act/15	last	proj	0	16	True	True	asc	1	0.19047619047619047	0.4444444444444444	0.1111111111111111	0.38095238095238093
act/7	last	proj	6	15	False	False	asc	1	0.14285714285714285	0.42857142857142855	0.1111111111111111	0.36507936507936506
act/27	last	proj	15	17	True	True	asc	1	0.1111111111111111	0.31746031746031744	0.1111111111111111	0.3333333333333333
act/27	last	proj	15	17	True	False	asc	1	0.1111111111111111	0.31746031746031744	0.1111111111111111	0.3492063492063492
act/27	last	proj	15	19	True	True	asc	1	0.14285714285714285	0.36507936507936506	0.1111111111111111	0.31746031746031744
act/27	last	proj	15	19	True	False	asc	1	0.12698412698412698	0.36507936507936506	0.1111111111111111	0.31746031746031744
act/7	last	proj	6	19	False	False	asc	1	0.14285714285714285	0.42857142857142855	0.1111111111111111	0.3968253968253968
act/7	last	proj	6	15	False	True	asc	1	0.12698412698412698	0.3968253968253968	0.1111111111111111	0.36507936507936506
act/7	last	proj	6	17	False	False	asc	1	0.12698412698412698	0.42857142857142855	0.1111111111111111	0.38095238095238093
act/7	last	proj	6	18	False	False	asc	1	0.12698412698412698	0.4126984126984127	0.1111111111111111	0.38095238095238093
act/7	last	proj	12	20	False	True	asc	1	0.14285714285714285	0.4444444444444444	0.1111111111111111	0.3968253968253968
act/7	last	proj	11	17	False	True	asc	1	0.15873015873015872	0.38095238095238093	0.1111111111111111	0.36507936507936506
act/7	last	proj	11	17	False	False	asc	1	0.15873015873015872	0.38095238095238093	0.1111111111111111	0.36507936507936506
act/31_normed	last	proj	7	13	False	True	asc	1	0.09523809523809523	0.4603174603174603	0.1111111111111111	0.4444444444444444
act/31_normed	last	proj	5	19	False	True	asc	1	0.047619047619047616	0.3492063492063492	0.1111111111111111	0.42857142857142855
act/31_normed	last	proj	5	12	False	True	asc	1	0.15873015873015872	0.4603174603174603	0.1111111111111111	0.42857142857142855
act/31_normed	last	proj	5	20	False	True	asc	1	0.06349206349206349	0.3492063492063492	0.1111111111111111	0.3968253968253968
act/31_normed	last	proj	5	16	False	True	asc	1	0.09523809523809523	0.3492063492063492	0.1111111111111111	0.4444444444444444
act/15	last	proj	1	20	True	False	asc	1	0.12698412698412698	0.3968253968253968	0.1111111111111111	0.38095238095238093
act/15	last	proj	2	4	True	False	asc	1	0.1111111111111111	0.49206349206349204	0.1111111111111111	0.3968253968253968
act/15	last	proj	3	13	True	True	asc	1	0.12698412698412698	0.4444444444444444	0.1111111111111111	0.36507936507936506
act/15	last	proj	3	13	True	False	asc	1	0.15873015873015872	0.4126984126984127	0.1111111111111111	0.3492063492063492
act/15	last	proj	3	14	True	True	asc	1	0.1111111111111111	0.3968253968253968	0.1111111111111111	0.38095238095238093
act/15	last	proj	3	14	True	False	asc	1	0.14285714285714285	0.38095238095238093	0.1111111111111111	0.38095238095238093
act/27	last	proj	15	16	True	True	asc	1	0.07936507936507936	0.30158730158730157	0.1111111111111111	0.3492063492063492
act/27	last	proj	15	16	True	False	asc	1	0.07936507936507936	0.30158730158730157	0.1111111111111111	0.3492063492063492
act/7	last	proj	6	9	False	False	asc	1	0.1111111111111111	0.3333333333333333	0.1111111111111111	0.3333333333333333
act/7	last	proj	6	10	False	True	asc	1	0.12698412698412698	0.38095238095238093	0.1111111111111111	0.36507936507936506
act/7	last	proj	6	10	False	False	asc	1	0.12698412698412698	0.38095238095238093	0.1111111111111111	0.3492063492063492
act/7	last	proj	14	17	False	True	asc	1	0.07936507936507936	0.2857142857142857	0.1111111111111111	0.3333333333333333
act/7	last	proj	14	17	False	False	asc	1	0.07936507936507936	0.2857142857142857	0.1111111111111111	0.3333333333333333
act/7	last	proj	6	9	False	True	asc	1	0.1111111111111111	0.3333333333333333	0.1111111111111111	0.3333333333333333
act/7	last	proj	16	17	False	True	asc	1	0.07936507936507936	0.3333333333333333	0.1111111111111111	0.31746031746031744
act/7	last	proj	16	17	False	False	asc	1	0.07936507936507936	0.3333333333333333	0.1111111111111111	0.31746031746031744
act/31_normed	last	proj	4	11	False	False	asc	1	0.19047619047619047	0.4603174603174603	0.1111111111111111	0.4444444444444444
act/31_normed	last	proj	4	12	False	False	asc	1	0.15873015873015872	0.4126984126984127	0.1111111111111111	0.4444444444444444
act/15	last	proj	2	11	True	False	asc	1	0.14285714285714285	0.4126984126984127	0.1111111111111111	0.3333333333333333
act/15	last	proj	2	12	True	False	asc	1	0.15873015873015872	0.42857142857142855	0.1111111111111111	0.36507936507936506
act/15	last	proj	2	8	True	False	asc	1	0.2222222222222222	0.42857142857142855	0.1111111111111111	0.36507936507936506
act/15	last	proj	2	9	True	False	asc	1	0.25396825396825395	0.47619047619047616	0.1111111111111111	0.38095238095238093
act/31_normed	last	proj	3	14	False	False	asc	1	0.12698412698412698	0.4126984126984127	0.1111111111111111	0.42857142857142855
act/31_normed	last	proj	4	19	False	True	asc	1	0.06349206349206349	0.3492063492063492	0.1111111111111111	0.42857142857142855
act/31_normed	last	proj	4	20	False	True	asc	1	0.07936507936507936	0.3492063492063492	0.1111111111111111	0.42857142857142855
act/31_normed	last	proj	4	18	False	True	asc	1	0.09523809523809523	0.3492063492063492	0.1111111111111111	0.4444444444444444
act/15	last	proj	3	8	True	False	asc	1	0.20634920634920634	0.4126984126984127	0.1111111111111111	0.3492063492063492
act/15	last	proj	4	14	True	False	asc	1	0.15873015873015872	0.38095238095238093	0.1111111111111111	0.3333333333333333
act/15	last	proj	3	15	True	True	asc	1	0.14285714285714285	0.38095238095238093	0.1111111111111111	0.38095238095238093
act/15	last	proj	3	9	True	True	asc	1	0.14285714285714285	0.3968253968253968	0.1111111111111111	0.3968253968253968
act/15	last	proj	3	9	True	False	asc	1	0.19047619047619047	0.4126984126984127	0.1111111111111111	0.3968253968253968
act/31_normed	last	proj	3	17	False	True	asc	1	0.12698412698412698	0.47619047619047616	0.1111111111111111	0.42857142857142855
act/31_normed	last	proj	3	18	False	True	asc	1	0.1111111111111111	0.4603174603174603	0.1111111111111111	0.4126984126984127
act/31_normed	last	proj	3	11	False	True	asc	1	0.1746031746031746	0.4603174603174603	0.1111111111111111	0.47619047619047616
act/31_normed	last	proj	3	12	False	True	asc	1	0.1746031746031746	0.47619047619047616	0.1111111111111111	0.47619047619047616
act/31_normed	last	proj	3	13	False	True	asc	1	0.1746031746031746	0.4444444444444444	0.1111111111111111	0.42857142857142855
act/15	last	proj	5	14	True	False	asc	1	0.14285714285714285	0.38095238095238093	0.1111111111111111	0.3492063492063492
act/31_normed	last	proj	2	15	False	False	asc	1	0.07936507936507936	0.3968253968253968	0.1111111111111111	0.36507936507936506
act/31_normed	last	proj	3	20	False	True	asc	1	0.14285714285714285	0.4444444444444444	0.1111111111111111	0.4126984126984127
act/31_normed	last	proj	3	16	False	False	asc	1	0.09523809523809523	0.38095238095238093	0.1111111111111111	0.4126984126984127
act/15	last	proj	4	15	True	False	asc	1	0.20634920634920634	0.4126984126984127	0.1111111111111111	0.38095238095238093
act/15	last	proj	4	16	True	False	asc	1	0.1746031746031746	0.4126984126984127	0.1111111111111111	0.3968253968253968
act/15	last	proj	4	9	True	False	asc	1	0.25396825396825395	0.47619047619047616	0.1111111111111111	0.3492063492063492
act/15	last	proj	4	10	True	False	asc	1	0.1746031746031746	0.4126984126984127	0.1111111111111111	0.3492063492063492
act/15	last	proj	4	12	True	False	asc	1	0.2222222222222222	0.49206349206349204	0.1111111111111111	0.31746031746031744
act/15	last	proj	3	19	True	True	asc	1	0.14285714285714285	0.4126984126984127	0.1111111111111111	0.4126984126984127
act/15	last	proj	3	20	True	True	asc	1	0.14285714285714285	0.4126984126984127	0.1111111111111111	0.4126984126984127
act/3	last	proj	18	19	True	True	asc	1	0.015873015873015872	0.2698412698412698	0.1111111111111111	0.31746031746031744
act/3	last	proj	18	19	True	False	asc	1	0.015873015873015872	0.2698412698412698	0.1111111111111111	0.31746031746031744
act/27	last	proj	19	20	True	True	asc	1	0.09523809523809523	0.2698412698412698	0.1111111111111111	0.38095238095238093
act/27	last	proj	19	20	True	False	asc	1	0.09523809523809523	0.2698412698412698	0.1111111111111111	0.38095238095238093
act/27	last	proj	17	18	True	True	asc	1	0.12698412698412698	0.3492063492063492	0.1111111111111111	0.4126984126984127
act/27	last	proj	17	18	True	False	asc	1	0.12698412698412698	0.3492063492063492	0.1111111111111111	0.4126984126984127
act/31_normed	last	proj	2	19	False	True	asc	1	0.09523809523809523	0.3968253968253968	0.1111111111111111	0.3333333333333333
act/15	last	proj	5	8	True	True	asc	1	0.23809523809523808	0.4603174603174603	0.1111111111111111	0.4126984126984127
act/15	last	proj	4	17	True	False	asc	1	0.19047619047619047	0.3968253968253968	0.1111111111111111	0.4126984126984127
act/15	last	proj	4	20	True	True	asc	1	0.20634920634920634	0.3968253968253968	0.1111111111111111	0.3492063492063492
act/31_normed	last	proj	2	20	False	True	asc	1	0.09523809523809523	0.3968253968253968	0.1111111111111111	0.31746031746031744
act/31_normed	last	proj	3	4	False	True	asc	1	0.19047619047619047	0.36507936507936506	0.1111111111111111	0.3492063492063492
act/31_normed	last	proj	3	4	False	False	asc	1	0.19047619047619047	0.36507936507936506	0.1111111111111111	0.3492063492063492
act/31_normed	last	proj	2	16	False	False	asc	1	0.07936507936507936	0.3492063492063492	0.1111111111111111	0.42857142857142855
act/31_normed	last	proj	2	18	False	True	asc	1	0.09523809523809523	0.3968253968253968	0.1111111111111111	0.3333333333333333
act/15	last	proj	8	19	True	True	asc	1	0.12698412698412698	0.3333333333333333	0.1111111111111111	0.38095238095238093
act/15	last	proj	8	19	True	False	asc	1	0.14285714285714285	0.3333333333333333	0.1111111111111111	0.3968253968253968
act/31_normed	last	proj	1	16	False	False	asc	1	0.1111111111111111	0.38095238095238093	0.1111111111111111	0.42857142857142855
act/15	last	proj	9	12	True	True	asc	1	0.1746031746031746	0.47619047619047616	0.1111111111111111	0.2698412698412698
act/15	last	proj	9	12	True	False	asc	1	0.19047619047619047	0.47619047619047616	0.1111111111111111	0.2857142857142857
act/15	last	proj	9	13	True	False	asc	1	0.2222222222222222	0.5396825396825397	0.1111111111111111	0.2857142857142857
act/3	last	proj	2	3	False	True	asc	1	0.07936507936507936	0.2698412698412698	0.1111111111111111	0.31746031746031744
act/3	last	proj	2	3	False	False	asc	1	0.07936507936507936	0.2698412698412698	0.1111111111111111	0.31746031746031744
act/15	last	proj	8	9	True	True	asc	1	0.14285714285714285	0.3968253968253968	0.1111111111111111	0.42857142857142855
act/15	last	proj	8	9	True	False	asc	1	0.14285714285714285	0.3968253968253968	0.1111111111111111	0.42857142857142855
act/31_normed	last	proj	1	18	False	False	asc	1	0.09523809523809523	0.3333333333333333	0.1111111111111111	0.3492063492063492
act/31_normed	last	proj	1	19	False	False	asc	1	0.1111111111111111	0.3492063492063492	0.1111111111111111	0.36507936507936506
act/31_normed	last	proj	1	20	False	False	asc	1	0.09523809523809523	0.3492063492063492	0.1111111111111111	0.3492063492063492
act/31_normed	last	proj	1	14	False	False	asc	1	0.1111111111111111	0.38095238095238093	0.1111111111111111	0.42857142857142855
act/15	last	proj	7	20	True	False	asc	1	0.15873015873015872	0.4444444444444444	0.1111111111111111	0.4126984126984127
act/15	last	proj	10	19	True	True	asc	1	0.1746031746031746	0.3492063492063492	0.1111111111111111	0.3968253968253968
act/15	last	proj	10	19	True	False	asc	1	0.15873015873015872	0.3492063492063492	0.1111111111111111	0.3968253968253968
act/15	last	proj	10	20	True	False	asc	1	0.19047619047619047	0.3968253968253968	0.1111111111111111	0.4126984126984127
act/15	last	proj	10	14	True	True	asc	1	0.12698412698412698	0.3333333333333333	0.1111111111111111	0.31746031746031744
act/15	last	proj	10	14	True	False	asc	1	0.12698412698412698	0.31746031746031744	0.1111111111111111	0.3333333333333333
act/15	last	proj	8	15	True	True	asc	1	0.07936507936507936	0.30158730158730157	0.1111111111111111	0.3333333333333333
act/31_normed	last	proj	1	7	False	True	asc	1	0.12698412698412698	0.31746031746031744	0.1111111111111111	0.36507936507936506
act/31_normed	last	proj	1	12	False	True	asc	1	0.09523809523809523	0.30158730158730157	0.1111111111111111	0.3968253968253968
act/31_normed	last	proj	1	13	False	True	asc	1	0.12698412698412698	0.3333333333333333	0.1111111111111111	0.38095238095238093
act/31_normed	last	proj	0	7	False	False	asc	1	0.047619047619047616	0.23809523809523808	0.1111111111111111	0.30158730158730157
act/31_normed	last	proj	0	8	False	False	asc	1	0.06349206349206349	0.25396825396825395	0.1111111111111111	0.31746031746031744
act/31_normed	last	proj	0	10	False	False	asc	1	0.047619047619047616	0.23809523809523808	0.1111111111111111	0.31746031746031744
act/31_normed	last	proj	0	9	False	False	asc	1	0.06349206349206349	0.25396825396825395	0.1111111111111111	0.31746031746031744
act/15	last	proj	10	11	True	True	asc	1	0.20634920634920634	0.42857142857142855	0.1111111111111111	0.31746031746031744
act/15	last	proj	10	11	True	False	asc	1	0.20634920634920634	0.42857142857142855	0.1111111111111111	0.31746031746031744
act/7	last	proj	11	15	True	True	asc	1	0.20634920634920634	0.4603174603174603	0.1111111111111111	0.4444444444444444
act/7	last	proj	11	12	True	True	asc	1	0.07936507936507936	0.2857142857142857	0.1111111111111111	0.3333333333333333
act/7	last	proj	11	12	True	False	asc	1	0.07936507936507936	0.2857142857142857	0.1111111111111111	0.3333333333333333
act/7	last	proj	10	17	True	True	asc	1	0.1746031746031746	0.47619047619047616	0.1111111111111111	0.3968253968253968
act/7	last	proj	10	12	True	False	asc	1	0.14285714285714285	0.38095238095238093	0.1111111111111111	0.36507936507936506
act/15	last	proj	11	17	True	True	asc	1	0.14285714285714285	0.3333333333333333	0.1111111111111111	0.31746031746031744
act/15	last	proj	11	17	True	False	asc	1	0.14285714285714285	0.3492063492063492	0.1111111111111111	0.31746031746031744
act/15	last	proj	11	16	True	True	asc	1	0.1746031746031746	0.36507936507936506	0.1111111111111111	0.2698412698412698
act/15	last	proj	11	16	True	False	asc	1	0.15873015873015872	0.3492063492063492	0.1111111111111111	0.25396825396825395
act/15	last	proj	13	20	True	False	asc	1	0.1111111111111111	0.3492063492063492	0.1111111111111111	0.3968253968253968
act/15	last	proj	14	17	True	False	asc	1	0.047619047619047616	0.15873015873015872	0.1111111111111111	0.2857142857142857
act/15	last	proj	14	19	True	True	asc	1	0.15873015873015872	0.3333333333333333	0.1111111111111111	0.3968253968253968
act/15	last	proj	14	19	True	False	asc	1	0.1746031746031746	0.3492063492063492	0.1111111111111111	0.4126984126984127
act/27	last	proj	10	17	True	True	asc	1	0.031746031746031744	0.12698412698412698	0.1111111111111111	0.25396825396825395
act/27	last	proj	10	17	True	False	asc	1	0.031746031746031744	0.14285714285714285	0.1111111111111111	0.2857142857142857
act/27	last	proj	10	18	True	True	asc	1	0.047619047619047616	0.15873015873015872	0.1111111111111111	0.30158730158730157
act/27	last	proj	10	18	True	False	asc	1	0.047619047619047616	0.15873015873015872	0.1111111111111111	0.31746031746031744
act/27	last	proj	10	13	True	True	asc	1	0.06349206349206349	0.19047619047619047	0.1111111111111111	0.2222222222222222
act/27	last	proj	10	13	True	False	asc	1	0.06349206349206349	0.19047619047619047	0.1111111111111111	0.2222222222222222
act/27	last	proj	9	12	True	True	asc	1	0.015873015873015872	0.1111111111111111	0.1111111111111111	0.19047619047619047
act/27	last	proj	9	12	True	False	asc	1	0.015873015873015872	0.1111111111111111	0.1111111111111111	0.19047619047619047
embed	last	proj	3	10	False	True	asc	1	0.09523809523809523	0.4603174603174603	0.1111111111111111	0.47619047619047616
embed	last	proj	3	10	False	False	asc	1	0.09523809523809523	0.47619047619047616	0.1111111111111111	0.47619047619047616
embed	last	proj	2	20	False	False	asc	1	0.09523809523809523	0.47619047619047616	0.1111111111111111	0.4603174603174603
embed	last	proj	3	19	False	True	asc	1	0.09523809523809523	0.47619047619047616	0.1111111111111111	0.47619047619047616
embed	last	proj	3	20	False	True	asc	1	0.09523809523809523	0.47619047619047616	0.1111111111111111	0.47619047619047616
act/7	last	proj	13	14	True	True	asc	1	0.1111111111111111	0.38095238095238093	0.1111111111111111	0.42857142857142855
act/7	last	proj	13	14	True	False	asc	1	0.1111111111111111	0.38095238095238093	0.1111111111111111	0.42857142857142855
embed	last	proj	3	14	False	True	asc	1	0.09523809523809523	0.47619047619047616	0.1111111111111111	0.47619047619047616
embed	last	proj	3	14	False	False	asc	1	0.09523809523809523	0.47619047619047616	0.1111111111111111	0.47619047619047616
embed	last	proj	3	7	False	True	asc	1	0.09523809523809523	0.4603174603174603	0.1111111111111111	0.4444444444444444
embed	last	proj	3	7	False	False	asc	1	0.09523809523809523	0.4603174603174603	0.1111111111111111	0.4603174603174603
embed	last	proj	3	8	False	True	asc	1	0.09523809523809523	0.4603174603174603	0.1111111111111111	0.4603174603174603
embed	last	proj	3	8	False	False	asc	1	0.09523809523809523	0.47619047619047616	0.1111111111111111	0.47619047619047616
embed	last	proj	3	9	False	True	asc	1	0.09523809523809523	0.4603174603174603	0.1111111111111111	0.4603174603174603
embed	last	proj	3	9	False	False	asc	1	0.09523809523809523	0.47619047619047616	0.1111111111111111	0.47619047619047616
embed	last	proj	3	11	False	True	asc	1	0.09523809523809523	0.4603174603174603	0.1111111111111111	0.47619047619047616
embed	last	proj	3	11	False	False	asc	1	0.09523809523809523	0.47619047619047616	0.1111111111111111	0.47619047619047616
embed	last	proj	3	12	False	True	asc	1	0.09523809523809523	0.47619047619047616	0.1111111111111111	0.47619047619047616
embed	last	proj	3	12	False	False	asc	1	0.09523809523809523	0.47619047619047616	0.1111111111111111	0.47619047619047616
embed	last	proj	3	13	False	True	asc	1	0.09523809523809523	0.47619047619047616	0.1111111111111111	0.47619047619047616
embed	last	proj	3	13	False	False	asc	1	0.09523809523809523	0.47619047619047616	0.1111111111111111	0.47619047619047616
act/7	last	proj	13	16	True	True	asc	1	0.09523809523809523	0.36507936507936506	0.1111111111111111	0.31746031746031744
act/7	last	proj	13	16	True	False	asc	1	0.09523809523809523	0.38095238095238093	0.1111111111111111	0.31746031746031744
embed	last	proj	3	15	False	True	asc	1	0.09523809523809523	0.47619047619047616	0.1111111111111111	0.47619047619047616
embed	last	proj	3	16	False	True	asc	1	0.09523809523809523	0.47619047619047616	0.1111111111111111	0.47619047619047616
embed	last	proj	3	17	False	True	asc	1	0.09523809523809523	0.47619047619047616	0.1111111111111111	0.47619047619047616
embed	last	proj	3	18	False	True	asc	1	0.09523809523809523	0.47619047619047616	0.1111111111111111	0.47619047619047616
act/27	last	proj	7	15	True	False	asc	1	0.07936507936507936	0.2222222222222222	0.1111111111111111	0.19047619047619047
act/27	last	proj	7	9	True	False	asc	1	0.1111111111111111	0.31746031746031744	0.1111111111111111	0.3333333333333333
act/27	last	proj	7	10	True	True	asc	1	0.12698412698412698	0.30158730158730157	0.1111111111111111	0.2857142857142857
embed	last	proj	0	10	True	False	asc	1	0.09523809523809523	0.4444444444444444	0.1111111111111111	0.4603174603174603
act/27	last	proj	7	15	True	True	asc	1	0.09523809523809523	0.2698412698412698	0.1111111111111111	0.23809523809523808
embed	last	proj	0	14	True	False	asc	1	0.09523809523809523	0.47619047619047616	0.1111111111111111	0.47619047619047616
embed	last	proj	0	8	True	False	asc	1	0.09523809523809523	0.4444444444444444	0.1111111111111111	0.4603174603174603
embed	last	proj	0	9	True	False	asc	1	0.09523809523809523	0.4444444444444444	0.1111111111111111	0.4603174603174603
act/3	last	proj	3	6	False	False	asc	1	0.14285714285714285	0.3968253968253968	0.1111111111111111	0.42857142857142855
embed	last	proj	0	12	True	False	asc	1	0.09523809523809523	0.47619047619047616	0.1111111111111111	0.49206349206349204
embed	last	proj	0	13	True	False	asc	1	0.09523809523809523	0.47619047619047616	0.1111111111111111	0.47619047619047616
act/31_normed	last	proj	11	16	True	False	asc	1	0.06349206349206349	0.31746031746031744	0.1111111111111111	0.31746031746031744
act/31_normed	last	proj	13	15	True	True	asc	1	0.14285714285714285	0.31746031746031744	0.1111111111111111	0.4126984126984127
act/15	last	proj	1	13	False	False	asc	1	0.12698412698412698	0.36507936507936506	0.1111111111111111	0.3333333333333333
act/15	last	proj	1	6	False	True	asc	1	0.14285714285714285	0.30158730158730157	0.1111111111111111	0.3333333333333333
act/31_normed	last	proj	11	18	True	True	asc	1	0.047619047619047616	0.23809523809523808	0.1111111111111111	0.3333333333333333
act/31_normed	last	proj	11	18	True	False	asc	1	0.047619047619047616	0.25396825396825395	0.1111111111111111	0.31746031746031744
embed	last	proj	2	17	False	False	asc	1	0.09523809523809523	0.4603174603174603	0.1111111111111111	0.4603174603174603
embed	last	proj	2	18	False	False	asc	1	0.09523809523809523	0.47619047619047616	0.1111111111111111	0.4603174603174603
embed	last	proj	2	19	False	False	asc	1	0.09523809523809523	0.47619047619047616	0.1111111111111111	0.4603174603174603
act/15	last	proj	1	14	False	False	asc	1	0.07936507936507936	0.31746031746031744	0.1111111111111111	0.3333333333333333
embed	last	proj	3	5	False	True	asc	1	0.09523809523809523	0.4444444444444444	0.1111111111111111	0.42857142857142855
embed	last	proj	3	5	False	False	asc	1	0.09523809523809523	0.4444444444444444	0.1111111111111111	0.42857142857142855
embed	last	proj	3	6	False	True	asc	1	0.09523809523809523	0.4603174603174603	0.1111111111111111	0.42857142857142855
embed	last	proj	3	6	False	False	asc	1	0.09523809523809523	0.4603174603174603	0.1111111111111111	0.42857142857142855
embed	last	proj	2	16	False	False	asc	1	0.09523809523809523	0.4603174603174603	0.1111111111111111	0.4603174603174603
act/27	last	proj	4	20	True	False	asc	1	0.1746031746031746	0.36507936507936506	0.1111111111111111	0.2698412698412698
act/27	last	proj	4	15	True	False	asc	1	0.15873015873015872	0.31746031746031744	0.1111111111111111	0.2698412698412698
act/27	last	proj	4	17	True	False	asc	1	0.19047619047619047	0.38095238095238093	0.1111111111111111	0.30158730158730157
act/27	last	proj	4	18	True	False	asc	1	0.19047619047619047	0.38095238095238093	0.1111111111111111	0.30158730158730157
embed	last	proj	0	17	True	False	asc	1	0.09523809523809523	0.47619047619047616	0.1111111111111111	0.47619047619047616
embed	last	proj	0	18	True	False	asc	1	0.09523809523809523	0.47619047619047616	0.1111111111111111	0.47619047619047616
embed	last	proj	0	11	True	False	asc	1	0.09523809523809523	0.4444444444444444	0.1111111111111111	0.4603174603174603
embed	last	proj	1	3	True	True	asc	1	0.07936507936507936	0.4603174603174603	0.1111111111111111	0.47619047619047616
embed	last	proj	1	3	True	False	asc	1	0.07936507936507936	0.4603174603174603	0.1111111111111111	0.47619047619047616
embed	last	proj	0	15	True	False	asc	1	0.09523809523809523	0.47619047619047616	0.1111111111111111	0.47619047619047616
embed	last	proj	0	16	True	False	asc	1	0.09523809523809523	0.47619047619047616	0.1111111111111111	0.47619047619047616
act/27	last	proj	5	18	True	False	asc	1	0.14285714285714285	0.3492063492063492	0.1111111111111111	0.3492063492063492
act/27	last	proj	5	19	True	True	asc	1	0.19047619047619047	0.36507936507936506	0.1111111111111111	0.30158730158730157
act/27	last	proj	5	19	True	False	asc	1	0.23809523809523808	0.4126984126984127	0.1111111111111111	0.31746031746031744
embed	last	proj	0	19	True	False	asc	1	0.09523809523809523	0.47619047619047616	0.1111111111111111	0.47619047619047616
embed	last	proj	0	20	True	False	asc	1	0.09523809523809523	0.47619047619047616	0.1111111111111111	0.47619047619047616
act/31_normed	last	proj	12	13	True	True	asc	1	0.047619047619047616	0.2698412698412698	0.1111111111111111	0.3968253968253968
act/31_normed	last	proj	12	13	True	False	asc	1	0.047619047619047616	0.2698412698412698	0.1111111111111111	0.3968253968253968
act/31_normed	last	proj	12	14	True	True	asc	1	0.1111111111111111	0.31746031746031744	0.1111111111111111	0.36507936507936506
act/31_normed	last	proj	12	14	True	False	asc	1	0.1111111111111111	0.31746031746031744	0.1111111111111111	0.36507936507936506
act/31_normed	last	proj	9	18	True	True	asc	1	0.031746031746031744	0.1746031746031746	0.1111111111111111	0.36507936507936506
act/31_normed	last	proj	9	19	True	True	asc	1	0.031746031746031744	0.19047619047619047	0.1111111111111111	0.31746031746031744
act/15	last	proj	1	5	False	True	asc	1	0.14285714285714285	0.31746031746031744	0.1111111111111111	0.3492063492063492
act/15	last	proj	2	15	False	False	asc	1	0.14285714285714285	0.36507936507936506	0.1111111111111111	0.3492063492063492
act/15	last	proj	1	19	False	False	asc	1	0.09523809523809523	0.23809523809523808	0.1111111111111111	0.2857142857142857
act/15	last	proj	3	13	False	False	asc	1	0.12698412698412698	0.42857142857142855	0.1111111111111111	0.3492063492063492
act/15	last	proj	3	14	False	False	asc	1	0.14285714285714285	0.4444444444444444	0.1111111111111111	0.38095238095238093
act/7	last	proj	13	20	True	True	asc	1	0.12698412698412698	0.4603174603174603	0.1111111111111111	0.4126984126984127
act/7	last	proj	13	20	True	False	asc	1	0.12698412698412698	0.4444444444444444	0.1111111111111111	0.4126984126984127
act/7	last	proj	14	17	True	True	asc	1	0.047619047619047616	0.3333333333333333	0.1111111111111111	0.30158730158730157
act/7	last	proj	14	17	True	False	asc	1	0.047619047619047616	0.3333333333333333	0.1111111111111111	0.30158730158730157
act/7	last	proj	15	19	True	False	asc	1	0.09523809523809523	0.36507936507936506	0.1111111111111111	0.3492063492063492
act/7	last	proj	14	19	True	False	asc	1	0.06349206349206349	0.2857142857142857	0.1111111111111111	0.25396825396825395
act/15	last	proj	4	8	False	False	asc	1	0.1746031746031746	0.4603174603174603	0.1111111111111111	0.42857142857142855
act/15	last	proj	4	10	False	False	asc	1	0.14285714285714285	0.3968253968253968	0.1111111111111111	0.36507936507936506
act/15	last	proj	2	16	False	False	asc	1	0.15873015873015872	0.3968253968253968	0.1111111111111111	0.3492063492063492
act/27	last	proj	1	20	True	False	asc	1	0.19047619047619047	0.31746031746031744	0.1111111111111111	0.31746031746031744
act/27	last	proj	1	8	True	True	asc	1	0.1111111111111111	0.3333333333333333	0.1111111111111111	0.38095238095238093
act/27	last	proj	2	14	True	False	asc	1	0.1746031746031746	0.3492063492063492	0.1111111111111111	0.31746031746031744
act/27	last	proj	0	14	True	False	asc	1	0.14285714285714285	0.31746031746031744	0.1111111111111111	0.2698412698412698
act/27	last	proj	3	17	True	True	asc	1	0.2857142857142857	0.42857142857142855	0.1111111111111111	0.3333333333333333
act/27	last	proj	3	18	True	True	asc	1	0.2857142857142857	0.4444444444444444	0.1111111111111111	0.3333333333333333
act/27	last	proj	3	5	True	False	asc	1	0.07936507936507936	0.2222222222222222	0.1111111111111111	0.2222222222222222
act/27	last	proj	4	14	True	False	asc	1	0.14285714285714285	0.30158730158730157	0.1111111111111111	0.2857142857142857
act/27	last	proj	5	20	True	True	asc	1	0.1746031746031746	0.3492063492063492	0.1111111111111111	0.31746031746031744
act/27	last	proj	3	19	True	True	asc	1	0.2857142857142857	0.42857142857142855	0.1111111111111111	0.31746031746031744
act/27	last	proj	3	20	True	True	asc	1	0.30158730158730157	0.4126984126984127	0.1111111111111111	0.31746031746031744
act/27	last	proj	3	15	True	True	asc	1	0.2698412698412698	0.4126984126984127	0.1111111111111111	0.31746031746031744
act/27	last	proj	3	15	True	False	asc	1	0.19047619047619047	0.3492063492063492	0.1111111111111111	0.2857142857142857
act/27	last	proj	3	16	True	True	asc	1	0.2698412698412698	0.4126984126984127	0.1111111111111111	0.3333333333333333
act/27	last	proj	3	16	True	False	asc	1	0.2222222222222222	0.3968253968253968	0.1111111111111111	0.31746031746031744
act/31_normed	last	proj	7	10	True	True	asc	1	0.15873015873015872	0.2857142857142857	0.1111111111111111	0.2698412698412698
act/15	last	proj	4	20	False	False	asc	1	0.15873015873015872	0.36507936507936506	0.1111111111111111	0.36507936507936506
act/7	last	proj	17	19	True	True	asc	1	0.1111111111111111	0.30158730158730157	0.1111111111111111	0.2857142857142857
act/7	last	proj	17	19	True	False	asc	1	0.09523809523809523	0.30158730158730157	0.1111111111111111	0.2857142857142857
act/7	last	proj	17	20	True	True	asc	1	0.09523809523809523	0.30158730158730157	0.1111111111111111	0.30158730158730157
act/7	last	proj	17	20	True	False	asc	1	0.09523809523809523	0.30158730158730157	0.1111111111111111	0.30158730158730157
act/15	last	proj	5	13	False	False	asc	1	0.19047619047619047	0.4444444444444444	0.1111111111111111	0.2698412698412698
act/15	last	proj	5	14	False	True	asc	1	0.12698412698412698	0.4126984126984127	0.1111111111111111	0.31746031746031744
act/15	last	proj	4	19	False	False	asc	1	0.14285714285714285	0.3333333333333333	0.1111111111111111	0.36507936507936506
act/15	last	proj	6	14	False	True	asc	1	0.1746031746031746	0.4444444444444444	0.1111111111111111	0.3333333333333333
act/15	last	proj	6	11	False	False	asc	1	0.15873015873015872	0.3968253968253968	0.1111111111111111	0.3333333333333333
act/15	last	proj	6	9	False	True	asc	1	0.20634920634920634	0.42857142857142855	0.1111111111111111	0.38095238095238093
act/15	last	proj	6	9	False	False	asc	1	0.2222222222222222	0.42857142857142855	0.1111111111111111	0.3492063492063492
act/3	last	proj	6	10	False	True	asc	1	0.1111111111111111	0.30158730158730157	0.1111111111111111	0.2857142857142857
act/3	last	proj	6	10	False	False	asc	1	0.09523809523809523	0.31746031746031744	0.1111111111111111	0.31746031746031744
act/3	last	proj	6	19	False	False	asc	1	0.07936507936507936	0.2698412698412698	0.1111111111111111	0.3492063492063492
act/3	last	proj	6	20	False	True	asc	1	0.07936507936507936	0.2698412698412698	0.1111111111111111	0.3333333333333333
act/3	last	proj	7	11	False	True	asc	1	0.1746031746031746	0.3492063492063492	0.1111111111111111	0.31746031746031744
act/3	last	proj	6	18	False	False	asc	1	0.07936507936507936	0.25396825396825395	0.1111111111111111	0.3333333333333333
act/3	last	proj	6	19	False	True	asc	1	0.06349206349206349	0.25396825396825395	0.1111111111111111	0.3333333333333333
act/31_normed	last	proj	6	10	True	True	asc	1	0.1746031746031746	0.4603174603174603	0.1111111111111111	0.36507936507936506
act/31_normed	last	proj	6	10	True	False	asc	1	0.1746031746031746	0.4603174603174603	0.1111111111111111	0.36507936507936506
act/15	last	proj	4	17	False	False	asc	1	0.14285714285714285	0.3492063492063492	0.1111111111111111	0.38095238095238093
act/15	last	proj	4	18	False	False	asc	1	0.14285714285714285	0.3333333333333333	0.1111111111111111	0.38095238095238093
act/31_normed	last	proj	4	16	True	True	asc	1	0.19047619047619047	0.4444444444444444	0.1111111111111111	0.4444444444444444
act/31_normed	last	proj	6	14	True	False	asc	1	0.07936507936507936	0.38095238095238093	0.1111111111111111	0.36507936507936506
act/31_normed	last	proj	6	8	True	True	asc	1	0.19047619047619047	0.49206349206349204	0.1111111111111111	0.3492063492063492
act/31_normed	last	proj	6	8	True	False	asc	1	0.1746031746031746	0.5079365079365079	0.1111111111111111	0.3492063492063492
act/31_normed	last	proj	4	18	True	True	asc	1	0.14285714285714285	0.38095238095238093	0.1111111111111111	0.4126984126984127
act/31_normed	last	proj	4	19	True	False	asc	1	0.06349206349206349	0.36507936507936506	0.1111111111111111	0.30158730158730157
act/31_normed	last	proj	4	20	True	False	asc	1	0.09523809523809523	0.36507936507936506	0.1111111111111111	0.31746031746031744
embed	last	proj	2	14	False	False	asc	1	0.09523809523809523	0.4603174603174603	0.1111111111111111	0.4603174603174603
embed	last	proj	2	15	False	False	asc	1	0.09523809523809523	0.4603174603174603	0.1111111111111111	0.4603174603174603
act/31_normed	last	proj	3	14	True	False	asc	1	0.15873015873015872	0.47619047619047616	0.1111111111111111	0.36507936507936506
act/31_normed	last	proj	3	15	True	False	asc	1	0.14285714285714285	0.3968253968253968	0.1111111111111111	0.38095238095238093
act/31_normed	last	proj	5	11	True	True	asc	1	0.1746031746031746	0.4603174603174603	0.1111111111111111	0.42857142857142855
act/31_normed	last	proj	5	11	True	False	asc	1	0.1746031746031746	0.4603174603174603	0.1111111111111111	0.42857142857142855
act/31_normed	last	proj	2	16	True	True	asc	1	0.1746031746031746	0.47619047619047616	0.1111111111111111	0.3968253968253968
act/31_normed	last	proj	2	16	True	False	asc	1	0.14285714285714285	0.4126984126984127	0.1111111111111111	0.36507936507936506
act/31_normed	last	proj	2	18	True	False	asc	1	0.09523809523809523	0.38095238095238093	0.1111111111111111	0.31746031746031744
act/15	last	proj	8	13	False	True	asc	1	0.14285714285714285	0.4444444444444444	0.1111111111111111	0.3968253968253968
act/15	last	proj	8	13	False	False	asc	1	0.15873015873015872	0.3968253968253968	0.1111111111111111	0.36507936507936506
act/15	last	proj	10	13	False	False	asc	1	0.19047619047619047	0.4603174603174603	0.1111111111111111	0.2857142857142857
act/31_normed	last	proj	1	18	True	False	asc	1	0.07936507936507936	0.2698412698412698	0.1111111111111111	0.36507936507936506
act/15	last	proj	9	13	False	True	asc	1	0.14285714285714285	0.3968253968253968	0.1111111111111111	0.30158730158730157
embed	last	proj	1	19	True	False	asc	1	0.09523809523809523	0.47619047619047616	0.1111111111111111	0.47619047619047616
embed	last	proj	1	12	True	True	asc	1	0.09523809523809523	0.47619047619047616	0.1111111111111111	0.49206349206349204
embed	last	proj	1	12	True	False	asc	1	0.09523809523809523	0.47619047619047616	0.1111111111111111	0.49206349206349204
embed	last	proj	1	13	True	True	asc	1	0.09523809523809523	0.47619047619047616	0.1111111111111111	0.47619047619047616
embed	last	proj	1	13	True	False	asc	1	0.09523809523809523	0.47619047619047616	0.1111111111111111	0.47619047619047616
embed	last	proj	1	14	True	True	asc	1	0.09523809523809523	0.47619047619047616	0.1111111111111111	0.47619047619047616
embed	last	proj	1	14	True	False	asc	1	0.09523809523809523	0.47619047619047616	0.1111111111111111	0.47619047619047616
embed	last	proj	1	15	True	True	asc	1	0.09523809523809523	0.47619047619047616	0.1111111111111111	0.47619047619047616
act/3	last	proj	7	15	False	False	asc	1	0.19047619047619047	0.36507936507936506	0.1111111111111111	0.3968253968253968
act/3	last	proj	7	16	False	False	asc	1	0.20634920634920634	0.38095238095238093	0.1111111111111111	0.42857142857142855
embed	last	proj	1	17	True	False	asc	1	0.09523809523809523	0.47619047619047616	0.1111111111111111	0.47619047619047616
embed	last	proj	1	18	True	True	asc	1	0.09523809523809523	0.47619047619047616	0.1111111111111111	0.47619047619047616
embed	last	proj	1	18	True	False	asc	1	0.09523809523809523	0.47619047619047616	0.1111111111111111	0.47619047619047616
embed	last	proj	1	19	True	True	asc	1	0.09523809523809523	0.47619047619047616	0.1111111111111111	0.47619047619047616
act/3	last	proj	8	9	False	True	asc	1	0.25396825396825395	0.4444444444444444	0.1111111111111111	0.36507936507936506
act/3	last	proj	8	9	False	False	asc	1	0.25396825396825395	0.4444444444444444	0.1111111111111111	0.36507936507936506
act/3	last	proj	7	17	False	False	asc	1	0.1746031746031746	0.3492063492063492	0.1111111111111111	0.42857142857142855
act/3	last	proj	7	18	False	True	asc	1	0.1746031746031746	0.3333333333333333	0.1111111111111111	0.4126984126984127
act/23	last	proj	16	17	False	True	asc	1	0.047619047619047616	0.2857142857142857	0.1111111111111111	0.25396825396825395
act/23	last	proj	16	17	False	False	asc	1	0.047619047619047616	0.2857142857142857	0.1111111111111111	0.25396825396825395
act/27	last	proj	0	19	True	False	asc	1	0.1746031746031746	0.3333333333333333	0.1111111111111111	0.2857142857142857
act/15	last	proj	14	19	False	True	asc	1	0.1111111111111111	0.2857142857142857	0.1111111111111111	0.2857142857142857
act/15	last	proj	14	19	False	False	asc	1	0.1111111111111111	0.30158730158730157	0.1111111111111111	0.2857142857142857
act/15	last	proj	11	15	False	False	asc	1	0.07936507936507936	0.25396825396825395	0.1111111111111111	0.30158730158730157
act/15	last	proj	12	15	False	True	asc	1	0.09523809523809523	0.23809523809523808	0.1111111111111111	0.2698412698412698
act/15	last	proj	12	20	False	True	asc	1	0.1746031746031746	0.31746031746031744	0.1111111111111111	0.31746031746031744
act/15	last	proj	12	20	False	False	asc	1	0.15873015873015872	0.31746031746031744	0.1111111111111111	0.3492063492063492
act/15	last	norm_l2	0	0	False	False	asc	1	0.06349206349206349	0.15873015873015872	0.1111111111111111	0.1746031746031746
act/31_normed	last	proj	0	3	True	True	asc	1	0.15873015873015872	0.31746031746031744	0.1111111111111111	0.3492063492063492
act/31_normed	last	proj	0	4	True	False	asc	1	0.14285714285714285	0.23809523809523808	0.1111111111111111	0.36507936507936506
embed	last	proj	1	7	True	False	asc	1	0.09523809523809523	0.47619047619047616	0.1111111111111111	0.49206349206349204
embed	last	proj	2	3	True	False	asc	1	0.07936507936507936	0.4603174603174603	0.1111111111111111	0.47619047619047616
embed	last	proj	2	4	True	True	asc	1	0.09523809523809523	0.47619047619047616	0.1111111111111111	0.47619047619047616
embed	last	proj	2	4	True	False	asc	1	0.09523809523809523	0.47619047619047616	0.1111111111111111	0.47619047619047616
act/23	last	proj	13	15	False	True	asc	1	0.031746031746031744	0.2222222222222222	0.1111111111111111	0.38095238095238093
act/23	last	proj	13	15	False	False	asc	1	0.031746031746031744	0.2222222222222222	0.1111111111111111	0.38095238095238093
embed	last	proj	1	11	True	False	asc	1	0.09523809523809523	0.47619047619047616	0.1111111111111111	0.49206349206349204
embed	last	proj	1	4	True	True	asc	1	0.09523809523809523	0.47619047619047616	0.1111111111111111	0.47619047619047616
embed	last	proj	1	4	True	False	asc	1	0.09523809523809523	0.47619047619047616	0.1111111111111111	0.47619047619047616
embed	last	proj	1	5	True	True	asc	1	0.09523809523809523	0.47619047619047616	0.1111111111111111	0.49206349206349204
embed	last	proj	1	5	True	False	asc	1	0.09523809523809523	0.47619047619047616	0.1111111111111111	0.49206349206349204
embed	last	proj	1	6	True	True	asc	1	0.09523809523809523	0.47619047619047616	0.1111111111111111	0.49206349206349204
embed	last	proj	1	6	True	False	asc	1	0.09523809523809523	0.47619047619047616	0.1111111111111111	0.49206349206349204
embed	last	proj	1	7	True	True	asc	1	0.09523809523809523	0.47619047619047616	0.1111111111111111	0.49206349206349204
embed	last	proj	1	15	True	False	asc	1	0.09523809523809523	0.47619047619047616	0.1111111111111111	0.47619047619047616
embed	last	proj	1	8	True	True	asc	1	0.09523809523809523	0.47619047619047616	0.1111111111111111	0.49206349206349204
embed	last	proj	1	8	True	False	asc	1	0.09523809523809523	0.47619047619047616	0.1111111111111111	0.49206349206349204
embed	last	proj	1	9	True	True	asc	1	0.09523809523809523	0.47619047619047616	0.1111111111111111	0.49206349206349204
embed	last	proj	1	9	True	False	asc	1	0.09523809523809523	0.47619047619047616	0.1111111111111111	0.49206349206349204
embed	last	proj	1	10	True	True	asc	1	0.09523809523809523	0.47619047619047616	0.1111111111111111	0.49206349206349204
embed	last	proj	1	10	True	False	asc	1	0.09523809523809523	0.47619047619047616	0.1111111111111111	0.49206349206349204
embed	last	proj	1	11	True	True	asc	1	0.09523809523809523	0.47619047619047616	0.1111111111111111	0.49206349206349204
act/19	last	proj	0	16	True	False	asc	1	0.23809523809523808	0.3968253968253968	0.1111111111111111	0.31746031746031744
act/19	last	proj	0	11	True	False	asc	1	0.15873015873015872	0.2857142857142857	0.1111111111111111	0.3492063492063492
act/19	last	proj	1	20	True	True	asc	1	0.15873015873015872	0.3968253968253968	0.1111111111111111	0.36507936507936506
act/19	last	proj	0	4	True	True	asc	1	0.09523809523809523	0.25396825396825395	0.1111111111111111	0.2698412698412698
act/19	last	proj	1	7	True	False	asc	1	0.15873015873015872	0.38095238095238093	0.1111111111111111	0.36507936507936506
act/19	last	proj	1	19	True	True	asc	1	0.15873015873015872	0.3968253968253968	0.1111111111111111	0.36507936507936506
act/19	last	proj	3	4	True	True	asc	1	0.1111111111111111	0.42857142857142855	0.1111111111111111	0.36507936507936506
act/19	last	proj	3	4	True	False	asc	1	0.1111111111111111	0.42857142857142855	0.1111111111111111	0.36507936507936506
act/19	last	proj	1	15	True	True	asc	1	0.15873015873015872	0.3492063492063492	0.1111111111111111	0.38095238095238093
act/19	last	proj	3	15	True	True	asc	1	0.19047619047619047	0.4126984126984127	0.1111111111111111	0.3333333333333333
act/19	last	proj	3	15	True	False	asc	1	0.1746031746031746	0.4126984126984127	0.1111111111111111	0.38095238095238093
act/19	last	proj	3	16	True	True	asc	1	0.19047619047619047	0.3968253968253968	0.1111111111111111	0.31746031746031744
act/19	last	proj	3	17	True	True	asc	1	0.19047619047619047	0.3968253968253968	0.1111111111111111	0.3333333333333333
act/19	last	proj	2	19	True	True	asc	1	0.25396825396825395	0.47619047619047616	0.1111111111111111	0.38095238095238093
act/19	last	proj	4	8	True	False	asc	1	0.20634920634920634	0.42857142857142855	0.1111111111111111	0.3492063492063492
act/19	last	proj	4	9	True	False	asc	1	0.19047619047619047	0.4126984126984127	0.1111111111111111	0.3333333333333333
act/19	last	proj	4	10	True	False	asc	1	0.2222222222222222	0.4444444444444444	0.1111111111111111	0.3333333333333333
act/23	last	proj	8	13	False	False	asc	1	0.09523809523809523	0.2857142857142857	0.1111111111111111	0.3333333333333333
act/23	last	proj	8	15	False	True	asc	1	0.12698412698412698	0.31746031746031744	0.1111111111111111	0.2698412698412698
act/23	last	proj	8	15	False	False	asc	1	0.1111111111111111	0.30158730158730157	0.1111111111111111	0.2698412698412698
act/23	last	proj	9	11	False	True	asc	1	0.09523809523809523	0.3333333333333333	0.1111111111111111	0.36507936507936506
act/23	last	proj	9	11	False	False	asc	1	0.09523809523809523	0.3333333333333333	0.1111111111111111	0.36507936507936506
act/23	last	proj	9	12	False	True	asc	1	0.09523809523809523	0.30158730158730157	0.1111111111111111	0.2857142857142857
act/23	last	proj	9	12	False	False	asc	1	0.09523809523809523	0.30158730158730157	0.1111111111111111	0.2857142857142857
embed	last	proj	1	20	True	True	asc	1	0.09523809523809523	0.47619047619047616	0.1111111111111111	0.47619047619047616
embed	last	proj	1	20	True	False	asc	1	0.09523809523809523	0.47619047619047616	0.1111111111111111	0.47619047619047616
embed	last	proj	2	3	True	True	asc	1	0.07936507936507936	0.4603174603174603	0.1111111111111111	0.47619047619047616
embed	last	proj	1	16	True	True	asc	1	0.09523809523809523	0.47619047619047616	0.1111111111111111	0.47619047619047616
embed	last	proj	1	16	True	False	asc	1	0.09523809523809523	0.47619047619047616	0.1111111111111111	0.47619047619047616
embed	last	proj	1	17	True	True	asc	1	0.09523809523809523	0.47619047619047616	0.1111111111111111	0.47619047619047616
act/31	last	proj	11	20	False	True	asc	1	0.06349206349206349	0.30158730158730157	0.1111111111111111	0.31746031746031744
act/31	last	proj	11	20	False	False	asc	1	0.06349206349206349	0.2698412698412698	0.1111111111111111	0.31746031746031744
act/31	last	proj	11	13	False	True	asc	1	0.06349206349206349	0.36507936507936506	0.1111111111111111	0.38095238095238093
act/31	last	proj	11	13	False	False	asc	1	0.06349206349206349	0.38095238095238093	0.1111111111111111	0.38095238095238093
act/31	last	proj	11	18	False	True	asc	1	0.047619047619047616	0.30158730158730157	0.1111111111111111	0.30158730158730157
act/31	last	proj	11	18	False	False	asc	1	0.047619047619047616	0.30158730158730157	0.1111111111111111	0.31746031746031744
act/31	last	proj	11	19	False	True	asc	1	0.047619047619047616	0.30158730158730157	0.1111111111111111	0.30158730158730157
act/31	last	proj	11	19	False	False	asc	1	0.06349206349206349	0.25396825396825395	0.1111111111111111	0.30158730158730157
act/19	last	proj	4	15	True	True	asc	1	0.1746031746031746	0.3492063492063492	0.1111111111111111	0.36507936507936506
act/31	last	proj	12	18	False	False	asc	1	0.047619047619047616	0.25396825396825395	0.1111111111111111	0.30158730158730157
act/19	last	proj	5	10	True	False	asc	1	0.14285714285714285	0.4126984126984127	0.1111111111111111	0.3968253968253968
act/19	last	proj	5	11	True	True	asc	1	0.15873015873015872	0.38095238095238093	0.1111111111111111	0.4603174603174603
act/19	last	proj	4	19	True	True	asc	1	0.2222222222222222	0.3968253968253968	0.1111111111111111	0.3492063492063492
act/23	last	proj	5	12	False	True	asc	1	0.031746031746031744	0.23809523809523808	0.1111111111111111	0.3333333333333333
act/3	last	proj	12	20	False	False	asc	1	0.06349206349206349	0.20634920634920634	0.1111111111111111	0.2698412698412698
act/3	last	proj	12	17	False	False	asc	1	0.1111111111111111	0.2698412698412698	0.1111111111111111	0.3333333333333333
act/3	last	proj	12	18	False	True	asc	1	0.09523809523809523	0.31746031746031744	0.1111111111111111	0.3492063492063492
act/3	last	proj	12	18	False	False	asc	1	0.09523809523809523	0.31746031746031744	0.1111111111111111	0.3492063492063492
act/23	last	proj	7	12	False	False	asc	1	0.09523809523809523	0.36507936507936506	0.1111111111111111	0.3492063492063492
act/23	last	proj	9	14	False	False	asc	1	0.1111111111111111	0.3492063492063492	0.1111111111111111	0.2222222222222222
act/23	last	proj	6	9	False	True	asc	1	0.07936507936507936	0.30158730158730157	0.1111111111111111	0.2698412698412698
act/23	last	proj	6	9	False	False	asc	1	0.09523809523809523	0.2857142857142857	0.1111111111111111	0.2857142857142857
act/3	last	proj	11	18	False	False	asc	1	0.12698412698412698	0.31746031746031744	0.1111111111111111	0.3333333333333333
act/31	last	proj	9	16	False	False	asc	1	0.06349206349206349	0.3333333333333333	0.1111111111111111	0.38095238095238093
act/31	last	proj	9	18	False	True	asc	1	0.031746031746031744	0.31746031746031744	0.1111111111111111	0.25396825396825395
act/31	last	proj	9	18	False	False	asc	1	0.031746031746031744	0.30158730158730157	0.1111111111111111	0.25396825396825395
act/31	last	proj	9	19	False	True	asc	1	0.031746031746031744	0.2698412698412698	0.1111111111111111	0.3333333333333333
act/31	last	proj	9	19	False	False	asc	1	0.031746031746031744	0.2698412698412698	0.1111111111111111	0.2857142857142857
act/31	last	proj	12	17	False	True	asc	1	0.06349206349206349	0.2857142857142857	0.1111111111111111	0.3492063492063492
act/31	last	proj	12	18	False	True	asc	1	0.047619047619047616	0.25396825396825395	0.1111111111111111	0.30158730158730157
act/31	last	proj	10	19	False	True	asc	1	0.06349206349206349	0.2857142857142857	0.1111111111111111	0.23809523809523808
act/31	last	proj	10	19	False	False	asc	1	0.06349206349206349	0.2698412698412698	0.1111111111111111	0.25396825396825395
act/31	last	proj	10	20	False	True	asc	1	0.06349206349206349	0.30158730158730157	0.1111111111111111	0.25396825396825395
act/31	last	proj	10	20	False	False	asc	1	0.06349206349206349	0.30158730158730157	0.1111111111111111	0.2698412698412698
act/31	last	proj	10	16	False	True	asc	1	0.06349206349206349	0.36507936507936506	0.1111111111111111	0.31746031746031744
act/31	last	proj	9	20	False	True	asc	1	0.031746031746031744	0.2857142857142857	0.1111111111111111	0.3333333333333333
act/31	last	proj	9	16	False	True	asc	1	0.047619047619047616	0.38095238095238093	0.1111111111111111	0.4126984126984127
act/19	last	proj	7	15	True	True	asc	1	0.06349206349206349	0.36507936507936506	0.1111111111111111	0.3968253968253968
act/19	last	proj	7	11	True	False	asc	1	0.14285714285714285	0.4444444444444444	0.1111111111111111	0.38095238095238093
act/19	last	proj	5	20	True	False	asc	1	0.15873015873015872	0.4126984126984127	0.1111111111111111	0.3968253968253968
act/19	last	proj	5	16	True	False	asc	1	0.12698412698412698	0.3333333333333333	0.1111111111111111	0.3968253968253968
act/19	last	proj	5	17	True	False	asc	1	0.14285714285714285	0.36507936507936506	0.1111111111111111	0.3968253968253968
act/19	last	proj	5	18	True	False	asc	1	0.1746031746031746	0.4126984126984127	0.1111111111111111	0.4126984126984127
act/19	last	proj	5	19	True	False	asc	1	0.1746031746031746	0.42857142857142855	0.1111111111111111	0.3968253968253968
act/19	last	proj	5	12	True	True	asc	1	0.1746031746031746	0.42857142857142855	0.1111111111111111	0.4603174603174603
act/19	last	proj	8	18	True	True	asc	1	0.20634920634920634	0.3968253968253968	0.1111111111111111	0.36507936507936506
act/19	last	proj	8	13	True	False	asc	1	0.14285714285714285	0.3492063492063492	0.1111111111111111	0.3492063492063492
act/19	last	proj	8	16	True	False	asc	1	0.1746031746031746	0.3333333333333333	0.1111111111111111	0.2698412698412698
act/19	last	proj	8	12	True	True	asc	1	0.1111111111111111	0.3492063492063492	0.1111111111111111	0.36507936507936506
act/19	last	proj	8	12	True	False	asc	1	0.12698412698412698	0.36507936507936506	0.1111111111111111	0.36507936507936506
act/31	last	proj	0	3	True	True	asc	1	0.19047619047619047	0.3492063492063492	0.1111111111111111	0.4126984126984127
act/23	last	proj	3	11	False	False	asc	1	0.07936507936507936	0.31746031746031744	0.1111111111111111	0.30158730158730157
act/23	last	proj	3	8	False	False	asc	1	0.031746031746031744	0.25396825396825395	0.1111111111111111	0.3492063492063492
act/3	last	proj	14	20	False	False	asc	1	0.06349206349206349	0.23809523809523808	0.1111111111111111	0.30158730158730157
act/3	last	proj	13	20	False	True	asc	1	0.06349206349206349	0.2222222222222222	0.1111111111111111	0.3492063492063492
act/3	last	proj	13	20	False	False	asc	1	0.06349206349206349	0.2222222222222222	0.1111111111111111	0.3333333333333333
act/3	last	proj	14	15	False	True	asc	1	0.06349206349206349	0.20634920634920634	0.1111111111111111	0.2698412698412698
act/3	last	proj	14	15	False	False	asc	1	0.06349206349206349	0.20634920634920634	0.1111111111111111	0.2698412698412698
act/3	last	proj	14	16	False	True	asc	1	0.031746031746031744	0.15873015873015872	0.1111111111111111	0.36507936507936506
act/3	last	proj	14	16	False	False	asc	1	0.031746031746031744	0.15873015873015872	0.1111111111111111	0.36507936507936506
act/23	last	proj	7	8	False	True	asc	1	0.06349206349206349	0.2222222222222222	0.1111111111111111	0.25396825396825395
act/23	last	proj	7	8	False	False	asc	1	0.06349206349206349	0.2222222222222222	0.1111111111111111	0.25396825396825395
act/23	last	proj	4	9	False	False	asc	1	0.06349206349206349	0.2698412698412698	0.1111111111111111	0.30158730158730157
act/23	last	proj	4	5	False	True	asc	1	0.09523809523809523	0.2857142857142857	0.1111111111111111	0.25396825396825395
act/23	last	proj	4	5	False	False	asc	1	0.09523809523809523	0.2857142857142857	0.1111111111111111	0.25396825396825395
act/3	last	proj	14	20	False	True	asc	1	0.06349206349206349	0.23809523809523808	0.1111111111111111	0.30158730158730157
act/31	last	proj	10	18	False	True	asc	1	0.047619047619047616	0.31746031746031744	0.1111111111111111	0.2857142857142857
act/31	last	proj	9	11	False	True	asc	1	0.1111111111111111	0.38095238095238093	0.1111111111111111	0.36507936507936506
act/31	last	proj	9	11	False	False	asc	1	0.1111111111111111	0.38095238095238093	0.1111111111111111	0.3492063492063492
act/31	last	proj	8	16	False	False	asc	1	0.07936507936507936	0.4126984126984127	0.1111111111111111	0.31746031746031744
act/19	last	proj	9	17	True	True	asc	1	0.19047619047619047	0.3968253968253968	0.1111111111111111	0.3492063492063492
act/19	last	proj	9	17	True	False	asc	1	0.19047619047619047	0.3492063492063492	0.1111111111111111	0.36507936507936506
act/19	last	proj	9	18	True	True	asc	1	0.19047619047619047	0.38095238095238093	0.1111111111111111	0.36507936507936506
act/19	last	proj	9	19	True	True	asc	1	0.1746031746031746	0.36507936507936506	0.1111111111111111	0.4126984126984127
act/3	last	proj	18	20	False	False	asc	1	0.031746031746031744	0.1111111111111111	0.1111111111111111	0.2222222222222222
embed	last	proj	5	6	True	True	asc	1	0.06349206349206349	0.2857142857142857	0.1111111111111111	0.38095238095238093
embed	last	proj	5	6	True	False	asc	1	0.06349206349206349	0.2857142857142857	0.1111111111111111	0.38095238095238093
act/3	last	proj	18	20	False	True	asc	1	0.031746031746031744	0.1111111111111111	0.1111111111111111	0.2222222222222222
act/23	last	proj	2	13	False	True	asc	1	0.07936507936507936	0.2698412698412698	0.1111111111111111	0.31746031746031744
act/23	last	proj	2	14	False	True	asc	1	0.07936507936507936	0.2698412698412698	0.1111111111111111	0.31746031746031744
act/23	last	proj	2	6	False	True	asc	1	0.07936507936507936	0.31746031746031744	0.1111111111111111	0.47619047619047616
act/23	last	proj	3	9	False	False	asc	1	0.047619047619047616	0.23809523809523808	0.1111111111111111	0.30158730158730157
act/23	last	proj	4	11	False	True	asc	1	0.06349206349206349	0.2857142857142857	0.1111111111111111	0.31746031746031744
act/23	last	proj	4	11	False	False	asc	1	0.07936507936507936	0.3333333333333333	0.1111111111111111	0.31746031746031744
act/31	last	proj	7	9	False	False	asc	1	0.19047619047619047	0.5238095238095238	0.1111111111111111	0.42857142857142855
act/19	last	proj	11	15	True	False	asc	1	0.15873015873015872	0.36507936507936506	0.1111111111111111	0.3968253968253968
act/19	last	proj	11	17	True	True	asc	1	0.1746031746031746	0.3333333333333333	0.1111111111111111	0.4444444444444444
act/19	last	proj	11	17	True	False	asc	1	0.15873015873015872	0.3333333333333333	0.1111111111111111	0.4444444444444444
act/31	last	proj	7	11	False	False	asc	1	0.1746031746031746	0.5079365079365079	0.1111111111111111	0.4444444444444444
act/19	last	proj	9	13	True	False	asc	1	0.12698412698412698	0.3492063492063492	0.1111111111111111	0.36507936507936506
act/19	last	proj	11	19	True	True	asc	1	0.15873015873015872	0.38095238095238093	0.1111111111111111	0.4603174603174603
act/19	last	proj	11	15	True	True	asc	1	0.14285714285714285	0.3492063492063492	0.1111111111111111	0.4126984126984127
act/31	last	proj	6	7	False	True	asc	1	0.14285714285714285	0.4444444444444444	0.1111111111111111	0.3492063492063492
act/31	last	proj	6	7	False	False	asc	1	0.14285714285714285	0.4444444444444444	0.1111111111111111	0.3492063492063492
act/31	last	proj	8	9	False	True	asc	1	0.14285714285714285	0.38095238095238093	0.1111111111111111	0.38095238095238093
act/31	last	proj	8	9	False	False	asc	1	0.14285714285714285	0.38095238095238093	0.1111111111111111	0.38095238095238093
act/31	last	proj	7	11	False	True	asc	1	0.19047619047619047	0.5396825396825397	0.1111111111111111	0.4444444444444444
act/19	last	proj	12	17	True	False	asc	1	0.14285714285714285	0.2698412698412698	0.1111111111111111	0.4444444444444444
act/19	last	proj	12	18	True	True	asc	1	0.12698412698412698	0.2857142857142857	0.1111111111111111	0.4444444444444444
act/19	last	proj	12	18	True	False	asc	1	0.14285714285714285	0.30158730158730157	0.1111111111111111	0.4444444444444444
act/19	last	proj	12	19	True	True	asc	1	0.09523809523809523	0.2698412698412698	0.1111111111111111	0.38095238095238093
act/19	last	proj	12	19	True	False	asc	1	0.1111111111111111	0.2857142857142857	0.1111111111111111	0.38095238095238093
act/19	last	proj	12	17	True	True	asc	1	0.14285714285714285	0.25396825396825395	0.1111111111111111	0.4444444444444444
act/19	last	proj	14	17	True	True	asc	1	0.15873015873015872	0.30158730158730157	0.1111111111111111	0.4444444444444444
act/19	last	proj	14	17	True	False	asc	1	0.15873015873015872	0.30158730158730157	0.1111111111111111	0.4603174603174603
act/31	last	proj	4	17	False	True	asc	1	0.15873015873015872	0.42857142857142855	0.1111111111111111	0.42857142857142855
act/31	last	proj	4	18	False	True	asc	1	0.07936507936507936	0.38095238095238093	0.1111111111111111	0.4126984126984127
act/31	last	proj	4	20	False	True	asc	1	0.06349206349206349	0.36507936507936506	0.1111111111111111	0.4126984126984127
act/7	last	proj	2	10	False	False	asc	1	0.15873015873015872	0.4126984126984127	0.1111111111111111	0.38095238095238093
act/19	last	proj	14	19	True	True	asc	1	0.09523809523809523	0.2222222222222222	0.1111111111111111	0.4603174603174603
act/19	last	proj	14	19	True	False	asc	1	0.09523809523809523	0.2222222222222222	0.1111111111111111	0.4444444444444444
act/19	last	proj	14	20	True	True	asc	1	0.1746031746031746	0.3492063492063492	0.1111111111111111	0.3968253968253968
act/19	last	proj	14	20	True	False	asc	1	0.19047619047619047	0.36507936507936506	0.1111111111111111	0.38095238095238093
act/31	last	proj	5	13	False	False	asc	1	0.1746031746031746	0.3968253968253968	0.1111111111111111	0.4444444444444444
act/19	last	proj	18	19	True	True	asc	1	0.14285714285714285	0.42857142857142855	0.1111111111111111	0.3492063492063492
act/19	last	proj	18	19	True	False	asc	1	0.14285714285714285	0.42857142857142855	0.1111111111111111	0.3492063492063492
act/19	last	proj	15	18	True	True	asc	1	0.30158730158730157	0.4603174603174603	0.1111111111111111	0.49206349206349204
act/19	last	proj	15	18	True	False	asc	1	0.30158730158730157	0.4603174603174603	0.1111111111111111	0.49206349206349204
act/31	last	proj	0	15	True	False	asc	1	0.1746031746031746	0.42857142857142855	0.1111111111111111	0.31746031746031744
act/31	last	proj	1	19	True	False	asc	1	0.06349206349206349	0.30158730158730157	0.1111111111111111	0.3333333333333333
act/31	last	proj	1	20	True	False	asc	1	0.047619047619047616	0.3333333333333333	0.1111111111111111	0.3333333333333333
act/31	last	proj	1	16	True	False	asc	1	0.09523809523809523	0.3968253968253968	0.1111111111111111	0.3492063492063492
act/31	last	proj	1	17	True	False	asc	1	0.07936507936507936	0.3492063492063492	0.1111111111111111	0.3333333333333333
act/23	last	proj	17	18	True	True	asc	1	0.2222222222222222	0.31746031746031744	0.1111111111111111	0.38095238095238093
act/23	last	proj	17	18	True	False	asc	1	0.2222222222222222	0.31746031746031744	0.1111111111111111	0.38095238095238093
embed	last	proj	8	9	True	True	asc	1	0.07936507936507936	0.4603174603174603	0.1111111111111111	0.47619047619047616
embed	last	proj	8	9	True	False	asc	1	0.07936507936507936	0.4603174603174603	0.1111111111111111	0.47619047619047616
act/23	last	proj	17	20	True	True	asc	1	0.20634920634920634	0.38095238095238093	0.1111111111111111	0.2857142857142857
act/23	last	proj	17	20	True	False	asc	1	0.20634920634920634	0.36507936507936506	0.1111111111111111	0.2857142857142857
act/31	last	proj	3	19	False	True	asc	1	0.12698412698412698	0.4126984126984127	0.1111111111111111	0.4126984126984127
act/31	last	proj	5	15	False	True	asc	1	0.07936507936507936	0.3968253968253968	0.1111111111111111	0.4126984126984127
act/31	last	proj	5	11	False	True	asc	1	0.1746031746031746	0.4444444444444444	0.1111111111111111	0.38095238095238093
embed	last	proj	17	18	True	True	asc	1	0.1111111111111111	0.4603174603174603	0.1111111111111111	0.47619047619047616
embed	last	proj	17	18	True	False	asc	1	0.1111111111111111	0.4603174603174603	0.1111111111111111	0.47619047619047616
embed	last	proj	16	17	True	True	asc	1	0.1111111111111111	0.49206349206349204	0.1111111111111111	0.47619047619047616
embed	last	proj	16	17	True	False	asc	1	0.1111111111111111	0.49206349206349204	0.1111111111111111	0.47619047619047616
act/19	last	proj	1	8	False	True	asc	1	0.1746031746031746	0.2698412698412698	0.1111111111111111	0.2857142857142857
act/19	last	proj	1	9	False	True	asc	1	0.1746031746031746	0.2857142857142857	0.1111111111111111	0.25396825396825395
act/19	last	proj	2	9	False	True	asc	1	0.12698412698412698	0.31746031746031744	0.1111111111111111	0.2857142857142857
act/19	last	proj	1	2	False	True	asc	1	0.1111111111111111	0.15873015873015872	0.1111111111111111	0.25396825396825395
act/19	last	proj	1	2	False	False	asc	1	0.1111111111111111	0.15873015873015872	0.1111111111111111	0.25396825396825395
act/19	last	proj	1	3	False	True	asc	1	0.1111111111111111	0.19047619047619047	0.1111111111111111	0.2222222222222222
act/19	last	proj	1	3	False	False	asc	1	0.1111111111111111	0.20634920634920634	0.1111111111111111	0.23809523809523808
act/19	last	proj	2	7	False	False	asc	1	0.1111111111111111	0.25396825396825395	0.1111111111111111	0.30158730158730157
act/19	last	proj	2	8	False	False	asc	1	0.1111111111111111	0.3333333333333333	0.1111111111111111	0.36507936507936506
act/7	last	proj	5	20	False	True	asc	1	0.1111111111111111	0.36507936507936506	0.1111111111111111	0.4603174603174603
act/7	last	proj	5	20	False	False	asc	1	0.1111111111111111	0.38095238095238093	0.1111111111111111	0.3968253968253968
act/7	last	proj	5	14	False	True	asc	1	0.12698412698412698	0.38095238095238093	0.1111111111111111	0.42857142857142855
act/7	last	proj	5	15	False	True	asc	1	0.12698412698412698	0.38095238095238093	0.1111111111111111	0.42857142857142855
act/7	last	proj	5	15	False	False	asc	1	0.12698412698412698	0.42857142857142855	0.1111111111111111	0.42857142857142855
act/7	last	proj	5	17	False	True	asc	1	0.12698412698412698	0.38095238095238093	0.1111111111111111	0.4444444444444444
act/7	last	proj	5	17	False	False	asc	1	0.12698412698412698	0.42857142857142855	0.1111111111111111	0.4126984126984127
act/23	last	proj	10	14	True	False	asc	1	0.14285714285714285	0.2698412698412698	0.1111111111111111	0.23809523809523808
act/23	last	proj	10	11	True	True	asc	1	0.1111111111111111	0.2857142857142857	0.1111111111111111	0.36507936507936506
act/23	last	proj	10	11	True	False	asc	1	0.1111111111111111	0.2857142857142857	0.1111111111111111	0.36507936507936506
act/7	last	proj	5	18	False	False	asc	1	0.12698412698412698	0.4126984126984127	0.1111111111111111	0.3968253968253968
act/7	last	proj	5	19	False	False	asc	1	0.12698412698412698	0.3968253968253968	0.1111111111111111	0.3968253968253968
act/19	last	proj	1	10	False	True	asc	1	0.14285714285714285	0.25396825396825395	0.1111111111111111	0.2698412698412698
act/19	last	proj	1	11	False	True	asc	1	0.15873015873015872	0.2857142857142857	0.1111111111111111	0.30158730158730157
act/31	last	proj	3	10	False	True	asc	1	0.19047619047619047	0.4126984126984127	0.1111111111111111	0.3968253968253968
act/31	last	proj	3	11	False	False	asc	1	0.2222222222222222	0.4444444444444444	0.1111111111111111	0.4444444444444444
act/31	last	proj	3	6	False	True	asc	1	0.19047619047619047	0.38095238095238093	0.1111111111111111	0.3968253968253968
act/19	last	proj	3	6	False	False	asc	1	0.1111111111111111	0.2857142857142857	0.1111111111111111	0.3968253968253968
act/19	last	proj	3	8	False	False	asc	1	0.07936507936507936	0.2857142857142857	0.1111111111111111	0.4126984126984127
act/19	last	proj	1	19	False	False	asc	1	0.07936507936507936	0.2222222222222222	0.1111111111111111	0.30158730158730157
act/19	last	proj	1	13	False	False	asc	1	0.1111111111111111	0.23809523809523808	0.1111111111111111	0.3333333333333333
act/19	last	proj	1	14	False	True	asc	1	0.14285714285714285	0.2698412698412698	0.1111111111111111	0.30158730158730157
act/19	last	proj	1	14	False	False	asc	1	0.07936507936507936	0.23809523809523808	0.1111111111111111	0.30158730158730157
act/19	last	proj	1	15	False	True	asc	1	0.14285714285714285	0.25396825396825395	0.1111111111111111	0.2857142857142857
act/19	last	proj	1	15	False	False	asc	1	0.09523809523809523	0.23809523809523808	0.1111111111111111	0.3333333333333333
act/19	last	proj	3	6	False	True	asc	1	0.1111111111111111	0.2857142857142857	0.1111111111111111	0.38095238095238093
act/31	last	proj	2	12	True	False	asc	1	0.1746031746031746	0.4603174603174603	0.1111111111111111	0.4126984126984127
act/31	last	proj	2	15	True	True	asc	1	0.12698412698412698	0.4603174603174603	0.1111111111111111	0.38095238095238093
act/23	last	proj	8	12	True	True	asc	1	0.09523809523809523	0.3492063492063492	0.1111111111111111	0.30158730158730157
act/23	last	proj	8	12	True	False	asc	1	0.1111111111111111	0.3492063492063492	0.1111111111111111	0.30158730158730157
act/7	last	proj	5	13	False	False	asc	1	0.14285714285714285	0.3968253968253968	0.1111111111111111	0.4126984126984127
act/31	last	proj	2	16	True	False	asc	1	0.1111111111111111	0.3968253968253968	0.1111111111111111	0.36507936507936506
act/31	last	proj	2	18	True	True	asc	1	0.14285714285714285	0.42857142857142855	0.1111111111111111	0.38095238095238093
act/23	last	proj	11	14	True	False	asc	1	0.047619047619047616	0.1746031746031746	0.1111111111111111	0.23809523809523808
act/7	last	proj	5	12	False	True	asc	1	0.12698412698412698	0.3492063492063492	0.1111111111111111	0.36507936507936506
act/7	last	proj	5	13	False	True	asc	1	0.14285714285714285	0.3968253968253968	0.1111111111111111	0.4126984126984127
act/23	last	proj	8	15	True	False	asc	1	0.031746031746031744	0.25396825396825395	0.1111111111111111	0.2857142857142857
act/23	last	proj	11	14	True	True	asc	1	0.047619047619047616	0.1746031746031746	0.1111111111111111	0.23809523809523808
embed	last	proj	15	16	True	True	asc	1	0.09523809523809523	0.47619047619047616	0.1111111111111111	0.47619047619047616
embed	last	proj	15	16	True	False	asc	1	0.09523809523809523	0.47619047619047616	0.1111111111111111	0.47619047619047616
act/31	last	proj	3	13	False	True	asc	1	0.19047619047619047	0.42857142857142855	0.1111111111111111	0.36507936507936506
act/19	last	proj	2	10	False	False	asc	1	0.1111111111111111	0.2857142857142857	0.1111111111111111	0.30158730158730157
act/19	last	proj	2	11	False	True	asc	1	0.12698412698412698	0.3333333333333333	0.1111111111111111	0.3333333333333333
act/19	last	proj	3	19	False	False	asc	1	0.07936507936507936	0.23809523809523808	0.1111111111111111	0.36507936507936506
act/19	last	proj	3	14	False	True	asc	1	0.09523809523809523	0.30158730158730157	0.1111111111111111	0.3492063492063492
act/19	last	proj	4	5	False	False	asc	1	0.06349206349206349	0.31746031746031744	0.1111111111111111	0.30158730158730157
act/19	last	proj	4	6	False	True	asc	1	0.09523809523809523	0.2857142857142857	0.1111111111111111	0.38095238095238093
act/19	last	proj	3	18	False	False	asc	1	0.07936507936507936	0.2222222222222222	0.1111111111111111	0.3333333333333333
act/19	last	proj	4	5	False	True	asc	1	0.06349206349206349	0.31746031746031744	0.1111111111111111	0.30158730158730157
act/19	last	proj	5	9	False	True	asc	1	0.14285714285714285	0.30158730158730157	0.1111111111111111	0.3333333333333333
act/19	last	proj	5	9	False	False	asc	1	0.1111111111111111	0.2857142857142857	0.1111111111111111	0.31746031746031744
act/19	last	proj	4	19	False	False	asc	1	0.06349206349206349	0.25396825396825395	0.1111111111111111	0.3492063492063492
act/19	last	proj	3	10	False	True	asc	1	0.07936507936507936	0.2857142857142857	0.1111111111111111	0.38095238095238093
act/19	last	proj	3	11	False	True	asc	1	0.12698412698412698	0.3333333333333333	0.1111111111111111	0.3333333333333333
act/19	last	proj	3	12	False	True	asc	1	0.09523809523809523	0.2857142857142857	0.1111111111111111	0.31746031746031744
act/31	last	proj	1	17	False	False	asc	1	0.15873015873015872	0.38095238095238093	0.1111111111111111	0.3492063492063492
act/19	last	proj	3	9	False	False	asc	1	0.07936507936507936	0.2698412698412698	0.1111111111111111	0.3333333333333333
act/19	last	proj	5	11	False	True	asc	1	0.1111111111111111	0.3492063492063492	0.1111111111111111	0.3492063492063492
act/19	last	proj	5	12	False	True	asc	1	0.07936507936507936	0.2857142857142857	0.1111111111111111	0.3492063492063492
act/23	last	proj	6	12	True	True	asc	1	0.07936507936507936	0.36507936507936506	0.1111111111111111	0.31746031746031744
act/23	last	proj	5	13	True	False	asc	1	0.14285714285714285	0.30158730158730157	0.1111111111111111	0.2857142857142857
act/23	last	proj	7	12	True	False	asc	1	0.09523809523809523	0.3968253968253968	0.1111111111111111	0.3492063492063492
act/23	last	proj	7	13	True	True	asc	1	0.12698412698412698	0.3492063492063492	0.1111111111111111	0.30158730158730157
act/31	last	proj	2	4	True	True	asc	1	0.19047619047619047	0.4603174603174603	0.1111111111111111	0.31746031746031744
act/31	last	proj	2	4	True	False	asc	1	0.20634920634920634	0.4603174603174603	0.1111111111111111	0.2857142857142857
act/31	last	proj	3	15	True	False	asc	1	0.14285714285714285	0.38095238095238093	0.1111111111111111	0.36507936507936506
act/23	last	proj	7	15	True	True	asc	1	0.07936507936507936	0.36507936507936506	0.1111111111111111	0.3333333333333333
act/31	last	proj	16	19	True	True	asc	1	0.015873015873015872	0.1111111111111111	0.1111111111111111	0.20634920634920634
act/31	last	proj	16	19	True	False	asc	1	0.015873015873015872	0.1111111111111111	0.1111111111111111	0.2222222222222222
act/31	last	proj	16	20	True	True	asc	1	0.031746031746031744	0.1111111111111111	0.1111111111111111	0.19047619047619047
act/31	last	proj	16	20	True	False	asc	1	0.031746031746031744	0.1111111111111111	0.1111111111111111	0.19047619047619047
act/19	last	proj	4	10	False	False	asc	1	0.06349206349206349	0.25396825396825395	0.1111111111111111	0.3492063492063492
act/31	last	proj	17	19	True	True	asc	1	0.06349206349206349	0.25396825396825395	0.1111111111111111	0.36507936507936506
act/31	last	proj	17	20	True	True	asc	1	0.07936507936507936	0.20634920634920634	0.1111111111111111	0.31746031746031744
act/31	last	proj	17	20	True	False	asc	1	0.07936507936507936	0.20634920634920634	0.1111111111111111	0.31746031746031744
act/31	last	proj	18	20	True	True	asc	1	0.09523809523809523	0.23809523809523808	0.1111111111111111	0.2857142857142857
act/31	last	proj	18	20	True	False	asc	1	0.09523809523809523	0.23809523809523808	0.1111111111111111	0.2857142857142857
act/7	last	proj	3	10	False	True	asc	1	0.12698412698412698	0.3968253968253968	0.1111111111111111	0.3333333333333333
embed	last	proj	12	14	True	True	asc	1	0.1111111111111111	0.49206349206349204	0.1111111111111111	0.47619047619047616
embed	last	proj	12	14	True	False	asc	1	0.1111111111111111	0.49206349206349204	0.1111111111111111	0.47619047619047616
act/7	last	proj	3	13	False	True	asc	1	0.12698412698412698	0.42857142857142855	0.1111111111111111	0.3333333333333333
act/19	last	proj	8	12	False	False	asc	1	0.07936507936507936	0.30158730158730157	0.1111111111111111	0.3333333333333333
act/19	last	proj	8	13	False	False	asc	1	0.09523809523809523	0.3333333333333333	0.1111111111111111	0.3333333333333333
act/19	last	proj	8	17	False	True	asc	1	0.09523809523809523	0.2857142857142857	0.1111111111111111	0.31746031746031744
act/19	last	proj	8	17	False	False	asc	1	0.1111111111111111	0.31746031746031744	0.1111111111111111	0.31746031746031744
act/19	last	proj	8	18	False	False	asc	1	0.09523809523809523	0.30158730158730157	0.1111111111111111	0.36507936507936506
act/19	last	proj	8	12	False	True	asc	1	0.07936507936507936	0.30158730158730157	0.1111111111111111	0.30158730158730157
act/31	last	proj	15	19	True	True	asc	1	0.015873015873015872	0.1746031746031746	0.1111111111111111	0.2222222222222222
act/31	last	proj	15	20	True	True	asc	1	0.031746031746031744	0.14285714285714285	0.1111111111111111	0.2222222222222222
act/31	last	proj	11	15	True	True	asc	1	0.06349206349206349	0.30158730158730157	0.1111111111111111	0.2857142857142857
act/31	last	proj	11	15	True	False	asc	1	0.06349206349206349	0.30158730158730157	0.1111111111111111	0.2698412698412698
act/31	last	proj	10	11	True	True	asc	1	0.06349206349206349	0.25396825396825395	0.1111111111111111	0.3968253968253968
act/31	last	proj	10	11	True	False	asc	1	0.06349206349206349	0.25396825396825395	0.1111111111111111	0.3968253968253968
act/31	last	proj	13	14	True	True	asc	1	0.06349206349206349	0.23809523809523808	0.1111111111111111	0.23809523809523808
act/31	last	proj	13	14	True	False	asc	1	0.06349206349206349	0.23809523809523808	0.1111111111111111	0.23809523809523808
act/19	last	proj	9	12	False	True	asc	1	0.07936507936507936	0.2857142857142857	0.1111111111111111	0.30158730158730157
act/19	last	proj	9	12	False	False	asc	1	0.07936507936507936	0.2857142857142857	0.1111111111111111	0.31746031746031744
act/19	last	proj	9	13	False	True	asc	1	0.1111111111111111	0.3333333333333333	0.1111111111111111	0.38095238095238093
act/19	last	proj	9	13	False	False	asc	1	0.1111111111111111	0.36507936507936506	0.1111111111111111	0.38095238095238093
act/19	last	proj	9	14	False	True	asc	1	0.1111111111111111	0.2698412698412698	0.1111111111111111	0.2857142857142857
act/19	last	proj	8	19	False	False	asc	1	0.06349206349206349	0.2857142857142857	0.1111111111111111	0.3492063492063492
act/23	last	proj	1	14	True	False	asc	1	0.23809523809523808	0.38095238095238093	0.1111111111111111	0.31746031746031744
act/23	last	proj	1	20	True	False	asc	1	0.19047619047619047	0.31746031746031744	0.1111111111111111	0.30158730158730157
act/23	last	proj	1	16	True	False	asc	1	0.19047619047619047	0.30158730158730157	0.1111111111111111	0.30158730158730157
act/23	last	proj	1	17	True	False	asc	1	0.1746031746031746	0.31746031746031744	0.1111111111111111	0.3333333333333333
act/31	last	proj	4	15	True	False	asc	1	0.14285714285714285	0.4126984126984127	0.1111111111111111	0.38095238095238093
act/23	last	proj	4	20	True	False	asc	1	0.09523809523809523	0.31746031746031744	0.1111111111111111	0.30158730158730157
act/23	last	proj	3	18	True	False	asc	1	0.20634920634920634	0.3492063492063492	0.1111111111111111	0.2857142857142857
act/23	last	proj	3	19	True	False	asc	1	0.1746031746031746	0.31746031746031744	0.1111111111111111	0.2698412698412698
act/23	last	proj	6	14	True	False	asc	1	0.14285714285714285	0.3968253968253968	0.1111111111111111	0.31746031746031744
act/23	last	proj	4	7	True	False	asc	1	0.1111111111111111	0.36507936507936506	0.1111111111111111	0.31746031746031744
act/23	last	proj	5	15	True	True	asc	1	0.14285714285714285	0.3492063492063492	0.1111111111111111	0.30158730158730157
act/19	last	proj	10	12	False	True	asc	1	0.09523809523809523	0.3333333333333333	0.1111111111111111	0.38095238095238093
act/19	last	proj	10	12	False	False	asc	1	0.09523809523809523	0.3333333333333333	0.1111111111111111	0.38095238095238093
act/31	last	proj	9	18	True	True	asc	1	0.047619047619047616	0.2698412698412698	0.1111111111111111	0.2698412698412698
act/19	last	proj	7	18	False	False	asc	1	0.12698412698412698	0.2698412698412698	0.1111111111111111	0.3492063492063492
act/7	last	proj	4	8	False	False	asc	1	0.1746031746031746	0.38095238095238093	0.1111111111111111	0.36507936507936506
act/31	last	proj	10	17	True	True	asc	1	0.047619047619047616	0.30158730158730157	0.1111111111111111	0.31746031746031744
act/31	last	proj	10	17	True	False	asc	1	0.047619047619047616	0.31746031746031744	0.1111111111111111	0.3333333333333333
act/19	last	proj	10	16	False	True	asc	1	0.06349206349206349	0.2222222222222222	0.1111111111111111	0.3333333333333333
act/19	last	proj	13	18	False	True	asc	1	0.09523809523809523	0.1746031746031746	0.1111111111111111	0.38095238095238093
act/19	last	proj	13	19	False	True	asc	1	0.09523809523809523	0.20634920634920634	0.1111111111111111	0.3968253968253968
act/31	last	proj	5	11	True	True	asc	1	0.19047619047619047	0.47619047619047616	0.1111111111111111	0.42857142857142855
act/31	last	proj	5	11	True	False	asc	1	0.1746031746031746	0.4603174603174603	0.1111111111111111	0.4444444444444444
act/31	last	proj	4	19	True	False	asc	1	0.07936507936507936	0.30158730158730157	0.1111111111111111	0.3492063492063492
act/31	last	proj	3	19	True	False	asc	1	0.1111111111111111	0.31746031746031744	0.1111111111111111	0.36507936507936506
act/31	last	proj	5	12	True	True	asc	1	0.20634920634920634	0.49206349206349204	0.1111111111111111	0.42857142857142855
act/31	last	proj	5	14	True	False	asc	1	0.15873015873015872	0.42857142857142855	0.1111111111111111	0.4126984126984127
act/19	last	norm_l2	0	0	True	False	asc	1	0.25396825396825395	0.4444444444444444	0.1111111111111111	0.3492063492063492
act/19	last	proj	14	18	False	True	asc	1	0.09523809523809523	0.15873015873015872	0.1111111111111111	0.4126984126984127
act/31	last	proj	4	13	True	False	asc	1	0.15873015873015872	0.4444444444444444	0.1111111111111111	0.42857142857142855
act/23	last	proj	0	1	True	True	asc	1	0.1111111111111111	0.2857142857142857	0.1111111111111111	0.2857142857142857
act/23	last	proj	0	1	True	False	asc	1	0.1111111111111111	0.2857142857142857	0.1111111111111111	0.2857142857142857
act/23	last	proj	0	2	True	False	asc	1	0.1746031746031746	0.3333333333333333	0.1111111111111111	0.42857142857142855
act/19	last	proj	10	20	False	False	asc	1	0.1746031746031746	0.3333333333333333	0.1111111111111111	0.38095238095238093
act/19	last	proj	11	12	False	True	asc	1	0.06349206349206349	0.23809523809523808	0.1111111111111111	0.3492063492063492
act/19	last	proj	11	12	False	False	asc	1	0.06349206349206349	0.23809523809523808	0.1111111111111111	0.3492063492063492
act/19	last	proj	11	18	False	True	asc	1	0.047619047619047616	0.14285714285714285	0.1111111111111111	0.25396825396825395
act/19	last	proj	11	19	False	True	asc	1	0.047619047619047616	0.15873015873015872	0.1111111111111111	0.2698412698412698
act/19	last	proj	11	19	False	False	asc	1	0.047619047619047616	0.15873015873015872	0.1111111111111111	0.30158730158730157
act/7	last	proj	4	14	False	False	asc	1	0.12698412698412698	0.38095238095238093	0.1111111111111111	0.3968253968253968
act/7	last	proj	4	15	False	False	asc	1	0.1111111111111111	0.4126984126984127	0.1111111111111111	0.38095238095238093
act/7	last	proj	4	9	False	True	asc	1	0.15873015873015872	0.3492063492063492	0.1111111111111111	0.3492063492063492
act/7	last	proj	4	11	False	True	asc	1	0.14285714285714285	0.4126984126984127	0.1111111111111111	0.3492063492063492
act/7	last	proj	4	11	False	False	asc	1	0.1111111111111111	0.3968253968253968	0.1111111111111111	0.36507936507936506
act/31	last	proj	8	18	True	False	asc	1	0.031746031746031744	0.23809523809523808	0.1111111111111111	0.3492063492063492
act/31	last	proj	8	15	True	True	asc	1	0.07936507936507936	0.3968253968253968	0.1111111111111111	0.3968253968253968
act/7	last	proj	4	13	False	True	asc	1	0.12698412698412698	0.4126984126984127	0.1111111111111111	0.36507936507936506
act/7	last	proj	4	13	False	False	asc	1	0.14285714285714285	0.3968253968253968	0.1111111111111111	0.3968253968253968
act/31	last	proj	9	11	True	True	asc	1	0.06349206349206349	0.4126984126984127	0.1111111111111111	0.38095238095238093
act/31	last	proj	9	11	True	False	asc	1	0.047619047619047616	0.3968253968253968	0.1111111111111111	0.38095238095238093
act/31	last	proj	7	10	True	True	asc	1	0.12698412698412698	0.38095238095238093	0.1111111111111111	0.3492063492063492
act/31	last	proj	7	10	True	False	asc	1	0.12698412698412698	0.36507936507936506	0.1111111111111111	0.3492063492063492
act/31	last	proj	7	12	True	True	asc	1	0.15873015873015872	0.4444444444444444	0.1111111111111111	0.36507936507936506
act/31	last	proj	7	12	True	False	asc	1	0.15873015873015872	0.4444444444444444	0.1111111111111111	0.36507936507936506
act/31	last	proj	7	18	True	True	asc	1	0.06349206349206349	0.3333333333333333	0.1111111111111111	0.3333333333333333
act/31	last	proj	7	18	True	False	asc	1	0.047619047619047616	0.2857142857142857	0.1111111111111111	0.3333333333333333
act/31	last	proj	7	13	True	True	asc	1	0.1111111111111111	0.4444444444444444	0.1111111111111111	0.38095238095238093
act/31	last	proj	7	15	True	True	asc	1	0.07936507936507936	0.38095238095238093	0.1111111111111111	0.3492063492063492
act/19	last	proj	15	19	False	True	asc	1	0.1111111111111111	0.2698412698412698	0.1111111111111111	0.3968253968253968
act/19	last	proj	15	19	False	False	asc	1	0.12698412698412698	0.2857142857142857	0.1111111111111111	0.3968253968253968
act/19	last	proj	12	17	False	False	asc	1	0.09523809523809523	0.2222222222222222	0.1111111111111111	0.3333333333333333
act/19	last	proj	12	18	False	True	asc	1	0.07936507936507936	0.19047619047619047	0.1111111111111111	0.31746031746031744
act/19	last	proj	12	19	False	False	asc	1	0.09523809523809523	0.2222222222222222	0.1111111111111111	0.3492063492063492
act/19	last	proj	12	17	False	True	asc	1	0.09523809523809523	0.23809523809523808	0.1111111111111111	0.3333333333333333
act/31	last	proj	6	13	True	False	asc	1	0.09523809523809523	0.3968253968253968	0.1111111111111111	0.3968253968253968
act/31	last	proj	6	14	True	True	asc	1	0.14285714285714285	0.4126984126984127	0.1111111111111111	0.3492063492063492
act/7	last	proj	6	13	True	False	asc	1	0.1746031746031746	0.36507936507936506	0.1111111111111111	0.2857142857142857
embed	last	proj	19	20	False	True	asc	1	0.1111111111111111	0.49206349206349204	0.1111111111111111	0.47619047619047616
embed	last	proj	19	20	False	False	asc	1	0.1111111111111111	0.49206349206349204	0.1111111111111111	0.47619047619047616
embed	last	norm_l2	0	0	True	False	asc	1	0.07936507936507936	0.4603174603174603	0.1111111111111111	0.47619047619047616
act/3	last	proj	1	4	True	True	asc	1	0.1746031746031746	0.4126984126984127	0.1111111111111111	0.3333333333333333
act/11	last	proj	1	19	True	True	asc	1	0.14285714285714285	0.49206349206349204	0.1111111111111111	0.4126984126984127
act/11	last	proj	1	20	True	True	asc	1	0.12698412698412698	0.4603174603174603	0.1111111111111111	0.4126984126984127
act/11	last	proj	1	15	True	True	asc	1	0.12698412698412698	0.47619047619047616	0.1111111111111111	0.4126984126984127
act/11	last	proj	1	16	True	True	asc	1	0.12698412698412698	0.47619047619047616	0.1111111111111111	0.4126984126984127
act/7	last	proj	6	17	True	True	asc	1	0.12698412698412698	0.4126984126984127	0.1111111111111111	0.31746031746031744
embed	last	proj	13	14	False	True	asc	1	0.1111111111111111	0.49206349206349204	0.1111111111111111	0.47619047619047616
embed	last	proj	13	14	False	False	asc	1	0.1111111111111111	0.49206349206349204	0.1111111111111111	0.47619047619047616
embed	last	proj	13	15	False	True	asc	1	0.1111111111111111	0.49206349206349204	0.1111111111111111	0.47619047619047616
embed	last	proj	13	15	False	False	asc	1	0.1111111111111111	0.49206349206349204	0.1111111111111111	0.47619047619047616
act/11	last	proj	1	18	True	False	asc	1	0.12698412698412698	0.4126984126984127	0.1111111111111111	0.3968253968253968
act/11	last	proj	2	17	True	False	asc	1	0.09523809523809523	0.36507936507936506	0.1111111111111111	0.38095238095238093
act/11	last	proj	2	12	True	True	asc	1	0.12698412698412698	0.4126984126984127	0.1111111111111111	0.3492063492063492
act/11	last	proj	2	12	True	False	asc	1	0.07936507936507936	0.38095238095238093	0.1111111111111111	0.38095238095238093
act/11	last	proj	2	15	True	False	asc	1	0.1111111111111111	0.38095238095238093	0.1111111111111111	0.4126984126984127
act/11	last	proj	2	8	True	False	asc	1	0.1111111111111111	0.38095238095238093	0.1111111111111111	0.36507936507936506
act/11	last	proj	2	9	True	False	asc	1	0.1111111111111111	0.3968253968253968	0.1111111111111111	0.36507936507936506
act/7	last	proj	8	13	False	True	asc	1	0.14285714285714285	0.38095238095238093	0.1111111111111111	0.23809523809523808
act/7	last	proj	7	19	False	True	asc	1	0.14285714285714285	0.38095238095238093	0.1111111111111111	0.31746031746031744
act/7	last	proj	7	19	False	False	asc	1	0.1111111111111111	0.4126984126984127	0.1111111111111111	0.4126984126984127
act/27	last	proj	15	20	False	False	asc	1	0.06349206349206349	0.30158730158730157	0.1111111111111111	0.31746031746031744
act/27	last	proj	16	17	False	True	asc	1	0.07936507936507936	0.2698412698412698	0.1111111111111111	0.31746031746031744
act/27	last	proj	16	17	False	False	asc	1	0.07936507936507936	0.2698412698412698	0.1111111111111111	0.31746031746031744
act/3	last	proj	2	6	True	True	asc	1	0.1111111111111111	0.42857142857142855	0.1111111111111111	0.4126984126984127
act/3	last	proj	0	12	True	True	asc	1	0.1746031746031746	0.2222222222222222	0.1111111111111111	0.2222222222222222
act/11	last	proj	0	15	True	False	asc	1	0.09523809523809523	0.36507936507936506	0.09523809523809523	0.3492063492063492
act/7	last	proj	7	14	False	True	asc	1	0.15873015873015872	0.38095238095238093	0.09523809523809523	0.25396825396825395
act/11	last	proj	1	8	True	False	asc	1	0.14285714285714285	0.3968253968253968	0.09523809523809523	0.38095238095238093
act/3	last	proj	0	13	True	True	asc	1	0.1746031746031746	0.20634920634920634	0.09523809523809523	0.20634920634920634
act/3	last	proj	0	14	True	True	asc	1	0.1746031746031746	0.19047619047619047	0.09523809523809523	0.20634920634920634
act/27	last	norm_l2	0	0	True	False	asc	1	0.12698412698412698	0.2857142857142857	0.09523809523809523	0.2698412698412698
act/11	last	proj	0	14	True	False	asc	1	0.1111111111111111	0.36507936507936506	0.09523809523809523	0.30158730158730157
act/27	last	norm_l2	0	0	False	False	asc	1	0.015873015873015872	0.14285714285714285	0.09523809523809523	0.2222222222222222
act/11	last	proj	0	19	True	False	asc	1	0.12698412698412698	0.3968253968253968	0.09523809523809523	0.3333333333333333
act/3	last	proj	0	1	True	True	asc	1	0.06349206349206349	0.15873015873015872	0.09523809523809523	0.31746031746031744
act/3	last	proj	0	1	True	False	asc	1	0.06349206349206349	0.15873015873015872	0.09523809523809523	0.31746031746031744
act/3	last	proj	4	8	True	True	asc	1	0.14285714285714285	0.4126984126984127	0.09523809523809523	0.3968253968253968
act/3	last	proj	4	8	True	False	asc	1	0.12698412698412698	0.38095238095238093	0.09523809523809523	0.3968253968253968
act/3	last	proj	5	6	True	True	asc	1	0.07936507936507936	0.38095238095238093	0.09523809523809523	0.3492063492063492
act/3	last	proj	5	6	True	False	asc	1	0.07936507936507936	0.38095238095238093	0.09523809523809523	0.3492063492063492
act/27	last	proj	15	19	False	True	asc	1	0.07936507936507936	0.30158730158730157	0.09523809523809523	0.3333333333333333
act/27	last	proj	15	19	False	False	asc	1	0.07936507936507936	0.30158730158730157	0.09523809523809523	0.3333333333333333
act/27	last	proj	15	20	False	True	asc	1	0.06349206349206349	0.30158730158730157	0.09523809523809523	0.30158730158730157
act/3	last	proj	2	5	True	True	asc	1	0.15873015873015872	0.4603174603174603	0.09523809523809523	0.38095238095238093
act/27	last	proj	14	20	False	False	asc	1	0.06349206349206349	0.2857142857142857	0.09523809523809523	0.3492063492063492
act/27	last	proj	15	17	False	True	asc	1	0.031746031746031744	0.20634920634920634	0.09523809523809523	0.3333333333333333
act/27	last	proj	15	17	False	False	asc	1	0.031746031746031744	0.2222222222222222	0.09523809523809523	0.3333333333333333
act/7	last	proj	5	6	True	False	asc	1	0.1746031746031746	0.36507936507936506	0.09523809523809523	0.38095238095238093
act/7	last	proj	7	15	False	True	asc	1	0.1746031746031746	0.4126984126984127	0.09523809523809523	0.2698412698412698
act/3	last	proj	4	13	True	True	asc	1	0.09523809523809523	0.3333333333333333	0.09523809523809523	0.30158730158730157
act/3	last	proj	4	14	True	True	asc	1	0.09523809523809523	0.31746031746031744	0.09523809523809523	0.30158730158730157
act/3	last	proj	4	15	True	True	asc	1	0.09523809523809523	0.31746031746031744	0.09523809523809523	0.30158730158730157
act/11	last	proj	4	13	True	True	asc	1	0.09523809523809523	0.3333333333333333	0.09523809523809523	0.3333333333333333
act/11	last	proj	2	11	True	True	asc	1	0.12698412698412698	0.4126984126984127	0.09523809523809523	0.36507936507936506
act/11	last	proj	3	19	True	True	asc	1	0.1111111111111111	0.3968253968253968	0.09523809523809523	0.3492063492063492
act/11	last	proj	3	20	True	True	asc	1	0.1111111111111111	0.38095238095238093	0.09523809523809523	0.3492063492063492
act/11	last	proj	3	12	True	False	asc	1	0.09523809523809523	0.3492063492063492	0.09523809523809523	0.38095238095238093
act/11	last	proj	3	9	True	False	asc	1	0.09523809523809523	0.31746031746031744	0.09523809523809523	0.36507936507936506
act/3	last	proj	5	16	True	False	asc	1	0.047619047619047616	0.2857142857142857	0.09523809523809523	0.2857142857142857
act/3	last	proj	5	10	True	False	asc	1	0.1111111111111111	0.31746031746031744	0.09523809523809523	0.23809523809523808
act/11	last	proj	4	11	True	False	asc	1	0.07936507936507936	0.38095238095238093	0.09523809523809523	0.36507936507936506
act/11	last	proj	4	12	True	True	asc	1	0.09523809523809523	0.3333333333333333	0.09523809523809523	0.3333333333333333
act/3	last	proj	5	18	True	True	asc	1	0.1111111111111111	0.2857142857142857	0.09523809523809523	0.2698412698412698
act/3	last	proj	5	20	True	True	asc	1	0.07936507936507936	0.2857142857142857	0.09523809523809523	0.30158730158730157
act/3	last	proj	5	14	True	True	asc	1	0.07936507936507936	0.25396825396825395	0.09523809523809523	0.25396825396825395
act/3	last	proj	5	14	True	False	asc	1	0.047619047619047616	0.25396825396825395	0.09523809523809523	0.25396825396825395
act/3	last	proj	5	15	True	True	asc	1	0.07936507936507936	0.2698412698412698	0.09523809523809523	0.25396825396825395
act/3	last	proj	5	15	True	False	asc	1	0.047619047619047616	0.2698412698412698	0.09523809523809523	0.2698412698412698
act/3	last	proj	5	16	True	True	asc	1	0.07936507936507936	0.2698412698412698	0.09523809523809523	0.25396825396825395
act/31	last	proj	8	17	True	False	asc	1	0.031746031746031744	0.2698412698412698	0.09523809523809523	0.30158730158730157
act/31	last	proj	8	18	True	True	asc	1	0.031746031746031744	0.30158730158730157	0.09523809523809523	0.36507936507936506
act/31	last	proj	8	15	True	False	asc	1	0.07936507936507936	0.38095238095238093	0.09523809523809523	0.38095238095238093
act/31	last	proj	8	16	True	False	asc	1	0.07936507936507936	0.3968253968253968	0.09523809523809523	0.38095238095238093
act/7	last	proj	4	14	False	True	asc	1	0.1111111111111111	0.3968253968253968	0.09523809523809523	0.3492063492063492
act/31	last	proj	7	15	True	False	asc	1	0.09523809523809523	0.36507936507936506	0.09523809523809523	0.3333333333333333
act/31	last	proj	7	16	True	True	asc	1	0.07936507936507936	0.42857142857142855	0.09523809523809523	0.2857142857142857
act/31	last	proj	7	16	True	False	asc	1	0.07936507936507936	0.3968253968253968	0.09523809523809523	0.30158730158730157
act/31	last	proj	7	11	True	True	asc	1	0.12698412698412698	0.36507936507936506	0.09523809523809523	0.36507936507936506
act/31	last	proj	7	11	True	False	asc	1	0.12698412698412698	0.3492063492063492	0.09523809523809523	0.36507936507936506
act/19	last	proj	12	16	False	True	asc	1	0.06349206349206349	0.20634920634920634	0.09523809523809523	0.3492063492063492
act/19	last	proj	12	16	False	False	asc	1	0.09523809523809523	0.2222222222222222	0.09523809523809523	0.38095238095238093
act/19	last	proj	17	18	False	True	asc	1	0.19047619047619047	0.3492063492063492	0.09523809523809523	0.3968253968253968
act/19	last	proj	17	18	False	False	asc	1	0.19047619047619047	0.3492063492063492	0.09523809523809523	0.3968253968253968
act/19	last	proj	16	17	False	True	asc	1	0.20634920634920634	0.38095238095238093	0.09523809523809523	0.4126984126984127
act/19	last	proj	16	17	False	False	asc	1	0.20634920634920634	0.38095238095238093	0.09523809523809523	0.4126984126984127
act/31	last	proj	7	13	True	False	asc	1	0.09523809523809523	0.3968253968253968	0.09523809523809523	0.36507936507936506
act/19	last	proj	12	18	False	False	asc	1	0.06349206349206349	0.1746031746031746	0.09523809523809523	0.30158730158730157
act/19	last	proj	12	19	False	True	asc	1	0.09523809523809523	0.2222222222222222	0.09523809523809523	0.3333333333333333
act/19	last	proj	12	20	False	True	asc	1	0.07936507936507936	0.19047619047619047	0.09523809523809523	0.36507936507936506
act/19	last	proj	12	20	False	False	asc	1	0.07936507936507936	0.20634920634920634	0.09523809523809523	0.31746031746031744
act/19	last	proj	12	15	False	True	asc	1	0.15873015873015872	0.3968253968253968	0.09523809523809523	0.3968253968253968
act/19	last	proj	12	15	False	False	asc	1	0.19047619047619047	0.4126984126984127	0.09523809523809523	0.4126984126984127
act/31	last	proj	5	8	True	True	asc	1	0.15873015873015872	0.5396825396825397	0.09523809523809523	0.38095238095238093
act/31	last	proj	5	8	True	False	asc	1	0.15873015873015872	0.5396825396825397	0.09523809523809523	0.38095238095238093
act/31	last	proj	5	7	True	True	asc	1	0.19047619047619047	0.5555555555555556	0.09523809523809523	0.36507936507936506
act/31	last	proj	5	7	True	False	asc	1	0.19047619047619047	0.5555555555555556	0.09523809523809523	0.36507936507936506
act/19	last	proj	14	20	False	True	asc	1	0.1111111111111111	0.31746031746031744	0.09523809523809523	0.36507936507936506
act/19	last	proj	14	20	False	False	asc	1	0.09523809523809523	0.31746031746031744	0.09523809523809523	0.38095238095238093
act/19	last	proj	15	16	False	True	asc	1	0.031746031746031744	0.19047619047619047	0.09523809523809523	0.30158730158730157
act/19	last	proj	15	16	False	False	asc	1	0.031746031746031744	0.19047619047619047	0.09523809523809523	0.30158730158730157
act/19	last	proj	14	17	False	True	asc	1	0.06349206349206349	0.14285714285714285	0.09523809523809523	0.3968253968253968
act/19	last	proj	14	17	False	False	asc	1	0.06349206349206349	0.14285714285714285	0.09523809523809523	0.3968253968253968
act/19	last	proj	14	18	False	False	asc	1	0.09523809523809523	0.1746031746031746	0.09523809523809523	0.4126984126984127
act/19	last	proj	10	20	False	True	asc	1	0.15873015873015872	0.31746031746031744	0.09523809523809523	0.3492063492063492
act/31	last	proj	4	17	True	False	asc	1	0.07936507936507936	0.30158730158730157	0.09523809523809523	0.3492063492063492
act/19	last	norm_l1	0	0	False	False	asc	1	0.09523809523809523	0.38095238095238093	0.09523809523809523	0.38095238095238093
act/19	last	proj	19	20	False	True	asc	1	0.19047619047619047	0.47619047619047616	0.09523809523809523	0.38095238095238093
act/19	last	proj	19	20	False	False	asc	1	0.19047619047619047	0.47619047619047616	0.09523809523809523	0.38095238095238093
act/7	last	proj	4	9	False	False	asc	1	0.19047619047619047	0.4126984126984127	0.09523809523809523	0.3333333333333333
act/19	last	proj	8	20	False	True	asc	1	0.07936507936507936	0.2857142857142857	0.09523809523809523	0.3333333333333333
act/19	last	proj	8	20	False	False	asc	1	0.07936507936507936	0.30158730158730157	0.09523809523809523	0.3492063492063492
act/19	last	proj	11	17	False	True	asc	1	0.031746031746031744	0.12698412698412698	0.09523809523809523	0.23809523809523808
act/19	last	proj	11	17	False	False	asc	1	0.031746031746031744	0.12698412698412698	0.09523809523809523	0.23809523809523808
act/19	last	proj	11	20	False	True	asc	1	0.06349206349206349	0.19047619047619047	0.09523809523809523	0.2857142857142857
act/19	last	proj	11	20	False	False	asc	1	0.07936507936507936	0.2222222222222222	0.09523809523809523	0.2698412698412698
act/23	last	proj	4	7	True	True	asc	1	0.09523809523809523	0.3333333333333333	0.09523809523809523	0.2857142857142857
act/23	last	proj	5	15	True	False	asc	1	0.1111111111111111	0.31746031746031744	0.09523809523809523	0.2857142857142857
act/23	last	proj	5	16	True	False	asc	1	0.12698412698412698	0.31746031746031744	0.09523809523809523	0.2857142857142857
act/23	last	proj	5	17	True	False	asc	1	0.1111111111111111	0.3333333333333333	0.09523809523809523	0.31746031746031744
act/23	last	proj	4	17	True	True	asc	1	0.12698412698412698	0.3333333333333333	0.09523809523809523	0.2857142857142857
act/23	last	proj	4	18	True	True	asc	1	0.12698412698412698	0.3333333333333333	0.09523809523809523	0.25396825396825395
act/19	last	proj	9	20	False	False	asc	1	0.14285714285714285	0.2857142857142857	0.09523809523809523	0.36507936507936506
act/19	last	proj	10	13	False	True	asc	1	0.15873015873015872	0.4126984126984127	0.09523809523809523	0.3968253968253968
act/19	last	proj	10	13	False	False	asc	1	0.15873015873015872	0.4126984126984127	0.09523809523809523	0.3968253968253968
act/19	last	proj	9	16	False	True	asc	1	0.07936507936507936	0.20634920634920634	0.09523809523809523	0.31746031746031744
act/23	last	proj	6	14	True	True	asc	1	0.1111111111111111	0.36507936507936506	0.09523809523809523	0.30158730158730157
act/23	last	proj	6	15	True	True	asc	1	0.09523809523809523	0.38095238095238093	0.09523809523809523	0.3333333333333333
act/19	last	proj	10	14	False	False	asc	1	0.1111111111111111	0.25396825396825395	0.09523809523809523	0.2857142857142857
act/19	last	proj	13	19	False	False	asc	1	0.09523809523809523	0.1746031746031746	0.09523809523809523	0.36507936507936506
act/7	last	proj	4	5	False	True	asc	1	0.19047619047619047	0.4444444444444444	0.09523809523809523	0.38095238095238093
act/7	last	proj	4	5	False	False	asc	1	0.19047619047619047	0.4444444444444444	0.09523809523809523	0.38095238095238093
act/31	last	proj	10	20	True	True	asc	1	0.06349206349206349	0.2698412698412698	0.09523809523809523	0.30158730158730157
act/27	last	proj	19	20	False	True	asc	1	0.2222222222222222	0.38095238095238093	0.09523809523809523	0.36507936507936506
act/27	last	proj	19	20	False	False	asc	1	0.2222222222222222	0.38095238095238093	0.09523809523809523	0.36507936507936506
act/27	last	proj	10	18	False	True	asc	1	0.047619047619047616	0.14285714285714285	0.09523809523809523	0.31746031746031744
act/7	last	proj	5	6	True	True	asc	1	0.1746031746031746	0.36507936507936506	0.09523809523809523	0.38095238095238093
act/11	last	proj	4	15	True	True	asc	1	0.15873015873015872	0.38095238095238093	0.09523809523809523	0.38095238095238093
act/11	last	proj	4	15	True	False	asc	1	0.15873015873015872	0.38095238095238093	0.09523809523809523	0.38095238095238093
act/11	last	proj	5	10	True	True	asc	1	0.1111111111111111	0.3968253968253968	0.09523809523809523	0.4444444444444444
act/11	last	proj	6	20	True	False	asc	1	0.1111111111111111	0.36507936507936506	0.09523809523809523	0.38095238095238093
act/11	last	proj	6	16	True	False	asc	1	0.1111111111111111	0.36507936507936506	0.09523809523809523	0.3333333333333333
act/11	last	proj	5	16	True	False	asc	1	0.12698412698412698	0.3968253968253968	0.09523809523809523	0.47619047619047616
act/11	last	proj	5	18	True	True	asc	1	0.15873015873015872	0.42857142857142855	0.09523809523809523	0.49206349206349204
act/11	last	proj	5	8	True	True	asc	1	0.15873015873015872	0.42857142857142855	0.09523809523809523	0.4126984126984127
act/11	last	proj	5	8	True	False	asc	1	0.14285714285714285	0.4126984126984127	0.09523809523809523	0.4126984126984127
act/31	last	proj	15	18	True	False	asc	1	0.0	0.20634920634920634	0.09523809523809523	0.30158730158730157
act/31	last	proj	15	20	True	False	asc	1	0.031746031746031744	0.14285714285714285	0.09523809523809523	0.19047619047619047
act/31	last	proj	15	16	True	True	asc	1	0.07936507936507936	0.2698412698412698	0.09523809523809523	0.36507936507936506
act/31	last	proj	15	16	True	False	asc	1	0.07936507936507936	0.2698412698412698	0.09523809523809523	0.36507936507936506
act/19	last	proj	8	18	False	True	asc	1	0.09523809523809523	0.2857142857142857	0.09523809523809523	0.31746031746031744
act/31	last	proj	13	15	True	False	asc	1	0.015873015873015872	0.1111111111111111	0.09523809523809523	0.23809523809523808
act/31	last	proj	12	15	True	True	asc	1	0.06349206349206349	0.2222222222222222	0.09523809523809523	0.36507936507936506
act/31	last	proj	12	15	True	False	asc	1	0.06349206349206349	0.2222222222222222	0.09523809523809523	0.3492063492063492
act/31	last	proj	11	18	True	True	asc	1	0.047619047619047616	0.25396825396825395	0.09523809523809523	0.30158730158730157
act/31	last	proj	11	18	True	False	asc	1	0.047619047619047616	0.25396825396825395	0.09523809523809523	0.2857142857142857
act/31	last	proj	15	18	True	True	asc	1	0.0	0.20634920634920634	0.09523809523809523	0.30158730158730157
act/31	last	proj	2	20	True	True	asc	1	0.12698412698412698	0.4126984126984127	0.09523809523809523	0.36507936507936506
act/31	last	proj	2	20	True	False	asc	1	0.07936507936507936	0.30158730158730157	0.09523809523809523	0.31746031746031744
act/31	last	proj	4	16	True	False	asc	1	0.12698412698412698	0.38095238095238093	0.09523809523809523	0.36507936507936506
act/19	last	proj	9	15	False	True	asc	1	0.06349206349206349	0.20634920634920634	0.09523809523809523	0.3492063492063492
act/19	last	proj	8	19	False	True	asc	1	0.07936507936507936	0.30158730158730157	0.09523809523809523	0.3492063492063492
act/31	last	proj	13	15	True	True	asc	1	0.015873015873015872	0.1111111111111111	0.09523809523809523	0.25396825396825395
act/23	last	proj	4	18	True	False	asc	1	0.09523809523809523	0.30158730158730157	0.09523809523809523	0.2857142857142857
act/23	last	proj	4	19	True	True	asc	1	0.14285714285714285	0.3333333333333333	0.09523809523809523	0.25396825396825395
act/23	last	proj	4	19	True	False	asc	1	0.09523809523809523	0.31746031746031744	0.09523809523809523	0.2698412698412698
act/23	last	proj	4	20	True	True	asc	1	0.14285714285714285	0.3333333333333333	0.09523809523809523	0.25396825396825395
act/23	last	proj	4	15	True	True	asc	1	0.14285714285714285	0.3333333333333333	0.09523809523809523	0.2698412698412698
act/23	last	proj	4	16	True	True	asc	1	0.1111111111111111	0.3333333333333333	0.09523809523809523	0.2698412698412698
act/23	last	proj	3	17	True	False	asc	1	0.1746031746031746	0.3492063492063492	0.09523809523809523	0.25396825396825395
act/23	last	proj	3	16	True	False	asc	1	0.1746031746031746	0.3333333333333333	0.09523809523809523	0.25396825396825395
act/27	last	proj	11	19	False	True	asc	1	0.031746031746031744	0.14285714285714285	0.09523809523809523	0.2698412698412698
act/27	last	proj	11	20	False	True	asc	1	0.047619047619047616	0.15873015873015872	0.09523809523809523	0.2857142857142857
act/27	last	proj	6	16	False	False	asc	1	0.07936507936507936	0.2698412698412698	0.09523809523809523	0.31746031746031744
act/27	last	proj	6	17	False	False	asc	1	0.09523809523809523	0.30158730158730157	0.09523809523809523	0.3333333333333333
act/27	last	proj	6	18	False	False	asc	1	0.1111111111111111	0.31746031746031744	0.09523809523809523	0.31746031746031744
act/27	last	proj	9	17	False	False	asc	1	0.047619047619047616	0.1746031746031746	0.09523809523809523	0.30158730158730157
act/27	last	proj	9	18	False	True	asc	1	0.031746031746031744	0.09523809523809523	0.09523809523809523	0.2857142857142857
act/27	last	proj	9	13	False	False	asc	1	0.06349206349206349	0.2222222222222222	0.09523809523809523	0.2698412698412698
act/27	last	proj	11	17	False	False	asc	1	0.047619047619047616	0.23809523809523808	0.09523809523809523	0.31746031746031744
act/27	last	proj	10	17	False	True	asc	1	0.06349206349206349	0.2222222222222222	0.09523809523809523	0.30158730158730157
act/27	last	proj	10	17	False	False	asc	1	0.047619047619047616	0.2222222222222222	0.09523809523809523	0.30158730158730157
act/27	last	proj	9	17	False	True	asc	1	0.047619047619047616	0.15873015873015872	0.09523809523809523	0.30158730158730157
act/11	last	proj	9	15	True	True	asc	1	0.07936507936507936	0.19047619047619047	0.09523809523809523	0.2698412698412698
act/11	last	proj	9	15	True	False	asc	1	0.09523809523809523	0.20634920634920634	0.09523809523809523	0.30158730158730157
act/11	last	proj	9	16	True	False	asc	1	0.09523809523809523	0.2222222222222222	0.09523809523809523	0.30158730158730157
act/31	last	proj	0	2	False	False	asc	1	0.031746031746031744	0.20634920634920634	0.09523809523809523	0.2698412698412698
act/31	last	proj	18	19	True	True	asc	1	0.07936507936507936	0.2222222222222222	0.09523809523809523	0.30158730158730157
act/31	last	proj	18	19	True	False	asc	1	0.07936507936507936	0.2222222222222222	0.09523809523809523	0.30158730158730157
act/31	last	proj	16	18	True	True	asc	1	0.031746031746031744	0.1746031746031746	0.09523809523809523	0.20634920634920634
act/31	last	proj	16	18	True	False	asc	1	0.031746031746031744	0.1746031746031746	0.09523809523809523	0.20634920634920634
act/31	last	proj	0	19	False	True	asc	1	0.047619047619047616	0.2222222222222222	0.09523809523809523	0.2857142857142857
act/31	last	proj	0	4	False	True	asc	1	0.047619047619047616	0.2222222222222222	0.09523809523809523	0.2857142857142857
act/31	last	proj	0	4	False	False	asc	1	0.047619047619047616	0.23809523809523808	0.09523809523809523	0.2857142857142857
act/31	last	proj	0	5	False	True	asc	1	0.047619047619047616	0.2222222222222222	0.09523809523809523	0.2857142857142857
act/31	last	proj	0	5	False	False	asc	1	0.047619047619047616	0.23809523809523808	0.09523809523809523	0.2698412698412698
act/31	last	proj	0	6	False	True	asc	1	0.047619047619047616	0.2222222222222222	0.09523809523809523	0.2857142857142857
act/31	last	proj	0	1	False	True	asc	1	0.031746031746031744	0.20634920634920634	0.09523809523809523	0.25396825396825395
act/31	last	proj	0	1	False	False	asc	1	0.031746031746031744	0.20634920634920634	0.09523809523809523	0.25396825396825395
act/31	last	proj	0	2	False	True	asc	1	0.047619047619047616	0.2222222222222222	0.09523809523809523	0.25396825396825395
act/7	last	proj	3	9	False	True	asc	1	0.19047619047619047	0.42857142857142855	0.09523809523809523	0.31746031746031744
act/7	last	proj	3	5	False	True	asc	1	0.20634920634920634	0.5714285714285714	0.09523809523809523	0.3492063492063492
act/7	last	proj	3	5	False	False	asc	1	0.2222222222222222	0.5396825396825397	0.09523809523809523	0.36507936507936506
act/31	last	proj	0	3	False	True	asc	1	0.047619047619047616	0.2222222222222222	0.09523809523809523	0.2857142857142857
act/31	last	proj	0	3	False	False	asc	1	0.047619047619047616	0.23809523809523808	0.09523809523809523	0.2857142857142857
act/19	last	proj	8	14	False	True	asc	1	0.07936507936507936	0.2857142857142857	0.09523809523809523	0.2857142857142857
act/11	last	proj	9	12	True	False	asc	1	0.06349206349206349	0.2222222222222222	0.09523809523809523	0.23809523809523808
act/11	last	proj	11	16	True	True	asc	1	0.12698412698412698	0.31746031746031744	0.09523809523809523	0.36507936507936506
act/11	last	proj	10	17	True	True	asc	1	0.19047619047619047	0.3492063492063492	0.09523809523809523	0.31746031746031744
act/11	last	proj	10	18	True	True	asc	1	0.15873015873015872	0.31746031746031744	0.09523809523809523	0.38095238095238093
act/11	last	proj	10	18	True	False	asc	1	0.15873015873015872	0.31746031746031744	0.09523809523809523	0.38095238095238093
act/11	last	proj	13	17	True	True	asc	1	0.15873015873015872	0.3333333333333333	0.09523809523809523	0.30158730158730157
act/11	last	proj	13	17	True	False	asc	1	0.15873015873015872	0.3333333333333333	0.09523809523809523	0.30158730158730157
act/11	last	proj	9	12	True	True	asc	1	0.06349206349206349	0.2222222222222222	0.09523809523809523	0.2222222222222222
act/11	last	proj	2	14	False	False	asc	1	0.12698412698412698	0.4126984126984127	0.09523809523809523	0.3492063492063492
act/11	last	proj	18	20	True	True	asc	1	0.06349206349206349	0.3333333333333333	0.09523809523809523	0.42857142857142855
act/11	last	proj	18	20	True	False	asc	1	0.06349206349206349	0.3333333333333333	0.09523809523809523	0.42857142857142855
act/7	last	proj	2	3	True	True	asc	1	0.047619047619047616	0.25396825396825395	0.09523809523809523	0.2857142857142857
act/7	last	proj	2	3	True	False	asc	1	0.047619047619047616	0.25396825396825395	0.09523809523809523	0.2857142857142857
act/11	last	proj	3	20	False	True	asc	1	0.12698412698412698	0.38095238095238093	0.09523809523809523	0.31746031746031744
act/11	last	proj	3	20	False	False	asc	1	0.09523809523809523	0.3333333333333333	0.09523809523809523	0.38095238095238093
act/11	last	proj	3	13	False	False	asc	1	0.1111111111111111	0.3968253968253968	0.09523809523809523	0.36507936507936506
act/11	last	proj	3	14	False	False	asc	1	0.1111111111111111	0.4126984126984127	0.09523809523809523	0.36507936507936506
act/11	last	proj	3	15	False	True	asc	1	0.12698412698412698	0.4444444444444444	0.09523809523809523	0.31746031746031744
act/11	last	proj	2	19	False	False	asc	1	0.12698412698412698	0.4126984126984127	0.09523809523809523	0.3492063492063492
act/11	last	proj	2	20	False	False	asc	1	0.14285714285714285	0.38095238095238093	0.09523809523809523	0.3492063492063492
act/23	last	proj	6	18	True	True	asc	1	0.09523809523809523	0.3968253968253968	0.09523809523809523	0.3492063492063492
act/23	last	proj	6	18	True	False	asc	1	0.09523809523809523	0.3968253968253968	0.09523809523809523	0.3333333333333333
act/23	last	proj	6	19	True	True	asc	1	0.09523809523809523	0.3968253968253968	0.09523809523809523	0.3492063492063492
act/23	last	proj	6	19	True	False	asc	1	0.09523809523809523	0.38095238095238093	0.09523809523809523	0.3333333333333333
act/23	last	proj	6	12	True	False	asc	1	0.07936507936507936	0.36507936507936506	0.09523809523809523	0.30158730158730157
act/23	last	proj	6	13	True	True	asc	1	0.07936507936507936	0.31746031746031744	0.09523809523809523	0.30158730158730157
act/23	last	proj	7	17	True	False	asc	1	0.047619047619047616	0.3492063492063492	0.09523809523809523	0.30158730158730157
act/23	last	proj	7	18	True	True	asc	1	0.12698412698412698	0.4126984126984127	0.09523809523809523	0.31746031746031744
act/23	last	proj	7	18	True	False	asc	1	0.09523809523809523	0.3968253968253968	0.09523809523809523	0.31746031746031744
act/31	last	proj	3	16	True	False	asc	1	0.12698412698412698	0.36507936507936506	0.09523809523809523	0.36507936507936506
act/31	last	proj	3	17	True	False	asc	1	0.12698412698412698	0.3333333333333333	0.09523809523809523	0.3492063492063492
act/23	last	proj	6	20	True	True	asc	1	0.07936507936507936	0.38095238095238093	0.09523809523809523	0.3492063492063492
act/23	last	proj	6	20	True	False	asc	1	0.07936507936507936	0.36507936507936506	0.09523809523809523	0.3333333333333333
act/23	last	proj	6	16	True	True	asc	1	0.09523809523809523	0.38095238095238093	0.09523809523809523	0.3333333333333333
act/23	last	proj	7	20	True	True	asc	1	0.1111111111111111	0.3968253968253968	0.09523809523809523	0.31746031746031744
act/23	last	proj	7	20	True	False	asc	1	0.06349206349206349	0.3333333333333333	0.09523809523809523	0.3333333333333333
act/23	last	proj	7	15	True	False	asc	1	0.047619047619047616	0.3333333333333333	0.09523809523809523	0.30158730158730157
act/23	last	proj	7	16	True	True	asc	1	0.06349206349206349	0.3333333333333333	0.09523809523809523	0.3333333333333333
act/23	last	proj	7	17	True	True	asc	1	0.07936507936507936	0.36507936507936506	0.09523809523809523	0.31746031746031744
act/31	last	proj	0	20	False	True	asc	1	0.047619047619047616	0.2222222222222222	0.09523809523809523	0.2857142857142857
act/19	last	proj	4	11	False	False	asc	1	0.1111111111111111	0.3333333333333333	0.09523809523809523	0.38095238095238093
act/19	last	proj	4	12	False	True	asc	1	0.07936507936507936	0.2698412698412698	0.09523809523809523	0.3333333333333333
act/19	last	proj	4	12	False	False	asc	1	0.07936507936507936	0.20634920634920634	0.09523809523809523	0.31746031746031744
act/19	last	proj	6	11	False	True	asc	1	0.09523809523809523	0.2857142857142857	0.09523809523809523	0.3492063492063492
act/19	last	proj	5	18	False	False	asc	1	0.06349206349206349	0.23809523809523808	0.09523809523809523	0.31746031746031744
act/19	last	proj	5	19	False	False	asc	1	0.06349206349206349	0.25396825396825395	0.09523809523809523	0.3492063492063492
act/31	last	proj	0	10	False	True	asc	1	0.047619047619047616	0.2222222222222222	0.09523809523809523	0.2857142857142857
act/31	last	proj	1	16	False	False	asc	1	0.1111111111111111	0.36507936507936506	0.09523809523809523	0.3333333333333333
act/19	last	proj	3	15	False	True	asc	1	0.09523809523809523	0.30158730158730157	0.09523809523809523	0.38095238095238093
act/19	last	proj	3	10	False	False	asc	1	0.06349206349206349	0.2698412698412698	0.09523809523809523	0.3492063492063492
act/19	last	proj	3	11	False	False	asc	1	0.12698412698412698	0.31746031746031744	0.09523809523809523	0.36507936507936506
act/19	last	proj	3	12	False	False	asc	1	0.06349206349206349	0.20634920634920634	0.09523809523809523	0.31746031746031744
act/31	last	proj	0	18	False	True	asc	1	0.047619047619047616	0.2222222222222222	0.09523809523809523	0.2857142857142857
act/31	last	proj	0	11	False	True	asc	1	0.047619047619047616	0.2222222222222222	0.09523809523809523	0.2857142857142857
act/31	last	proj	0	12	False	True	asc	1	0.047619047619047616	0.2222222222222222	0.09523809523809523	0.2857142857142857
act/31	last	proj	0	13	False	True	asc	1	0.047619047619047616	0.2222222222222222	0.09523809523809523	0.2857142857142857
act/31	last	proj	0	14	False	True	asc	1	0.047619047619047616	0.2222222222222222	0.09523809523809523	0.2857142857142857
act/31	last	proj	0	7	False	True	asc	1	0.047619047619047616	0.2222222222222222	0.09523809523809523	0.2857142857142857
act/31	last	proj	0	8	False	True	asc	1	0.047619047619047616	0.2222222222222222	0.09523809523809523	0.2857142857142857
act/31	last	proj	0	9	False	True	asc	1	0.047619047619047616	0.2222222222222222	0.09523809523809523	0.2857142857142857
act/19	last	proj	5	12	False	False	asc	1	0.06349206349206349	0.20634920634920634	0.09523809523809523	0.3333333333333333
act/19	last	proj	5	13	False	True	asc	1	0.07936507936507936	0.2698412698412698	0.09523809523809523	0.3492063492063492
act/19	last	proj	5	13	False	False	asc	1	0.06349206349206349	0.25396825396825395	0.09523809523809523	0.3333333333333333
act/31	last	proj	0	15	False	True	asc	1	0.047619047619047616	0.2222222222222222	0.09523809523809523	0.2857142857142857
act/31	last	proj	0	16	False	True	asc	1	0.047619047619047616	0.2222222222222222	0.09523809523809523	0.2857142857142857
act/31	last	proj	0	17	False	True	asc	1	0.047619047619047616	0.2222222222222222	0.09523809523809523	0.2857142857142857
act/23	last	proj	6	13	True	False	asc	1	0.1111111111111111	0.3492063492063492	0.09523809523809523	0.31746031746031744
act/19	last	proj	5	14	False	True	asc	1	0.07936507936507936	0.2857142857142857	0.09523809523809523	0.31746031746031744
act/19	last	proj	5	15	False	True	asc	1	0.07936507936507936	0.2857142857142857	0.09523809523809523	0.3333333333333333
act/19	last	proj	5	10	False	True	asc	1	0.12698412698412698	0.30158730158730157	0.09523809523809523	0.3492063492063492
act/19	last	proj	2	17	False	False	asc	1	0.06349206349206349	0.20634920634920634	0.09523809523809523	0.30158730158730157
act/19	last	proj	2	10	False	True	asc	1	0.12698412698412698	0.3333333333333333	0.09523809523809523	0.30158730158730157
act/19	last	proj	2	11	False	False	asc	1	0.1111111111111111	0.31746031746031744	0.09523809523809523	0.3333333333333333
act/19	last	proj	2	12	False	True	asc	1	0.1111111111111111	0.30158730158730157	0.09523809523809523	0.2698412698412698
act/19	last	proj	2	12	False	False	asc	1	0.09523809523809523	0.23809523809523808	0.09523809523809523	0.2698412698412698
act/19	last	proj	2	13	False	True	asc	1	0.15873015873015872	0.3492063492063492	0.09523809523809523	0.2698412698412698
act/19	last	proj	3	18	False	True	asc	1	0.07936507936507936	0.23809523809523808	0.09523809523809523	0.3333333333333333
act/19	last	proj	3	19	False	True	asc	1	0.07936507936507936	0.23809523809523808	0.09523809523809523	0.3333333333333333
act/19	last	proj	3	20	False	False	asc	1	0.07936507936507936	0.20634920634920634	0.09523809523809523	0.3333333333333333
act/19	last	proj	3	13	False	False	asc	1	0.07936507936507936	0.23809523809523808	0.09523809523809523	0.3333333333333333
act/19	last	proj	4	20	False	False	asc	1	0.06349206349206349	0.23809523809523808	0.09523809523809523	0.3492063492063492
act/19	last	proj	4	13	False	True	asc	1	0.09523809523809523	0.31746031746031744	0.09523809523809523	0.3333333333333333
act/19	last	proj	4	13	False	False	asc	1	0.09523809523809523	0.30158730158730157	0.09523809523809523	0.31746031746031744
act/31	last	proj	2	16	False	False	asc	1	0.1111111111111111	0.3968253968253968	0.09523809523809523	0.31746031746031744
act/19	last	proj	3	17	False	True	asc	1	0.06349206349206349	0.20634920634920634	0.09523809523809523	0.31746031746031744
act/19	last	proj	5	6	False	True	asc	1	0.15873015873015872	0.36507936507936506	0.09523809523809523	0.36507936507936506
act/19	last	proj	5	6	False	False	asc	1	0.15873015873015872	0.36507936507936506	0.09523809523809523	0.36507936507936506
act/19	last	proj	4	18	False	True	asc	1	0.07936507936507936	0.31746031746031744	0.09523809523809523	0.30158730158730157
act/19	last	proj	4	18	False	False	asc	1	0.06349206349206349	0.25396825396825395	0.09523809523809523	0.31746031746031744
act/19	last	proj	4	19	False	True	asc	1	0.07936507936507936	0.2857142857142857	0.09523809523809523	0.30158730158730157
act/19	last	proj	4	20	False	True	asc	1	0.06349206349206349	0.2698412698412698	0.09523809523809523	0.30158730158730157
act/27	last	proj	7	14	False	False	asc	1	0.12698412698412698	0.3333333333333333	0.09523809523809523	0.2857142857142857
act/27	last	proj	6	20	False	False	asc	1	0.09523809523809523	0.30158730158730157	0.09523809523809523	0.30158730158730157
act/3	last	proj	10	12	True	True	asc	1	0.14285714285714285	0.2222222222222222	0.09523809523809523	0.36507936507936506
act/11	last	proj	3	18	False	False	asc	1	0.12698412698412698	0.4444444444444444	0.09523809523809523	0.3333333333333333
act/27	last	proj	8	12	False	False	asc	1	0.1746031746031746	0.38095238095238093	0.09523809523809523	0.3492063492063492
act/27	last	proj	7	20	False	False	asc	1	0.06349206349206349	0.2698412698412698	0.09523809523809523	0.31746031746031744
act/27	last	proj	7	15	False	False	asc	1	0.07936507936507936	0.2698412698412698	0.09523809523809523	0.31746031746031744
act/27	last	proj	9	10	False	True	asc	1	0.09523809523809523	0.20634920634920634	0.09523809523809523	0.20634920634920634
act/27	last	proj	9	10	False	False	asc	1	0.09523809523809523	0.20634920634920634	0.09523809523809523	0.20634920634920634
act/27	last	proj	8	16	False	False	asc	1	0.031746031746031744	0.2222222222222222	0.09523809523809523	0.31746031746031744
act/7	last	proj	0	13	True	False	asc	1	0.19047619047619047	0.5238095238095238	0.09523809523809523	0.31746031746031744
act/11	last	proj	2	15	False	False	asc	1	0.12698412698412698	0.42857142857142855	0.09523809523809523	0.3492063492063492
act/11	last	proj	2	16	False	False	asc	1	0.12698412698412698	0.38095238095238093	0.09523809523809523	0.3492063492063492
act/11	last	proj	2	12	False	False	asc	1	0.15873015873015872	0.42857142857142855	0.09523809523809523	0.4126984126984127
act/11	last	proj	2	13	False	False	asc	1	0.12698412698412698	0.4126984126984127	0.09523809523809523	0.3492063492063492
act/11	last	proj	2	9	False	False	asc	1	0.14285714285714285	0.3968253968253968	0.09523809523809523	0.3968253968253968
act/31	last	proj	2	17	True	True	asc	1	0.14285714285714285	0.42857142857142855	0.09523809523809523	0.3492063492063492
act/31	last	proj	2	17	True	False	asc	1	0.1111111111111111	0.3333333333333333	0.09523809523809523	0.3492063492063492
act/31	last	proj	2	18	True	False	asc	1	0.12698412698412698	0.36507936507936506	0.09523809523809523	0.3492063492063492
act/31	last	proj	2	19	True	True	asc	1	0.14285714285714285	0.42857142857142855	0.09523809523809523	0.36507936507936506
act/31	last	proj	2	19	True	False	asc	1	0.1111111111111111	0.3492063492063492	0.09523809523809523	0.3492063492063492
act/31	last	proj	2	15	True	False	asc	1	0.12698412698412698	0.42857142857142855	0.09523809523809523	0.3492063492063492
act/23	last	proj	7	19	True	True	asc	1	0.12698412698412698	0.4126984126984127	0.09523809523809523	0.31746031746031744
act/23	last	proj	7	19	True	False	asc	1	0.09523809523809523	0.36507936507936506	0.09523809523809523	0.31746031746031744
act/23	last	proj	8	17	True	False	asc	1	0.047619047619047616	0.20634920634920634	0.09523809523809523	0.31746031746031744
act/23	last	proj	11	15	True	True	asc	1	0.031746031746031744	0.19047619047619047	0.09523809523809523	0.20634920634920634
act/23	last	proj	11	15	True	False	asc	1	0.031746031746031744	0.1746031746031746	0.09523809523809523	0.20634920634920634
act/23	last	proj	11	16	True	True	asc	1	0.031746031746031744	0.1746031746031746	0.09523809523809523	0.2222222222222222
act/23	last	proj	11	16	True	False	asc	1	0.031746031746031744	0.1746031746031746	0.09523809523809523	0.2698412698412698
act/7	last	proj	5	12	False	False	asc	1	0.12698412698412698	0.3492063492063492	0.09523809523809523	0.3492063492063492
act/31	last	proj	2	16	True	True	asc	1	0.15873015873015872	0.49206349206349204	0.09523809523809523	0.36507936507936506
act/31	last	proj	3	9	False	True	asc	1	0.19047619047619047	0.4126984126984127	0.09523809523809523	0.3492063492063492
act/19	last	proj	1	16	False	False	asc	1	0.031746031746031744	0.1746031746031746	0.09523809523809523	0.30158730158730157
act/19	last	proj	1	17	False	False	asc	1	0.07936507936507936	0.20634920634920634	0.09523809523809523	0.2698412698412698
act/19	last	proj	1	18	False	False	asc	1	0.07936507936507936	0.20634920634920634	0.09523809523809523	0.2698412698412698
act/23	last	proj	8	15	True	True	asc	1	0.031746031746031744	0.2698412698412698	0.09523809523809523	0.2857142857142857
act/31	last	proj	3	14	False	False	asc	1	0.15873015873015872	0.42857142857142855	0.09523809523809523	0.4126984126984127
act/31	last	proj	3	15	False	False	asc	1	0.09523809523809523	0.4126984126984127	0.09523809523809523	0.38095238095238093
act/11	last	proj	4	20	False	False	asc	1	0.1111111111111111	0.3968253968253968	0.09523809523809523	0.38095238095238093
act/11	last	proj	4	15	False	False	asc	1	0.14285714285714285	0.4444444444444444	0.09523809523809523	0.36507936507936506
act/11	last	proj	3	5	False	False	asc	1	0.12698412698412698	0.49206349206349204	0.09523809523809523	0.36507936507936506
act/11	last	proj	3	7	False	True	asc	1	0.15873015873015872	0.4126984126984127	0.09523809523809523	0.36507936507936506
act/11	last	proj	4	18	False	False	asc	1	0.12698412698412698	0.4126984126984127	0.09523809523809523	0.36507936507936506
act/11	last	proj	4	20	False	True	asc	1	0.14285714285714285	0.4126984126984127	0.09523809523809523	0.3492063492063492
act/11	last	proj	5	20	False	False	asc	1	0.12698412698412698	0.3333333333333333	0.09523809523809523	0.4126984126984127
act/11	last	proj	5	15	False	True	asc	1	0.12698412698412698	0.3333333333333333	0.09523809523809523	0.31746031746031744
act/11	last	proj	3	11	False	True	asc	1	0.15873015873015872	0.4444444444444444	0.09523809523809523	0.3333333333333333
act/11	last	proj	4	10	False	True	asc	1	0.15873015873015872	0.3968253968253968	0.09523809523809523	0.36507936507936506
act/11	last	proj	4	10	False	False	asc	1	0.12698412698412698	0.36507936507936506	0.09523809523809523	0.38095238095238093
act/11	last	proj	4	11	False	False	asc	1	0.09523809523809523	0.3968253968253968	0.09523809523809523	0.38095238095238093
act/11	last	proj	4	12	False	True	asc	1	0.15873015873015872	0.4444444444444444	0.09523809523809523	0.36507936507936506
act/11	last	proj	4	12	False	False	asc	1	0.09523809523809523	0.3968253968253968	0.09523809523809523	0.38095238095238093
act/11	last	proj	4	6	False	True	asc	1	0.14285714285714285	0.42857142857142855	0.09523809523809523	0.3968253968253968
act/7	last	proj	5	18	False	True	asc	1	0.12698412698412698	0.38095238095238093	0.09523809523809523	0.4444444444444444
act/7	last	proj	5	19	False	True	asc	1	0.1111111111111111	0.36507936507936506	0.09523809523809523	0.4444444444444444
act/7	last	proj	5	14	False	False	asc	1	0.12698412698412698	0.4126984126984127	0.09523809523809523	0.38095238095238093
act/23	last	proj	7	13	True	False	asc	1	0.19047619047619047	0.3968253968253968	0.09523809523809523	0.30158730158730157
act/31	last	proj	4	16	False	True	asc	1	0.1746031746031746	0.4444444444444444	0.09523809523809523	0.42857142857142855
act/23	last	proj	16	18	True	True	asc	1	0.12698412698412698	0.2698412698412698	0.09523809523809523	0.3492063492063492
act/23	last	proj	16	18	True	False	asc	1	0.12698412698412698	0.2698412698412698	0.09523809523809523	0.3492063492063492
act/23	last	proj	15	18	True	True	asc	1	0.07936507936507936	0.25396825396825395	0.09523809523809523	0.3333333333333333
act/23	last	proj	15	18	True	False	asc	1	0.09523809523809523	0.2698412698412698	0.09523809523809523	0.3333333333333333
act/31	last	proj	3	12	False	True	asc	1	0.1746031746031746	0.42857142857142855	0.09523809523809523	0.3968253968253968
act/31	last	proj	3	12	False	False	asc	1	0.19047619047619047	0.42857142857142855	0.09523809523809523	0.42857142857142855
act/31	last	proj	3	7	False	True	asc	1	0.20634920634920634	0.4444444444444444	0.09523809523809523	0.3492063492063492
act/31	last	proj	3	4	False	True	asc	1	0.12698412698412698	0.31746031746031744	0.09523809523809523	0.31746031746031744
act/31	last	proj	3	4	False	False	asc	1	0.12698412698412698	0.31746031746031744	0.09523809523809523	0.31746031746031744
act/31	last	proj	4	14	False	False	asc	1	0.15873015873015872	0.4126984126984127	0.09523809523809523	0.3968253968253968
act/31	last	proj	4	15	False	False	asc	1	0.1111111111111111	0.38095238095238093	0.09523809523809523	0.38095238095238093
act/19	last	proj	1	12	False	False	asc	1	0.09523809523809523	0.20634920634920634	0.09523809523809523	0.30158730158730157
act/19	last	proj	2	18	False	False	asc	1	0.06349206349206349	0.20634920634920634	0.09523809523809523	0.30158730158730157
act/19	last	proj	2	19	False	False	asc	1	0.06349206349206349	0.19047619047619047	0.09523809523809523	0.30158730158730157
act/19	last	proj	2	20	False	True	asc	1	0.14285714285714285	0.31746031746031744	0.09523809523809523	0.2698412698412698
act/31	last	proj	3	11	False	True	asc	1	0.19047619047619047	0.4126984126984127	0.09523809523809523	0.4126984126984127
act/23	last	proj	2	3	False	True	asc	1	0.12698412698412698	0.2857142857142857	0.09523809523809523	0.3333333333333333
act/23	last	proj	2	3	False	False	asc	1	0.12698412698412698	0.2857142857142857	0.09523809523809523	0.3333333333333333
act/23	last	proj	18	19	True	True	asc	1	0.1111111111111111	0.23809523809523808	0.09523809523809523	0.25396825396825395
act/23	last	proj	18	19	True	False	asc	1	0.1111111111111111	0.23809523809523808	0.09523809523809523	0.25396825396825395
act/23	last	proj	18	20	True	True	asc	1	0.14285714285714285	0.3492063492063492	0.09523809523809523	0.20634920634920634
act/23	last	proj	18	20	True	False	asc	1	0.14285714285714285	0.3492063492063492	0.09523809523809523	0.19047619047619047
act/31	last	proj	5	14	False	False	asc	1	0.15873015873015872	0.3968253968253968	0.09523809523809523	0.4126984126984127
act/19	last	proj	1	20	False	False	asc	1	0.1111111111111111	0.25396825396825395	0.09523809523809523	0.2698412698412698
act/19	last	proj	2	3	False	True	asc	1	0.1111111111111111	0.2857142857142857	0.09523809523809523	0.3333333333333333
act/19	last	proj	2	3	False	False	asc	1	0.1111111111111111	0.2857142857142857	0.09523809523809523	0.3333333333333333
act/19	last	proj	2	5	False	True	asc	1	0.1111111111111111	0.30158730158730157	0.09523809523809523	0.36507936507936506
act/19	last	proj	2	5	False	False	asc	1	0.1111111111111111	0.2857142857142857	0.09523809523809523	0.36507936507936506
act/23	last	proj	9	10	True	True	asc	1	0.07936507936507936	0.2698412698412698	0.09523809523809523	0.30158730158730157
act/23	last	proj	9	10	True	False	asc	1	0.07936507936507936	0.2698412698412698	0.09523809523809523	0.30158730158730157
act/27	last	proj	3	17	False	True	asc	1	0.09523809523809523	0.30158730158730157	0.09523809523809523	0.31746031746031744
act/27	last	proj	3	17	False	False	asc	1	0.09523809523809523	0.31746031746031744	0.09523809523809523	0.3492063492063492
act/27	last	proj	3	18	False	True	asc	1	0.09523809523809523	0.30158730158730157	0.09523809523809523	0.30158730158730157
act/27	last	proj	3	20	False	True	asc	1	0.09523809523809523	0.30158730158730157	0.09523809523809523	0.31746031746031744
act/27	last	proj	4	18	False	False	asc	1	0.09523809523809523	0.30158730158730157	0.09523809523809523	0.2698412698412698
act/27	last	proj	4	14	False	False	asc	1	0.07936507936507936	0.2698412698412698	0.09523809523809523	0.2857142857142857
act/27	last	proj	6	14	False	False	asc	1	0.12698412698412698	0.3333333333333333	0.09523809523809523	0.30158730158730157
act/27	last	proj	5	19	False	False	asc	1	0.1111111111111111	0.3492063492063492	0.09523809523809523	0.2857142857142857
act/27	last	proj	5	20	False	False	asc	1	0.1111111111111111	0.3492063492063492	0.09523809523809523	0.2857142857142857
act/27	last	proj	5	14	False	True	asc	1	0.06349206349206349	0.25396825396825395	0.09523809523809523	0.31746031746031744
act/27	last	proj	5	17	False	False	asc	1	0.07936507936507936	0.30158730158730157	0.09523809523809523	0.31746031746031744
act/11	last	proj	7	19	False	True	asc	1	0.09523809523809523	0.36507936507936506	0.09523809523809523	0.3968253968253968
act/11	last	proj	7	20	False	True	asc	1	0.09523809523809523	0.36507936507936506	0.09523809523809523	0.3968253968253968
act/11	last	proj	5	10	False	False	asc	1	0.1111111111111111	0.38095238095238093	0.09523809523809523	0.3492063492063492
act/11	last	proj	5	12	False	True	asc	1	0.12698412698412698	0.38095238095238093	0.09523809523809523	0.3333333333333333
act/11	last	proj	6	17	False	False	asc	1	0.12698412698412698	0.4126984126984127	0.09523809523809523	0.47619047619047616
act/11	last	proj	6	19	False	False	asc	1	0.1111111111111111	0.4126984126984127	0.09523809523809523	0.49206349206349204
act/11	last	proj	6	9	False	True	asc	1	0.14285714285714285	0.4126984126984127	0.09523809523809523	0.4126984126984127
act/31_normed	last	proj	15	17	False	False	asc	1	0.047619047619047616	0.2698412698412698	0.09523809523809523	0.3333333333333333
act/11	last	proj	6	20	False	False	asc	1	0.1111111111111111	0.3968253968253968	0.09523809523809523	0.42857142857142855
act/31_normed	last	proj	13	18	False	False	asc	1	0.047619047619047616	0.2698412698412698	0.09523809523809523	0.30158730158730157
act/31_normed	last	proj	12	19	False	True	asc	1	0.047619047619047616	0.2222222222222222	0.09523809523809523	0.30158730158730157
act/31_normed	last	proj	12	20	False	True	asc	1	0.047619047619047616	0.2222222222222222	0.09523809523809523	0.2857142857142857
act/31_normed	last	proj	15	17	False	True	asc	1	0.047619047619047616	0.2698412698412698	0.09523809523809523	0.3333333333333333
act/31_normed	last	proj	14	17	False	True	asc	1	0.047619047619047616	0.1746031746031746	0.09523809523809523	0.36507936507936506
act/31_normed	last	proj	13	16	False	True	asc	1	0.07936507936507936	0.25396825396825395	0.09523809523809523	0.2698412698412698
act/31_normed	last	proj	13	16	False	False	asc	1	0.07936507936507936	0.23809523809523808	0.09523809523809523	0.23809523809523808
act/31_normed	last	proj	13	18	False	True	asc	1	0.047619047619047616	0.23809523809523808	0.09523809523809523	0.30158730158730157
act/19	last	proj	13	16	True	False	asc	1	0.09523809523809523	0.20634920634920634	0.09523809523809523	0.38095238095238093
act/19	last	proj	13	18	True	True	asc	1	0.09523809523809523	0.2222222222222222	0.09523809523809523	0.4126984126984127
act/19	last	proj	13	18	True	False	asc	1	0.09523809523809523	0.2222222222222222	0.09523809523809523	0.4126984126984127
act/19	last	proj	12	15	True	True	asc	1	0.14285714285714285	0.31746031746031744	0.09523809523809523	0.4444444444444444
act/19	last	proj	14	15	True	True	asc	1	0.06349206349206349	0.20634920634920634	0.09523809523809523	0.3492063492063492
act/19	last	proj	14	15	True	False	asc	1	0.06349206349206349	0.20634920634920634	0.09523809523809523	0.3492063492063492
act/19	last	proj	13	16	True	True	asc	1	0.07936507936507936	0.20634920634920634	0.09523809523809523	0.38095238095238093
act/31	last	proj	5	12	False	True	asc	1	0.1746031746031746	0.47619047619047616	0.09523809523809523	0.38095238095238093
act/19	last	proj	16	18	True	True	asc	1	0.15873015873015872	0.36507936507936506	0.09523809523809523	0.36507936507936506
act/19	last	proj	16	18	True	False	asc	1	0.15873015873015872	0.36507936507936506	0.09523809523809523	0.36507936507936506
act/19	last	proj	14	18	True	True	asc	1	0.14285714285714285	0.23809523809523808	0.09523809523809523	0.3968253968253968
act/19	last	proj	14	18	True	False	asc	1	0.14285714285714285	0.25396825396825395	0.09523809523809523	0.4126984126984127
act/31	last	proj	0	16	True	False	asc	1	0.15873015873015872	0.36507936507936506	0.09523809523809523	0.31746031746031744
act/23	last	proj	11	17	True	False	asc	1	0.031746031746031744	0.19047619047619047	0.09523809523809523	0.2698412698412698
act/11	last	proj	7	16	False	False	asc	1	0.07936507936507936	0.3333333333333333	0.09523809523809523	0.3968253968253968
act/11	last	proj	7	17	False	False	asc	1	0.09523809523809523	0.3333333333333333	0.09523809523809523	0.4126984126984127
act/11	last	proj	7	18	False	True	asc	1	0.09523809523809523	0.3492063492063492	0.09523809523809523	0.38095238095238093
act/11	last	proj	7	18	False	False	asc	1	0.09523809523809523	0.3492063492063492	0.09523809523809523	0.4126984126984127
act/11	last	proj	8	19	False	False	asc	1	0.06349206349206349	0.36507936507936506	0.09523809523809523	0.3968253968253968
act/11	last	proj	8	20	False	True	asc	1	0.07936507936507936	0.3492063492063492	0.09523809523809523	0.3968253968253968
act/31_normed	last	proj	11	19	False	True	asc	1	0.047619047619047616	0.2222222222222222	0.09523809523809523	0.30158730158730157
act/31_normed	last	proj	11	20	False	True	asc	1	0.047619047619047616	0.20634920634920634	0.09523809523809523	0.30158730158730157
act/31_normed	last	proj	11	17	False	True	asc	1	0.047619047619047616	0.2857142857142857	0.09523809523809523	0.31746031746031744
act/31_normed	last	proj	11	17	False	False	asc	1	0.047619047619047616	0.2857142857142857	0.09523809523809523	0.31746031746031744
act/11	last	proj	11	16	False	False	asc	1	0.19047619047619047	0.3333333333333333	0.09523809523809523	0.2698412698412698
act/11	last	proj	13	14	False	True	asc	1	0.09523809523809523	0.2698412698412698	0.09523809523809523	0.30158730158730157
act/11	last	proj	13	14	False	False	asc	1	0.09523809523809523	0.2698412698412698	0.09523809523809523	0.30158730158730157
act/11	last	proj	9	15	False	True	asc	1	0.12698412698412698	0.2222222222222222	0.09523809523809523	0.30158730158730157
act/11	last	proj	9	15	False	False	asc	1	0.1111111111111111	0.2222222222222222	0.09523809523809523	0.31746031746031744
act/3	last	proj	13	15	True	True	asc	1	0.06349206349206349	0.19047619047619047	0.09523809523809523	0.30158730158730157
act/3	last	proj	13	15	True	False	asc	1	0.06349206349206349	0.19047619047619047	0.09523809523809523	0.30158730158730157
act/27	last	proj	1	20	False	True	asc	1	0.09523809523809523	0.30158730158730157	0.09523809523809523	0.31746031746031744
act/11	last	proj	8	17	False	False	asc	1	0.07936507936507936	0.31746031746031744	0.09523809523809523	0.3968253968253968
act/11	last	proj	8	18	False	False	asc	1	0.07936507936507936	0.31746031746031744	0.09523809523809523	0.3968253968253968
act/19	last	proj	10	16	True	True	asc	1	0.047619047619047616	0.1746031746031746	0.09523809523809523	0.25396825396825395
act/19	last	proj	10	16	True	False	asc	1	0.047619047619047616	0.1746031746031746	0.09523809523809523	0.23809523809523808
act/19	last	proj	10	17	True	False	asc	1	0.09523809523809523	0.23809523809523808	0.09523809523809523	0.2698412698412698
act/19	last	proj	10	19	True	False	asc	1	0.07936507936507936	0.2698412698412698	0.09523809523809523	0.2857142857142857
act/19	last	proj	12	14	True	True	asc	1	0.12698412698412698	0.4603174603174603	0.09523809523809523	0.4126984126984127
act/19	last	proj	12	14	True	False	asc	1	0.1111111111111111	0.4444444444444444	0.09523809523809523	0.4126984126984127
act/19	last	proj	10	20	True	False	asc	1	0.07936507936507936	0.2698412698412698	0.09523809523809523	0.38095238095238093
act/31	last	proj	6	8	False	True	asc	1	0.19047619047619047	0.5238095238095238	0.09523809523809523	0.4126984126984127
act/31	last	proj	6	8	False	False	asc	1	0.19047619047619047	0.5238095238095238	0.09523809523809523	0.4126984126984127
act/31	last	proj	8	10	False	True	asc	1	0.1111111111111111	0.3333333333333333	0.09523809523809523	0.30158730158730157
act/31	last	proj	8	10	False	False	asc	1	0.1111111111111111	0.3333333333333333	0.09523809523809523	0.30158730158730157
act/19	last	proj	12	15	True	False	asc	1	0.14285714285714285	0.31746031746031744	0.09523809523809523	0.4444444444444444
act/31	last	proj	6	15	False	False	asc	1	0.12698412698412698	0.38095238095238093	0.09523809523809523	0.38095238095238093
act/27	last	proj	2	16	False	False	asc	1	0.09523809523809523	0.2857142857142857	0.09523809523809523	0.2698412698412698
act/27	last	proj	2	17	False	False	asc	1	0.09523809523809523	0.30158730158730157	0.09523809523809523	0.3333333333333333
act/3	last	proj	11	14	True	True	asc	1	0.1111111111111111	0.23809523809523808	0.09523809523809523	0.3492063492063492
act/3	last	proj	11	14	True	False	asc	1	0.1111111111111111	0.23809523809523808	0.09523809523809523	0.3492063492063492
act/3	last	proj	13	14	True	True	asc	1	0.06349206349206349	0.20634920634920634	0.09523809523809523	0.3333333333333333
act/3	last	proj	13	14	True	False	asc	1	0.06349206349206349	0.20634920634920634	0.09523809523809523	0.3333333333333333
act/27	last	proj	3	15	False	True	asc	1	0.06349206349206349	0.30158730158730157	0.09523809523809523	0.2857142857142857
act/27	last	proj	3	16	False	True	asc	1	0.09523809523809523	0.30158730158730157	0.09523809523809523	0.2857142857142857
act/27	last	proj	3	4	False	True	asc	1	0.12698412698412698	0.4126984126984127	0.09523809523809523	0.4126984126984127
act/27	last	proj	3	4	False	False	asc	1	0.12698412698412698	0.4126984126984127	0.09523809523809523	0.4126984126984127
act/27	last	proj	2	14	False	False	asc	1	0.1111111111111111	0.31746031746031744	0.09523809523809523	0.3333333333333333
act/27	last	proj	2	16	False	True	asc	1	0.12698412698412698	0.31746031746031744	0.09523809523809523	0.30158730158730157
act/31_normed	last	proj	9	20	False	True	asc	1	0.047619047619047616	0.23809523809523808	0.09523809523809523	0.2698412698412698
act/31_normed	last	proj	9	20	False	False	asc	1	0.031746031746031744	0.2222222222222222	0.09523809523809523	0.2857142857142857
act/31_normed	last	proj	10	11	False	True	asc	1	0.14285714285714285	0.38095238095238093	0.09523809523809523	0.31746031746031744
act/31_normed	last	proj	10	11	False	False	asc	1	0.14285714285714285	0.38095238095238093	0.09523809523809523	0.31746031746031744
act/31_normed	last	proj	9	13	False	True	asc	1	0.07936507936507936	0.30158730158730157	0.09523809523809523	0.38095238095238093
act/27	last	proj	3	14	False	False	asc	1	0.06349206349206349	0.2698412698412698	0.09523809523809523	0.30158730158730157
act/31_normed	last	proj	7	18	False	False	asc	1	0.047619047619047616	0.3492063492063492	0.09523809523809523	0.36507936507936506
act/31_normed	last	proj	10	12	False	True	asc	1	0.06349206349206349	0.31746031746031744	0.09523809523809523	0.3968253968253968
act/31_normed	last	proj	10	12	False	False	asc	1	0.06349206349206349	0.31746031746031744	0.09523809523809523	0.3968253968253968
act/31_normed	last	proj	10	14	False	False	asc	1	0.07936507936507936	0.3333333333333333	0.09523809523809523	0.2857142857142857
act/31_normed	last	proj	9	18	False	True	asc	1	0.031746031746031744	0.2698412698412698	0.09523809523809523	0.2698412698412698
act/31_normed	last	proj	9	19	False	True	asc	1	0.031746031746031744	0.2698412698412698	0.09523809523809523	0.2857142857142857
act/31_normed	last	proj	9	19	False	False	asc	1	0.031746031746031744	0.23809523809523808	0.09523809523809523	0.2857142857142857
act/23	last	proj	1	5	False	True	asc	1	0.06349206349206349	0.25396825396825395	0.09523809523809523	0.4126984126984127
act/23	last	proj	1	5	False	False	asc	1	0.06349206349206349	0.2857142857142857	0.09523809523809523	0.42857142857142855
act/23	last	proj	1	18	False	True	asc	1	0.047619047619047616	0.2222222222222222	0.09523809523809523	0.2857142857142857
act/19	last	proj	10	14	True	False	asc	1	0.047619047619047616	0.2857142857142857	0.09523809523809523	0.3968253968253968
act/23	last	proj	2	15	False	True	asc	1	0.09523809523809523	0.2698412698412698	0.09523809523809523	0.2857142857142857
act/23	last	proj	2	5	False	False	asc	1	0.09523809523809523	0.3492063492063492	0.09523809523809523	0.4126984126984127
act/23	last	proj	2	6	False	False	asc	1	0.1111111111111111	0.3333333333333333	0.09523809523809523	0.5079365079365079
act/23	last	proj	3	16	False	True	asc	1	0.06349206349206349	0.2698412698412698	0.09523809523809523	0.2698412698412698
act/23	last	proj	3	17	False	True	asc	1	0.06349206349206349	0.2698412698412698	0.09523809523809523	0.2698412698412698
act/23	last	proj	3	4	False	True	asc	1	0.07936507936507936	0.36507936507936506	0.09523809523809523	0.2698412698412698
act/23	last	proj	3	4	False	False	asc	1	0.07936507936507936	0.36507936507936506	0.09523809523809523	0.2698412698412698
act/19	last	proj	13	20	True	True	asc	1	0.14285714285714285	0.38095238095238093	0.09523809523809523	0.38095238095238093
act/19	last	proj	13	20	True	False	asc	1	0.15873015873015872	0.3968253968253968	0.09523809523809523	0.38095238095238093
act/7	last	proj	2	4	False	True	asc	1	0.031746031746031744	0.19047619047619047	0.09523809523809523	0.2857142857142857
act/7	last	proj	2	4	False	False	asc	1	0.031746031746031744	0.19047619047619047	0.09523809523809523	0.2857142857142857
act/7	last	proj	2	5	False	True	asc	1	0.15873015873015872	0.5396825396825397	0.09523809523809523	0.3968253968253968
act/7	last	proj	2	5	False	False	asc	1	0.15873015873015872	0.49206349206349204	0.09523809523809523	0.38095238095238093
act/23	last	proj	5	10	False	True	asc	1	0.031746031746031744	0.19047619047619047	0.09523809523809523	0.30158730158730157
act/23	last	proj	5	10	False	False	asc	1	0.06349206349206349	0.2222222222222222	0.09523809523809523	0.2857142857142857
act/23	last	proj	5	11	False	True	asc	1	0.031746031746031744	0.2222222222222222	0.09523809523809523	0.30158730158730157
act/23	last	proj	5	11	False	False	asc	1	0.06349206349206349	0.25396825396825395	0.09523809523809523	0.31746031746031744
act/31	last	proj	8	12	False	True	asc	1	0.1111111111111111	0.3333333333333333	0.09523809523809523	0.38095238095238093
act/31	last	proj	8	14	False	True	asc	1	0.1111111111111111	0.4444444444444444	0.09523809523809523	0.3968253968253968
act/31	last	proj	8	14	False	False	asc	1	0.09523809523809523	0.4444444444444444	0.09523809523809523	0.4126984126984127
act/19	last	proj	8	17	True	True	asc	1	0.14285714285714285	0.3333333333333333	0.09523809523809523	0.31746031746031744
act/23	last	proj	5	9	False	False	asc	1	0.06349206349206349	0.2222222222222222	0.09523809523809523	0.2857142857142857
act/31	last	proj	8	19	False	True	asc	1	0.047619047619047616	0.31746031746031744	0.09523809523809523	0.31746031746031744
act/31	last	proj	8	19	False	False	asc	1	0.047619047619047616	0.2857142857142857	0.09523809523809523	0.2698412698412698
act/31	last	proj	8	20	False	True	asc	1	0.047619047619047616	0.31746031746031744	0.09523809523809523	0.31746031746031744
act/31	last	proj	8	20	False	False	asc	1	0.047619047619047616	0.2698412698412698	0.09523809523809523	0.2857142857142857
act/31	last	proj	8	18	False	True	asc	1	0.047619047619047616	0.3333333333333333	0.09523809523809523	0.2698412698412698
act/31	last	proj	8	18	False	False	asc	1	0.031746031746031744	0.31746031746031744	0.09523809523809523	0.25396825396825395
act/31	last	proj	8	11	False	False	asc	1	0.09523809523809523	0.31746031746031744	0.09523809523809523	0.3333333333333333
act/19	last	proj	9	20	True	True	asc	1	0.1746031746031746	0.4126984126984127	0.09523809523809523	0.3968253968253968
act/19	last	proj	9	15	True	False	asc	1	0.14285714285714285	0.30158730158730157	0.09523809523809523	0.36507936507936506
act/19	last	proj	9	12	True	True	asc	1	0.12698412698412698	0.38095238095238093	0.09523809523809523	0.3968253968253968
act/19	last	proj	9	12	True	False	asc	1	0.12698412698412698	0.38095238095238093	0.09523809523809523	0.38095238095238093
act/19	last	proj	9	13	True	True	asc	1	0.12698412698412698	0.3492063492063492	0.09523809523809523	0.36507936507936506
act/11	last	proj	13	15	False	False	asc	1	0.07936507936507936	0.23809523809523808	0.09523809523809523	0.30158730158730157
act/11	last	proj	12	20	False	True	asc	1	0.1746031746031746	0.38095238095238093	0.09523809523809523	0.3492063492063492
act/11	last	proj	12	13	False	True	asc	1	0.12698412698412698	0.31746031746031744	0.09523809523809523	0.3492063492063492
act/11	last	proj	12	13	False	False	asc	1	0.12698412698412698	0.31746031746031744	0.09523809523809523	0.3492063492063492
act/11	last	proj	12	16	False	False	asc	1	0.1746031746031746	0.36507936507936506	0.09523809523809523	0.3333333333333333
act/31_normed	last	proj	7	17	False	False	asc	1	0.06349206349206349	0.3968253968253968	0.09523809523809523	0.36507936507936506
act/31_normed	last	proj	8	10	False	True	asc	1	0.07936507936507936	0.3492063492063492	0.09523809523809523	0.2857142857142857
act/11	last	proj	13	15	False	True	asc	1	0.07936507936507936	0.23809523809523808	0.09523809523809523	0.30158730158730157
act/7	last	proj	9	11	True	True	asc	1	0.14285714285714285	0.3333333333333333	0.09523809523809523	0.25396825396825395
act/7	last	proj	9	11	True	False	asc	1	0.14285714285714285	0.3492063492063492	0.09523809523809523	0.25396825396825395
act/31_normed	last	proj	8	18	False	True	asc	1	0.031746031746031744	0.2698412698412698	0.09523809523809523	0.2698412698412698
act/27	last	proj	1	19	False	True	asc	1	0.09523809523809523	0.30158730158730157	0.09523809523809523	0.30158730158730157
act/27	last	proj	1	14	False	False	asc	1	0.09523809523809523	0.2698412698412698	0.09523809523809523	0.30158730158730157
act/3	last	proj	12	17	False	True	asc	1	0.1111111111111111	0.2698412698412698	0.09523809523809523	0.3333333333333333
act/3	last	proj	16	18	False	True	asc	1	0.047619047619047616	0.25396825396825395	0.09523809523809523	0.30158730158730157
act/3	last	proj	16	18	False	False	asc	1	0.047619047619047616	0.25396825396825395	0.09523809523809523	0.30158730158730157
act/3	last	proj	16	20	False	True	asc	1	0.06349206349206349	0.12698412698412698	0.09523809523809523	0.23809523809523808
act/3	last	proj	16	20	False	False	asc	1	0.06349206349206349	0.12698412698412698	0.09523809523809523	0.23809523809523808
act/23	last	proj	5	8	False	True	asc	1	0.015873015873015872	0.1746031746031746	0.09523809523809523	0.2857142857142857
act/23	last	proj	9	14	False	True	asc	1	0.09523809523809523	0.3333333333333333	0.09523809523809523	0.2222222222222222
act/3	last	proj	12	20	False	True	asc	1	0.06349206349206349	0.20634920634920634	0.09523809523809523	0.31746031746031744
act/19	last	proj	5	15	True	True	asc	1	0.15873015873015872	0.36507936507936506	0.09523809523809523	0.36507936507936506
act/19	last	proj	5	15	True	False	asc	1	0.14285714285714285	0.3492063492063492	0.09523809523809523	0.36507936507936506
act/31	last	proj	9	20	False	False	asc	1	0.047619047619047616	0.25396825396825395	0.09523809523809523	0.25396825396825395
act/3	last	proj	11	17	False	False	asc	1	0.14285714285714285	0.3333333333333333	0.09523809523809523	0.38095238095238093
act/3	last	proj	11	18	False	True	asc	1	0.14285714285714285	0.3333333333333333	0.09523809523809523	0.31746031746031744
act/23	last	proj	3	13	False	True	asc	1	0.07936507936507936	0.2698412698412698	0.09523809523809523	0.2857142857142857
act/23	last	proj	3	14	False	True	asc	1	0.06349206349206349	0.25396825396825395	0.09523809523809523	0.2857142857142857
act/19	last	proj	8	18	True	False	asc	1	0.19047619047619047	0.4126984126984127	0.09523809523809523	0.36507936507936506
act/31_normed	last	proj	7	16	False	False	asc	1	0.047619047619047616	0.42857142857142855	0.09523809523809523	0.31746031746031744
act/31_normed	last	proj	6	17	False	False	asc	1	0.06349206349206349	0.3968253968253968	0.09523809523809523	0.38095238095238093
act/27	last	proj	1	16	False	False	asc	1	0.07936507936507936	0.2698412698412698	0.09523809523809523	0.2857142857142857
act/27	last	proj	1	17	False	True	asc	1	0.09523809523809523	0.30158730158730157	0.09523809523809523	0.31746031746031744
act/27	last	proj	1	18	False	True	asc	1	0.07936507936507936	0.2857142857142857	0.09523809523809523	0.31746031746031744
act/11	last	proj	17	18	False	True	asc	1	0.07936507936507936	0.30158730158730157	0.09523809523809523	0.31746031746031744
act/11	last	proj	17	18	False	False	asc	1	0.07936507936507936	0.30158730158730157	0.09523809523809523	0.31746031746031744
act/11	last	proj	17	19	False	True	asc	1	0.12698412698412698	0.2857142857142857	0.09523809523809523	0.2857142857142857
act/11	last	proj	17	19	False	False	asc	1	0.12698412698412698	0.2857142857142857	0.09523809523809523	0.2857142857142857
act/11	last	proj	14	15	False	True	asc	1	0.06349206349206349	0.31746031746031744	0.09523809523809523	0.3333333333333333
act/11	last	proj	14	15	False	False	asc	1	0.06349206349206349	0.31746031746031744	0.09523809523809523	0.3333333333333333
act/31_normed	last	proj	7	15	False	False	asc	1	0.09523809523809523	0.4444444444444444	0.09523809523809523	0.36507936507936506
act/27	last	proj	15	18	True	True	asc	1	0.15873015873015872	0.38095238095238093	0.09523809523809523	0.31746031746031744
act/27	last	proj	15	18	True	False	asc	1	0.15873015873015872	0.3968253968253968	0.09523809523809523	0.3333333333333333
act/15	last	proj	0	15	True	True	asc	1	0.19047619047619047	0.4444444444444444	0.09523809523809523	0.36507936507936506
act/15	last	proj	0	14	True	True	asc	1	0.19047619047619047	0.4444444444444444	0.09523809523809523	0.38095238095238093
act/15	last	proj	0	5	True	False	asc	1	0.14285714285714285	0.3333333333333333	0.09523809523809523	0.4126984126984127
act/7	last	proj	6	17	False	True	asc	1	0.15873015873015872	0.4444444444444444	0.09523809523809523	0.36507936507936506
act/7	last	proj	6	18	False	True	asc	1	0.15873015873015872	0.4444444444444444	0.09523809523809523	0.36507936507936506
act/7	last	proj	6	19	False	True	asc	1	0.15873015873015872	0.4444444444444444	0.09523809523809523	0.36507936507936506
act/7	last	proj	6	12	False	False	asc	1	0.09523809523809523	0.3333333333333333	0.09523809523809523	0.3492063492063492
act/23	last	proj	10	15	False	True	asc	1	0.1111111111111111	0.30158730158730157	0.09523809523809523	0.2698412698412698
act/23	last	proj	10	15	False	False	asc	1	0.1111111111111111	0.30158730158730157	0.09523809523809523	0.2698412698412698
act/23	last	proj	9	15	False	True	asc	1	0.07936507936507936	0.30158730158730157	0.09523809523809523	0.2698412698412698
act/23	last	proj	9	15	False	False	asc	1	0.09523809523809523	0.30158730158730157	0.09523809523809523	0.2857142857142857
act/31	last	proj	12	20	False	False	asc	1	0.06349206349206349	0.25396825396825395	0.09523809523809523	0.30158730158730157
act/31	last	proj	13	18	False	True	asc	1	0.031746031746031744	0.20634920634920634	0.09523809523809523	0.3333333333333333
act/19	last	proj	2	18	True	False	asc	1	0.23809523809523808	0.47619047619047616	0.09523809523809523	0.38095238095238093
act/23	last	proj	14	15	False	True	asc	1	0.09523809523809523	0.2857142857142857	0.09523809523809523	0.2698412698412698
act/23	last	proj	14	15	False	False	asc	1	0.09523809523809523	0.2857142857142857	0.09523809523809523	0.2698412698412698
act/19	last	proj	4	15	True	False	asc	1	0.14285714285714285	0.31746031746031744	0.09523809523809523	0.38095238095238093
act/19	last	proj	4	18	True	True	asc	1	0.2698412698412698	0.4444444444444444	0.09523809523809523	0.3333333333333333
act/31	last	proj	12	19	False	True	asc	1	0.06349206349206349	0.25396825396825395	0.09523809523809523	0.2698412698412698
act/31	last	proj	12	19	False	False	asc	1	0.06349206349206349	0.23809523809523808	0.09523809523809523	0.2698412698412698
act/31	last	proj	12	20	False	True	asc	1	0.06349206349206349	0.25396825396825395	0.09523809523809523	0.2857142857142857
act/23	last	proj	5	8	False	False	asc	1	0.015873015873015872	0.20634920634920634	0.09523809523809523	0.2857142857142857
act/23	last	proj	5	9	False	True	asc	1	0.047619047619047616	0.2222222222222222	0.09523809523809523	0.30158730158730157
act/19	last	proj	3	18	True	False	asc	1	0.23809523809523808	0.4603174603174603	0.09523809523809523	0.3492063492063492
act/19	last	proj	5	9	True	True	asc	1	0.20634920634920634	0.4444444444444444	0.09523809523809523	0.38095238095238093
act/19	last	proj	5	11	True	False	asc	1	0.15873015873015872	0.38095238095238093	0.09523809523809523	0.4126984126984127
act/7	last	proj	6	20	False	True	asc	1	0.14285714285714285	0.4444444444444444	0.09523809523809523	0.36507936507936506
act/7	last	proj	6	20	False	False	asc	1	0.12698412698412698	0.42857142857142855	0.09523809523809523	0.38095238095238093
act/7	last	proj	7	8	False	True	asc	1	0.015873015873015872	0.20634920634920634	0.09523809523809523	0.31746031746031744
act/7	last	proj	7	8	False	False	asc	1	0.015873015873015872	0.20634920634920634	0.09523809523809523	0.31746031746031744
act/31_normed	last	proj	5	13	False	False	asc	1	0.1111111111111111	0.3968253968253968	0.09523809523809523	0.42857142857142855
act/31_normed	last	proj	5	14	False	False	asc	1	0.1111111111111111	0.3492063492063492	0.09523809523809523	0.42857142857142855
act/31_normed	last	proj	7	14	False	False	asc	1	0.1111111111111111	0.38095238095238093	0.09523809523809523	0.3492063492063492
act/31_normed	last	proj	5	17	False	True	asc	1	0.1111111111111111	0.36507936507936506	0.09523809523809523	0.42857142857142855
act/31_normed	last	proj	5	18	False	True	asc	1	0.06349206349206349	0.36507936507936506	0.09523809523809523	0.4126984126984127
act/31_normed	last	proj	5	18	False	False	asc	1	0.047619047619047616	0.38095238095238093	0.09523809523809523	0.36507936507936506
act/31_normed	last	proj	5	19	False	False	asc	1	0.047619047619047616	0.36507936507936506	0.09523809523809523	0.38095238095238093
act/31_normed	last	proj	5	12	False	False	asc	1	0.1746031746031746	0.42857142857142855	0.09523809523809523	0.4126984126984127
act/27	last	proj	13	16	True	True	asc	1	0.047619047619047616	0.19047619047619047	0.09523809523809523	0.2698412698412698
act/27	last	proj	13	16	True	False	asc	1	0.047619047619047616	0.19047619047619047	0.09523809523809523	0.2698412698412698
act/15	last	proj	2	5	True	True	asc	1	0.1746031746031746	0.47619047619047616	0.09523809523809523	0.4126984126984127
act/15	last	proj	2	5	True	False	asc	1	0.15873015873015872	0.4603174603174603	0.09523809523809523	0.4126984126984127
act/19	last	proj	2	17	True	False	asc	1	0.2698412698412698	0.49206349206349204	0.09523809523809523	0.36507936507936506
act/31	last	proj	13	16	False	True	asc	1	0.047619047619047616	0.2222222222222222	0.09523809523809523	0.25396825396825395
act/31	last	proj	13	17	False	False	asc	1	0.031746031746031744	0.20634920634920634	0.09523809523809523	0.3333333333333333
act/19	last	proj	0	17	True	False	asc	1	0.2222222222222222	0.36507936507936506	0.09523809523809523	0.30158730158730157
act/19	last	proj	0	18	True	False	asc	1	0.20634920634920634	0.3492063492063492	0.09523809523809523	0.2857142857142857
act/19	last	proj	0	19	True	False	asc	1	0.19047619047619047	0.3492063492063492	0.09523809523809523	0.31746031746031744
act/19	last	proj	1	14	True	False	asc	1	0.20634920634920634	0.3968253968253968	0.09523809523809523	0.3492063492063492
act/19	last	proj	1	15	True	False	asc	1	0.15873015873015872	0.36507936507936506	0.09523809523809523	0.3492063492063492
act/19	last	proj	1	16	True	True	asc	1	0.15873015873015872	0.38095238095238093	0.09523809523809523	0.36507936507936506
act/19	last	proj	1	16	True	False	asc	1	0.19047619047619047	0.36507936507936506	0.09523809523809523	0.3492063492063492
act/19	last	proj	1	17	True	True	asc	1	0.15873015873015872	0.3968253968253968	0.09523809523809523	0.36507936507936506
act/19	last	proj	2	20	True	False	asc	1	0.2222222222222222	0.3968253968253968	0.09523809523809523	0.36507936507936506
act/19	last	proj	2	16	True	False	asc	1	0.30158730158730157	0.47619047619047616	0.09523809523809523	0.3333333333333333
act/19	last	proj	2	19	True	False	asc	1	0.23809523809523808	0.47619047619047616	0.09523809523809523	0.36507936507936506
act/19	last	proj	2	13	True	False	asc	1	0.20634920634920634	0.3968253968253968	0.09523809523809523	0.36507936507936506
act/19	last	proj	3	19	True	False	asc	1	0.23809523809523808	0.47619047619047616	0.09523809523809523	0.3492063492063492
act/19	last	proj	3	20	True	False	asc	1	0.23809523809523808	0.4444444444444444	0.09523809523809523	0.3333333333333333
act/19	last	proj	3	16	True	False	asc	1	0.19047619047619047	0.3968253968253968	0.09523809523809523	0.31746031746031744
act/19	last	proj	1	20	True	False	asc	1	0.19047619047619047	0.36507936507936506	0.09523809523809523	0.30158730158730157
act/23	last	proj	9	13	False	True	asc	1	0.1111111111111111	0.30158730158730157	0.09523809523809523	0.20634920634920634
act/23	last	proj	9	13	False	False	asc	1	0.1111111111111111	0.30158730158730157	0.09523809523809523	0.19047619047619047
act/23	last	proj	8	14	False	True	asc	1	0.09523809523809523	0.30158730158730157	0.09523809523809523	0.30158730158730157
act/23	last	proj	10	16	False	True	asc	1	0.06349206349206349	0.20634920634920634	0.09523809523809523	0.3492063492063492
act/23	last	proj	10	17	False	True	asc	1	0.047619047619047616	0.1746031746031746	0.09523809523809523	0.3492063492063492
act/3	last	proj	11	17	False	True	asc	1	0.14285714285714285	0.3333333333333333	0.09523809523809523	0.38095238095238093
act/19	last	proj	1	13	True	False	asc	1	0.20634920634920634	0.38095238095238093	0.09523809523809523	0.3333333333333333
act/15	last	proj	15	18	False	True	asc	1	0.07936507936507936	0.30158730158730157	0.09523809523809523	0.30158730158730157
act/15	last	proj	15	18	False	False	asc	1	0.047619047619047616	0.2698412698412698	0.09523809523809523	0.30158730158730157
act/19	last	proj	0	20	True	False	asc	1	0.2222222222222222	0.38095238095238093	0.09523809523809523	0.31746031746031744
act/19	last	proj	1	18	True	True	asc	1	0.15873015873015872	0.3968253968253968	0.09523809523809523	0.3492063492063492
act/19	last	proj	1	19	True	False	asc	1	0.19047619047619047	0.3968253968253968	0.09523809523809523	0.31746031746031744
act/19	last	proj	0	1	True	True	asc	1	0.09523809523809523	0.15873015873015872	0.09523809523809523	0.1746031746031746
act/19	last	proj	0	1	True	False	asc	1	0.09523809523809523	0.15873015873015872	0.09523809523809523	0.1746031746031746
act/19	last	proj	1	11	True	False	asc	1	0.20634920634920634	0.36507936507936506	0.09523809523809523	0.3333333333333333
act/19	last	proj	1	12	True	False	asc	1	0.2222222222222222	0.38095238095238093	0.09523809523809523	0.31746031746031744
act/27	last	proj	14	18	True	False	asc	1	0.06349206349206349	0.3333333333333333	0.09523809523809523	0.3492063492063492
act/27	last	proj	14	19	True	True	asc	1	0.06349206349206349	0.3333333333333333	0.09523809523809523	0.30158730158730157
act/27	last	proj	14	19	True	False	asc	1	0.06349206349206349	0.31746031746031744	0.09523809523809523	0.30158730158730157
act/27	last	proj	14	16	True	True	asc	1	0.031746031746031744	0.20634920634920634	0.09523809523809523	0.3333333333333333
act/27	last	proj	14	16	True	False	asc	1	0.031746031746031744	0.2222222222222222	0.09523809523809523	0.3333333333333333
act/7	last	proj	14	20	False	True	asc	1	0.1111111111111111	0.31746031746031744	0.09523809523809523	0.2698412698412698
act/7	last	proj	14	16	False	True	asc	1	0.06349206349206349	0.2222222222222222	0.09523809523809523	0.2222222222222222
act/7	last	proj	14	16	False	False	asc	1	0.06349206349206349	0.2222222222222222	0.09523809523809523	0.2222222222222222
act/7	last	proj	14	18	False	True	asc	1	0.06349206349206349	0.31746031746031744	0.09523809523809523	0.25396825396825395
act/7	last	proj	14	18	False	False	asc	1	0.07936507936507936	0.30158730158730157	0.09523809523809523	0.25396825396825395
act/7	last	proj	14	19	False	True	asc	1	0.09523809523809523	0.36507936507936506	0.09523809523809523	0.2857142857142857
act/31_normed	last	proj	4	20	False	False	asc	1	0.047619047619047616	0.3492063492063492	0.09523809523809523	0.38095238095238093
act/31_normed	last	proj	4	15	False	False	asc	1	0.09523809523809523	0.38095238095238093	0.09523809523809523	0.36507936507936506
act/31_normed	last	proj	4	18	False	False	asc	1	0.047619047619047616	0.38095238095238093	0.09523809523809523	0.38095238095238093
act/7	last	proj	15	20	False	True	asc	1	0.07936507936507936	0.30158730158730157	0.09523809523809523	0.36507936507936506
act/7	last	proj	15	20	False	False	asc	1	0.07936507936507936	0.2857142857142857	0.09523809523809523	0.36507936507936506
act/15	last	proj	3	11	True	False	asc	1	0.14285714285714285	0.3968253968253968	0.09523809523809523	0.3492063492063492
act/15	last	proj	3	12	True	False	asc	1	0.1111111111111111	0.36507936507936506	0.09523809523809523	0.3492063492063492
act/15	last	proj	3	5	True	True	asc	1	0.19047619047619047	0.49206349206349204	0.09523809523809523	0.36507936507936506
act/15	last	proj	3	5	True	False	asc	1	0.19047619047619047	0.49206349206349204	0.09523809523809523	0.3492063492063492
act/15	last	proj	3	8	True	True	asc	1	0.15873015873015872	0.38095238095238093	0.09523809523809523	0.31746031746031744
act/31_normed	last	proj	3	13	False	False	asc	1	0.14285714285714285	0.4444444444444444	0.09523809523809523	0.42857142857142855
act/31_normed	last	proj	4	19	False	False	asc	1	0.047619047619047616	0.36507936507936506	0.09523809523809523	0.38095238095238093
act/15	last	proj	12	19	False	False	asc	1	0.07936507936507936	0.23809523809523808	0.09523809523809523	0.2698412698412698
act/15	last	proj	14	15	False	False	asc	1	0.047619047619047616	0.1746031746031746	0.09523809523809523	0.36507936507936506
act/15	last	proj	14	16	False	True	asc	1	0.1111111111111111	0.25396825396825395	0.09523809523809523	0.25396825396825395
act/15	last	proj	14	16	False	False	asc	1	0.1111111111111111	0.25396825396825395	0.09523809523809523	0.25396825396825395
act/31_normed	last	proj	3	15	False	False	asc	1	0.14285714285714285	0.4444444444444444	0.09523809523809523	0.38095238095238093
act/31_normed	last	proj	3	17	False	False	asc	1	0.07936507936507936	0.4126984126984127	0.09523809523809523	0.4126984126984127
act/31_normed	last	proj	3	18	False	False	asc	1	0.047619047619047616	0.38095238095238093	0.09523809523809523	0.42857142857142855
act/31_normed	last	proj	3	12	False	False	asc	1	0.15873015873015872	0.47619047619047616	0.09523809523809523	0.4603174603174603
act/15	last	proj	3	16	True	True	asc	1	0.1111111111111111	0.36507936507936506	0.09523809523809523	0.38095238095238093
act/15	last	proj	3	10	True	True	asc	1	0.09523809523809523	0.3492063492063492	0.09523809523809523	0.4126984126984127
act/15	last	proj	3	11	True	True	asc	1	0.07936507936507936	0.36507936507936506	0.09523809523809523	0.3968253968253968
act/15	last	proj	4	15	True	True	asc	1	0.20634920634920634	0.42857142857142855	0.09523809523809523	0.3492063492063492
act/31_normed	last	proj	3	19	False	False	asc	1	0.047619047619047616	0.3492063492063492	0.09523809523809523	0.42857142857142855
act/31_normed	last	proj	3	20	False	False	asc	1	0.06349206349206349	0.3492063492063492	0.09523809523809523	0.38095238095238093
act/27	last	proj	11	20	True	True	asc	1	0.047619047619047616	0.14285714285714285	0.09523809523809523	0.20634920634920634
act/27	last	proj	11	20	True	False	asc	1	0.047619047619047616	0.12698412698412698	0.09523809523809523	0.19047619047619047
act/15	last	proj	6	12	True	False	asc	1	0.15873015873015872	0.38095238095238093	0.09523809523809523	0.3492063492063492
act/15	last	proj	6	13	True	False	asc	1	0.20634920634920634	0.42857142857142855	0.09523809523809523	0.31746031746031744
act/3	last	proj	17	20	True	False	asc	1	0.0	0.14285714285714285	0.09523809523809523	0.23809523809523808
act/27	last	proj	17	20	True	True	asc	1	0.2857142857142857	0.47619047619047616	0.09523809523809523	0.30158730158730157
act/27	last	proj	17	20	True	False	asc	1	0.2857142857142857	0.4603174603174603	0.09523809523809523	0.30158730158730157
act/27	last	proj	18	19	True	True	asc	1	0.1111111111111111	0.15873015873015872	0.09523809523809523	0.20634920634920634
act/27	last	proj	18	19	True	False	asc	1	0.1111111111111111	0.15873015873015872	0.09523809523809523	0.20634920634920634
act/27	last	proj	16	17	True	True	asc	1	0.1111111111111111	0.2698412698412698	0.09523809523809523	0.20634920634920634
act/27	last	proj	16	17	True	False	asc	1	0.1111111111111111	0.2698412698412698	0.09523809523809523	0.20634920634920634
act/15	last	proj	4	18	True	True	asc	1	0.20634920634920634	0.42857142857142855	0.09523809523809523	0.36507936507936506
act/15	last	proj	4	19	True	True	asc	1	0.2222222222222222	0.38095238095238093	0.09523809523809523	0.3333333333333333
act/15	last	proj	7	19	True	False	asc	1	0.14285714285714285	0.4126984126984127	0.09523809523809523	0.38095238095238093
act/31_normed	last	proj	1	16	False	True	asc	1	0.12698412698412698	0.3333333333333333	0.09523809523809523	0.38095238095238093
act/31_normed	last	proj	1	17	False	True	asc	1	0.12698412698412698	0.3333333333333333	0.09523809523809523	0.38095238095238093
act/31_normed	last	proj	3	10	False	True	asc	1	0.15873015873015872	0.4444444444444444	0.09523809523809523	0.4444444444444444
act/31_normed	last	proj	2	17	False	False	asc	1	0.07936507936507936	0.4126984126984127	0.09523809523809523	0.38095238095238093
act/31_normed	last	proj	2	19	False	False	asc	1	0.047619047619047616	0.36507936507936506	0.09523809523809523	0.4126984126984127
act/15	last	proj	7	12	True	False	asc	1	0.1746031746031746	0.42857142857142855	0.09523809523809523	0.38095238095238093
act/15	last	proj	9	13	True	True	asc	1	0.19047619047619047	0.5079365079365079	0.09523809523809523	0.2698412698412698
act/15	last	proj	9	15	False	False	asc	1	0.06349206349206349	0.23809523809523808	0.09523809523809523	0.31746031746031744
act/15	last	proj	11	12	False	True	asc	1	0.20634920634920634	0.3968253968253968	0.09523809523809523	0.30158730158730157
act/15	last	proj	11	12	False	False	asc	1	0.20634920634920634	0.3968253968253968	0.09523809523809523	0.30158730158730157
act/15	last	proj	14	20	False	True	asc	1	0.15873015873015872	0.31746031746031744	0.09523809523809523	0.30158730158730157
act/15	last	proj	14	20	False	False	asc	1	0.20634920634920634	0.38095238095238093	0.09523809523809523	0.30158730158730157
act/15	last	proj	14	15	False	True	asc	1	0.047619047619047616	0.1746031746031746	0.09523809523809523	0.36507936507936506
act/15	last	proj	9	15	False	True	asc	1	0.047619047619047616	0.23809523809523808	0.09523809523809523	0.3333333333333333
act/15	last	proj	12	15	False	False	asc	1	0.09523809523809523	0.23809523809523808	0.09523809523809523	0.23809523809523808
act/15	last	proj	11	19	False	True	asc	1	0.15873015873015872	0.2698412698412698	0.09523809523809523	0.30158730158730157
act/15	last	proj	11	19	False	False	asc	1	0.14285714285714285	0.2698412698412698	0.09523809523809523	0.2857142857142857
act/15	last	proj	11	20	False	True	asc	1	0.1746031746031746	0.30158730158730157	0.09523809523809523	0.3333333333333333
act/15	last	proj	11	20	False	False	asc	1	0.1746031746031746	0.30158730158730157	0.09523809523809523	0.31746031746031744
act/15	last	proj	11	15	False	True	asc	1	0.07936507936507936	0.2698412698412698	0.09523809523809523	0.30158730158730157
act/27	last	proj	9	17	True	True	asc	1	0.031746031746031744	0.1111111111111111	0.09523809523809523	0.19047619047619047
act/27	last	proj	9	17	True	False	asc	1	0.031746031746031744	0.12698412698412698	0.09523809523809523	0.23809523809523808
embed	last	proj	0	5	True	False	asc	1	0.09523809523809523	0.4444444444444444	0.09523809523809523	0.42857142857142855
act/27	last	proj	9	18	True	False	asc	1	0.031746031746031744	0.12698412698412698	0.09523809523809523	0.25396825396825395
act/27	last	proj	9	19	True	True	asc	1	0.031746031746031744	0.12698412698412698	0.09523809523809523	0.20634920634920634
act/27	last	proj	9	19	True	False	asc	1	0.031746031746031744	0.14285714285714285	0.09523809523809523	0.2222222222222222
act/27	last	proj	11	18	True	False	asc	1	0.047619047619047616	0.1746031746031746	0.09523809523809523	0.30158730158730157
act/27	last	proj	14	18	True	True	asc	1	0.06349206349206349	0.3333333333333333	0.09523809523809523	0.3492063492063492
act/15	last	proj	7	11	True	False	asc	1	0.07936507936507936	0.4444444444444444	0.09523809523809523	0.4126984126984127
act/27	last	proj	11	18	True	True	asc	1	0.047619047619047616	0.1746031746031746	0.09523809523809523	0.2857142857142857
act/23	last	proj	16	19	False	False	asc	1	0.07936507936507936	0.23809523809523808	0.09523809523809523	0.2698412698412698
act/27	last	proj	0	17	True	False	asc	1	0.1746031746031746	0.3333333333333333	0.09523809523809523	0.2698412698412698
act/27	last	proj	0	18	True	False	asc	1	0.1746031746031746	0.3333333333333333	0.09523809523809523	0.2857142857142857
act/27	last	proj	0	20	True	False	asc	1	0.1746031746031746	0.30158730158730157	0.09523809523809523	0.2857142857142857
act/3	last	proj	7	17	False	True	asc	1	0.20634920634920634	0.38095238095238093	0.09523809523809523	0.3968253968253968
act/3	last	proj	7	13	False	True	asc	1	0.1746031746031746	0.3333333333333333	0.09523809523809523	0.3333333333333333
embed	last	proj	1	2	False	True	asc	1	0.07936507936507936	0.2222222222222222	0.09523809523809523	0.36507936507936506
embed	last	proj	1	2	False	False	asc	1	0.07936507936507936	0.2222222222222222	0.09523809523809523	0.36507936507936506
act/31_normed	last	proj	1	20	True	False	asc	1	0.06349206349206349	0.2857142857142857	0.09523809523809523	0.31746031746031744
act/31_normed	last	proj	2	3	True	True	asc	1	0.15873015873015872	0.31746031746031744	0.09523809523809523	0.3968253968253968
act/31_normed	last	proj	2	3	True	False	asc	1	0.15873015873015872	0.31746031746031744	0.09523809523809523	0.3968253968253968
act/31_normed	last	proj	1	16	True	False	asc	1	0.09523809523809523	0.3968253968253968	0.09523809523809523	0.3492063492063492
act/31_normed	last	proj	1	19	False	True	asc	1	0.12698412698412698	0.3333333333333333	0.09523809523809523	0.3492063492063492
act/31_normed	last	proj	1	15	False	True	asc	1	0.12698412698412698	0.3492063492063492	0.09523809523809523	0.38095238095238093
act/15	last	proj	7	20	True	True	asc	1	0.1111111111111111	0.38095238095238093	0.09523809523809523	0.3968253968253968
act/15	last	proj	10	15	True	True	asc	1	0.15873015873015872	0.31746031746031744	0.09523809523809523	0.2857142857142857
act/15	last	proj	10	17	True	True	asc	1	0.12698412698412698	0.31746031746031744	0.09523809523809523	0.3492063492063492
act/31_normed	last	proj	0	19	False	True	asc	1	0.047619047619047616	0.20634920634920634	0.09523809523809523	0.25396825396825395
act/31_normed	last	proj	0	20	False	True	asc	1	0.047619047619047616	0.20634920634920634	0.09523809523809523	0.25396825396825395
act/15	last	proj	8	18	True	True	asc	1	0.1111111111111111	0.3333333333333333	0.09523809523809523	0.3492063492063492
act/15	last	proj	8	11	True	True	asc	1	0.14285714285714285	0.4444444444444444	0.09523809523809523	0.38095238095238093
act/15	last	proj	8	11	True	False	asc	1	0.14285714285714285	0.42857142857142855	0.09523809523809523	0.38095238095238093
act/15	last	proj	8	14	True	True	asc	1	0.06349206349206349	0.3333333333333333	0.09523809523809523	0.30158730158730157
act/15	last	proj	8	14	True	False	asc	1	0.07936507936507936	0.3333333333333333	0.09523809523809523	0.30158730158730157
act/15	last	proj	10	18	True	True	asc	1	0.12698412698412698	0.31746031746031744	0.09523809523809523	0.36507936507936506
act/15	last	proj	10	18	True	False	asc	1	0.12698412698412698	0.31746031746031744	0.09523809523809523	0.3492063492063492
act/31_normed	last	proj	0	18	False	True	asc	1	0.047619047619047616	0.20634920634920634	0.09523809523809523	0.25396825396825395
act/15	last	proj	9	11	True	True	asc	1	0.1111111111111111	0.4444444444444444	0.09523809523809523	0.3492063492063492
act/15	last	proj	9	11	True	False	asc	1	0.12698412698412698	0.4603174603174603	0.09523809523809523	0.3492063492063492
act/15	last	proj	8	15	True	False	asc	1	0.09523809523809523	0.30158730158730157	0.09523809523809523	0.3333333333333333
act/15	last	proj	8	16	True	True	asc	1	0.09523809523809523	0.31746031746031744	0.09523809523809523	0.3333333333333333
act/15	last	proj	8	16	True	False	asc	1	0.1111111111111111	0.30158730158730157	0.09523809523809523	0.3333333333333333
act/15	last	proj	8	17	True	True	asc	1	0.1111111111111111	0.30158730158730157	0.09523809523809523	0.36507936507936506
act/31_normed	last	proj	2	14	True	False	asc	1	0.14285714285714285	0.4444444444444444	0.09523809523809523	0.36507936507936506
act/31_normed	last	proj	2	17	True	True	asc	1	0.15873015873015872	0.49206349206349204	0.09523809523809523	0.36507936507936506
act/31_normed	last	proj	3	17	True	False	asc	1	0.09523809523809523	0.3968253968253968	0.09523809523809523	0.3492063492063492
act/31_normed	last	proj	3	18	True	False	asc	1	0.09523809523809523	0.3968253968253968	0.09523809523809523	0.3333333333333333
act/31_normed	last	proj	5	12	True	True	asc	1	0.14285714285714285	0.47619047619047616	0.09523809523809523	0.4126984126984127
act/15	last	proj	9	19	False	True	asc	1	0.07936507936507936	0.2857142857142857	0.09523809523809523	0.3333333333333333
act/15	last	proj	9	20	False	True	asc	1	0.1111111111111111	0.2857142857142857	0.09523809523809523	0.3333333333333333
act/31_normed	last	proj	2	18	True	True	asc	1	0.15873015873015872	0.4444444444444444	0.09523809523809523	0.36507936507936506
act/31_normed	last	proj	2	19	True	True	asc	1	0.14285714285714285	0.42857142857142855	0.09523809523809523	0.36507936507936506
act/31_normed	last	proj	2	20	True	True	asc	1	0.15873015873015872	0.4444444444444444	0.09523809523809523	0.38095238095238093
act/31_normed	last	proj	2	20	True	False	asc	1	0.1111111111111111	0.36507936507936506	0.09523809523809523	0.30158730158730157
act/15	last	proj	8	14	False	True	asc	1	0.12698412698412698	0.4444444444444444	0.09523809523809523	0.36507936507936506
act/15	last	proj	8	14	False	False	asc	1	0.15873015873015872	0.4603174603174603	0.09523809523809523	0.3492063492063492
act/15	last	proj	10	12	False	True	asc	1	0.09523809523809523	0.4126984126984127	0.09523809523809523	0.3492063492063492
act/15	last	proj	10	12	False	False	asc	1	0.1111111111111111	0.42857142857142855	0.09523809523809523	0.3492063492063492
act/15	last	proj	10	13	False	True	asc	1	0.1746031746031746	0.47619047619047616	0.09523809523809523	0.23809523809523808
act/3	last	proj	7	13	False	False	asc	1	0.1746031746031746	0.30158730158730157	0.09523809523809523	0.3492063492063492
act/15	last	proj	9	11	False	True	asc	1	0.06349206349206349	0.36507936507936506	0.09523809523809523	0.42857142857142855
act/15	last	proj	9	11	False	False	asc	1	0.047619047619047616	0.3492063492063492	0.09523809523809523	0.4444444444444444
act/15	last	proj	9	13	False	False	asc	1	0.12698412698412698	0.4126984126984127	0.09523809523809523	0.2698412698412698
act/15	last	proj	8	19	False	False	asc	1	0.09523809523809523	0.3333333333333333	0.09523809523809523	0.36507936507936506
act/31_normed	last	proj	1	6	False	True	asc	1	0.07936507936507936	0.25396825396825395	0.09523809523809523	0.36507936507936506
act/31_normed	last	proj	1	2	False	True	asc	1	0.047619047619047616	0.20634920634920634	0.09523809523809523	0.2698412698412698
act/31_normed	last	proj	1	2	False	False	asc	1	0.047619047619047616	0.20634920634920634	0.09523809523809523	0.2698412698412698
act/31_normed	last	proj	1	3	False	False	asc	1	0.1111111111111111	0.25396825396825395	0.09523809523809523	0.30158730158730157
act/31_normed	last	proj	1	4	False	False	asc	1	0.12698412698412698	0.25396825396825395	0.09523809523809523	0.3333333333333333
act/31_normed	last	proj	0	17	False	True	asc	1	0.047619047619047616	0.20634920634920634	0.09523809523809523	0.2698412698412698
act/31_normed	last	proj	0	8	False	True	asc	1	0.047619047619047616	0.20634920634920634	0.09523809523809523	0.2698412698412698
act/31_normed	last	proj	0	1	False	True	asc	1	0.031746031746031744	0.20634920634920634	0.09523809523809523	0.25396825396825395
act/31_normed	last	proj	0	1	False	False	asc	1	0.031746031746031744	0.20634920634920634	0.09523809523809523	0.25396825396825395
act/31_normed	last	proj	0	2	False	True	asc	1	0.031746031746031744	0.20634920634920634	0.09523809523809523	0.25396825396825395
act/31_normed	last	proj	0	3	False	True	asc	1	0.031746031746031744	0.20634920634920634	0.09523809523809523	0.25396825396825395
act/31_normed	last	proj	0	3	False	False	asc	1	0.06349206349206349	0.2222222222222222	0.09523809523809523	0.2698412698412698
act/31_normed	last	proj	0	4	False	True	asc	1	0.031746031746031744	0.20634920634920634	0.09523809523809523	0.25396825396825395
act/31_normed	last	proj	0	11	False	False	asc	1	0.047619047619047616	0.2222222222222222	0.09523809523809523	0.30158730158730157
act/31_normed	last	proj	0	12	False	True	asc	1	0.047619047619047616	0.20634920634920634	0.09523809523809523	0.2698412698412698
act/31_normed	last	proj	0	12	False	False	asc	1	0.047619047619047616	0.20634920634920634	0.09523809523809523	0.31746031746031744
act/31_normed	last	proj	0	5	False	True	asc	1	0.031746031746031744	0.20634920634920634	0.09523809523809523	0.25396825396825395
act/31_normed	last	proj	0	6	False	True	asc	1	0.047619047619047616	0.20634920634920634	0.09523809523809523	0.25396825396825395
act/31_normed	last	proj	0	6	False	False	asc	1	0.047619047619047616	0.23809523809523808	0.09523809523809523	0.31746031746031744
act/31_normed	last	proj	0	7	False	True	asc	1	0.047619047619047616	0.20634920634920634	0.09523809523809523	0.2698412698412698
act/31_normed	last	proj	0	14	False	False	asc	1	0.047619047619047616	0.23809523809523808	0.09523809523809523	0.30158730158730157
act/31_normed	last	proj	0	15	False	True	asc	1	0.047619047619047616	0.20634920634920634	0.09523809523809523	0.2698412698412698
act/31_normed	last	proj	0	15	False	False	asc	1	0.047619047619047616	0.2222222222222222	0.09523809523809523	0.30158730158730157
act/31_normed	last	proj	0	16	False	True	asc	1	0.047619047619047616	0.20634920634920634	0.09523809523809523	0.2698412698412698
act/31_normed	last	proj	0	16	False	False	asc	1	0.047619047619047616	0.2222222222222222	0.09523809523809523	0.31746031746031744
act/31_normed	last	proj	0	9	False	True	asc	1	0.047619047619047616	0.20634920634920634	0.09523809523809523	0.2698412698412698
act/31_normed	last	proj	0	10	False	True	asc	1	0.047619047619047616	0.20634920634920634	0.09523809523809523	0.2698412698412698
act/31_normed	last	proj	0	11	False	True	asc	1	0.047619047619047616	0.20634920634920634	0.09523809523809523	0.2698412698412698
act/31_normed	last	proj	5	13	True	True	asc	1	0.14285714285714285	0.4603174603174603	0.09523809523809523	0.3968253968253968
act/31_normed	last	proj	4	17	True	False	asc	1	0.09523809523809523	0.3968253968253968	0.09523809523809523	0.30158730158730157
embed	last	proj	2	13	False	False	asc	1	0.07936507936507936	0.4444444444444444	0.09523809523809523	0.42857142857142855
act/15	last	proj	9	20	True	False	asc	1	0.15873015873015872	0.36507936507936506	0.09523809523809523	0.3968253968253968
act/31_normed	last	proj	0	13	False	True	asc	1	0.047619047619047616	0.20634920634920634	0.09523809523809523	0.2698412698412698
act/31_normed	last	proj	0	13	False	False	asc	1	0.047619047619047616	0.2222222222222222	0.09523809523809523	0.31746031746031744
act/31_normed	last	proj	0	14	False	True	asc	1	0.047619047619047616	0.20634920634920634	0.09523809523809523	0.2698412698412698
act/15	last	proj	12	20	True	False	asc	1	0.19047619047619047	0.4126984126984127	0.09523809523809523	0.4126984126984127
act/15	last	proj	14	17	True	True	asc	1	0.047619047619047616	0.15873015873015872	0.09523809523809523	0.2698412698412698
act/15	last	proj	14	15	True	True	asc	1	0.07936507936507936	0.15873015873015872	0.09523809523809523	0.19047619047619047
act/15	last	proj	14	15	True	False	asc	1	0.07936507936507936	0.15873015873015872	0.09523809523809523	0.19047619047619047
act/27	last	proj	10	16	True	True	asc	1	0.031746031746031744	0.15873015873015872	0.09523809523809523	0.23809523809523808
act/27	last	proj	10	16	True	False	asc	1	0.031746031746031744	0.1746031746031746	0.09523809523809523	0.25396825396825395
act/27	last	proj	10	19	True	True	asc	1	0.047619047619047616	0.14285714285714285	0.09523809523809523	0.20634920634920634
act/27	last	proj	10	19	True	False	asc	1	0.047619047619047616	0.14285714285714285	0.09523809523809523	0.25396825396825395
act/3	last	proj	6	11	False	False	asc	1	0.09523809523809523	0.2857142857142857	0.09523809523809523	0.25396825396825395
act/3	last	proj	6	12	False	True	asc	1	0.06349206349206349	0.25396825396825395	0.09523809523809523	0.2698412698412698
act/23	last	proj	18	20	False	True	asc	1	0.07936507936507936	0.2222222222222222	0.09523809523809523	0.2698412698412698
act/23	last	proj	18	20	False	False	asc	1	0.07936507936507936	0.2222222222222222	0.09523809523809523	0.2698412698412698
act/23	last	norm_l2	0	0	True	False	asc	1	0.1111111111111111	0.23809523809523808	0.09523809523809523	0.25396825396825395
act/3	last	proj	6	16	False	False	asc	1	0.07936507936507936	0.25396825396825395	0.09523809523809523	0.31746031746031744
act/3	last	proj	6	17	False	False	asc	1	0.07936507936507936	0.25396825396825395	0.09523809523809523	0.3333333333333333
act/3	last	proj	6	11	False	True	asc	1	0.06349206349206349	0.2698412698412698	0.09523809523809523	0.23809523809523808
act/15	last	proj	4	18	False	True	asc	1	0.1111111111111111	0.4126984126984127	0.09523809523809523	0.38095238095238093
act/3	last	proj	7	12	False	True	asc	1	0.19047619047619047	0.3492063492063492	0.09523809523809523	0.3333333333333333
act/3	last	proj	7	12	False	False	asc	1	0.19047619047619047	0.3492063492063492	0.09523809523809523	0.31746031746031744
act/31_normed	last	proj	4	18	True	False	asc	1	0.07936507936507936	0.38095238095238093	0.09523809523809523	0.2857142857142857
act/31_normed	last	proj	4	15	True	False	asc	1	0.14285714285714285	0.4126984126984127	0.09523809523809523	0.38095238095238093
act/31_normed	last	proj	6	15	True	True	asc	1	0.12698412698412698	0.4603174603174603	0.09523809523809523	0.36507936507936506
act/31_normed	last	proj	6	9	True	True	asc	1	0.15873015873015872	0.47619047619047616	0.09523809523809523	0.36507936507936506
act/31_normed	last	proj	6	9	True	False	asc	1	0.19047619047619047	0.47619047619047616	0.09523809523809523	0.36507936507936506
act/27	last	proj	8	19	True	False	asc	1	0.06349206349206349	0.15873015873015872	0.09523809523809523	0.2698412698412698
embed	last	proj	0	1	True	False	asc	1	0.07936507936507936	0.23809523809523808	0.09523809523809523	0.36507936507936506
act/7	last	proj	19	20	False	True	asc	1	0.09523809523809523	0.20634920634920634	0.09523809523809523	0.31746031746031744
act/7	last	proj	19	20	False	False	asc	1	0.09523809523809523	0.20634920634920634	0.09523809523809523	0.31746031746031744
act/27	last	proj	5	17	True	False	asc	1	0.15873015873015872	0.3492063492063492	0.09523809523809523	0.31746031746031744
embed	last	proj	0	6	True	False	asc	1	0.09523809523809523	0.4444444444444444	0.09523809523809523	0.4444444444444444
embed	last	proj	0	1	True	True	asc	1	0.07936507936507936	0.23809523809523808	0.09523809523809523	0.36507936507936506
act/27	last	proj	7	20	True	True	asc	1	0.07936507936507936	0.30158730158730157	0.09523809523809523	0.2857142857142857
act/27	last	proj	7	14	True	True	asc	1	0.1746031746031746	0.31746031746031744	0.09523809523809523	0.2698412698412698
act/27	last	proj	7	14	True	False	asc	1	0.14285714285714285	0.2698412698412698	0.09523809523809523	0.20634920634920634
act/27	last	proj	7	10	True	False	asc	1	0.1111111111111111	0.2857142857142857	0.09523809523809523	0.2698412698412698
act/27	last	proj	5	17	True	True	asc	1	0.19047619047619047	0.3492063492063492	0.09523809523809523	0.2857142857142857
act/15	last	proj	3	16	False	False	asc	1	0.15873015873015872	0.38095238095238093	0.09523809523809523	0.38095238095238093
act/15	last	proj	5	12	False	False	asc	1	0.19047619047619047	0.4603174603174603	0.09523809523809523	0.2698412698412698
act/15	last	proj	5	14	False	False	asc	1	0.14285714285714285	0.42857142857142855	0.09523809523809523	0.31746031746031744
act/15	last	proj	4	19	False	True	asc	1	0.09523809523809523	0.3968253968253968	0.09523809523809523	0.36507936507936506
act/15	last	proj	4	20	False	True	asc	1	0.07936507936507936	0.3968253968253968	0.09523809523809523	0.36507936507936506
act/15	last	proj	4	15	False	True	asc	1	0.07936507936507936	0.36507936507936506	0.09523809523809523	0.36507936507936506
act/15	last	proj	4	16	False	True	asc	1	0.09523809523809523	0.38095238095238093	0.09523809523809523	0.38095238095238093
act/7	last	proj	18	19	True	True	asc	1	0.07936507936507936	0.20634920634920634	0.09523809523809523	0.25396825396825395
act/7	last	proj	18	20	True	True	asc	1	0.06349206349206349	0.20634920634920634	0.09523809523809523	0.2698412698412698
act/7	last	proj	18	20	True	False	asc	1	0.06349206349206349	0.19047619047619047	0.09523809523809523	0.2698412698412698
act/15	last	proj	7	13	False	False	asc	1	0.14285714285714285	0.36507936507936506	0.09523809523809523	0.3492063492063492
act/23	last	norm_l1	0	0	True	False	asc	1	0.09523809523809523	0.31746031746031744	0.09523809523809523	0.30158730158730157
act/23	last	proj	17	19	False	True	asc	1	0.031746031746031744	0.14285714285714285	0.09523809523809523	0.3333333333333333
act/23	last	proj	17	19	False	False	asc	1	0.031746031746031744	0.14285714285714285	0.09523809523809523	0.3333333333333333
act/15	last	proj	5	20	False	False	asc	1	0.20634920634920634	0.3968253968253968	0.09523809523809523	0.3333333333333333
act/15	last	proj	5	18	False	False	asc	1	0.19047619047619047	0.38095238095238093	0.09523809523809523	0.3492063492063492
act/15	last	proj	5	19	False	False	asc	1	0.19047619047619047	0.3968253968253968	0.09523809523809523	0.3333333333333333
embed	last	proj	0	7	True	False	asc	1	0.09523809523809523	0.4444444444444444	0.09523809523809523	0.4444444444444444
act/31_normed	last	proj	10	19	True	True	asc	1	0.047619047619047616	0.20634920634920634	0.09523809523809523	0.30158730158730157
act/31_normed	last	proj	14	15	True	True	asc	1	0.15873015873015872	0.30158730158730157	0.09523809523809523	0.31746031746031744
act/31_normed	last	proj	14	15	True	False	asc	1	0.15873015873015872	0.30158730158730157	0.09523809523809523	0.31746031746031744
act/31_normed	last	proj	13	15	True	False	asc	1	0.15873015873015872	0.3333333333333333	0.09523809523809523	0.3968253968253968
act/27	last	proj	9	18	True	True	asc	1	0.031746031746031744	0.1111111111111111	0.09523809523809523	0.23809523809523808
act/15	last	proj	1	15	False	False	asc	1	0.14285714285714285	0.31746031746031744	0.09523809523809523	0.2857142857142857
act/15	last	proj	1	6	False	False	asc	1	0.14285714285714285	0.31746031746031744	0.09523809523809523	0.36507936507936506
act/31_normed	last	proj	11	17	True	False	asc	1	0.031746031746031744	0.2698412698412698	0.09523809523809523	0.3333333333333333
act/31_normed	last	proj	10	18	True	True	asc	1	0.031746031746031744	0.2222222222222222	0.09523809523809523	0.31746031746031744
act/27	last	proj	4	18	True	True	asc	1	0.19047619047619047	0.36507936507936506	0.09523809523809523	0.25396825396825395
embed	last	proj	3	4	False	True	asc	1	0.07936507936507936	0.4126984126984127	0.09523809523809523	0.4444444444444444
embed	last	proj	3	4	False	False	asc	1	0.07936507936507936	0.4126984126984127	0.09523809523809523	0.4444444444444444
act/27	last	proj	4	15	True	True	asc	1	0.15873015873015872	0.30158730158730157	0.09523809523809523	0.25396825396825395
act/31_normed	last	proj	11	17	True	True	asc	1	0.047619047619047616	0.25396825396825395	0.09523809523809523	0.31746031746031744
act/27	last	proj	5	18	True	True	asc	1	0.19047619047619047	0.36507936507936506	0.09523809523809523	0.2857142857142857
embed	last	proj	1	2	True	True	asc	1	0.09523809523809523	0.4444444444444444	0.09523809523809523	0.4444444444444444
embed	last	proj	1	2	True	False	asc	1	0.09523809523809523	0.4444444444444444	0.09523809523809523	0.4444444444444444
act/31_normed	last	proj	10	17	True	True	asc	1	0.031746031746031744	0.2698412698412698	0.09523809523809523	0.31746031746031744
act/31_normed	last	proj	9	16	True	True	asc	1	0.031746031746031744	0.2698412698412698	0.09523809523809523	0.3333333333333333
act/31_normed	last	proj	9	16	True	False	asc	1	0.031746031746031744	0.2857142857142857	0.09523809523809523	0.3333333333333333
act/31_normed	last	proj	9	17	True	True	asc	1	0.015873015873015872	0.25396825396825395	0.09523809523809523	0.30158730158730157
act/31_normed	last	proj	9	17	True	False	asc	1	0.015873015873015872	0.23809523809523808	0.09523809523809523	0.30158730158730157
act/31_normed	last	proj	9	18	True	False	asc	1	0.015873015873015872	0.19047619047619047	0.09523809523809523	0.30158730158730157
act/15	last	proj	3	12	False	False	asc	1	0.14285714285714285	0.42857142857142855	0.09523809523809523	0.31746031746031744
act/15	last	proj	3	10	False	False	asc	1	0.20634920634920634	0.4603174603174603	0.09523809523809523	0.3492063492063492
act/15	last	proj	1	5	False	False	asc	1	0.12698412698412698	0.30158730158730157	0.09523809523809523	0.31746031746031744
act/15	last	proj	2	9	False	False	asc	1	0.25396825396825395	0.5555555555555556	0.09523809523809523	0.3968253968253968
act/31_normed	last	proj	10	16	True	False	asc	1	0.047619047619047616	0.3492063492063492	0.09523809523809523	0.38095238095238093
act/27	last	proj	5	15	True	False	asc	1	0.1111111111111111	0.2698412698412698	0.09523809523809523	0.2857142857142857
act/27	last	proj	4	14	True	True	asc	1	0.19047619047619047	0.36507936507936506	0.09523809523809523	0.30158730158730157
act/27	last	proj	1	19	True	False	asc	1	0.19047619047619047	0.3492063492063492	0.09523809523809523	0.31746031746031744
act/27	last	proj	1	5	True	True	asc	1	0.12698412698412698	0.3492063492063492	0.09523809523809523	0.38095238095238093
act/31_normed	last	proj	8	9	True	True	asc	1	0.1111111111111111	0.25396825396825395	0.09523809523809523	0.2698412698412698
act/31_normed	last	proj	8	9	True	False	asc	1	0.1111111111111111	0.25396825396825395	0.09523809523809523	0.2698412698412698
act/7	last	proj	16	17	True	True	asc	1	0.09523809523809523	0.30158730158730157	0.09523809523809523	0.3492063492063492
act/7	last	proj	16	17	True	False	asc	1	0.09523809523809523	0.30158730158730157	0.09523809523809523	0.3492063492063492
act/27	last	proj	6	13	True	False	asc	1	0.1746031746031746	0.31746031746031744	0.09523809523809523	0.2222222222222222
act/27	last	proj	5	15	True	True	asc	1	0.1746031746031746	0.3492063492063492	0.09523809523809523	0.31746031746031744
act/31_normed	last	proj	7	9	True	False	asc	1	0.14285714285714285	0.2698412698412698	0.09523809523809523	0.25396825396825395
act/31_normed	last	proj	7	10	True	False	asc	1	0.15873015873015872	0.2698412698412698	0.09523809523809523	0.2698412698412698
act/31_normed	last	proj	9	10	True	True	asc	1	0.1746031746031746	0.3492063492063492	0.09523809523809523	0.3333333333333333
act/31_normed	last	proj	9	10	True	False	asc	1	0.1746031746031746	0.3492063492063492	0.09523809523809523	0.3333333333333333
act/31_normed	last	proj	8	18	True	False	asc	1	0.031746031746031744	0.2698412698412698	0.09523809523809523	0.2698412698412698
act/7	last	proj	18	19	True	False	asc	1	0.07936507936507936	0.20634920634920634	0.09523809523809523	0.25396825396825395
act/31_normed	last	proj	7	15	True	False	asc	1	0.06349206349206349	0.3968253968253968	0.09523809523809523	0.3968253968253968
act/31_normed	last	proj	7	9	True	True	asc	1	0.14285714285714285	0.2698412698412698	0.09523809523809523	0.25396825396825395
act/7	last	proj	14	15	True	True	asc	1	0.14285714285714285	0.3492063492063492	0.09523809523809523	0.30158730158730157
act/7	last	proj	14	15	True	False	asc	1	0.14285714285714285	0.3492063492063492	0.09523809523809523	0.30158730158730157
act/7	last	proj	14	16	True	True	asc	1	0.1111111111111111	0.25396825396825395	0.09523809523809523	0.2222222222222222
act/7	last	proj	14	16	True	False	asc	1	0.1111111111111111	0.25396825396825395	0.09523809523809523	0.2222222222222222
act/31_normed	last	proj	10	16	True	True	asc	1	0.047619047619047616	0.3333333333333333	0.09523809523809523	0.38095238095238093
act/7	last	proj	16	18	True	False	asc	1	0.09523809523809523	0.36507936507936506	0.09523809523809523	0.4444444444444444
act/7	last	proj	16	19	True	True	asc	1	0.09523809523809523	0.31746031746031744	0.09523809523809523	0.3333333333333333
act/7	last	proj	16	19	True	False	asc	1	0.09523809523809523	0.31746031746031744	0.09523809523809523	0.3333333333333333
act/7	last	proj	15	18	True	True	asc	1	0.09523809523809523	0.36507936507936506	0.09523809523809523	0.3968253968253968
act/7	last	proj	15	18	True	False	asc	1	0.09523809523809523	0.36507936507936506	0.09523809523809523	0.38095238095238093
act/7	last	proj	15	19	True	True	asc	1	0.07936507936507936	0.3492063492063492	0.09523809523809523	0.3492063492063492
act/15	last	proj	3	6	False	True	asc	1	0.14285714285714285	0.47619047619047616	0.09523809523809523	0.42857142857142855
act/15	last	proj	3	6	False	False	asc	1	0.14285714285714285	0.47619047619047616	0.09523809523809523	0.42857142857142855
act/15	last	proj	4	11	False	False	asc	1	0.12698412698412698	0.3968253968253968	0.09523809523809523	0.3492063492063492
act/15	last	proj	4	13	False	False	asc	1	0.1111111111111111	0.38095238095238093	0.09523809523809523	0.3333333333333333
act/15	last	proj	4	14	False	False	asc	1	0.1111111111111111	0.4126984126984127	0.09523809523809523	0.36507936507936506
act/15	last	proj	4	8	False	True	asc	1	0.15873015873015872	0.4444444444444444	0.09523809523809523	0.38095238095238093
act/15	last	proj	4	9	False	False	asc	1	0.15873015873015872	0.3968253968253968	0.09523809523809523	0.3333333333333333
act/15	last	proj	4	10	False	True	asc	1	0.15873015873015872	0.4444444444444444	0.09523809523809523	0.38095238095238093
act/27	last	proj	1	14	True	False	asc	1	0.14285714285714285	0.3333333333333333	0.09523809523809523	0.30158730158730157
act/27	last	proj	1	15	True	False	asc	1	0.1746031746031746	0.31746031746031744	0.09523809523809523	0.30158730158730157
act/3	last	proj	6	9	False	False	asc	1	0.047619047619047616	0.20634920634920634	0.09523809523809523	0.30158730158730157
act/7	last	proj	16	18	True	True	asc	1	0.09523809523809523	0.36507936507936506	0.09523809523809523	0.4444444444444444
act/11	last	proj	1	11	True	False	asc	1	0.1111111111111111	0.4603174603174603	0.09523809523809523	0.3492063492063492
act/11	last	proj	1	12	True	False	asc	1	0.09523809523809523	0.3968253968253968	0.09523809523809523	0.3492063492063492
act/11	last	proj	2	20	True	True	asc	1	0.09523809523809523	0.38095238095238093	0.09523809523809523	0.3333333333333333
act/11	last	proj	3	5	True	True	asc	1	0.09523809523809523	0.38095238095238093	0.09523809523809523	0.38095238095238093
act/11	last	proj	3	5	True	False	asc	1	0.07936507936507936	0.36507936507936506	0.09523809523809523	0.38095238095238093
act/3	last	proj	2	5	True	False	asc	1	0.1746031746031746	0.4444444444444444	0.09523809523809523	0.3492063492063492
act/7	last	proj	5	11	True	False	asc	1	0.12698412698412698	0.38095238095238093	0.09523809523809523	0.3492063492063492
act/7	last	proj	6	14	True	True	asc	1	0.1746031746031746	0.4126984126984127	0.09523809523809523	0.25396825396825395
act/7	last	proj	6	14	True	False	asc	1	0.15873015873015872	0.3968253968253968	0.09523809523809523	0.3333333333333333
act/7	last	proj	6	15	True	True	asc	1	0.1746031746031746	0.42857142857142855	0.09523809523809523	0.25396825396825395
act/11	last	proj	1	17	True	False	asc	1	0.12698412698412698	0.3968253968253968	0.09523809523809523	0.36507936507936506
act/3	last	proj	6	10	True	False	asc	1	0.1746031746031746	0.3968253968253968	0.09523809523809523	0.36507936507936506
act/27	last	proj	14	17	False	True	asc	1	0.047619047619047616	0.20634920634920634	0.09523809523809523	0.2698412698412698
act/27	last	proj	14	17	False	False	asc	1	0.047619047619047616	0.20634920634920634	0.09523809523809523	0.2698412698412698
act/7	last	proj	5	8	True	True	asc	1	0.15873015873015872	0.38095238095238093	0.09523809523809523	0.3492063492063492
act/7	last	proj	5	9	True	True	asc	1	0.14285714285714285	0.3968253968253968	0.09523809523809523	0.3492063492063492
act/7	last	proj	5	9	True	False	asc	1	0.14285714285714285	0.4126984126984127	0.09523809523809523	0.3492063492063492
act/3	last	proj	4	10	True	True	asc	1	0.07936507936507936	0.3333333333333333	0.09523809523809523	0.31746031746031744
act/3	last	proj	4	11	True	True	asc	1	0.07936507936507936	0.3333333333333333	0.09523809523809523	0.30158730158730157
act/3	last	proj	4	12	True	True	asc	1	0.09523809523809523	0.3492063492063492	0.09523809523809523	0.2857142857142857
act/3	last	proj	4	12	True	False	asc	1	0.09523809523809523	0.3492063492063492	0.09523809523809523	0.2698412698412698
act/3	last	proj	6	8	True	True	asc	1	0.14285714285714285	0.3492063492063492	0.09523809523809523	0.36507936507936506
act/3	last	proj	6	8	True	False	asc	1	0.12698412698412698	0.31746031746031744	0.09523809523809523	0.36507936507936506
act/31	last	proj	8	11	True	False	asc	1	0.12698412698412698	0.4126984126984127	0.09523809523809523	0.3333333333333333
act/19	last	proj	13	14	False	True	asc	1	0.15873015873015872	0.3492063492063492	0.09523809523809523	0.4126984126984127
act/19	last	proj	13	14	False	False	asc	1	0.15873015873015872	0.3492063492063492	0.09523809523809523	0.4126984126984127
act/31	last	proj	6	11	True	True	asc	1	0.12698412698412698	0.3968253968253968	0.09523809523809523	0.3492063492063492
act/31	last	proj	6	11	True	False	asc	1	0.1111111111111111	0.3968253968253968	0.09523809523809523	0.38095238095238093
act/11	last	proj	1	15	True	False	asc	1	0.1111111111111111	0.38095238095238093	0.09523809523809523	0.36507936507936506
act/11	last	proj	1	16	True	False	asc	1	0.12698412698412698	0.38095238095238093	0.09523809523809523	0.36507936507936506
act/7	last	proj	6	12	True	True	asc	1	0.15873015873015872	0.3492063492063492	0.09523809523809523	0.25396825396825395
act/7	last	proj	6	13	True	True	asc	1	0.19047619047619047	0.3968253968253968	0.09523809523809523	0.2857142857142857
act/31	last	proj	6	18	True	False	asc	1	0.031746031746031744	0.2857142857142857	0.09523809523809523	0.31746031746031744
act/7	last	proj	7	20	False	True	asc	1	0.1111111111111111	0.36507936507936506	0.09523809523809523	0.3333333333333333
act/11	last	proj	2	13	True	True	asc	1	0.12698412698412698	0.4444444444444444	0.09523809523809523	0.3333333333333333
act/11	last	proj	2	14	True	True	asc	1	0.15873015873015872	0.4603174603174603	0.09523809523809523	0.3333333333333333
act/11	last	proj	2	6	True	False	asc	1	0.12698412698412698	0.42857142857142855	0.09523809523809523	0.30158730158730157
act/11	last	proj	1	19	True	False	asc	1	0.14285714285714285	0.42857142857142855	0.09523809523809523	0.36507936507936506
embed	last	proj	14	15	False	True	asc	1	0.06349206349206349	0.30158730158730157	0.07936507936507936	0.30158730158730157
act/7	last	proj	8	11	False	False	asc	1	0.047619047619047616	0.38095238095238093	0.07936507936507936	0.31746031746031744
act/11	last	proj	2	10	True	False	asc	1	0.09523809523809523	0.3968253968253968	0.07936507936507936	0.31746031746031744
act/11	last	proj	2	6	True	True	asc	1	0.12698412698412698	0.42857142857142855	0.07936507936507936	0.3333333333333333
act/7	last	proj	6	12	True	False	asc	1	0.1746031746031746	0.36507936507936506	0.07936507936507936	0.20634920634920634
act/31	last	proj	6	18	True	True	asc	1	0.031746031746031744	0.30158730158730157	0.07936507936507936	0.30158730158730157
act/31	last	proj	7	8	True	True	asc	1	0.1746031746031746	0.3968253968253968	0.07936507936507936	0.31746031746031744
act/31	last	proj	7	8	True	False	asc	1	0.1746031746031746	0.3968253968253968	0.07936507936507936	0.31746031746031744
act/19	last	proj	8	10	False	True	asc	1	0.09523809523809523	0.30158730158730157	0.07936507936507936	0.31746031746031744
act/19	last	proj	8	10	False	False	asc	1	0.09523809523809523	0.30158730158730157	0.07936507936507936	0.31746031746031744
act/19	last	proj	9	16	False	False	asc	1	0.1111111111111111	0.2222222222222222	0.07936507936507936	0.31746031746031744
act/19	last	proj	9	19	False	True	asc	1	0.14285714285714285	0.2698412698412698	0.07936507936507936	0.3492063492063492
act/23	last	proj	6	15	True	False	asc	1	0.047619047619047616	0.31746031746031744	0.07936507936507936	0.30158730158730157
act/23	last	proj	4	17	True	False	asc	1	0.047619047619047616	0.2857142857142857	0.07936507936507936	0.2698412698412698
act/7	last	proj	4	12	False	False	asc	1	0.09523809523809523	0.38095238095238093	0.07936507936507936	0.3492063492063492
act/19	last	proj	11	16	False	True	asc	1	0.031746031746031744	0.12698412698412698	0.07936507936507936	0.2857142857142857
act/31	last	proj	10	20	True	False	asc	1	0.047619047619047616	0.25396825396825395	0.07936507936507936	0.2857142857142857
act/31	last	proj	10	16	True	True	asc	1	0.06349206349206349	0.36507936507936506	0.07936507936507936	0.3492063492063492
act/31	last	proj	10	16	True	False	asc	1	0.06349206349206349	0.3492063492063492	0.07936507936507936	0.3333333333333333
act/31	last	proj	10	19	True	True	asc	1	0.06349206349206349	0.2698412698412698	0.07936507936507936	0.2857142857142857
act/31	last	proj	10	19	True	False	asc	1	0.06349206349206349	0.2698412698412698	0.07936507936507936	0.2857142857142857
act/31	last	proj	10	15	True	True	asc	1	0.06349206349206349	0.36507936507936506	0.07936507936507936	0.3333333333333333
act/19	last	proj	8	9	False	True	asc	1	0.07936507936507936	0.31746031746031744	0.07936507936507936	0.38095238095238093
act/19	last	proj	8	9	False	False	asc	1	0.07936507936507936	0.31746031746031744	0.07936507936507936	0.38095238095238093
act/27	last	proj	13	20	False	False	asc	1	0.031746031746031744	0.19047619047619047	0.07936507936507936	0.25396825396825395
act/27	last	proj	12	17	False	True	asc	1	0.047619047619047616	0.19047619047619047	0.07936507936507936	0.2698412698412698
act/27	last	proj	12	17	False	False	asc	1	0.047619047619047616	0.20634920634920634	0.07936507936507936	0.2698412698412698
act/27	last	proj	12	19	False	True	asc	1	0.031746031746031744	0.14285714285714285	0.07936507936507936	0.20634920634920634
act/27	last	proj	12	20	False	True	asc	1	0.031746031746031744	0.12698412698412698	0.07936507936507936	0.20634920634920634
act/27	last	proj	10	18	False	False	asc	1	0.047619047619047616	0.14285714285714285	0.07936507936507936	0.30158730158730157
act/27	last	proj	10	19	False	True	asc	1	0.031746031746031744	0.14285714285714285	0.07936507936507936	0.2857142857142857
act/19	last	proj	10	16	False	False	asc	1	0.047619047619047616	0.19047619047619047	0.07936507936507936	0.31746031746031744
act/11	last	proj	5	11	True	True	asc	1	0.1111111111111111	0.42857142857142855	0.07936507936507936	0.3968253968253968
act/11	last	proj	6	18	True	False	asc	1	0.1111111111111111	0.42857142857142855	0.07936507936507936	0.38095238095238093
act/11	last	proj	6	19	True	False	asc	1	0.1111111111111111	0.3968253968253968	0.07936507936507936	0.36507936507936506
act/11	last	proj	6	14	True	False	asc	1	0.09523809523809523	0.38095238095238093	0.07936507936507936	0.2857142857142857
act/11	last	proj	6	17	True	False	asc	1	0.1111111111111111	0.38095238095238093	0.07936507936507936	0.36507936507936506
act/11	last	proj	6	12	True	False	asc	1	0.09523809523809523	0.3968253968253968	0.07936507936507936	0.3333333333333333
act/11	last	proj	6	13	True	False	asc	1	0.09523809523809523	0.38095238095238093	0.07936507936507936	0.30158730158730157
act/27	last	proj	13	20	False	True	asc	1	0.031746031746031744	0.1746031746031746	0.07936507936507936	0.23809523809523808
act/27	last	proj	4	20	True	True	asc	1	0.2222222222222222	0.3968253968253968	0.07936507936507936	0.23809523809523808
act/27	last	proj	4	16	True	True	asc	1	0.1746031746031746	0.3333333333333333	0.07936507936507936	0.25396825396825395
act/27	last	proj	4	17	True	True	asc	1	0.1746031746031746	0.3492063492063492	0.07936507936507936	0.23809523809523808
embed	last	proj	2	16	False	True	asc	1	0.06349206349206349	0.2857142857142857	0.07936507936507936	0.38095238095238093
embed	last	proj	2	17	False	True	asc	1	0.06349206349206349	0.2857142857142857	0.07936507936507936	0.38095238095238093
embed	last	proj	2	18	False	True	asc	1	0.06349206349206349	0.31746031746031744	0.07936507936507936	0.38095238095238093
embed	last	proj	2	19	False	True	asc	1	0.06349206349206349	0.31746031746031744	0.07936507936507936	0.38095238095238093
act/31_normed	last	proj	11	19	True	True	asc	1	0.06349206349206349	0.23809523809523808	0.07936507936507936	0.2857142857142857
embed	last	proj	0	19	True	True	asc	1	0.047619047619047616	0.25396825396825395	0.07936507936507936	0.3333333333333333
embed	last	proj	0	20	True	True	asc	1	0.047619047619047616	0.25396825396825395	0.07936507936507936	0.3333333333333333
embed	last	proj	0	15	True	True	asc	1	0.047619047619047616	0.25396825396825395	0.07936507936507936	0.3333333333333333
embed	last	proj	0	16	True	True	asc	1	0.047619047619047616	0.25396825396825395	0.07936507936507936	0.3333333333333333
embed	last	proj	0	17	True	True	asc	1	0.047619047619047616	0.25396825396825395	0.07936507936507936	0.3333333333333333
embed	last	proj	0	18	True	True	asc	1	0.047619047619047616	0.25396825396825395	0.07936507936507936	0.3333333333333333
embed	last	proj	0	11	True	True	asc	1	0.047619047619047616	0.25396825396825395	0.07936507936507936	0.3333333333333333
act/27	last	proj	4	19	True	True	asc	1	0.20634920634920634	0.38095238095238093	0.07936507936507936	0.25396825396825395
act/27	last	proj	0	15	True	False	asc	1	0.15873015873015872	0.3333333333333333	0.07936507936507936	0.25396825396825395
act/15	last	proj	2	3	False	False	asc	1	0.047619047619047616	0.2698412698412698	0.07936507936507936	0.3333333333333333
act/15	last	proj	3	11	False	False	asc	1	0.12698412698412698	0.38095238095238093	0.07936507936507936	0.3333333333333333
act/15	last	proj	3	9	False	False	asc	1	0.20634920634920634	0.4444444444444444	0.07936507936507936	0.3333333333333333
act/31_normed	last	proj	10	17	True	False	asc	1	0.031746031746031744	0.25396825396825395	0.07936507936507936	0.31746031746031744
act/31_normed	last	proj	9	19	True	False	asc	1	0.031746031746031744	0.20634920634920634	0.07936507936507936	0.25396825396825395
act/31_normed	last	proj	12	16	True	True	asc	1	0.06349206349206349	0.2857142857142857	0.07936507936507936	0.3968253968253968
act/31_normed	last	proj	12	16	True	False	asc	1	0.07936507936507936	0.2857142857142857	0.07936507936507936	0.38095238095238093
act/31_normed	last	proj	8	15	True	True	asc	1	0.15873015873015872	0.42857142857142855	0.07936507936507936	0.36507936507936506
act/31_normed	last	proj	8	12	True	True	asc	1	0.06349206349206349	0.31746031746031744	0.07936507936507936	0.30158730158730157
act/31_normed	last	proj	8	12	True	False	asc	1	0.07936507936507936	0.3492063492063492	0.07936507936507936	0.3333333333333333
act/31_normed	last	proj	8	10	True	True	asc	1	0.14285714285714285	0.2698412698412698	0.07936507936507936	0.30158730158730157
act/31_normed	last	proj	8	10	True	False	asc	1	0.14285714285714285	0.2698412698412698	0.07936507936507936	0.30158730158730157
act/27	last	proj	1	18	True	False	asc	1	0.20634920634920634	0.36507936507936506	0.07936507936507936	0.30158730158730157
act/27	last	proj	2	3	True	True	asc	1	0.14285714285714285	0.4603174603174603	0.07936507936507936	0.3492063492063492
act/27	last	proj	2	3	True	False	asc	1	0.14285714285714285	0.4603174603174603	0.07936507936507936	0.3492063492063492
act/31_normed	last	proj	5	16	True	True	asc	1	0.12698412698412698	0.4444444444444444	0.07936507936507936	0.3968253968253968
act/15	last	proj	3	15	False	True	asc	1	0.15873015873015872	0.4603174603174603	0.07936507936507936	0.3968253968253968
act/15	last	proj	3	15	False	False	asc	1	0.1111111111111111	0.3333333333333333	0.07936507936507936	0.36507936507936506
act/27	last	proj	7	19	True	True	asc	1	0.07936507936507936	0.2857142857142857	0.07936507936507936	0.2857142857142857
act/27	last	proj	7	16	True	True	asc	1	0.07936507936507936	0.2857142857142857	0.07936507936507936	0.2857142857142857
act/27	last	proj	5	16	True	True	asc	1	0.1746031746031746	0.3492063492063492	0.07936507936507936	0.2857142857142857
act/31_normed	last	proj	12	19	True	True	asc	1	0.031746031746031744	0.2222222222222222	0.07936507936507936	0.31746031746031744
act/15	last	proj	0	10	False	False	asc	1	0.031746031746031744	0.12698412698412698	0.07936507936507936	0.1746031746031746
act/15	last	proj	7	20	False	False	asc	1	0.1111111111111111	0.31746031746031744	0.07936507936507936	0.36507936507936506
act/15	last	proj	7	14	False	True	asc	1	0.1111111111111111	0.38095238095238093	0.07936507936507936	0.3333333333333333
embed	last	proj	2	12	False	True	asc	1	0.06349206349206349	0.25396825396825395	0.07936507936507936	0.31746031746031744
act/31_normed	last	proj	6	11	True	True	asc	1	0.12698412698412698	0.47619047619047616	0.07936507936507936	0.36507936507936506
act/31_normed	last	proj	5	14	True	True	asc	1	0.15873015873015872	0.47619047619047616	0.07936507936507936	0.38095238095238093
act/31_normed	last	proj	5	14	True	False	asc	1	0.15873015873015872	0.4444444444444444	0.07936507936507936	0.4126984126984127
act/31_normed	last	proj	5	15	True	True	asc	1	0.1746031746031746	0.47619047619047616	0.07936507936507936	0.3968253968253968
act/31_normed	last	proj	5	15	True	False	asc	1	0.1746031746031746	0.4603174603174603	0.07936507936507936	0.4126984126984127
embed	last	proj	0	9	True	True	asc	1	0.047619047619047616	0.25396825396825395	0.07936507936507936	0.3492063492063492
embed	last	proj	0	10	True	True	asc	1	0.047619047619047616	0.25396825396825395	0.07936507936507936	0.3333333333333333
act/27	last	proj	7	17	True	True	asc	1	0.07936507936507936	0.2698412698412698	0.07936507936507936	0.2698412698412698
act/27	last	proj	7	18	True	True	asc	1	0.07936507936507936	0.30158730158730157	0.07936507936507936	0.30158730158730157
act/15	last	proj	5	17	False	False	asc	1	0.1746031746031746	0.3968253968253968	0.07936507936507936	0.3333333333333333
act/15	last	proj	5	19	False	True	asc	1	0.19047619047619047	0.3968253968253968	0.07936507936507936	0.3333333333333333
act/15	last	proj	7	17	False	False	asc	1	0.1111111111111111	0.3492063492063492	0.07936507936507936	0.3492063492063492
act/15	last	proj	7	19	False	False	asc	1	0.1111111111111111	0.31746031746031744	0.07936507936507936	0.36507936507936506
act/31_normed	last	proj	11	19	True	False	asc	1	0.047619047619047616	0.20634920634920634	0.07936507936507936	0.23809523809523808
act/31_normed	last	proj	10	18	True	False	asc	1	0.031746031746031744	0.2222222222222222	0.07936507936507936	0.30158730158730157
act/3	last	proj	3	5	False	True	asc	1	0.19047619047619047	0.36507936507936506	0.07936507936507936	0.36507936507936506
embed	last	proj	0	12	True	True	asc	1	0.047619047619047616	0.25396825396825395	0.07936507936507936	0.3333333333333333
embed	last	proj	0	13	True	True	asc	1	0.047619047619047616	0.25396825396825395	0.07936507936507936	0.3333333333333333
embed	last	proj	0	14	True	True	asc	1	0.047619047619047616	0.25396825396825395	0.07936507936507936	0.3333333333333333
embed	last	proj	0	7	True	True	asc	1	0.047619047619047616	0.2698412698412698	0.07936507936507936	0.3492063492063492
embed	last	proj	0	8	True	True	asc	1	0.047619047619047616	0.25396825396825395	0.07936507936507936	0.3492063492063492
act/3	last	proj	6	15	False	True	asc	1	0.06349206349206349	0.2222222222222222	0.07936507936507936	0.2698412698412698
act/3	last	proj	6	15	False	False	asc	1	0.07936507936507936	0.23809523809523808	0.07936507936507936	0.2857142857142857
act/3	last	proj	6	16	False	True	asc	1	0.06349206349206349	0.23809523809523808	0.07936507936507936	0.2698412698412698
act/3	last	proj	6	17	False	True	asc	1	0.06349206349206349	0.23809523809523808	0.07936507936507936	0.2857142857142857
act/3	last	proj	6	12	False	False	asc	1	0.07936507936507936	0.2698412698412698	0.07936507936507936	0.23809523809523808
act/3	last	proj	6	13	False	True	asc	1	0.06349206349206349	0.23809523809523808	0.07936507936507936	0.2698412698412698
act/3	last	proj	6	13	False	False	asc	1	0.07936507936507936	0.2698412698412698	0.07936507936507936	0.2698412698412698
act/27	last	proj	8	12	True	True	asc	1	0.07936507936507936	0.1746031746031746	0.07936507936507936	0.19047619047619047
act/31_normed	last	proj	6	13	True	False	asc	1	0.1111111111111111	0.42857142857142855	0.07936507936507936	0.3333333333333333
act/15	last	proj	4	16	False	False	asc	1	0.15873015873015872	0.38095238095238093	0.07936507936507936	0.36507936507936506
act/15	last	proj	4	17	False	True	asc	1	0.07936507936507936	0.38095238095238093	0.07936507936507936	0.36507936507936506
act/3	last	proj	7	10	False	True	asc	1	0.20634920634920634	0.3968253968253968	0.07936507936507936	0.30158730158730157
act/3	last	proj	7	10	False	False	asc	1	0.20634920634920634	0.3968253968253968	0.07936507936507936	0.31746031746031744
act/3	last	proj	6	18	False	True	asc	1	0.06349206349206349	0.23809523809523808	0.07936507936507936	0.2857142857142857
act/3	last	proj	6	14	False	True	asc	1	0.06349206349206349	0.23809523809523808	0.07936507936507936	0.2698412698412698
act/3	last	proj	6	14	False	False	asc	1	0.07936507936507936	0.25396825396825395	0.07936507936507936	0.25396825396825395
act/27	last	proj	8	17	True	True	asc	1	0.047619047619047616	0.12698412698412698	0.07936507936507936	0.23809523809523808
act/27	last	proj	8	17	True	False	asc	1	0.047619047619047616	0.12698412698412698	0.07936507936507936	0.25396825396825395
act/27	last	proj	8	18	True	True	asc	1	0.047619047619047616	0.14285714285714285	0.07936507936507936	0.30158730158730157
act/27	last	proj	8	18	True	False	asc	1	0.047619047619047616	0.14285714285714285	0.07936507936507936	0.30158730158730157
act/27	last	proj	8	19	True	True	asc	1	0.047619047619047616	0.14285714285714285	0.07936507936507936	0.25396825396825395
act/27	last	proj	8	13	True	True	asc	1	0.047619047619047616	0.1111111111111111	0.07936507936507936	0.14285714285714285
act/27	last	proj	8	13	True	False	asc	1	0.047619047619047616	0.1111111111111111	0.07936507936507936	0.14285714285714285
act/31_normed	last	proj	4	16	True	False	asc	1	0.09523809523809523	0.38095238095238093	0.07936507936507936	0.36507936507936506
act/15	last	proj	0	11	False	False	asc	1	0.031746031746031744	0.12698412698412698	0.07936507936507936	0.1746031746031746
act/15	last	proj	0	7	False	False	asc	1	0.031746031746031744	0.12698412698412698	0.07936507936507936	0.1746031746031746
embed	last	proj	2	20	False	True	asc	1	0.06349206349206349	0.31746031746031744	0.07936507936507936	0.38095238095238093
embed	last	proj	0	2	True	True	asc	1	0.06349206349206349	0.2857142857142857	0.07936507936507936	0.3492063492063492
embed	last	proj	0	2	True	False	asc	1	0.047619047619047616	0.2698412698412698	0.07936507936507936	0.3492063492063492
act/7	last	proj	16	19	False	True	asc	1	0.12698412698412698	0.3968253968253968	0.07936507936507936	0.3968253968253968
act/27	last	proj	6	20	True	True	asc	1	0.1111111111111111	0.3492063492063492	0.07936507936507936	0.2857142857142857
act/27	last	proj	9	13	True	True	asc	1	0.031746031746031744	0.07936507936507936	0.07936507936507936	0.15873015873015872
embed	last	proj	2	9	False	False	asc	1	0.07936507936507936	0.36507936507936506	0.07936507936507936	0.3968253968253968
embed	last	proj	2	10	False	True	asc	1	0.06349206349206349	0.2698412698412698	0.07936507936507936	0.31746031746031744
embed	last	proj	2	10	False	False	asc	1	0.06349206349206349	0.3968253968253968	0.07936507936507936	0.3968253968253968
embed	last	proj	2	11	False	True	asc	1	0.06349206349206349	0.2698412698412698	0.07936507936507936	0.31746031746031744
embed	last	proj	2	11	False	False	asc	1	0.06349206349206349	0.3968253968253968	0.07936507936507936	0.3968253968253968
embed	last	proj	2	4	False	True	asc	1	0.047619047619047616	0.2698412698412698	0.07936507936507936	0.3333333333333333
embed	last	proj	2	4	False	False	asc	1	0.047619047619047616	0.2698412698412698	0.07936507936507936	0.3333333333333333
embed	last	proj	2	5	False	True	asc	1	0.047619047619047616	0.2857142857142857	0.07936507936507936	0.31746031746031744
act/15	last	proj	10	17	True	False	asc	1	0.12698412698412698	0.3333333333333333	0.07936507936507936	0.3492063492063492
act/15	last	proj	9	20	True	True	asc	1	0.15873015873015872	0.38095238095238093	0.07936507936507936	0.4126984126984127
act/15	last	proj	9	17	True	False	asc	1	0.12698412698412698	0.30158730158730157	0.07936507936507936	0.3492063492063492
embed	last	proj	2	14	False	True	asc	1	0.06349206349206349	0.2698412698412698	0.07936507936507936	0.3333333333333333
embed	last	proj	2	15	False	True	asc	1	0.06349206349206349	0.25396825396825395	0.07936507936507936	0.3333333333333333
embed	last	proj	2	8	False	True	asc	1	0.06349206349206349	0.2857142857142857	0.07936507936507936	0.31746031746031744
embed	last	proj	2	8	False	False	asc	1	0.07936507936507936	0.36507936507936506	0.07936507936507936	0.3968253968253968
embed	last	proj	2	9	False	True	asc	1	0.06349206349206349	0.2857142857142857	0.07936507936507936	0.31746031746031744
act/15	last	proj	19	20	True	False	asc	1	0.15873015873015872	0.4603174603174603	0.07936507936507936	0.3492063492063492
act/15	last	proj	12	18	True	True	asc	1	0.1111111111111111	0.36507936507936506	0.07936507936507936	0.30158730158730157
act/15	last	proj	12	18	True	False	asc	1	0.1111111111111111	0.36507936507936506	0.07936507936507936	0.30158730158730157
act/15	last	proj	12	19	True	False	asc	1	0.15873015873015872	0.38095238095238093	0.07936507936507936	0.3968253968253968
act/15	last	proj	12	20	True	True	asc	1	0.1746031746031746	0.3968253968253968	0.07936507936507936	0.3968253968253968
act/31_normed	last	proj	19	20	True	False	asc	1	0.07936507936507936	0.15873015873015872	0.07936507936507936	0.20634920634920634
act/7	last	proj	11	13	True	True	asc	1	0.1746031746031746	0.3333333333333333	0.07936507936507936	0.3333333333333333
act/7	last	proj	11	13	True	False	asc	1	0.1746031746031746	0.3333333333333333	0.07936507936507936	0.3333333333333333
act/27	last	proj	8	12	True	False	asc	1	0.07936507936507936	0.15873015873015872	0.07936507936507936	0.1746031746031746
act/31_normed	last	proj	19	20	True	True	asc	1	0.07936507936507936	0.15873015873015872	0.07936507936507936	0.20634920634920634
act/15	last	proj	14	16	True	True	asc	1	0.07936507936507936	0.15873015873015872	0.07936507936507936	0.20634920634920634
act/15	last	proj	14	16	True	False	asc	1	0.07936507936507936	0.15873015873015872	0.07936507936507936	0.20634920634920634
act/15	last	proj	13	18	True	True	asc	1	0.07936507936507936	0.3333333333333333	0.07936507936507936	0.30158730158730157
act/15	last	proj	13	19	True	True	asc	1	0.09523809523809523	0.30158730158730157	0.07936507936507936	0.3333333333333333
act/15	last	proj	13	20	True	True	asc	1	0.1111111111111111	0.3492063492063492	0.07936507936507936	0.38095238095238093
act/15	last	proj	19	20	True	True	asc	1	0.15873015873015872	0.4603174603174603	0.07936507936507936	0.3492063492063492
act/15	last	proj	10	15	False	True	asc	1	0.07936507936507936	0.23809523809523808	0.07936507936507936	0.3492063492063492
act/15	last	proj	9	18	False	True	asc	1	0.1111111111111111	0.2857142857142857	0.07936507936507936	0.3333333333333333
act/15	last	proj	9	19	False	False	asc	1	0.07936507936507936	0.25396825396825395	0.07936507936507936	0.3492063492063492
act/15	last	proj	9	20	False	False	asc	1	0.12698412698412698	0.2857142857142857	0.07936507936507936	0.3333333333333333
act/31_normed	last	proj	2	17	True	False	asc	1	0.1111111111111111	0.38095238095238093	0.07936507936507936	0.3492063492063492
embed	last	proj	2	12	False	False	asc	1	0.06349206349206349	0.42857142857142855	0.07936507936507936	0.3968253968253968
embed	last	proj	2	13	False	True	asc	1	0.06349206349206349	0.23809523809523808	0.07936507936507936	0.3333333333333333
act/15	last	proj	8	17	True	False	asc	1	0.12698412698412698	0.31746031746031744	0.07936507936507936	0.36507936507936506
act/31_normed	last	proj	0	5	False	False	asc	1	0.06349206349206349	0.2222222222222222	0.07936507936507936	0.25396825396825395
act/31_normed	last	proj	0	2	False	False	asc	1	0.031746031746031744	0.20634920634920634	0.07936507936507936	0.23809523809523808
act/31_normed	last	proj	0	4	False	False	asc	1	0.047619047619047616	0.2222222222222222	0.07936507936507936	0.25396825396825395
act/31_normed	last	proj	0	17	False	False	asc	1	0.047619047619047616	0.2222222222222222	0.07936507936507936	0.30158730158730157
act/3	last	proj	7	15	False	True	asc	1	0.1746031746031746	0.3333333333333333	0.07936507936507936	0.3333333333333333
act/3	last	proj	7	16	False	True	asc	1	0.19047619047619047	0.36507936507936506	0.07936507936507936	0.38095238095238093
act/31_normed	last	proj	1	17	True	False	asc	1	0.07936507936507936	0.30158730158730157	0.07936507936507936	0.3333333333333333
act/15	last	proj	8	20	False	False	asc	1	0.09523809523809523	0.3333333333333333	0.07936507936507936	0.3492063492063492
embed	last	proj	1	19	False	False	asc	1	0.047619047619047616	0.2698412698412698	0.07936507936507936	0.3492063492063492
embed	last	proj	1	20	False	True	asc	1	0.047619047619047616	0.25396825396825395	0.07936507936507936	0.30158730158730157
embed	last	proj	1	20	False	False	asc	1	0.047619047619047616	0.25396825396825395	0.07936507936507936	0.3492063492063492
embed	last	proj	2	3	False	True	asc	1	0.047619047619047616	0.2698412698412698	0.07936507936507936	0.31746031746031744
embed	last	proj	2	3	False	False	asc	1	0.047619047619047616	0.2698412698412698	0.07936507936507936	0.31746031746031744
act/31_normed	last	proj	5	12	True	False	asc	1	0.12698412698412698	0.4444444444444444	0.07936507936507936	0.3968253968253968
act/31_normed	last	proj	5	9	True	True	asc	1	0.19047619047619047	0.5079365079365079	0.07936507936507936	0.3968253968253968
act/31_normed	last	proj	5	9	True	False	asc	1	0.2222222222222222	0.5238095238095238	0.07936507936507936	0.3968253968253968
embed	last	proj	2	5	False	False	asc	1	0.047619047619047616	0.2698412698412698	0.07936507936507936	0.31746031746031744
embed	last	proj	2	6	False	True	asc	1	0.047619047619047616	0.2698412698412698	0.07936507936507936	0.31746031746031744
embed	last	proj	2	6	False	False	asc	1	0.06349206349206349	0.30158730158730157	0.07936507936507936	0.38095238095238093
embed	last	proj	2	7	False	True	asc	1	0.06349206349206349	0.2857142857142857	0.07936507936507936	0.31746031746031744
embed	last	proj	2	7	False	False	asc	1	0.07936507936507936	0.3492063492063492	0.07936507936507936	0.38095238095238093
embed	last	proj	1	18	False	True	asc	1	0.047619047619047616	0.25396825396825395	0.07936507936507936	0.30158730158730157
embed	last	proj	1	18	False	False	asc	1	0.047619047619047616	0.25396825396825395	0.07936507936507936	0.3492063492063492
embed	last	proj	1	19	False	True	asc	1	0.047619047619047616	0.25396825396825395	0.07936507936507936	0.30158730158730157
embed	last	proj	1	8	False	False	asc	1	0.047619047619047616	0.25396825396825395	0.07936507936507936	0.31746031746031744
embed	last	proj	1	9	False	True	asc	1	0.047619047619047616	0.2698412698412698	0.07936507936507936	0.30158730158730157
embed	last	proj	1	9	False	False	asc	1	0.047619047619047616	0.23809523809523808	0.07936507936507936	0.31746031746031744
embed	last	proj	1	3	False	True	asc	1	0.06349206349206349	0.2698412698412698	0.07936507936507936	0.31746031746031744
act/23	last	proj	16	19	False	True	asc	1	0.07936507936507936	0.23809523809523808	0.07936507936507936	0.25396825396825395
act/23	last	proj	16	20	False	True	asc	1	0.06349206349206349	0.2222222222222222	0.07936507936507936	0.2698412698412698
act/15	last	proj	7	18	True	True	asc	1	0.1111111111111111	0.3968253968253968	0.07936507936507936	0.36507936507936506
act/15	last	proj	7	18	True	False	asc	1	0.12698412698412698	0.4126984126984127	0.07936507936507936	0.3492063492063492
embed	last	proj	1	12	False	False	asc	1	0.047619047619047616	0.20634920634920634	0.07936507936507936	0.31746031746031744
embed	last	proj	1	13	False	True	asc	1	0.047619047619047616	0.23809523809523808	0.07936507936507936	0.30158730158730157
embed	last	proj	1	13	False	False	asc	1	0.031746031746031744	0.20634920634920634	0.07936507936507936	0.30158730158730157
embed	last	proj	1	6	False	True	asc	1	0.06349206349206349	0.2857142857142857	0.07936507936507936	0.30158730158730157
embed	last	proj	1	6	False	False	asc	1	0.047619047619047616	0.25396825396825395	0.07936507936507936	0.31746031746031744
embed	last	proj	1	7	False	True	asc	1	0.047619047619047616	0.2698412698412698	0.07936507936507936	0.30158730158730157
embed	last	proj	1	7	False	False	asc	1	0.047619047619047616	0.2698412698412698	0.07936507936507936	0.31746031746031744
embed	last	proj	1	8	False	True	asc	1	0.047619047619047616	0.2698412698412698	0.07936507936507936	0.30158730158730157
act/15	last	proj	8	10	True	False	asc	1	0.07936507936507936	0.38095238095238093	0.07936507936507936	0.4126984126984127
act/15	last	proj	7	17	True	False	asc	1	0.12698412698412698	0.4126984126984127	0.07936507936507936	0.38095238095238093
embed	last	proj	1	17	False	False	asc	1	0.047619047619047616	0.2222222222222222	0.07936507936507936	0.3333333333333333
embed	last	proj	1	10	False	True	asc	1	0.047619047619047616	0.2698412698412698	0.07936507936507936	0.30158730158730157
embed	last	proj	1	10	False	False	asc	1	0.047619047619047616	0.20634920634920634	0.07936507936507936	0.31746031746031744
embed	last	proj	1	11	False	True	asc	1	0.047619047619047616	0.2698412698412698	0.07936507936507936	0.30158730158730157
embed	last	proj	1	11	False	False	asc	1	0.047619047619047616	0.2222222222222222	0.07936507936507936	0.31746031746031744
embed	last	proj	1	12	False	True	asc	1	0.047619047619047616	0.25396825396825395	0.07936507936507936	0.30158730158730157
act/15	last	proj	8	18	True	False	asc	1	0.1111111111111111	0.3333333333333333	0.07936507936507936	0.3492063492063492
act/15	last	proj	10	16	True	True	asc	1	0.12698412698412698	0.2857142857142857	0.07936507936507936	0.30158730158730157
act/15	last	proj	10	16	True	False	asc	1	0.12698412698412698	0.2857142857142857	0.07936507936507936	0.30158730158730157
act/31_normed	last	proj	0	18	False	False	asc	1	0.047619047619047616	0.2222222222222222	0.07936507936507936	0.30158730158730157
act/31_normed	last	proj	0	19	False	False	asc	1	0.047619047619047616	0.2222222222222222	0.07936507936507936	0.30158730158730157
act/31_normed	last	proj	0	20	False	False	asc	1	0.047619047619047616	0.2222222222222222	0.07936507936507936	0.30158730158730157
act/31_normed	last	proj	1	18	False	True	asc	1	0.12698412698412698	0.3333333333333333	0.07936507936507936	0.36507936507936506
act/15	last	proj	8	10	True	True	asc	1	0.07936507936507936	0.3492063492063492	0.07936507936507936	0.4126984126984127
embed	last	proj	0	9	False	True	asc	1	0.047619047619047616	0.19047619047619047	0.07936507936507936	0.31746031746031744
embed	last	proj	1	3	False	False	asc	1	0.06349206349206349	0.2857142857142857	0.07936507936507936	0.31746031746031744
embed	last	proj	1	4	False	True	asc	1	0.06349206349206349	0.2857142857142857	0.07936507936507936	0.31746031746031744
embed	last	proj	1	4	False	False	asc	1	0.047619047619047616	0.2698412698412698	0.07936507936507936	0.31746031746031744
embed	last	proj	1	5	False	True	asc	1	0.06349206349206349	0.2857142857142857	0.07936507936507936	0.30158730158730157
embed	last	proj	1	5	False	False	asc	1	0.06349206349206349	0.2857142857142857	0.07936507936507936	0.31746031746031744
act/15	last	proj	11	16	False	True	asc	1	0.12698412698412698	0.30158730158730157	0.07936507936507936	0.2698412698412698
act/15	last	proj	11	16	False	False	asc	1	0.12698412698412698	0.30158730158730157	0.07936507936507936	0.2698412698412698
embed	last	proj	0	3	True	False	asc	1	0.047619047619047616	0.2698412698412698	0.07936507936507936	0.3492063492063492
embed	last	proj	0	4	True	True	asc	1	0.047619047619047616	0.2698412698412698	0.07936507936507936	0.3492063492063492
embed	last	proj	0	4	True	False	asc	1	0.047619047619047616	0.25396825396825395	0.07936507936507936	0.3492063492063492
embed	last	proj	0	5	True	True	asc	1	0.047619047619047616	0.25396825396825395	0.07936507936507936	0.3492063492063492
embed	last	proj	0	15	False	True	asc	1	0.047619047619047616	0.19047619047619047	0.07936507936507936	0.31746031746031744
embed	last	proj	0	15	False	False	asc	1	0.047619047619047616	0.19047619047619047	0.07936507936507936	0.31746031746031744
embed	last	proj	0	16	False	True	asc	1	0.047619047619047616	0.19047619047619047	0.07936507936507936	0.31746031746031744
embed	last	proj	0	16	False	False	asc	1	0.047619047619047616	0.19047619047619047	0.07936507936507936	0.31746031746031744
act/3	last	proj	1	18	False	True	asc	1	0.23809523809523808	0.2698412698412698	0.07936507936507936	0.31746031746031744
act/3	last	proj	1	19	False	True	asc	1	0.23809523809523808	0.2698412698412698	0.07936507936507936	0.31746031746031744
act/3	last	proj	1	20	False	True	asc	1	0.23809523809523808	0.2698412698412698	0.07936507936507936	0.31746031746031744
act/3	last	proj	1	16	False	True	asc	1	0.25396825396825395	0.2857142857142857	0.07936507936507936	0.3333333333333333
act/3	last	proj	1	17	False	True	asc	1	0.23809523809523808	0.2698412698412698	0.07936507936507936	0.31746031746031744
act/27	last	proj	9	16	True	True	asc	1	0.031746031746031744	0.12698412698412698	0.07936507936507936	0.20634920634920634
act/27	last	proj	9	16	True	False	asc	1	0.031746031746031744	0.14285714285714285	0.07936507936507936	0.2222222222222222
embed	last	proj	0	3	True	True	asc	1	0.047619047619047616	0.2698412698412698	0.07936507936507936	0.3492063492063492
act/27	last	proj	11	16	True	True	asc	1	0.047619047619047616	0.15873015873015872	0.07936507936507936	0.23809523809523808
act/27	last	proj	11	16	True	False	asc	1	0.031746031746031744	0.1746031746031746	0.07936507936507936	0.25396825396825395
act/27	last	proj	11	17	True	True	asc	1	0.047619047619047616	0.1746031746031746	0.07936507936507936	0.23809523809523808
act/27	last	proj	11	17	True	False	asc	1	0.047619047619047616	0.1746031746031746	0.07936507936507936	0.25396825396825395
act/27	last	proj	10	20	True	True	asc	1	0.047619047619047616	0.12698412698412698	0.07936507936507936	0.2222222222222222
act/27	last	proj	10	20	True	False	asc	1	0.06349206349206349	0.14285714285714285	0.07936507936507936	0.2222222222222222
act/27	last	proj	11	14	True	True	asc	1	0.015873015873015872	0.09523809523809523	0.07936507936507936	0.1746031746031746
act/27	last	proj	11	14	True	False	asc	1	0.015873015873015872	0.09523809523809523	0.07936507936507936	0.1746031746031746
act/27	last	proj	12	17	True	True	asc	1	0.047619047619047616	0.1746031746031746	0.07936507936507936	0.20634920634920634
act/27	last	proj	12	17	True	False	asc	1	0.047619047619047616	0.1746031746031746	0.07936507936507936	0.2222222222222222
act/27	last	proj	12	18	True	True	asc	1	0.047619047619047616	0.20634920634920634	0.07936507936507936	0.2698412698412698
act/27	last	proj	12	18	True	False	asc	1	0.047619047619047616	0.20634920634920634	0.07936507936507936	0.2698412698412698
act/27	last	proj	11	19	True	True	asc	1	0.031746031746031744	0.14285714285714285	0.07936507936507936	0.20634920634920634
act/27	last	proj	11	19	True	False	asc	1	0.047619047619047616	0.14285714285714285	0.07936507936507936	0.23809523809523808
act/27	last	proj	12	13	True	True	asc	1	0.0	0.1111111111111111	0.07936507936507936	0.23809523809523808
act/27	last	proj	12	13	True	False	asc	1	0.0	0.1111111111111111	0.07936507936507936	0.23809523809523808
act/27	last	proj	13	18	True	True	asc	1	0.06349206349206349	0.2698412698412698	0.07936507936507936	0.31746031746031744
act/27	last	proj	13	18	True	False	asc	1	0.06349206349206349	0.2698412698412698	0.07936507936507936	0.31746031746031744
act/27	last	proj	13	19	True	False	asc	1	0.06349206349206349	0.2857142857142857	0.07936507936507936	0.30158730158730157
act/27	last	proj	12	19	True	True	asc	1	0.031746031746031744	0.19047619047619047	0.07936507936507936	0.2222222222222222
act/27	last	proj	12	19	True	False	asc	1	0.031746031746031744	0.15873015873015872	0.07936507936507936	0.2222222222222222
act/27	last	proj	18	20	True	True	asc	1	0.12698412698412698	0.1746031746031746	0.07936507936507936	0.1746031746031746
act/27	last	proj	18	20	True	False	asc	1	0.12698412698412698	0.1746031746031746	0.07936507936507936	0.19047619047619047
act/7	last	proj	16	19	False	False	asc	1	0.12698412698412698	0.3968253968253968	0.07936507936507936	0.3968253968253968
act/15	last	proj	7	12	True	True	asc	1	0.12698412698412698	0.42857142857142855	0.07936507936507936	0.3968253968253968
act/15	last	proj	6	20	True	True	asc	1	0.1111111111111111	0.3492063492063492	0.07936507936507936	0.38095238095238093
act/15	last	proj	6	20	True	False	asc	1	0.14285714285714285	0.3968253968253968	0.07936507936507936	0.38095238095238093
act/15	last	proj	9	15	True	False	asc	1	0.14285714285714285	0.31746031746031744	0.07936507936507936	0.3492063492063492
act/15	last	proj	7	19	True	True	asc	1	0.1111111111111111	0.38095238095238093	0.07936507936507936	0.38095238095238093
act/31_normed	last	proj	2	20	False	False	asc	1	0.06349206349206349	0.3492063492063492	0.07936507936507936	0.3333333333333333
act/15	last	proj	4	17	True	True	asc	1	0.20634920634920634	0.4444444444444444	0.07936507936507936	0.3492063492063492
act/27	last	proj	13	17	True	True	asc	1	0.06349206349206349	0.2698412698412698	0.07936507936507936	0.2857142857142857
embed	last	proj	1	14	False	True	asc	1	0.047619047619047616	0.23809523809523808	0.07936507936507936	0.30158730158730157
embed	last	proj	1	14	False	False	asc	1	0.047619047619047616	0.2222222222222222	0.07936507936507936	0.3333333333333333
embed	last	proj	1	15	False	True	asc	1	0.047619047619047616	0.23809523809523808	0.07936507936507936	0.30158730158730157
embed	last	proj	1	15	False	False	asc	1	0.047619047619047616	0.2222222222222222	0.07936507936507936	0.3333333333333333
embed	last	proj	1	16	False	True	asc	1	0.047619047619047616	0.23809523809523808	0.07936507936507936	0.30158730158730157
embed	last	proj	1	16	False	False	asc	1	0.047619047619047616	0.23809523809523808	0.07936507936507936	0.3333333333333333
embed	last	proj	1	17	False	True	asc	1	0.047619047619047616	0.23809523809523808	0.07936507936507936	0.30158730158730157
embed	last	proj	0	6	True	True	asc	1	0.047619047619047616	0.2698412698412698	0.07936507936507936	0.3492063492063492
embed	last	proj	0	17	False	True	asc	1	0.047619047619047616	0.19047619047619047	0.07936507936507936	0.31746031746031744
embed	last	proj	0	17	False	False	asc	1	0.047619047619047616	0.19047619047619047	0.07936507936507936	0.31746031746031744
embed	last	proj	0	18	False	True	asc	1	0.047619047619047616	0.19047619047619047	0.07936507936507936	0.31746031746031744
embed	last	proj	0	18	False	False	asc	1	0.047619047619047616	0.19047619047619047	0.07936507936507936	0.3333333333333333
embed	last	proj	0	19	False	True	asc	1	0.047619047619047616	0.19047619047619047	0.07936507936507936	0.31746031746031744
embed	last	proj	0	19	False	False	asc	1	0.047619047619047616	0.19047619047619047	0.07936507936507936	0.3333333333333333
embed	last	proj	0	20	False	True	asc	1	0.047619047619047616	0.19047619047619047	0.07936507936507936	0.31746031746031744
embed	last	proj	0	20	False	False	asc	1	0.047619047619047616	0.19047619047619047	0.07936507936507936	0.3333333333333333
embed	last	proj	0	8	False	False	asc	1	0.047619047619047616	0.20634920634920634	0.07936507936507936	0.30158730158730157
act/15	last	proj	14	17	False	True	asc	1	0.07936507936507936	0.1746031746031746	0.07936507936507936	0.23809523809523808
act/15	last	proj	14	17	False	False	asc	1	0.07936507936507936	0.1746031746031746	0.07936507936507936	0.23809523809523808
act/15	last	proj	13	19	False	True	asc	1	0.07936507936507936	0.2698412698412698	0.07936507936507936	0.30158730158730157
act/15	last	proj	13	19	False	False	asc	1	0.07936507936507936	0.2698412698412698	0.07936507936507936	0.30158730158730157
act/15	last	proj	12	19	False	True	asc	1	0.1111111111111111	0.2698412698412698	0.07936507936507936	0.25396825396825395
act/15	last	proj	13	15	False	True	asc	1	0.09523809523809523	0.2698412698412698	0.07936507936507936	0.30158730158730157
act/15	last	proj	13	15	False	False	asc	1	0.09523809523809523	0.2698412698412698	0.07936507936507936	0.30158730158730157
act/23	last	proj	11	17	False	True	asc	1	0.06349206349206349	0.2222222222222222	0.07936507936507936	0.3492063492063492
embed	last	proj	0	5	False	True	asc	1	0.06349206349206349	0.20634920634920634	0.07936507936507936	0.31746031746031744
embed	last	proj	0	5	False	False	asc	1	0.06349206349206349	0.20634920634920634	0.07936507936507936	0.31746031746031744
embed	last	proj	0	6	False	True	asc	1	0.06349206349206349	0.20634920634920634	0.07936507936507936	0.31746031746031744
embed	last	proj	0	6	False	False	asc	1	0.06349206349206349	0.20634920634920634	0.07936507936507936	0.31746031746031744
embed	last	proj	0	7	False	True	asc	1	0.047619047619047616	0.19047619047619047	0.07936507936507936	0.31746031746031744
embed	last	proj	0	7	False	False	asc	1	0.047619047619047616	0.20634920634920634	0.07936507936507936	0.30158730158730157
embed	last	proj	0	8	False	True	asc	1	0.047619047619047616	0.19047619047619047	0.07936507936507936	0.31746031746031744
act/15	last	proj	6	14	True	True	asc	1	0.12698412698412698	0.38095238095238093	0.07936507936507936	0.3968253968253968
act/15	last	proj	5	18	True	False	asc	1	0.20634920634920634	0.38095238095238093	0.07936507936507936	0.3492063492063492
act/15	last	proj	5	19	True	False	asc	1	0.20634920634920634	0.3968253968253968	0.07936507936507936	0.38095238095238093
act/15	last	proj	5	20	True	True	asc	1	0.19047619047619047	0.4126984126984127	0.07936507936507936	0.38095238095238093
act/15	last	proj	5	20	True	False	asc	1	0.19047619047619047	0.38095238095238093	0.07936507936507936	0.36507936507936506
act/15	last	proj	4	16	True	True	asc	1	0.20634920634920634	0.4603174603174603	0.07936507936507936	0.3492063492063492
act/15	last	proj	5	17	True	True	asc	1	0.19047619047619047	0.42857142857142855	0.07936507936507936	0.38095238095238093
act/15	last	proj	3	10	True	False	asc	1	0.14285714285714285	0.38095238095238093	0.07936507936507936	0.3492063492063492
embed	last	proj	0	12	False	True	asc	1	0.047619047619047616	0.19047619047619047	0.07936507936507936	0.31746031746031744
embed	last	proj	0	12	False	False	asc	1	0.047619047619047616	0.19047619047619047	0.07936507936507936	0.31746031746031744
act/23	last	proj	12	20	False	True	asc	1	0.031746031746031744	0.1111111111111111	0.07936507936507936	0.2222222222222222
act/23	last	proj	12	16	False	True	asc	1	0.047619047619047616	0.1746031746031746	0.07936507936507936	0.2222222222222222
act/23	last	proj	12	16	False	False	asc	1	0.047619047619047616	0.1746031746031746	0.07936507936507936	0.20634920634920634
act/23	last	proj	12	17	False	True	asc	1	0.031746031746031744	0.12698412698412698	0.07936507936507936	0.2222222222222222
act/23	last	proj	12	17	False	False	asc	1	0.031746031746031744	0.12698412698412698	0.07936507936507936	0.2222222222222222
act/23	last	proj	11	20	False	True	asc	1	0.047619047619047616	0.15873015873015872	0.07936507936507936	0.3333333333333333
act/31	last	proj	15	19	False	False	asc	1	0.0	0.14285714285714285	0.07936507936507936	0.2698412698412698
act/31	last	proj	16	18	False	True	asc	1	0.0	0.12698412698412698	0.07936507936507936	0.2857142857142857
act/31	last	proj	16	18	False	False	asc	1	0.0	0.12698412698412698	0.07936507936507936	0.2857142857142857
embed	last	proj	0	9	False	False	asc	1	0.047619047619047616	0.20634920634920634	0.07936507936507936	0.30158730158730157
embed	last	proj	0	10	False	True	asc	1	0.047619047619047616	0.19047619047619047	0.07936507936507936	0.31746031746031744
embed	last	proj	0	10	False	False	asc	1	0.047619047619047616	0.19047619047619047	0.07936507936507936	0.31746031746031744
embed	last	proj	0	11	False	True	asc	1	0.047619047619047616	0.19047619047619047	0.07936507936507936	0.31746031746031744
embed	last	proj	0	11	False	False	asc	1	0.047619047619047616	0.19047619047619047	0.07936507936507936	0.31746031746031744
act/7	last	proj	6	8	False	True	asc	1	0.12698412698412698	0.3492063492063492	0.07936507936507936	0.30158730158730157
act/7	last	proj	6	8	False	False	asc	1	0.12698412698412698	0.3492063492063492	0.07936507936507936	0.30158730158730157
act/7	last	proj	6	11	False	True	asc	1	0.1111111111111111	0.3968253968253968	0.07936507936507936	0.2857142857142857
act/7	last	proj	6	11	False	False	asc	1	0.07936507936507936	0.36507936507936506	0.07936507936507936	0.2698412698412698
act/27	last	proj	14	17	True	True	asc	1	0.047619047619047616	0.30158730158730157	0.07936507936507936	0.25396825396825395
act/19	last	proj	1	18	True	False	asc	1	0.2222222222222222	0.4126984126984127	0.07936507936507936	0.30158730158730157
act/31	last	proj	16	19	False	False	asc	1	0.0	0.06349206349206349	0.07936507936507936	0.25396825396825395
act/31	last	proj	15	19	False	True	asc	1	0.015873015873015872	0.15873015873015872	0.07936507936507936	0.2698412698412698
embed	last	proj	0	13	False	True	asc	1	0.047619047619047616	0.19047619047619047	0.07936507936507936	0.31746031746031744
embed	last	proj	0	13	False	False	asc	1	0.031746031746031744	0.1746031746031746	0.07936507936507936	0.2857142857142857
embed	last	proj	0	14	False	True	asc	1	0.047619047619047616	0.19047619047619047	0.07936507936507936	0.31746031746031744
embed	last	proj	0	14	False	False	asc	1	0.047619047619047616	0.19047619047619047	0.07936507936507936	0.31746031746031744
act/15	last	proj	4	14	True	True	asc	1	0.15873015873015872	0.4126984126984127	0.07936507936507936	0.30158730158730157
act/31_normed	last	proj	4	16	False	False	asc	1	0.07936507936507936	0.3968253968253968	0.07936507936507936	0.38095238095238093
act/15	last	proj	2	10	True	False	asc	1	0.14285714285714285	0.38095238095238093	0.07936507936507936	0.31746031746031744
act/27	last	proj	15	20	True	False	asc	1	0.15873015873015872	0.4126984126984127	0.07936507936507936	0.3492063492063492
act/7	last	proj	12	14	False	True	asc	1	0.1111111111111111	0.36507936507936506	0.07936507936507936	0.36507936507936506
act/7	last	proj	12	14	False	False	asc	1	0.1111111111111111	0.36507936507936506	0.07936507936507936	0.36507936507936506
act/19	last	proj	5	9	True	False	asc	1	0.19047619047619047	0.4126984126984127	0.07936507936507936	0.36507936507936506
act/19	last	proj	5	6	True	True	asc	1	0.19047619047619047	0.36507936507936506	0.07936507936507936	0.25396825396825395
act/19	last	proj	5	6	True	False	asc	1	0.19047619047619047	0.36507936507936506	0.07936507936507936	0.25396825396825395
act/19	last	proj	4	16	True	True	asc	1	0.25396825396825395	0.3968253968253968	0.07936507936507936	0.30158730158730157
act/19	last	proj	4	17	True	True	asc	1	0.2698412698412698	0.3968253968253968	0.07936507936507936	0.30158730158730157
act/19	last	proj	4	18	True	False	asc	1	0.19047619047619047	0.38095238095238093	0.07936507936507936	0.31746031746031744
act/31_normed	last	proj	5	16	False	False	asc	1	0.07936507936507936	0.38095238095238093	0.07936507936507936	0.3968253968253968
act/31_normed	last	proj	5	15	False	True	asc	1	0.07936507936507936	0.38095238095238093	0.07936507936507936	0.3968253968253968
act/31_normed	last	proj	5	15	False	False	asc	1	0.1111111111111111	0.38095238095238093	0.07936507936507936	0.3968253968253968
act/31_normed	last	proj	7	13	False	False	asc	1	0.09523809523809523	0.42857142857142855	0.07936507936507936	0.3968253968253968
act/31_normed	last	proj	7	14	False	True	asc	1	0.09523809523809523	0.4444444444444444	0.07936507936507936	0.3333333333333333
act/31_normed	last	proj	7	15	False	True	asc	1	0.07936507936507936	0.4126984126984127	0.07936507936507936	0.38095238095238093
act/7	last	proj	12	13	False	True	asc	1	0.07936507936507936	0.20634920634920634	0.07936507936507936	0.23809523809523808
act/7	last	proj	12	13	False	False	asc	1	0.07936507936507936	0.20634920634920634	0.07936507936507936	0.23809523809523808
act/31	last	proj	13	18	False	False	asc	1	0.031746031746031744	0.2222222222222222	0.07936507936507936	0.3333333333333333
act/31	last	proj	13	17	False	True	asc	1	0.031746031746031744	0.20634920634920634	0.07936507936507936	0.31746031746031744
act/27	last	proj	14	17	True	False	asc	1	0.047619047619047616	0.2857142857142857	0.07936507936507936	0.25396825396825395
act/31_normed	last	proj	6	11	False	True	asc	1	0.15873015873015872	0.47619047619047616	0.07936507936507936	0.42857142857142855
act/31_normed	last	proj	6	11	False	False	asc	1	0.14285714285714285	0.4603174603174603	0.07936507936507936	0.42857142857142855
act/31_normed	last	proj	5	20	False	False	asc	1	0.047619047619047616	0.3333333333333333	0.07936507936507936	0.36507936507936506
act/31_normed	last	proj	6	8	False	True	asc	1	0.15873015873015872	0.5238095238095238	0.07936507936507936	0.4126984126984127
act/31_normed	last	proj	6	8	False	False	asc	1	0.1746031746031746	0.5238095238095238	0.07936507936507936	0.4126984126984127
act/23	last	proj	11	16	False	True	asc	1	0.031746031746031744	0.2222222222222222	0.07936507936507936	0.30158730158730157
act/23	last	proj	11	16	False	False	asc	1	0.031746031746031744	0.20634920634920634	0.07936507936507936	0.30158730158730157
act/23	last	proj	8	18	False	True	asc	1	0.06349206349206349	0.20634920634920634	0.07936507936507936	0.31746031746031744
act/23	last	proj	10	16	False	False	asc	1	0.06349206349206349	0.20634920634920634	0.07936507936507936	0.3333333333333333
act/23	last	proj	10	17	False	False	asc	1	0.047619047619047616	0.15873015873015872	0.07936507936507936	0.31746031746031744
act/19	last	proj	4	5	True	True	asc	1	0.15873015873015872	0.38095238095238093	0.07936507936507936	0.3492063492063492
act/19	last	proj	4	5	True	False	asc	1	0.15873015873015872	0.38095238095238093	0.07936507936507936	0.3492063492063492
act/19	last	proj	1	17	True	False	asc	1	0.20634920634920634	0.4126984126984127	0.07936507936507936	0.3333333333333333
act/23	last	proj	7	18	False	True	asc	1	0.047619047619047616	0.23809523809523808	0.07936507936507936	0.31746031746031744
act/23	last	proj	7	18	False	False	asc	1	0.047619047619047616	0.25396825396825395	0.07936507936507936	0.31746031746031744
act/23	last	proj	7	19	False	True	asc	1	0.047619047619047616	0.25396825396825395	0.07936507936507936	0.30158730158730157
act/23	last	proj	7	20	False	True	asc	1	0.047619047619047616	0.25396825396825395	0.07936507936507936	0.31746031746031744
act/23	last	proj	7	13	False	True	asc	1	0.07936507936507936	0.30158730158730157	0.07936507936507936	0.2857142857142857
act/23	last	proj	7	13	False	False	asc	1	0.09523809523809523	0.31746031746031744	0.07936507936507936	0.2698412698412698
act/23	last	proj	6	13	False	True	asc	1	0.06349206349206349	0.2857142857142857	0.07936507936507936	0.30158730158730157
act/23	last	proj	6	13	False	False	asc	1	0.07936507936507936	0.31746031746031744	0.07936507936507936	0.30158730158730157
act/27	last	proj	1	17	False	False	asc	1	0.07936507936507936	0.2698412698412698	0.07936507936507936	0.2698412698412698
act/27	last	proj	1	18	False	False	asc	1	0.07936507936507936	0.2857142857142857	0.07936507936507936	0.2698412698412698
act/23	last	proj	3	20	False	True	asc	1	0.09523809523809523	0.2857142857142857	0.07936507936507936	0.23809523809523808
act/3	last	proj	14	17	False	True	asc	1	0.09523809523809523	0.20634920634920634	0.07936507936507936	0.3333333333333333
act/3	last	proj	14	17	False	False	asc	1	0.09523809523809523	0.20634920634920634	0.07936507936507936	0.3333333333333333
act/31	last	proj	0	1	True	True	asc	1	0.06349206349206349	0.20634920634920634	0.07936507936507936	0.2222222222222222
act/31	last	proj	0	1	True	False	asc	1	0.06349206349206349	0.20634920634920634	0.07936507936507936	0.2222222222222222
act/19	last	proj	3	17	True	False	asc	1	0.23809523809523808	0.4603174603174603	0.07936507936507936	0.3333333333333333
act/7	last	proj	6	13	False	True	asc	1	0.14285714285714285	0.36507936507936506	0.07936507936507936	0.3333333333333333
act/7	last	proj	6	13	False	False	asc	1	0.14285714285714285	0.38095238095238093	0.07936507936507936	0.31746031746031744
act/7	last	proj	6	14	False	True	asc	1	0.14285714285714285	0.36507936507936506	0.07936507936507936	0.3492063492063492
act/7	last	proj	6	14	False	False	asc	1	0.1111111111111111	0.36507936507936506	0.07936507936507936	0.3333333333333333
act/27	last	proj	15	20	True	True	asc	1	0.15873015873015872	0.4126984126984127	0.07936507936507936	0.3492063492063492
act/11	last	proj	19	20	False	True	asc	1	0.12698412698412698	0.2857142857142857	0.07936507936507936	0.2698412698412698
act/11	last	proj	19	20	False	False	asc	1	0.12698412698412698	0.2857142857142857	0.07936507936507936	0.2698412698412698
act/27	last	proj	2	4	False	False	asc	1	0.07936507936507936	0.4444444444444444	0.07936507936507936	0.36507936507936506
act/31	last	proj	15	16	False	True	asc	1	0.06349206349206349	0.23809523809523808	0.07936507936507936	0.2698412698412698
act/31	last	proj	15	16	False	False	asc	1	0.06349206349206349	0.23809523809523808	0.07936507936507936	0.2698412698412698
act/23	last	proj	11	17	False	False	asc	1	0.06349206349206349	0.20634920634920634	0.07936507936507936	0.3333333333333333
act/23	last	proj	9	16	False	True	asc	1	0.07936507936507936	0.2698412698412698	0.07936507936507936	0.31746031746031744
act/23	last	proj	9	16	False	False	asc	1	0.06349206349206349	0.23809523809523808	0.07936507936507936	0.31746031746031744
act/23	last	proj	9	17	False	True	asc	1	0.07936507936507936	0.25396825396825395	0.07936507936507936	0.2857142857142857
act/23	last	proj	9	17	False	False	asc	1	0.047619047619047616	0.20634920634920634	0.07936507936507936	0.30158730158730157
act/7	last	proj	6	12	False	True	asc	1	0.12698412698412698	0.36507936507936506	0.07936507936507936	0.3333333333333333
act/31	last	proj	8	11	False	True	asc	1	0.1111111111111111	0.3333333333333333	0.07936507936507936	0.3492063492063492
act/31	last	proj	8	12	False	False	asc	1	0.09523809523809523	0.3333333333333333	0.07936507936507936	0.36507936507936506
act/31	last	proj	8	13	False	True	asc	1	0.1111111111111111	0.4444444444444444	0.07936507936507936	0.3968253968253968
act/31	last	proj	8	13	False	False	asc	1	0.1111111111111111	0.4444444444444444	0.07936507936507936	0.38095238095238093
act/23	last	proj	4	19	False	True	asc	1	0.06349206349206349	0.2698412698412698	0.07936507936507936	0.2698412698412698
act/23	last	proj	4	20	False	False	asc	1	0.047619047619047616	0.2222222222222222	0.07936507936507936	0.2698412698412698
act/23	last	proj	6	20	False	False	asc	1	0.047619047619047616	0.25396825396825395	0.07936507936507936	0.2857142857142857
act/23	last	proj	3	19	False	True	asc	1	0.09523809523809523	0.2857142857142857	0.07936507936507936	0.23809523809523808
act/31_normed	last	proj	8	20	False	False	asc	1	0.047619047619047616	0.19047619047619047	0.07936507936507936	0.2857142857142857
act/31_normed	last	proj	8	13	False	True	asc	1	0.07936507936507936	0.3333333333333333	0.07936507936507936	0.31746031746031744
act/31_normed	last	proj	8	13	False	False	asc	1	0.07936507936507936	0.31746031746031744	0.07936507936507936	0.30158730158730157
act/11	last	proj	12	15	False	True	asc	1	0.14285714285714285	0.3333333333333333	0.07936507936507936	0.3333333333333333
act/11	last	proj	12	15	False	False	asc	1	0.14285714285714285	0.3333333333333333	0.07936507936507936	0.3333333333333333
act/19	last	proj	10	15	True	True	asc	1	0.047619047619047616	0.2698412698412698	0.07936507936507936	0.3492063492063492
act/19	last	proj	10	15	True	False	asc	1	0.047619047619047616	0.25396825396825395	0.07936507936507936	0.3492063492063492
act/19	last	proj	9	18	True	False	asc	1	0.15873015873015872	0.3333333333333333	0.07936507936507936	0.36507936507936506
act/27	last	proj	1	3	False	False	asc	1	0.09523809523809523	0.2857142857142857	0.07936507936507936	0.38095238095238093
act/3	last	proj	17	18	True	True	asc	1	0.06349206349206349	0.12698412698412698	0.07936507936507936	0.23809523809523808
act/3	last	proj	17	18	True	False	asc	1	0.06349206349206349	0.12698412698412698	0.07936507936507936	0.23809523809523808
act/31_normed	last	proj	8	17	False	True	asc	1	0.031746031746031744	0.30158730158730157	0.07936507936507936	0.31746031746031744
act/31_normed	last	proj	8	17	False	False	asc	1	0.031746031746031744	0.2857142857142857	0.07936507936507936	0.30158730158730157
act/31_normed	last	proj	8	19	False	True	asc	1	0.031746031746031744	0.25396825396825395	0.07936507936507936	0.25396825396825395
act/31_normed	last	proj	8	19	False	False	asc	1	0.031746031746031744	0.2222222222222222	0.07936507936507936	0.2857142857142857
act/31_normed	last	proj	8	20	False	True	asc	1	0.047619047619047616	0.25396825396825395	0.07936507936507936	0.2857142857142857
act/3	last	proj	12	13	False	True	asc	1	0.1111111111111111	0.19047619047619047	0.07936507936507936	0.2857142857142857
act/3	last	proj	12	13	False	False	asc	1	0.1111111111111111	0.19047619047619047	0.07936507936507936	0.2857142857142857
act/27	last	proj	1	19	False	False	asc	1	0.07936507936507936	0.2698412698412698	0.07936507936507936	0.2857142857142857
act/27	last	proj	1	15	False	False	asc	1	0.07936507936507936	0.2698412698412698	0.07936507936507936	0.2698412698412698
act/27	last	proj	1	5	False	True	asc	1	0.031746031746031744	0.3333333333333333	0.07936507936507936	0.4126984126984127
act/27	last	proj	1	5	False	False	asc	1	0.047619047619047616	0.30158730158730157	0.07936507936507936	0.4126984126984127
act/27	last	proj	1	6	False	False	asc	1	0.031746031746031744	0.19047619047619047	0.07936507936507936	0.30158730158730157
act/27	last	proj	1	3	False	True	asc	1	0.07936507936507936	0.2857142857142857	0.07936507936507936	0.38095238095238093
act/31	last	proj	6	12	False	True	asc	1	0.20634920634920634	0.47619047619047616	0.07936507936507936	0.42857142857142855
act/31	last	proj	6	12	False	False	asc	1	0.1746031746031746	0.47619047619047616	0.07936507936507936	0.4444444444444444
act/31	last	proj	6	13	False	True	asc	1	0.19047619047619047	0.49206349206349204	0.07936507936507936	0.4444444444444444
act/31	last	proj	6	14	False	True	asc	1	0.20634920634920634	0.49206349206349204	0.07936507936507936	0.4444444444444444
act/31	last	proj	5	18	False	True	asc	1	0.07936507936507936	0.3492063492063492	0.07936507936507936	0.38095238095238093
act/31	last	proj	5	19	False	True	asc	1	0.1111111111111111	0.38095238095238093	0.07936507936507936	0.36507936507936506
act/31	last	proj	5	20	False	True	asc	1	0.09523809523809523	0.3492063492063492	0.07936507936507936	0.36507936507936506
act/31	last	proj	5	20	False	False	asc	1	0.06349206349206349	0.2857142857142857	0.07936507936507936	0.3492063492063492
act/31_normed	last	proj	9	13	False	False	asc	1	0.07936507936507936	0.2857142857142857	0.07936507936507936	0.3492063492063492
act/11	last	proj	8	15	False	False	asc	1	0.06349206349206349	0.30158730158730157	0.07936507936507936	0.3968253968253968
act/27	last	proj	3	16	False	False	asc	1	0.09523809523809523	0.2698412698412698	0.07936507936507936	0.23809523809523808
act/27	last	proj	2	15	False	False	asc	1	0.07936507936507936	0.2857142857142857	0.07936507936507936	0.25396825396825395
act/3	last	proj	11	15	True	True	asc	1	0.1111111111111111	0.2698412698412698	0.07936507936507936	0.38095238095238093
act/3	last	proj	11	15	True	False	asc	1	0.09523809523809523	0.25396825396825395	0.07936507936507936	0.38095238095238093
act/19	last	proj	17	18	True	True	asc	1	0.15873015873015872	0.3968253968253968	0.07936507936507936	0.2698412698412698
act/19	last	proj	17	18	True	False	asc	1	0.15873015873015872	0.3968253968253968	0.07936507936507936	0.2698412698412698
act/23	last	proj	2	5	False	True	asc	1	0.07936507936507936	0.31746031746031744	0.07936507936507936	0.42857142857142855
act/23	last	proj	3	18	False	True	asc	1	0.07936507936507936	0.2698412698412698	0.07936507936507936	0.25396825396825395
act/23	last	proj	1	6	False	False	asc	1	0.047619047619047616	0.25396825396825395	0.07936507936507936	0.4603174603174603
act/3	last	proj	19	20	False	True	asc	1	0.031746031746031744	0.1746031746031746	0.07936507936507936	0.2698412698412698
act/3	last	proj	19	20	False	False	asc	1	0.031746031746031744	0.1746031746031746	0.07936507936507936	0.2698412698412698
act/23	last	proj	1	19	False	True	asc	1	0.047619047619047616	0.2222222222222222	0.07936507936507936	0.2698412698412698
act/23	last	proj	1	19	False	False	asc	1	0.047619047619047616	0.19047619047619047	0.07936507936507936	0.2698412698412698
act/31_normed	last	proj	7	19	False	False	asc	1	0.047619047619047616	0.3333333333333333	0.07936507936507936	0.3492063492063492
act/19	last	proj	10	12	True	True	asc	1	0.1111111111111111	0.3968253968253968	0.07936507936507936	0.36507936507936506
act/19	last	proj	10	12	True	False	asc	1	0.1111111111111111	0.3968253968253968	0.07936507936507936	0.36507936507936506
act/19	last	proj	10	14	True	True	asc	1	0.047619047619047616	0.2698412698412698	0.07936507936507936	0.36507936507936506
act/23	last	proj	4	17	False	True	asc	1	0.06349206349206349	0.2857142857142857	0.07936507936507936	0.2698412698412698
act/23	last	proj	4	18	False	True	asc	1	0.06349206349206349	0.2698412698412698	0.07936507936507936	0.2698412698412698
act/23	last	proj	4	13	False	True	asc	1	0.06349206349206349	0.2857142857142857	0.07936507936507936	0.2698412698412698
act/23	last	proj	4	14	False	True	asc	1	0.06349206349206349	0.2857142857142857	0.07936507936507936	0.2698412698412698
act/23	last	proj	2	18	False	True	asc	1	0.07936507936507936	0.20634920634920634	0.07936507936507936	0.2698412698412698
act/23	last	proj	12	14	True	False	asc	1	0.047619047619047616	0.12698412698412698	0.07936507936507936	0.20634920634920634
act/23	last	proj	11	17	True	True	asc	1	0.031746031746031744	0.19047619047619047	0.07936507936507936	0.2222222222222222
act/23	last	proj	11	18	True	True	asc	1	0.047619047619047616	0.1111111111111111	0.07936507936507936	0.19047619047619047
act/23	last	proj	15	19	True	True	asc	1	0.12698412698412698	0.30158730158730157	0.07936507936507936	0.3333333333333333
act/23	last	proj	15	19	True	False	asc	1	0.09523809523809523	0.2857142857142857	0.07936507936507936	0.3492063492063492
act/23	last	proj	15	20	True	True	asc	1	0.09523809523809523	0.2857142857142857	0.07936507936507936	0.3333333333333333
embed	last	proj	0	2	False	True	asc	1	0.06349206349206349	0.19047619047619047	0.07936507936507936	0.31746031746031744
embed	last	proj	0	2	False	False	asc	1	0.06349206349206349	0.19047619047619047	0.07936507936507936	0.31746031746031744
act/31_normed	last	proj	11	20	False	False	asc	1	0.047619047619047616	0.20634920634920634	0.07936507936507936	0.30158730158730157
act/11	last	proj	8	9	False	True	asc	1	0.07936507936507936	0.38095238095238093	0.07936507936507936	0.36507936507936506
act/11	last	proj	8	9	False	False	asc	1	0.07936507936507936	0.38095238095238093	0.07936507936507936	0.36507936507936506
act/11	last	proj	7	15	False	False	asc	1	0.07936507936507936	0.31746031746031744	0.07936507936507936	0.38095238095238093
act/11	last	proj	7	17	False	True	asc	1	0.09523809523809523	0.3492063492063492	0.07936507936507936	0.36507936507936506
act/23	last	proj	13	14	True	True	asc	1	0.031746031746031744	0.2698412698412698	0.07936507936507936	0.19047619047619047
act/23	last	proj	13	14	True	False	asc	1	0.031746031746031744	0.2698412698412698	0.07936507936507936	0.19047619047619047
act/23	last	proj	12	14	True	True	asc	1	0.047619047619047616	0.14285714285714285	0.07936507936507936	0.19047619047619047
act/19	last	proj	10	19	True	True	asc	1	0.07936507936507936	0.2698412698412698	0.07936507936507936	0.25396825396825395
act/27	last	proj	1	20	False	False	asc	1	0.07936507936507936	0.2698412698412698	0.07936507936507936	0.2698412698412698
act/27	last	proj	2	4	False	True	asc	1	0.06349206349206349	0.42857142857142855	0.07936507936507936	0.36507936507936506
act/11	last	proj	8	16	False	False	asc	1	0.07936507936507936	0.3333333333333333	0.07936507936507936	0.36507936507936506
act/11	last	proj	11	15	False	True	asc	1	0.1111111111111111	0.2222222222222222	0.07936507936507936	0.2857142857142857
act/11	last	proj	11	15	False	False	asc	1	0.1111111111111111	0.2222222222222222	0.07936507936507936	0.30158730158730157
act/11	last	proj	8	19	False	True	asc	1	0.07936507936507936	0.36507936507936506	0.07936507936507936	0.38095238095238093
act/31_normed	last	proj	11	19	False	False	asc	1	0.047619047619047616	0.2222222222222222	0.07936507936507936	0.30158730158730157
act/31	last	proj	7	17	False	False	asc	1	0.047619047619047616	0.36507936507936506	0.07936507936507936	0.36507936507936506
act/31	last	proj	7	14	False	True	asc	1	0.1111111111111111	0.4444444444444444	0.07936507936507936	0.38095238095238093
act/31	last	proj	7	14	False	False	asc	1	0.09523809523809523	0.3968253968253968	0.07936507936507936	0.3333333333333333
act/19	last	proj	11	18	True	False	asc	1	0.14285714285714285	0.3492063492063492	0.07936507936507936	0.4126984126984127
act/19	last	proj	10	20	True	True	asc	1	0.1111111111111111	0.31746031746031744	0.07936507936507936	0.3492063492063492
act/19	last	proj	11	14	True	True	asc	1	0.14285714285714285	0.4603174603174603	0.07936507936507936	0.36507936507936506
act/19	last	proj	10	17	True	True	asc	1	0.1111111111111111	0.2698412698412698	0.07936507936507936	0.23809523809523808
act/19	last	proj	10	18	True	True	asc	1	0.07936507936507936	0.2698412698412698	0.07936507936507936	0.30158730158730157
act/11	last	proj	6	9	False	False	asc	1	0.14285714285714285	0.4126984126984127	0.07936507936507936	0.3968253968253968
act/11	last	proj	6	10	False	True	asc	1	0.1111111111111111	0.3968253968253968	0.07936507936507936	0.3968253968253968
act/11	last	proj	6	10	False	False	asc	1	0.1111111111111111	0.3968253968253968	0.07936507936507936	0.4126984126984127
act/31_normed	last	proj	14	18	False	True	asc	1	0.047619047619047616	0.2222222222222222	0.07936507936507936	0.3333333333333333
act/31_normed	last	proj	14	18	False	False	asc	1	0.047619047619047616	0.25396825396825395	0.07936507936507936	0.3333333333333333
act/31_normed	last	proj	15	16	False	True	asc	1	0.07936507936507936	0.31746031746031744	0.07936507936507936	0.3492063492063492
act/31_normed	last	proj	15	16	False	False	asc	1	0.07936507936507936	0.31746031746031744	0.07936507936507936	0.3492063492063492
act/7	last	proj	8	9	True	True	asc	1	0.07936507936507936	0.4444444444444444	0.07936507936507936	0.38095238095238093
act/11	last	proj	7	8	False	True	asc	1	0.07936507936507936	0.15873015873015872	0.07936507936507936	0.2222222222222222
act/11	last	proj	7	8	False	False	asc	1	0.07936507936507936	0.15873015873015872	0.07936507936507936	0.2222222222222222
act/11	last	proj	7	9	False	True	asc	1	0.1111111111111111	0.3492063492063492	0.07936507936507936	0.3333333333333333
act/11	last	proj	7	9	False	False	asc	1	0.12698412698412698	0.3492063492063492	0.07936507936507936	0.3333333333333333
act/11	last	proj	6	16	False	False	asc	1	0.12698412698412698	0.4126984126984127	0.07936507936507936	0.49206349206349204
act/11	last	proj	6	18	False	True	asc	1	0.15873015873015872	0.42857142857142855	0.07936507936507936	0.4444444444444444
act/11	last	proj	6	18	False	False	asc	1	0.1111111111111111	0.3968253968253968	0.07936507936507936	0.4444444444444444
act/11	last	proj	6	19	False	True	asc	1	0.15873015873015872	0.4603174603174603	0.07936507936507936	0.4603174603174603
act/31_normed	last	proj	14	17	False	False	asc	1	0.047619047619047616	0.1746031746031746	0.07936507936507936	0.36507936507936506
act/31_normed	last	proj	13	17	False	True	asc	1	0.07936507936507936	0.23809523809523808	0.07936507936507936	0.30158730158730157
act/31_normed	last	proj	13	17	False	False	asc	1	0.07936507936507936	0.25396825396825395	0.07936507936507936	0.31746031746031744
act/31_normed	last	proj	12	19	False	False	asc	1	0.047619047619047616	0.2222222222222222	0.07936507936507936	0.30158730158730157
act/31_normed	last	proj	16	17	False	True	asc	1	0.06349206349206349	0.23809523809523808	0.07936507936507936	0.23809523809523808
act/31_normed	last	proj	16	17	False	False	asc	1	0.06349206349206349	0.23809523809523808	0.07936507936507936	0.23809523809523808
act/31_normed	last	proj	16	19	False	False	asc	1	0.0	0.06349206349206349	0.07936507936507936	0.31746031746031744
act/31_normed	last	proj	15	19	False	False	asc	1	0.0	0.15873015873015872	0.07936507936507936	0.3333333333333333
act/31	last	proj	4	20	False	False	asc	1	0.07936507936507936	0.3333333333333333	0.07936507936507936	0.3492063492063492
act/19	last	proj	14	16	True	True	asc	1	0.12698412698412698	0.25396825396825395	0.07936507936507936	0.31746031746031744
act/19	last	proj	14	16	True	False	asc	1	0.12698412698412698	0.25396825396825395	0.07936507936507936	0.31746031746031744
act/19	last	proj	13	19	True	True	asc	1	0.07936507936507936	0.25396825396825395	0.07936507936507936	0.3492063492063492
act/19	last	proj	13	19	True	False	asc	1	0.07936507936507936	0.23809523809523808	0.07936507936507936	0.3492063492063492
act/19	last	proj	13	15	True	True	asc	1	0.1111111111111111	0.23809523809523808	0.07936507936507936	0.3492063492063492
act/19	last	proj	13	15	True	False	asc	1	0.1111111111111111	0.23809523809523808	0.07936507936507936	0.3492063492063492
act/31_normed	last	proj	14	16	False	True	asc	1	0.07936507936507936	0.25396825396825395	0.07936507936507936	0.2698412698412698
act/31	last	proj	5	15	False	False	asc	1	0.09523809523809523	0.36507936507936506	0.07936507936507936	0.36507936507936506
act/23	last	proj	1	20	False	True	asc	1	0.047619047619047616	0.2222222222222222	0.07936507936507936	0.25396825396825395
act/23	last	proj	1	20	False	False	asc	1	0.047619047619047616	0.20634920634920634	0.07936507936507936	0.2698412698412698
act/23	last	proj	1	15	False	True	asc	1	0.07936507936507936	0.2698412698412698	0.07936507936507936	0.30158730158730157
act/23	last	proj	16	20	True	True	asc	1	0.06349206349206349	0.23809523809523808	0.07936507936507936	0.25396825396825395
act/19	last	proj	2	18	False	True	asc	1	0.14285714285714285	0.3333333333333333	0.07936507936507936	0.25396825396825395
act/19	last	proj	2	19	False	True	asc	1	0.15873015873015872	0.31746031746031744	0.07936507936507936	0.25396825396825395
act/19	last	proj	2	20	False	False	asc	1	0.07936507936507936	0.20634920634920634	0.07936507936507936	0.30158730158730157
act/19	last	proj	2	8	False	True	asc	1	0.15873015873015872	0.38095238095238093	0.07936507936507936	0.3492063492063492
embed	last	proj	0	3	False	True	asc	1	0.06349206349206349	0.20634920634920634	0.07936507936507936	0.31746031746031744
embed	last	proj	0	3	False	False	asc	1	0.06349206349206349	0.20634920634920634	0.07936507936507936	0.31746031746031744
embed	last	proj	0	4	False	True	asc	1	0.06349206349206349	0.20634920634920634	0.07936507936507936	0.31746031746031744
embed	last	proj	0	4	False	False	asc	1	0.06349206349206349	0.23809523809523808	0.07936507936507936	0.30158730158730157
act/31	last	proj	3	17	False	True	asc	1	0.19047619047619047	0.4444444444444444	0.07936507936507936	0.38095238095238093
act/31	last	proj	3	18	False	True	asc	1	0.12698412698412698	0.42857142857142855	0.07936507936507936	0.36507936507936506
act/31	last	proj	3	20	False	True	asc	1	0.12698412698412698	0.4126984126984127	0.07936507936507936	0.38095238095238093
act/27	last	proj	4	6	False	False	asc	1	0.015873015873015872	0.09523809523809523	0.07936507936507936	0.15873015873015872
act/27	last	proj	3	19	False	True	asc	1	0.09523809523809523	0.30158730158730157	0.07936507936507936	0.2857142857142857
act/7	last	proj	8	9	True	False	asc	1	0.07936507936507936	0.4444444444444444	0.07936507936507936	0.38095238095238093
act/23	last	proj	9	15	True	True	asc	1	0.047619047619047616	0.20634920634920634	0.07936507936507936	0.25396825396825395
act/23	last	proj	9	15	True	False	asc	1	0.031746031746031744	0.19047619047619047	0.07936507936507936	0.25396825396825395
act/23	last	proj	9	11	True	True	asc	1	0.07936507936507936	0.3492063492063492	0.07936507936507936	0.2857142857142857
act/23	last	proj	9	11	True	False	asc	1	0.07936507936507936	0.3492063492063492	0.07936507936507936	0.2857142857142857
act/19	last	proj	2	7	False	True	asc	1	0.14285714285714285	0.30158730158730157	0.07936507936507936	0.31746031746031744
act/27	last	proj	5	14	False	False	asc	1	0.06349206349206349	0.30158730158730157	0.07936507936507936	0.2698412698412698
act/27	last	proj	5	16	False	False	asc	1	0.07936507936507936	0.30158730158730157	0.07936507936507936	0.2698412698412698
act/27	last	proj	4	17	False	True	asc	1	0.09523809523809523	0.30158730158730157	0.07936507936507936	0.2698412698412698
act/27	last	proj	4	17	False	False	asc	1	0.07936507936507936	0.2857142857142857	0.07936507936507936	0.2857142857142857
act/27	last	proj	4	18	False	True	asc	1	0.09523809523809523	0.30158730158730157	0.07936507936507936	0.2698412698412698
act/27	last	proj	4	16	False	False	asc	1	0.09523809523809523	0.2857142857142857	0.07936507936507936	0.25396825396825395
act/27	last	proj	6	15	False	False	asc	1	0.14285714285714285	0.2857142857142857	0.07936507936507936	0.30158730158730157
act/27	last	proj	4	6	False	True	asc	1	0.015873015873015872	0.09523809523809523	0.07936507936507936	0.1746031746031746
act/7	last	proj	1	4	True	True	asc	1	0.12698412698412698	0.4444444444444444	0.07936507936507936	0.3492063492063492
act/19	last	proj	2	13	False	False	asc	1	0.09523809523809523	0.25396825396825395	0.07936507936507936	0.31746031746031744
act/31	last	proj	2	17	False	False	asc	1	0.1111111111111111	0.3968253968253968	0.07936507936507936	0.31746031746031744
act/31	last	proj	1	20	False	False	asc	1	0.12698412698412698	0.36507936507936506	0.07936507936507936	0.2857142857142857
act/31	last	proj	3	14	False	True	asc	1	0.19047619047619047	0.4444444444444444	0.07936507936507936	0.3492063492063492
act/31	last	proj	3	15	False	True	asc	1	0.14285714285714285	0.4126984126984127	0.07936507936507936	0.3492063492063492
act/31	last	proj	3	16	False	False	asc	1	0.09523809523809523	0.38095238095238093	0.07936507936507936	0.3968253968253968
act/23	last	proj	8	16	True	True	asc	1	0.047619047619047616	0.2222222222222222	0.07936507936507936	0.2857142857142857
act/11	last	proj	4	17	False	True	asc	1	0.15873015873015872	0.4126984126984127	0.07936507936507936	0.3333333333333333
act/11	last	proj	4	18	False	True	asc	1	0.15873015873015872	0.42857142857142855	0.07936507936507936	0.3333333333333333
act/11	last	proj	4	19	False	True	asc	1	0.12698412698412698	0.42857142857142855	0.07936507936507936	0.3492063492063492
act/11	last	proj	4	13	False	True	asc	1	0.14285714285714285	0.42857142857142855	0.07936507936507936	0.3333333333333333
act/11	last	proj	4	13	False	False	asc	1	0.1111111111111111	0.3968253968253968	0.07936507936507936	0.3492063492063492
act/11	last	proj	4	14	False	True	asc	1	0.14285714285714285	0.42857142857142855	0.07936507936507936	0.3333333333333333
act/11	last	proj	4	14	False	False	asc	1	0.1111111111111111	0.3968253968253968	0.07936507936507936	0.3492063492063492
act/11	last	proj	4	15	False	True	asc	1	0.15873015873015872	0.4126984126984127	0.07936507936507936	0.3492063492063492
act/11	last	proj	4	16	False	True	asc	1	0.15873015873015872	0.3968253968253968	0.07936507936507936	0.3492063492063492
act/11	last	proj	4	11	False	True	asc	1	0.14285714285714285	0.4444444444444444	0.07936507936507936	0.3492063492063492
act/11	last	proj	4	6	False	False	asc	1	0.14285714285714285	0.4126984126984127	0.07936507936507936	0.38095238095238093
act/11	last	proj	5	15	False	False	asc	1	0.09523809523809523	0.3333333333333333	0.07936507936507936	0.3968253968253968
act/11	last	proj	3	16	False	True	asc	1	0.1111111111111111	0.4126984126984127	0.07936507936507936	0.3333333333333333
act/11	last	proj	3	10	False	False	asc	1	0.15873015873015872	0.4126984126984127	0.07936507936507936	0.3492063492063492
act/11	last	proj	3	11	False	False	asc	1	0.09523809523809523	0.3968253968253968	0.07936507936507936	0.3333333333333333
act/11	last	proj	3	5	False	True	asc	1	0.15873015873015872	0.5555555555555556	0.07936507936507936	0.36507936507936506
act/31	last	proj	3	8	False	True	asc	1	0.20634920634920634	0.42857142857142855	0.07936507936507936	0.3492063492063492
act/31	last	proj	4	16	False	False	asc	1	0.07936507936507936	0.3968253968253968	0.07936507936507936	0.38095238095238093
act/23	last	proj	15	20	True	False	asc	1	0.09523809523809523	0.2857142857142857	0.07936507936507936	0.31746031746031744
act/23	last	proj	14	17	True	True	asc	1	0.031746031746031744	0.15873015873015872	0.07936507936507936	0.2222222222222222
act/23	last	proj	14	17	True	False	asc	1	0.031746031746031744	0.15873015873015872	0.07936507936507936	0.2222222222222222
act/23	last	proj	13	18	True	False	asc	1	0.031746031746031744	0.15873015873015872	0.07936507936507936	0.20634920634920634
act/23	last	proj	10	17	True	False	asc	1	0.06349206349206349	0.1746031746031746	0.07936507936507936	0.2698412698412698
act/23	last	proj	9	17	True	False	asc	1	0.031746031746031744	0.14285714285714285	0.07936507936507936	0.2857142857142857
act/19	last	proj	3	17	False	False	asc	1	0.06349206349206349	0.19047619047619047	0.07936507936507936	0.2857142857142857
act/19	last	proj	3	20	False	True	asc	1	0.06349206349206349	0.20634920634920634	0.07936507936507936	0.3492063492063492
act/19	last	proj	2	14	False	True	asc	1	0.14285714285714285	0.3333333333333333	0.07936507936507936	0.2857142857142857
act/19	last	proj	2	14	False	False	asc	1	0.07936507936507936	0.23809523809523808	0.07936507936507936	0.3492063492063492
act/19	last	proj	2	15	False	False	asc	1	0.06349206349206349	0.20634920634920634	0.07936507936507936	0.3492063492063492
act/19	last	proj	2	17	False	True	asc	1	0.12698412698412698	0.3333333333333333	0.07936507936507936	0.25396825396825395
act/19	last	proj	5	20	False	False	asc	1	0.06349206349206349	0.23809523809523808	0.07936507936507936	0.3492063492063492
act/19	last	proj	6	7	False	True	asc	1	0.14285714285714285	0.2857142857142857	0.07936507936507936	0.20634920634920634
act/27	last	proj	6	16	False	True	asc	1	0.06349206349206349	0.2698412698412698	0.07936507936507936	0.31746031746031744
act/3	last	proj	10	12	True	False	asc	1	0.14285714285714285	0.2222222222222222	0.07936507936507936	0.3492063492063492
act/27	last	proj	5	18	False	False	asc	1	0.1111111111111111	0.3492063492063492	0.07936507936507936	0.2698412698412698
act/19	last	proj	4	17	False	True	asc	1	0.06349206349206349	0.2857142857142857	0.07936507936507936	0.2857142857142857
act/19	last	proj	4	17	False	False	asc	1	0.06349206349206349	0.2222222222222222	0.07936507936507936	0.2857142857142857
act/19	last	proj	4	14	False	True	asc	1	0.1111111111111111	0.3492063492063492	0.07936507936507936	0.3333333333333333
act/31	last	proj	1	19	False	False	asc	1	0.12698412698412698	0.3492063492063492	0.07936507936507936	0.2698412698412698
act/19	last	proj	4	6	False	False	asc	1	0.09523809523809523	0.2698412698412698	0.07936507936507936	0.36507936507936506
act/27	last	proj	8	17	False	False	asc	1	0.06349206349206349	0.2222222222222222	0.07936507936507936	0.30158730158730157
act/27	last	proj	8	18	False	True	asc	1	0.07936507936507936	0.2698412698412698	0.07936507936507936	0.31746031746031744
act/27	last	proj	8	18	False	False	asc	1	0.06349206349206349	0.2222222222222222	0.07936507936507936	0.3333333333333333
act/27	last	proj	7	19	False	True	asc	1	0.07936507936507936	0.2698412698412698	0.07936507936507936	0.30158730158730157
act/27	last	proj	7	19	False	False	asc	1	0.047619047619047616	0.23809523809523808	0.07936507936507936	0.30158730158730157
act/27	last	proj	8	10	False	True	asc	1	0.1111111111111111	0.31746031746031744	0.07936507936507936	0.3492063492063492
act/27	last	proj	7	18	False	False	asc	1	0.06349206349206349	0.23809523809523808	0.07936507936507936	0.30158730158730157
act/27	last	proj	6	20	False	True	asc	1	0.1111111111111111	0.30158730158730157	0.07936507936507936	0.30158730158730157
act/23	last	proj	8	16	True	False	asc	1	0.06349206349206349	0.20634920634920634	0.07936507936507936	0.2698412698412698
act/23	last	proj	8	17	True	True	asc	1	0.047619047619047616	0.2222222222222222	0.07936507936507936	0.30158730158730157
act/23	last	proj	8	18	True	True	asc	1	0.06349206349206349	0.20634920634920634	0.07936507936507936	0.30158730158730157
act/11	last	proj	2	10	False	False	asc	1	0.12698412698412698	0.4444444444444444	0.07936507936507936	0.3968253968253968
act/11	last	proj	3	17	False	True	asc	1	0.1111111111111111	0.4126984126984127	0.07936507936507936	0.31746031746031744
act/27	last	proj	6	19	False	False	asc	1	0.09523809523809523	0.2857142857142857	0.07936507936507936	0.30158730158730157
act/27	last	proj	8	15	False	False	asc	1	0.07936507936507936	0.23809523809523808	0.07936507936507936	0.2857142857142857
act/27	last	proj	8	17	False	True	asc	1	0.07936507936507936	0.23809523809523808	0.07936507936507936	0.31746031746031744
act/19	last	proj	8	11	False	False	asc	1	0.09523809523809523	0.2857142857142857	0.07936507936507936	0.3492063492063492
act/19	last	proj	7	8	False	True	asc	1	0.09523809523809523	0.36507936507936506	0.07936507936507936	0.4126984126984127
act/19	last	proj	7	8	False	False	asc	1	0.09523809523809523	0.36507936507936506	0.07936507936507936	0.4126984126984127
act/19	last	proj	6	16	False	False	asc	1	0.06349206349206349	0.23809523809523808	0.07936507936507936	0.3333333333333333
act/19	last	proj	6	17	False	False	asc	1	0.07936507936507936	0.2698412698412698	0.07936507936507936	0.2857142857142857
act/19	last	proj	6	18	False	False	asc	1	0.07936507936507936	0.2698412698412698	0.07936507936507936	0.30158730158730157
act/19	last	proj	6	19	False	False	asc	1	0.07936507936507936	0.2698412698412698	0.07936507936507936	0.31746031746031744
act/19	last	proj	6	12	False	False	asc	1	0.07936507936507936	0.30158730158730157	0.07936507936507936	0.3333333333333333
act/11	last	proj	16	17	True	False	asc	1	0.07936507936507936	0.3333333333333333	0.07936507936507936	0.2698412698412698
act/11	last	proj	8	9	True	True	asc	1	0.09523809523809523	0.38095238095238093	0.07936507936507936	0.3492063492063492
act/11	last	proj	8	9	True	False	asc	1	0.09523809523809523	0.38095238095238093	0.07936507936507936	0.3492063492063492
act/11	last	proj	7	17	True	False	asc	1	0.09523809523809523	0.3492063492063492	0.07936507936507936	0.3492063492063492
act/11	last	proj	7	18	True	False	asc	1	0.1111111111111111	0.36507936507936506	0.07936507936507936	0.38095238095238093
act/11	last	proj	7	20	True	False	asc	1	0.1111111111111111	0.38095238095238093	0.07936507936507936	0.38095238095238093
act/11	last	proj	7	13	True	False	asc	1	0.09523809523809523	0.3333333333333333	0.07936507936507936	0.31746031746031744
act/11	last	proj	7	14	True	False	asc	1	0.09523809523809523	0.3333333333333333	0.07936507936507936	0.31746031746031744
act/23	last	proj	8	9	True	True	asc	1	0.07936507936507936	0.2698412698412698	0.07936507936507936	0.2857142857142857
act/23	last	proj	8	9	True	False	asc	1	0.07936507936507936	0.2698412698412698	0.07936507936507936	0.2857142857142857
act/23	last	proj	6	17	True	True	asc	1	0.07936507936507936	0.36507936507936506	0.07936507936507936	0.3333333333333333
act/23	last	proj	6	17	True	False	asc	1	0.047619047619047616	0.3333333333333333	0.07936507936507936	0.31746031746031744
act/11	last	proj	2	18	False	False	asc	1	0.09523809523809523	0.38095238095238093	0.07936507936507936	0.3492063492063492
act/7	last	proj	3	4	True	True	asc	1	0.12698412698412698	0.49206349206349204	0.07936507936507936	0.36507936507936506
act/7	last	proj	3	4	True	False	asc	1	0.12698412698412698	0.49206349206349204	0.07936507936507936	0.36507936507936506
act/11	last	proj	16	17	True	True	asc	1	0.07936507936507936	0.3333333333333333	0.07936507936507936	0.2698412698412698
act/19	last	proj	6	7	False	False	asc	1	0.14285714285714285	0.2857142857142857	0.07936507936507936	0.20634920634920634
act/19	last	proj	5	17	False	False	asc	1	0.047619047619047616	0.20634920634920634	0.07936507936507936	0.30158730158730157
act/19	last	proj	5	10	False	False	asc	1	0.07936507936507936	0.2857142857142857	0.07936507936507936	0.31746031746031744
act/19	last	proj	5	11	False	False	asc	1	0.1111111111111111	0.3492063492063492	0.07936507936507936	0.3492063492063492
act/31	last	proj	1	18	False	False	asc	1	0.09523809523809523	0.3333333333333333	0.07936507936507936	0.2698412698412698
act/19	last	proj	3	16	False	True	asc	1	0.06349206349206349	0.25396825396825395	0.07936507936507936	0.36507936507936506
act/19	last	proj	5	19	False	True	asc	1	0.07936507936507936	0.25396825396825395	0.07936507936507936	0.3333333333333333
act/19	last	proj	5	20	False	True	asc	1	0.09523809523809523	0.2698412698412698	0.07936507936507936	0.3333333333333333
act/31	last	proj	11	17	True	False	asc	1	0.06349206349206349	0.2698412698412698	0.07936507936507936	0.25396825396825395
act/19	last	proj	8	16	False	True	asc	1	0.07936507936507936	0.2857142857142857	0.07936507936507936	0.30158730158730157
act/19	last	proj	8	16	False	False	asc	1	0.09523809523809523	0.30158730158730157	0.07936507936507936	0.31746031746031744
act/19	last	proj	8	11	False	True	asc	1	0.09523809523809523	0.3333333333333333	0.07936507936507936	0.3492063492063492
act/27	last	proj	6	19	False	True	asc	1	0.1111111111111111	0.30158730158730157	0.07936507936507936	0.30158730158730157
act/11	last	proj	6	8	True	True	asc	1	0.07936507936507936	0.3333333333333333	0.07936507936507936	0.3333333333333333
act/11	last	proj	6	8	True	False	asc	1	0.07936507936507936	0.3333333333333333	0.07936507936507936	0.3333333333333333
act/11	last	proj	5	19	True	True	asc	1	0.1746031746031746	0.4444444444444444	0.07936507936507936	0.49206349206349204
act/27	last	proj	12	16	False	False	asc	1	0.0	0.09523809523809523	0.07936507936507936	0.19047619047619047
act/27	last	proj	11	18	False	True	asc	1	0.047619047619047616	0.1746031746031746	0.07936507936507936	0.23809523809523808
act/27	last	proj	11	18	False	False	asc	1	0.047619047619047616	0.1746031746031746	0.07936507936507936	0.25396825396825395
act/27	last	proj	6	17	False	True	asc	1	0.07936507936507936	0.30158730158730157	0.07936507936507936	0.30158730158730157
act/27	last	proj	6	18	False	True	asc	1	0.09523809523809523	0.2857142857142857	0.07936507936507936	0.30158730158730157
act/31	last	proj	9	19	True	False	asc	1	0.047619047619047616	0.2857142857142857	0.07936507936507936	0.2222222222222222
act/31	last	proj	9	20	True	False	asc	1	0.047619047619047616	0.2698412698412698	0.07936507936507936	0.25396825396825395
act/31	last	proj	11	17	True	True	asc	1	0.06349206349206349	0.2698412698412698	0.07936507936507936	0.25396825396825395
act/27	last	proj	10	15	False	False	asc	1	0.07936507936507936	0.23809523809523808	0.07936507936507936	0.23809523809523808
act/27	last	proj	9	20	False	True	asc	1	0.031746031746031744	0.14285714285714285	0.07936507936507936	0.2698412698412698
act/27	last	proj	10	12	False	True	asc	1	0.14285714285714285	0.31746031746031744	0.07936507936507936	0.3333333333333333
act/27	last	proj	10	12	False	False	asc	1	0.14285714285714285	0.31746031746031744	0.07936507936507936	0.3333333333333333
act/27	last	proj	9	16	False	True	asc	1	0.047619047619047616	0.1111111111111111	0.07936507936507936	0.19047619047619047
act/27	last	proj	9	16	False	False	asc	1	0.047619047619047616	0.1111111111111111	0.07936507936507936	0.19047619047619047
act/27	last	proj	9	14	False	True	asc	1	0.06349206349206349	0.14285714285714285	0.07936507936507936	0.19047619047619047
act/27	last	proj	9	14	False	False	asc	1	0.06349206349206349	0.14285714285714285	0.07936507936507936	0.1746031746031746
act/19	last	proj	6	13	False	False	asc	1	0.07936507936507936	0.3333333333333333	0.07936507936507936	0.3492063492063492
act/19	last	proj	6	14	False	False	asc	1	0.09523809523809523	0.2857142857142857	0.07936507936507936	0.30158730158730157
act/31	last	proj	16	17	True	True	asc	1	0.031746031746031744	0.1111111111111111	0.07936507936507936	0.23809523809523808
act/31	last	proj	16	17	True	False	asc	1	0.031746031746031744	0.1111111111111111	0.07936507936507936	0.23809523809523808
act/11	last	proj	5	20	True	True	asc	1	0.15873015873015872	0.42857142857142855	0.07936507936507936	0.47619047619047616
act/3	last	proj	5	13	True	True	asc	1	0.07936507936507936	0.2698412698412698	0.07936507936507936	0.2222222222222222
act/3	last	proj	5	13	True	False	asc	1	0.031746031746031744	0.23809523809523808	0.07936507936507936	0.23809523809523808
act/27	last	proj	10	15	False	True	asc	1	0.09523809523809523	0.25396825396825395	0.07936507936507936	0.25396825396825395
act/3	last	proj	5	9	True	True	asc	1	0.1111111111111111	0.30158730158730157	0.07936507936507936	0.2857142857142857
act/3	last	proj	4	9	True	False	asc	1	0.07936507936507936	0.3333333333333333	0.07936507936507936	0.30158730158730157
act/27	last	proj	16	18	False	True	asc	1	0.12698412698412698	0.3333333333333333	0.07936507936507936	0.3333333333333333
act/27	last	norm_l1	0	0	False	False	asc	1	0.06349206349206349	0.31746031746031744	0.07936507936507936	0.36507936507936506
act/27	last	norm_l1	0	0	True	False	asc	1	0.09523809523809523	0.2857142857142857	0.07936507936507936	0.31746031746031744
act/7	last	proj	7	14	False	False	asc	1	0.15873015873015872	0.4126984126984127	0.07936507936507936	0.2698412698412698
embed	last	proj	14	15	False	False	asc	1	0.06349206349206349	0.30158730158730157	0.07936507936507936	0.30158730158730157
act/31	last	proj	6	15	True	True	asc	1	0.09523809523809523	0.36507936507936506	0.07936507936507936	0.30158730158730157
act/27	last	proj	10	20	False	True	asc	1	0.047619047619047616	0.1746031746031746	0.07936507936507936	0.31746031746031744
act/3	last	proj	5	11	True	True	asc	1	0.07936507936507936	0.2698412698412698	0.07936507936507936	0.2222222222222222
act/3	last	proj	5	12	True	True	asc	1	0.07936507936507936	0.25396825396825395	0.07936507936507936	0.2222222222222222
act/3	last	proj	5	12	True	False	asc	1	0.06349206349206349	0.25396825396825395	0.07936507936507936	0.2222222222222222
act/11	last	proj	4	12	True	False	asc	1	0.09523809523809523	0.3968253968253968	0.07936507936507936	0.31746031746031744
act/11	last	proj	4	14	True	True	asc	1	0.09523809523809523	0.3492063492063492	0.07936507936507936	0.31746031746031744
act/11	last	proj	2	11	True	False	asc	1	0.07936507936507936	0.4126984126984127	0.07936507936507936	0.3333333333333333
act/7	last	proj	7	20	False	False	asc	1	0.1111111111111111	0.3968253968253968	0.07936507936507936	0.36507936507936506
act/19	last	proj	13	16	False	False	asc	1	0.07936507936507936	0.2222222222222222	0.07936507936507936	0.36507936507936506
act/19	last	proj	17	19	False	True	asc	1	0.19047619047619047	0.3492063492063492	0.07936507936507936	0.38095238095238093
act/31	last	proj	9	17	True	False	asc	1	0.06349206349206349	0.2857142857142857	0.07936507936507936	0.23809523809523808
act/31	last	proj	9	10	True	True	asc	1	0.12698412698412698	0.2698412698412698	0.07936507936507936	0.2857142857142857
act/31	last	proj	9	10	True	False	asc	1	0.12698412698412698	0.2698412698412698	0.07936507936507936	0.2857142857142857
act/31	last	proj	8	17	True	True	asc	1	0.031746031746031744	0.2857142857142857	0.07936507936507936	0.3333333333333333
act/31	last	proj	8	19	True	True	asc	1	0.031746031746031744	0.3333333333333333	0.07936507936507936	0.31746031746031744
act/31	last	proj	8	16	True	True	asc	1	0.07936507936507936	0.4126984126984127	0.07936507936507936	0.38095238095238093
act/19	last	proj	11	16	False	False	asc	1	0.031746031746031744	0.12698412698412698	0.07936507936507936	0.2857142857142857
act/19	last	proj	10	19	False	True	asc	1	0.1111111111111111	0.2698412698412698	0.07936507936507936	0.3492063492063492
act/19	last	proj	14	19	False	True	asc	1	0.06349206349206349	0.14285714285714285	0.07936507936507936	0.38095238095238093
act/19	last	proj	14	19	False	False	asc	1	0.06349206349206349	0.15873015873015872	0.07936507936507936	0.38095238095238093
act/31	last	proj	5	14	True	True	asc	1	0.14285714285714285	0.42857142857142855	0.07936507936507936	0.4126984126984127
act/31	last	proj	5	9	True	True	asc	1	0.19047619047619047	0.5555555555555556	0.07936507936507936	0.36507936507936506
act/31	last	proj	5	9	True	False	asc	1	0.19047619047619047	0.5396825396825397	0.07936507936507936	0.36507936507936506
act/19	last	proj	13	16	False	True	asc	1	0.07936507936507936	0.2222222222222222	0.07936507936507936	0.36507936507936506
act/7	last	proj	15	16	True	True	asc	1	0.047619047619047616	0.1746031746031746	0.07936507936507936	0.2698412698412698
act/7	last	proj	15	16	True	False	asc	1	0.047619047619047616	0.1746031746031746	0.07936507936507936	0.2698412698412698
act/15	last	proj	2	3	False	True	asc	1	0.047619047619047616	0.2698412698412698	0.07936507936507936	0.3333333333333333
act/31_normed	last	proj	7	11	True	True	asc	1	0.09523809523809523	0.3333333333333333	0.07936507936507936	0.2698412698412698
act/31_normed	last	proj	7	11	True	False	asc	1	0.12698412698412698	0.3492063492063492	0.07936507936507936	0.2698412698412698
act/31_normed	last	proj	7	12	True	True	asc	1	0.14285714285714285	0.3968253968253968	0.07936507936507936	0.30158730158730157
act/31_normed	last	proj	7	12	True	False	asc	1	0.12698412698412698	0.4126984126984127	0.07936507936507936	0.31746031746031744
act/31_normed	last	proj	7	14	True	False	asc	1	0.09523809523809523	0.42857142857142855	0.07936507936507936	0.38095238095238093
act/11	last	proj	1	10	True	False	asc	1	0.1111111111111111	0.42857142857142855	0.07936507936507936	0.3492063492063492
act/7	last	proj	8	11	False	True	asc	1	0.06349206349206349	0.38095238095238093	0.07936507936507936	0.31746031746031744
act/27	last	proj	0	16	True	False	asc	1	0.1746031746031746	0.31746031746031744	0.07936507936507936	0.23809523809523808
act/27	last	proj	1	16	True	False	asc	1	0.1746031746031746	0.3492063492063492	0.07936507936507936	0.30158730158730157
act/27	last	proj	1	17	True	False	asc	1	0.1746031746031746	0.3333333333333333	0.07936507936507936	0.30158730158730157
act/3	last	proj	6	9	False	True	asc	1	0.047619047619047616	0.20634920634920634	0.07936507936507936	0.25396825396825395
act/7	last	proj	16	20	True	True	asc	1	0.09523809523809523	0.3333333333333333	0.07936507936507936	0.38095238095238093
act/7	last	proj	16	20	True	False	asc	1	0.09523809523809523	0.3333333333333333	0.07936507936507936	0.38095238095238093
act/31	last	proj	7	17	True	False	asc	1	0.047619047619047616	0.30158730158730157	0.07936507936507936	0.2698412698412698
act/3	last	proj	6	9	True	True	asc	1	0.20634920634920634	0.4126984126984127	0.07936507936507936	0.3333333333333333
act/3	last	proj	6	9	True	False	asc	1	0.19047619047619047	0.3968253968253968	0.07936507936507936	0.3333333333333333
act/7	last	proj	5	8	True	False	asc	1	0.14285714285714285	0.36507936507936506	0.07936507936507936	0.3492063492063492
act/7	last	proj	5	10	True	True	asc	1	0.12698412698412698	0.4126984126984127	0.07936507936507936	0.3492063492063492
act/7	last	proj	5	10	True	False	asc	1	0.14285714285714285	0.4126984126984127	0.07936507936507936	0.3492063492063492
act/7	last	proj	5	11	True	True	asc	1	0.12698412698412698	0.36507936507936506	0.07936507936507936	0.36507936507936506
act/7	last	proj	7	12	True	False	asc	1	0.12698412698412698	0.36507936507936506	0.07936507936507936	0.2222222222222222
act/31	last	proj	6	17	True	True	asc	1	0.015873015873015872	0.2857142857142857	0.07936507936507936	0.2857142857142857
act/31	last	proj	6	17	True	False	asc	1	0.031746031746031744	0.2857142857142857	0.07936507936507936	0.31746031746031744
act/31	last	proj	6	10	True	True	asc	1	0.12698412698412698	0.3333333333333333	0.07936507936507936	0.2698412698412698
act/31	last	proj	6	10	True	False	asc	1	0.1111111111111111	0.3333333333333333	0.07936507936507936	0.2698412698412698
act/31	last	proj	6	8	True	True	asc	1	0.06349206349206349	0.2222222222222222	0.07936507936507936	0.25396825396825395
act/31	last	proj	6	8	True	False	asc	1	0.06349206349206349	0.2222222222222222	0.07936507936507936	0.25396825396825395
act/31	last	proj	8	11	True	True	asc	1	0.12698412698412698	0.3968253968253968	0.07936507936507936	0.3492063492063492
act/31	last	proj	7	17	True	True	asc	1	0.047619047619047616	0.30158730158730157	0.07936507936507936	0.25396825396825395
act/11	last	proj	2	7	True	True	asc	1	0.12698412698412698	0.3968253968253968	0.06349206349206349	0.36507936507936506
act/11	last	proj	0	20	True	False	asc	1	0.14285714285714285	0.4126984126984127	0.06349206349206349	0.3333333333333333
act/11	last	proj	2	4	True	False	asc	1	0.09523809523809523	0.49206349206349204	0.06349206349206349	0.36507936507936506
act/7	last	proj	6	10	True	True	asc	1	0.07936507936507936	0.4126984126984127	0.06349206349206349	0.2698412698412698
act/11	last	proj	2	4	True	True	asc	1	0.1111111111111111	0.47619047619047616	0.06349206349206349	0.3492063492063492
act/11	last	proj	6	15	True	True	asc	1	0.07936507936507936	0.31746031746031744	0.06349206349206349	0.3333333333333333
act/11	last	proj	6	15	True	False	asc	1	0.09523809523809523	0.3492063492063492	0.06349206349206349	0.31746031746031744
act/11	last	proj	6	16	True	True	asc	1	0.09523809523809523	0.3333333333333333	0.06349206349206349	0.3492063492063492
act/11	last	proj	6	17	True	True	asc	1	0.09523809523809523	0.36507936507936506	0.06349206349206349	0.36507936507936506
act/11	last	proj	6	18	True	True	asc	1	0.09523809523809523	0.36507936507936506	0.06349206349206349	0.3492063492063492
act/11	last	proj	6	20	True	True	asc	1	0.1111111111111111	0.38095238095238093	0.06349206349206349	0.3492063492063492
act/11	last	proj	7	8	True	True	asc	1	0.07936507936507936	0.3492063492063492	0.06349206349206349	0.3333333333333333
act/11	last	proj	7	20	True	True	asc	1	0.07936507936507936	0.36507936507936506	0.06349206349206349	0.3492063492063492
act/11	last	proj	7	15	True	True	asc	1	0.07936507936507936	0.30158730158730157	0.06349206349206349	0.31746031746031744
act/11	last	proj	7	15	True	False	asc	1	0.07936507936507936	0.30158730158730157	0.06349206349206349	0.31746031746031744
act/11	last	proj	7	16	True	True	asc	1	0.07936507936507936	0.30158730158730157	0.06349206349206349	0.30158730158730157
act/11	last	proj	7	16	True	False	asc	1	0.09523809523809523	0.31746031746031744	0.06349206349206349	0.30158730158730157
act/11	last	proj	7	17	True	True	asc	1	0.07936507936507936	0.3333333333333333	0.06349206349206349	0.3492063492063492
act/11	last	proj	7	18	True	True	asc	1	0.07936507936507936	0.3492063492063492	0.06349206349206349	0.3333333333333333
act/11	last	proj	7	19	True	True	asc	1	0.07936507936507936	0.36507936507936506	0.06349206349206349	0.3492063492063492
act/11	last	proj	7	19	True	False	asc	1	0.1111111111111111	0.38095238095238093	0.06349206349206349	0.36507936507936506
act/11	last	proj	11	14	True	True	asc	1	0.15873015873015872	0.30158730158730157	0.06349206349206349	0.2857142857142857
act/11	last	proj	11	14	True	False	asc	1	0.15873015873015872	0.30158730158730157	0.06349206349206349	0.2857142857142857
act/11	last	proj	11	15	True	True	asc	1	0.12698412698412698	0.30158730158730157	0.06349206349206349	0.30158730158730157
act/11	last	proj	11	15	True	False	asc	1	0.12698412698412698	0.30158730158730157	0.06349206349206349	0.30158730158730157
act/11	last	proj	7	13	True	True	asc	1	0.09523809523809523	0.36507936507936506	0.06349206349206349	0.2857142857142857
act/11	last	proj	7	14	True	True	asc	1	0.09523809523809523	0.3492063492063492	0.06349206349206349	0.30158730158730157
act/31_normed	last	proj	9	12	False	True	asc	1	0.1111111111111111	0.42857142857142855	0.06349206349206349	0.2857142857142857
act/31_normed	last	proj	9	12	False	False	asc	1	0.1111111111111111	0.4126984126984127	0.06349206349206349	0.2698412698412698
act/31_normed	last	proj	7	20	False	False	asc	1	0.047619047619047616	0.31746031746031744	0.06349206349206349	0.3333333333333333
act/31_normed	last	proj	8	11	False	True	asc	1	0.07936507936507936	0.30158730158730157	0.06349206349206349	0.30158730158730157
act/31_normed	last	proj	14	16	False	False	asc	1	0.06349206349206349	0.23809523809523808	0.06349206349206349	0.2698412698412698
act/31_normed	last	proj	9	11	False	True	asc	1	0.06349206349206349	0.31746031746031744	0.06349206349206349	0.31746031746031744
act/31_normed	last	proj	9	11	False	False	asc	1	0.06349206349206349	0.31746031746031744	0.06349206349206349	0.31746031746031744
act/31_normed	last	proj	17	18	False	True	asc	1	0.0	0.12698412698412698	0.06349206349206349	0.31746031746031744
act/31_normed	last	proj	17	18	False	False	asc	1	0.0	0.12698412698412698	0.06349206349206349	0.31746031746031744
act/31_normed	last	proj	17	19	False	True	asc	1	0.031746031746031744	0.1111111111111111	0.06349206349206349	0.2222222222222222
act/31_normed	last	proj	17	19	False	False	asc	1	0.031746031746031744	0.1111111111111111	0.06349206349206349	0.2222222222222222
act/31_normed	last	proj	12	20	False	False	asc	1	0.047619047619047616	0.2222222222222222	0.06349206349206349	0.25396825396825395
act/31_normed	last	proj	15	19	False	True	asc	1	0.0	0.1746031746031746	0.06349206349206349	0.31746031746031744
act/31_normed	last	proj	16	18	False	True	asc	1	0.031746031746031744	0.14285714285714285	0.06349206349206349	0.31746031746031744
act/31_normed	last	proj	16	18	False	False	asc	1	0.031746031746031744	0.14285714285714285	0.06349206349206349	0.31746031746031744
act/31_normed	last	proj	16	19	False	True	asc	1	0.0	0.06349206349206349	0.06349206349206349	0.30158730158730157
act/31_normed	last	proj	6	13	False	False	asc	1	0.12698412698412698	0.4126984126984127	0.06349206349206349	0.4126984126984127
act/31_normed	last	proj	2	18	False	False	asc	1	0.047619047619047616	0.42857142857142855	0.06349206349206349	0.3492063492063492
act/31_normed	last	proj	1	20	False	True	asc	1	0.12698412698412698	0.3333333333333333	0.06349206349206349	0.31746031746031744
act/31_normed	last	proj	15	16	True	True	asc	1	0.031746031746031744	0.2698412698412698	0.06349206349206349	0.31746031746031744
act/31_normed	last	proj	15	16	True	False	asc	1	0.031746031746031744	0.2698412698412698	0.06349206349206349	0.31746031746031744
act/31_normed	last	proj	7	16	False	True	asc	1	0.06349206349206349	0.42857142857142855	0.06349206349206349	0.36507936507936506
act/31_normed	last	proj	6	9	False	True	asc	1	0.1746031746031746	0.5079365079365079	0.06349206349206349	0.42857142857142855
act/31_normed	last	proj	6	10	False	True	asc	1	0.14285714285714285	0.4603174603174603	0.06349206349206349	0.3968253968253968
act/31_normed	last	proj	6	10	False	False	asc	1	0.14285714285714285	0.4603174603174603	0.06349206349206349	0.3968253968253968
act/31_normed	last	proj	6	12	False	True	asc	1	0.14285714285714285	0.4444444444444444	0.06349206349206349	0.3968253968253968
act/31_normed	last	proj	6	12	False	False	asc	1	0.1111111111111111	0.4126984126984127	0.06349206349206349	0.4126984126984127
act/31_normed	last	proj	6	13	False	True	asc	1	0.1111111111111111	0.42857142857142855	0.06349206349206349	0.42857142857142855
act/31_normed	last	proj	6	16	False	False	asc	1	0.07936507936507936	0.4126984126984127	0.06349206349206349	0.38095238095238093
act/31_normed	last	proj	6	18	False	False	asc	1	0.047619047619047616	0.42857142857142855	0.06349206349206349	0.36507936507936506
act/31_normed	last	proj	6	19	False	False	asc	1	0.047619047619047616	0.3968253968253968	0.06349206349206349	0.38095238095238093
act/31_normed	last	proj	8	11	False	False	asc	1	0.07936507936507936	0.30158730158730157	0.06349206349206349	0.31746031746031744
act/31_normed	last	proj	6	14	False	True	asc	1	0.1746031746031746	0.5079365079365079	0.06349206349206349	0.4126984126984127
act/31_normed	last	proj	6	14	False	False	asc	1	0.14285714285714285	0.42857142857142855	0.06349206349206349	0.3968253968253968
act/31_normed	last	proj	6	16	False	True	asc	1	0.1111111111111111	0.4444444444444444	0.06349206349206349	0.4126984126984127
act/11	last	proj	11	12	True	True	asc	1	0.09523809523809523	0.2857142857142857	0.06349206349206349	0.3333333333333333
act/11	last	proj	11	12	True	False	asc	1	0.09523809523809523	0.2857142857142857	0.06349206349206349	0.3333333333333333
act/11	last	proj	13	16	True	True	asc	1	0.19047619047619047	0.3492063492063492	0.06349206349206349	0.2698412698412698
act/11	last	proj	13	16	True	False	asc	1	0.19047619047619047	0.3492063492063492	0.06349206349206349	0.2698412698412698
act/11	last	proj	10	14	True	True	asc	1	0.09523809523809523	0.2222222222222222	0.06349206349206349	0.25396825396825395
act/11	last	proj	10	14	True	False	asc	1	0.09523809523809523	0.2222222222222222	0.06349206349206349	0.2698412698412698
act/11	last	proj	3	10	False	True	asc	1	0.1746031746031746	0.4603174603174603	0.06349206349206349	0.30158730158730157
act/11	last	proj	3	18	False	True	asc	1	0.1111111111111111	0.3968253968253968	0.06349206349206349	0.30158730158730157
act/11	last	proj	3	19	False	True	asc	1	0.09523809523809523	0.38095238095238093	0.06349206349206349	0.30158730158730157
act/11	last	proj	2	11	False	False	asc	1	0.14285714285714285	0.4603174603174603	0.06349206349206349	0.4126984126984127
act/11	last	proj	3	4	False	True	asc	1	0.15873015873015872	0.4126984126984127	0.06349206349206349	0.36507936507936506
act/11	last	proj	3	4	False	False	asc	1	0.15873015873015872	0.4126984126984127	0.06349206349206349	0.36507936507936506
act/11	last	proj	13	15	True	True	asc	1	0.14285714285714285	0.23809523809523808	0.06349206349206349	0.31746031746031744
act/11	last	proj	13	15	True	False	asc	1	0.14285714285714285	0.23809523809523808	0.06349206349206349	0.31746031746031744
act/11	last	proj	5	11	False	True	asc	1	0.14285714285714285	0.38095238095238093	0.06349206349206349	0.3492063492063492
act/11	last	proj	5	13	False	True	asc	1	0.12698412698412698	0.3968253968253968	0.06349206349206349	0.30158730158730157
act/11	last	proj	5	14	False	True	asc	1	0.12698412698412698	0.4126984126984127	0.06349206349206349	0.2857142857142857
act/11	last	proj	5	14	False	False	asc	1	0.09523809523809523	0.38095238095238093	0.06349206349206349	0.3492063492063492
act/31_normed	last	proj	12	17	True	False	asc	1	0.031746031746031744	0.2857142857142857	0.06349206349206349	0.3492063492063492
act/31_normed	last	proj	12	18	True	True	asc	1	0.031746031746031744	0.20634920634920634	0.06349206349206349	0.3333333333333333
act/31_normed	last	proj	12	18	True	False	asc	1	0.031746031746031744	0.23809523809523808	0.06349206349206349	0.31746031746031744
act/31_normed	last	proj	12	19	True	False	asc	1	0.031746031746031744	0.19047619047619047	0.06349206349206349	0.2698412698412698
act/31_normed	last	proj	12	20	True	True	asc	1	0.031746031746031744	0.15873015873015872	0.06349206349206349	0.23809523809523808
act/31_normed	last	proj	16	19	True	False	asc	1	0.015873015873015872	0.09523809523809523	0.06349206349206349	0.19047619047619047
act/31_normed	last	proj	16	20	True	True	asc	1	0.015873015873015872	0.09523809523809523	0.06349206349206349	0.20634920634920634
act/31_normed	last	proj	16	20	True	False	asc	1	0.015873015873015872	0.09523809523809523	0.06349206349206349	0.2222222222222222
act/31_normed	last	proj	12	17	True	True	asc	1	0.015873015873015872	0.2857142857142857	0.06349206349206349	0.3492063492063492
act/31_normed	last	proj	15	18	True	True	asc	1	0.015873015873015872	0.1746031746031746	0.06349206349206349	0.2222222222222222
act/31_normed	last	proj	15	18	True	False	asc	1	0.015873015873015872	0.15873015873015872	0.06349206349206349	0.20634920634920634
act/11	last	proj	6	15	False	False	asc	1	0.14285714285714285	0.42857142857142855	0.06349206349206349	0.49206349206349204
act/11	last	proj	6	17	False	True	asc	1	0.1746031746031746	0.4444444444444444	0.06349206349206349	0.4444444444444444
act/11	last	proj	6	20	False	True	asc	1	0.14285714285714285	0.42857142857142855	0.06349206349206349	0.4444444444444444
act/11	last	proj	8	14	False	False	asc	1	0.07936507936507936	0.3968253968253968	0.06349206349206349	0.3492063492063492
act/11	last	proj	6	11	False	True	asc	1	0.09523809523809523	0.3968253968253968	0.06349206349206349	0.4126984126984127
act/11	last	proj	6	12	False	True	asc	1	0.12698412698412698	0.4126984126984127	0.06349206349206349	0.3968253968253968
act/11	last	proj	6	12	False	False	asc	1	0.09523809523809523	0.3968253968253968	0.06349206349206349	0.42857142857142855
act/11	last	proj	8	10	False	False	asc	1	0.07936507936507936	0.3968253968253968	0.06349206349206349	0.4126984126984127
act/11	last	proj	8	11	False	True	asc	1	0.07936507936507936	0.42857142857142855	0.06349206349206349	0.3492063492063492
act/11	last	proj	8	11	False	False	asc	1	0.07936507936507936	0.4126984126984127	0.06349206349206349	0.3492063492063492
act/11	last	proj	8	13	False	False	asc	1	0.09523809523809523	0.42857142857142855	0.06349206349206349	0.3492063492063492
act/11	last	proj	7	15	False	True	asc	1	0.07936507936507936	0.3333333333333333	0.06349206349206349	0.3333333333333333
act/11	last	proj	7	16	False	True	asc	1	0.07936507936507936	0.3333333333333333	0.06349206349206349	0.36507936507936506
act/31_normed	last	proj	8	11	True	False	asc	1	0.1111111111111111	0.3492063492063492	0.06349206349206349	0.2222222222222222
act/31_normed	last	proj	8	14	True	True	asc	1	0.12698412698412698	0.36507936507936506	0.06349206349206349	0.3492063492063492
act/31_normed	last	proj	8	14	True	False	asc	1	0.12698412698412698	0.4126984126984127	0.06349206349206349	0.3492063492063492
act/31_normed	last	proj	8	16	True	False	asc	1	0.047619047619047616	0.31746031746031744	0.06349206349206349	0.30158730158730157
act/7	last	proj	15	17	True	True	asc	1	0.09523809523809523	0.31746031746031744	0.06349206349206349	0.3333333333333333
act/7	last	proj	15	17	True	False	asc	1	0.09523809523809523	0.3333333333333333	0.06349206349206349	0.3333333333333333
act/31_normed	last	proj	8	11	True	True	asc	1	0.1111111111111111	0.31746031746031744	0.06349206349206349	0.23809523809523808
act/31_normed	last	proj	10	19	True	False	asc	1	0.047619047619047616	0.2222222222222222	0.06349206349206349	0.25396825396825395
act/31_normed	last	proj	9	20	True	True	asc	1	0.031746031746031744	0.1746031746031746	0.06349206349206349	0.2222222222222222
act/11	last	proj	11	14	False	True	asc	1	0.12698412698412698	0.30158730158730157	0.06349206349206349	0.23809523809523808
act/11	last	proj	11	14	False	False	asc	1	0.12698412698412698	0.2857142857142857	0.06349206349206349	0.25396825396825395
act/11	last	proj	8	15	False	True	asc	1	0.06349206349206349	0.3333333333333333	0.06349206349206349	0.36507936507936506
act/11	last	proj	8	16	False	True	asc	1	0.07936507936507936	0.3492063492063492	0.06349206349206349	0.3492063492063492
act/11	last	proj	8	17	False	True	asc	1	0.07936507936507936	0.3333333333333333	0.06349206349206349	0.36507936507936506
act/11	last	proj	8	18	False	True	asc	1	0.07936507936507936	0.3492063492063492	0.06349206349206349	0.36507936507936506
act/15	last	proj	5	16	True	False	asc	1	0.20634920634920634	0.4444444444444444	0.06349206349206349	0.3492063492063492
act/15	last	proj	5	17	True	False	asc	1	0.19047619047619047	0.4126984126984127	0.06349206349206349	0.36507936507936506
act/15	last	proj	2	3	True	True	asc	1	0.25396825396825395	0.5238095238095238	0.06349206349206349	0.3492063492063492
act/15	last	proj	2	3	True	False	asc	1	0.25396825396825395	0.5238095238095238	0.06349206349206349	0.3492063492063492
act/15	last	proj	6	17	True	False	asc	1	0.14285714285714285	0.38095238095238093	0.06349206349206349	0.36507936507936506
act/15	last	proj	6	18	True	True	asc	1	0.1111111111111111	0.3492063492063492	0.06349206349206349	0.3492063492063492
act/15	last	proj	6	18	True	False	asc	1	0.14285714285714285	0.38095238095238093	0.06349206349206349	0.3492063492063492
act/15	last	proj	6	19	True	True	asc	1	0.1111111111111111	0.3333333333333333	0.06349206349206349	0.36507936507936506
act/15	last	proj	6	19	True	False	asc	1	0.14285714285714285	0.36507936507936506	0.06349206349206349	0.36507936507936506
act/15	last	proj	5	15	True	True	asc	1	0.19047619047619047	0.4444444444444444	0.06349206349206349	0.36507936507936506
act/15	last	proj	5	15	True	False	asc	1	0.19047619047619047	0.4603174603174603	0.06349206349206349	0.3492063492063492
act/15	last	proj	5	16	True	True	asc	1	0.1746031746031746	0.4444444444444444	0.06349206349206349	0.38095238095238093
act/15	last	proj	6	12	True	True	asc	1	0.15873015873015872	0.3968253968253968	0.06349206349206349	0.3333333333333333
act/15	last	proj	6	13	True	True	asc	1	0.15873015873015872	0.42857142857142855	0.06349206349206349	0.3333333333333333
act/15	last	proj	6	14	True	False	asc	1	0.12698412698412698	0.3492063492063492	0.06349206349206349	0.3333333333333333
act/15	last	proj	6	15	True	True	asc	1	0.07936507936507936	0.31746031746031744	0.06349206349206349	0.38095238095238093
act/15	last	proj	6	16	True	True	asc	1	0.09523809523809523	0.3333333333333333	0.06349206349206349	0.38095238095238093
act/15	last	proj	6	16	True	False	asc	1	0.1111111111111111	0.36507936507936506	0.06349206349206349	0.3492063492063492
act/15	last	proj	6	17	True	True	asc	1	0.1111111111111111	0.3333333333333333	0.06349206349206349	0.38095238095238093
act/31_normed	last	proj	7	18	True	False	asc	1	0.031746031746031744	0.2222222222222222	0.06349206349206349	0.25396825396825395
act/31_normed	last	proj	5	16	True	False	asc	1	0.09523809523809523	0.42857142857142855	0.06349206349206349	0.36507936507936506
act/31_normed	last	proj	7	13	True	False	asc	1	0.1111111111111111	0.3968253968253968	0.06349206349206349	0.3333333333333333
act/31_normed	last	proj	7	15	True	True	asc	1	0.07936507936507936	0.4126984126984127	0.06349206349206349	0.36507936507936506
act/31_normed	last	proj	6	16	True	True	asc	1	0.07936507936507936	0.4444444444444444	0.06349206349206349	0.3333333333333333
act/31_normed	last	proj	6	16	True	False	asc	1	0.047619047619047616	0.3968253968253968	0.06349206349206349	0.3492063492063492
act/31_normed	last	proj	9	11	True	True	asc	1	0.1111111111111111	0.47619047619047616	0.06349206349206349	0.36507936507936506
act/31_normed	last	proj	9	11	True	False	asc	1	0.1111111111111111	0.47619047619047616	0.06349206349206349	0.36507936507936506
act/15	last	proj	6	11	True	True	asc	1	0.15873015873015872	0.42857142857142855	0.06349206349206349	0.3492063492063492
act/15	last	proj	6	11	True	False	asc	1	0.15873015873015872	0.4126984126984127	0.06349206349206349	0.3333333333333333
act/15	last	proj	7	17	True	True	asc	1	0.1111111111111111	0.3968253968253968	0.06349206349206349	0.3492063492063492
act/15	last	proj	5	18	True	True	asc	1	0.20634920634920634	0.4444444444444444	0.06349206349206349	0.36507936507936506
act/15	last	proj	5	19	True	True	asc	1	0.19047619047619047	0.3968253968253968	0.06349206349206349	0.36507936507936506
act/15	last	proj	9	10	True	True	asc	1	0.015873015873015872	0.3968253968253968	0.06349206349206349	0.4126984126984127
act/15	last	proj	9	10	True	False	asc	1	0.015873015873015872	0.3968253968253968	0.06349206349206349	0.4126984126984127
act/15	last	proj	9	14	True	True	asc	1	0.07936507936507936	0.30158730158730157	0.06349206349206349	0.30158730158730157
act/15	last	proj	9	14	True	False	asc	1	0.07936507936507936	0.30158730158730157	0.06349206349206349	0.30158730158730157
act/15	last	proj	9	15	True	True	asc	1	0.12698412698412698	0.30158730158730157	0.06349206349206349	0.3333333333333333
act/15	last	proj	7	14	True	True	asc	1	0.09523809523809523	0.3968253968253968	0.06349206349206349	0.3333333333333333
act/15	last	proj	7	14	True	False	asc	1	0.12698412698412698	0.3968253968253968	0.06349206349206349	0.3333333333333333
act/15	last	proj	9	16	True	False	asc	1	0.12698412698412698	0.31746031746031744	0.06349206349206349	0.3333333333333333
act/15	last	proj	9	17	True	True	asc	1	0.12698412698412698	0.3333333333333333	0.06349206349206349	0.3492063492063492
act/15	last	proj	9	18	True	False	asc	1	0.09523809523809523	0.2857142857142857	0.06349206349206349	0.3492063492063492
act/15	last	proj	9	19	True	False	asc	1	0.14285714285714285	0.3333333333333333	0.06349206349206349	0.38095238095238093
act/15	last	proj	10	15	True	False	asc	1	0.15873015873015872	0.31746031746031744	0.06349206349206349	0.2857142857142857
act/15	last	proj	12	14	True	False	asc	1	0.12698412698412698	0.31746031746031744	0.06349206349206349	0.31746031746031744
act/15	last	proj	12	19	True	True	asc	1	0.15873015873015872	0.38095238095238093	0.06349206349206349	0.36507936507936506
act/15	last	proj	13	18	True	False	asc	1	0.07936507936507936	0.3333333333333333	0.06349206349206349	0.30158730158730157
act/15	last	proj	13	19	True	False	asc	1	0.09523809523809523	0.30158730158730157	0.06349206349206349	0.3492063492063492
act/15	last	proj	11	14	True	True	asc	1	0.1746031746031746	0.31746031746031744	0.06349206349206349	0.23809523809523808
act/15	last	proj	11	14	True	False	asc	1	0.14285714285714285	0.2857142857142857	0.06349206349206349	0.23809523809523808
act/15	last	proj	11	15	True	True	asc	1	0.20634920634920634	0.36507936507936506	0.06349206349206349	0.20634920634920634
act/15	last	proj	11	15	True	False	asc	1	0.20634920634920634	0.36507936507936506	0.06349206349206349	0.2222222222222222
act/15	last	proj	12	14	True	True	asc	1	0.12698412698412698	0.31746031746031744	0.06349206349206349	0.31746031746031744
act/15	last	proj	0	4	False	False	asc	1	0.015873015873015872	0.1111111111111111	0.06349206349206349	0.15873015873015872
act/15	last	proj	13	14	True	True	asc	1	0.07936507936507936	0.2222222222222222	0.06349206349206349	0.25396825396825395
act/15	last	proj	13	14	True	False	asc	1	0.07936507936507936	0.2222222222222222	0.06349206349206349	0.25396825396825395
act/15	last	proj	0	20	False	False	asc	1	0.015873015873015872	0.1111111111111111	0.06349206349206349	0.15873015873015872
act/15	last	proj	0	1	False	True	asc	1	0.015873015873015872	0.1111111111111111	0.06349206349206349	0.15873015873015872
act/15	last	proj	0	1	False	False	asc	1	0.015873015873015872	0.1111111111111111	0.06349206349206349	0.15873015873015872
act/15	last	proj	0	2	False	True	asc	1	0.015873015873015872	0.1111111111111111	0.06349206349206349	0.15873015873015872
act/15	last	proj	0	2	False	False	asc	1	0.015873015873015872	0.1111111111111111	0.06349206349206349	0.15873015873015872
act/15	last	proj	0	3	False	True	asc	1	0.015873015873015872	0.1111111111111111	0.06349206349206349	0.15873015873015872
act/15	last	proj	0	3	False	False	asc	1	0.015873015873015872	0.1111111111111111	0.06349206349206349	0.15873015873015872
act/15	last	proj	0	4	False	True	asc	1	0.015873015873015872	0.1111111111111111	0.06349206349206349	0.15873015873015872
act/31	last	proj	17	18	False	True	asc	1	0.031746031746031744	0.20634920634920634	0.06349206349206349	0.25396825396825395
act/31	last	proj	17	18	False	False	asc	1	0.031746031746031744	0.20634920634920634	0.06349206349206349	0.25396825396825395
act/31	last	proj	13	16	False	False	asc	1	0.047619047619047616	0.2222222222222222	0.06349206349206349	0.2222222222222222
act/31	last	proj	13	19	False	True	asc	1	0.047619047619047616	0.2222222222222222	0.06349206349206349	0.2857142857142857
act/31_normed	last	proj	5	13	True	False	asc	1	0.14285714285714285	0.4444444444444444	0.06349206349206349	0.38095238095238093
act/31_normed	last	proj	3	16	True	False	asc	1	0.09523809523809523	0.3492063492063492	0.06349206349206349	0.3333333333333333
act/31_normed	last	proj	2	15	True	False	asc	1	0.12698412698412698	0.4126984126984127	0.06349206349206349	0.3492063492063492
act/31	last	proj	15	20	False	True	asc	1	0.015873015873015872	0.1746031746031746	0.06349206349206349	0.2857142857142857
act/31	last	proj	16	19	False	True	asc	1	0.0	0.06349206349206349	0.06349206349206349	0.23809523809523808
act/31	last	proj	16	20	False	True	asc	1	0.0	0.047619047619047616	0.06349206349206349	0.23809523809523808
act/31	last	proj	16	20	False	False	asc	1	0.0	0.031746031746031744	0.06349206349206349	0.23809523809523808
act/31_normed	last	proj	6	13	True	True	asc	1	0.09523809523809523	0.42857142857142855	0.06349206349206349	0.31746031746031744
act/31_normed	last	proj	6	14	True	True	asc	1	0.1111111111111111	0.42857142857142855	0.06349206349206349	0.31746031746031744
act/31_normed	last	proj	5	7	True	True	asc	1	0.15873015873015872	0.5238095238095238	0.06349206349206349	0.36507936507936506
act/31_normed	last	proj	5	7	True	False	asc	1	0.15873015873015872	0.5079365079365079	0.06349206349206349	0.36507936507936506
act/31_normed	last	proj	5	8	True	True	asc	1	0.20634920634920634	0.5079365079365079	0.06349206349206349	0.3492063492063492
act/31_normed	last	proj	5	8	True	False	asc	1	0.20634920634920634	0.5079365079365079	0.06349206349206349	0.3492063492063492
act/31	last	proj	7	13	False	True	asc	1	0.1111111111111111	0.42857142857142855	0.06349206349206349	0.3333333333333333
act/31	last	proj	15	18	False	True	asc	1	0.015873015873015872	0.23809523809523808	0.06349206349206349	0.36507936507936506
act/31	last	proj	15	18	False	False	asc	1	0.015873015873015872	0.23809523809523808	0.06349206349206349	0.36507936507936506
act/31	last	proj	14	18	False	True	asc	1	0.031746031746031744	0.1746031746031746	0.06349206349206349	0.2857142857142857
act/31	last	proj	14	18	False	False	asc	1	0.031746031746031744	0.19047619047619047	0.06349206349206349	0.2857142857142857
act/31	last	proj	13	20	False	True	asc	1	0.047619047619047616	0.2222222222222222	0.06349206349206349	0.2857142857142857
act/31	last	proj	14	16	False	True	asc	1	0.0	0.1746031746031746	0.06349206349206349	0.2698412698412698
act/31	last	proj	14	16	False	False	asc	1	0.0	0.1746031746031746	0.06349206349206349	0.2698412698412698
act/15	last	proj	0	16	False	False	asc	1	0.015873015873015872	0.1111111111111111	0.06349206349206349	0.15873015873015872
act/15	last	proj	0	17	False	True	asc	1	0.015873015873015872	0.1111111111111111	0.06349206349206349	0.15873015873015872
act/15	last	proj	0	17	False	False	asc	1	0.015873015873015872	0.1111111111111111	0.06349206349206349	0.15873015873015872
act/15	last	proj	0	18	False	True	asc	1	0.015873015873015872	0.1111111111111111	0.06349206349206349	0.15873015873015872
act/15	last	proj	0	18	False	False	asc	1	0.015873015873015872	0.1111111111111111	0.06349206349206349	0.15873015873015872
act/15	last	proj	0	19	False	True	asc	1	0.015873015873015872	0.1111111111111111	0.06349206349206349	0.15873015873015872
act/15	last	proj	0	19	False	False	asc	1	0.015873015873015872	0.1111111111111111	0.06349206349206349	0.15873015873015872
act/15	last	proj	0	20	False	True	asc	1	0.015873015873015872	0.1111111111111111	0.06349206349206349	0.15873015873015872
act/15	last	proj	0	12	False	False	asc	1	0.031746031746031744	0.12698412698412698	0.06349206349206349	0.15873015873015872
act/15	last	proj	0	13	False	True	asc	1	0.015873015873015872	0.1111111111111111	0.06349206349206349	0.15873015873015872
act/15	last	proj	0	13	False	False	asc	1	0.031746031746031744	0.12698412698412698	0.06349206349206349	0.15873015873015872
act/15	last	proj	0	14	False	True	asc	1	0.015873015873015872	0.1111111111111111	0.06349206349206349	0.15873015873015872
act/15	last	proj	0	14	False	False	asc	1	0.031746031746031744	0.12698412698412698	0.06349206349206349	0.15873015873015872
act/15	last	proj	0	15	False	True	asc	1	0.015873015873015872	0.1111111111111111	0.06349206349206349	0.15873015873015872
act/15	last	proj	0	15	False	False	asc	1	0.015873015873015872	0.1111111111111111	0.06349206349206349	0.15873015873015872
act/15	last	proj	0	16	False	True	asc	1	0.015873015873015872	0.1111111111111111	0.06349206349206349	0.15873015873015872
act/15	last	proj	0	7	False	True	asc	1	0.015873015873015872	0.1111111111111111	0.06349206349206349	0.15873015873015872
act/15	last	proj	0	8	False	True	asc	1	0.015873015873015872	0.1111111111111111	0.06349206349206349	0.15873015873015872
act/15	last	proj	0	8	False	False	asc	1	0.031746031746031744	0.12698412698412698	0.06349206349206349	0.15873015873015872
act/15	last	proj	0	9	False	True	asc	1	0.015873015873015872	0.1111111111111111	0.06349206349206349	0.15873015873015872
act/15	last	proj	0	9	False	False	asc	1	0.031746031746031744	0.12698412698412698	0.06349206349206349	0.15873015873015872
act/15	last	proj	0	10	False	True	asc	1	0.015873015873015872	0.1111111111111111	0.06349206349206349	0.15873015873015872
act/15	last	proj	0	11	False	True	asc	1	0.015873015873015872	0.1111111111111111	0.06349206349206349	0.15873015873015872
act/15	last	proj	0	12	False	True	asc	1	0.015873015873015872	0.1111111111111111	0.06349206349206349	0.15873015873015872
act/15	last	proj	4	6	False	True	asc	1	0.12698412698412698	0.3968253968253968	0.06349206349206349	0.3333333333333333
act/15	last	proj	4	6	False	False	asc	1	0.12698412698412698	0.3968253968253968	0.06349206349206349	0.3333333333333333
act/15	last	proj	4	9	False	True	asc	1	0.15873015873015872	0.4126984126984127	0.06349206349206349	0.3333333333333333
act/15	last	proj	4	12	False	False	asc	1	0.1111111111111111	0.38095238095238093	0.06349206349206349	0.3333333333333333
act/15	last	proj	0	5	False	True	asc	1	0.015873015873015872	0.1111111111111111	0.06349206349206349	0.15873015873015872
act/15	last	proj	0	5	False	False	asc	1	0.015873015873015872	0.1111111111111111	0.06349206349206349	0.15873015873015872
act/15	last	proj	0	6	False	True	asc	1	0.015873015873015872	0.1111111111111111	0.06349206349206349	0.15873015873015872
act/15	last	proj	0	6	False	False	asc	1	0.015873015873015872	0.1111111111111111	0.06349206349206349	0.15873015873015872
act/31	last	proj	6	17	False	True	asc	1	0.09523809523809523	0.38095238095238093	0.06349206349206349	0.4126984126984127
act/31	last	proj	6	10	False	False	asc	1	0.1746031746031746	0.4444444444444444	0.06349206349206349	0.38095238095238093
act/31	last	proj	6	11	False	True	asc	1	0.2222222222222222	0.5238095238095238	0.06349206349206349	0.38095238095238093
act/31	last	proj	6	11	False	False	asc	1	0.2222222222222222	0.49206349206349204	0.06349206349206349	0.38095238095238093
act/31	last	proj	6	13	False	False	asc	1	0.1746031746031746	0.4444444444444444	0.06349206349206349	0.3968253968253968
act/31	last	proj	6	14	False	False	asc	1	0.15873015873015872	0.4603174603174603	0.06349206349206349	0.4126984126984127
act/31	last	proj	6	16	False	True	asc	1	0.09523809523809523	0.38095238095238093	0.06349206349206349	0.4126984126984127
act/31	last	proj	7	19	False	False	asc	1	0.047619047619047616	0.30158730158730157	0.06349206349206349	0.31746031746031744
act/31	last	proj	7	20	False	False	asc	1	0.031746031746031744	0.2698412698412698	0.06349206349206349	0.30158730158730157
act/31	last	proj	5	18	False	False	asc	1	0.047619047619047616	0.31746031746031744	0.06349206349206349	0.3492063492063492
act/31	last	proj	5	19	False	False	asc	1	0.047619047619047616	0.30158730158730157	0.06349206349206349	0.3492063492063492
act/31	last	proj	7	15	False	False	asc	1	0.06349206349206349	0.3492063492063492	0.06349206349206349	0.2857142857142857
act/31	last	proj	7	16	False	False	asc	1	0.047619047619047616	0.36507936507936506	0.06349206349206349	0.36507936507936506
act/31	last	proj	7	17	False	True	asc	1	0.06349206349206349	0.36507936507936506	0.06349206349206349	0.3333333333333333
act/31	last	proj	7	18	False	True	asc	1	0.047619047619047616	0.3492063492063492	0.06349206349206349	0.3492063492063492
act/31	last	proj	7	18	False	False	asc	1	0.06349206349206349	0.30158730158730157	0.06349206349206349	0.30158730158730157
act/15	last	proj	6	16	False	False	asc	1	0.19047619047619047	0.4444444444444444	0.06349206349206349	0.3333333333333333
act/15	last	proj	6	17	False	True	asc	1	0.19047619047619047	0.42857142857142855	0.06349206349206349	0.36507936507936506
act/15	last	proj	4	15	False	False	asc	1	0.14285714285714285	0.36507936507936506	0.06349206349206349	0.3492063492063492
act/15	last	proj	5	15	False	True	asc	1	0.15873015873015872	0.3492063492063492	0.06349206349206349	0.30158730158730157
act/15	last	proj	5	16	False	True	asc	1	0.19047619047619047	0.3968253968253968	0.06349206349206349	0.30158730158730157
act/15	last	proj	5	16	False	False	asc	1	0.1746031746031746	0.38095238095238093	0.06349206349206349	0.3492063492063492
act/15	last	proj	5	17	False	True	asc	1	0.19047619047619047	0.4126984126984127	0.06349206349206349	0.31746031746031744
act/15	last	proj	5	18	False	True	asc	1	0.19047619047619047	0.4126984126984127	0.06349206349206349	0.31746031746031744
act/15	last	proj	5	20	False	True	asc	1	0.19047619047619047	0.3968253968253968	0.06349206349206349	0.31746031746031744
act/15	last	proj	6	15	False	False	asc	1	0.19047619047619047	0.42857142857142855	0.06349206349206349	0.3492063492063492
act/15	last	proj	7	16	False	True	asc	1	0.09523809523809523	0.3333333333333333	0.06349206349206349	0.36507936507936506
act/15	last	proj	7	16	False	False	asc	1	0.12698412698412698	0.38095238095238093	0.06349206349206349	0.3492063492063492
act/15	last	proj	7	17	False	True	asc	1	0.09523809523809523	0.3333333333333333	0.06349206349206349	0.36507936507936506
act/15	last	proj	7	18	False	True	asc	1	0.09523809523809523	0.31746031746031744	0.06349206349206349	0.38095238095238093
act/15	last	proj	7	18	False	False	asc	1	0.1111111111111111	0.3492063492063492	0.06349206349206349	0.3492063492063492
act/15	last	proj	7	19	False	True	asc	1	0.09523809523809523	0.3333333333333333	0.06349206349206349	0.36507936507936506
act/15	last	proj	7	20	False	True	asc	1	0.09523809523809523	0.31746031746031744	0.06349206349206349	0.36507936507936506
act/15	last	proj	7	11	False	True	asc	1	0.12698412698412698	0.38095238095238093	0.06349206349206349	0.3492063492063492
act/15	last	proj	7	13	False	True	asc	1	0.14285714285714285	0.38095238095238093	0.06349206349206349	0.3333333333333333
act/15	last	proj	7	14	False	False	asc	1	0.1111111111111111	0.38095238095238093	0.06349206349206349	0.30158730158730157
act/15	last	proj	7	15	False	True	asc	1	0.07936507936507936	0.3333333333333333	0.06349206349206349	0.36507936507936506
act/31	last	proj	14	15	True	True	asc	1	0.09523809523809523	0.1746031746031746	0.06349206349206349	0.2222222222222222
act/31	last	proj	14	15	True	False	asc	1	0.09523809523809523	0.1746031746031746	0.06349206349206349	0.2222222222222222
act/31	last	proj	1	2	False	False	asc	1	0.047619047619047616	0.19047619047619047	0.06349206349206349	0.20634920634920634
act/31	last	proj	19	20	True	True	asc	1	0.1111111111111111	0.2857142857142857	0.06349206349206349	0.25396825396825395
act/31	last	proj	19	20	True	False	asc	1	0.1111111111111111	0.2857142857142857	0.06349206349206349	0.25396825396825395
act/31	last	proj	3	13	False	False	asc	1	0.19047619047619047	0.4126984126984127	0.06349206349206349	0.38095238095238093
act/31	last	proj	1	2	False	True	asc	1	0.047619047619047616	0.19047619047619047	0.06349206349206349	0.20634920634920634
act/31	last	proj	4	18	False	False	asc	1	0.07936507936507936	0.3492063492063492	0.06349206349206349	0.3492063492063492
act/31	last	proj	4	19	False	False	asc	1	0.06349206349206349	0.3333333333333333	0.06349206349206349	0.3492063492063492
act/31	last	proj	5	16	False	True	asc	1	0.12698412698412698	0.3968253968253968	0.06349206349206349	0.38095238095238093
act/31	last	proj	5	16	False	False	asc	1	0.09523809523809523	0.4126984126984127	0.06349206349206349	0.38095238095238093
act/31	last	proj	5	17	False	True	asc	1	0.1111111111111111	0.36507936507936506	0.06349206349206349	0.4126984126984127
act/15	last	proj	6	19	False	False	asc	1	0.19047619047619047	0.36507936507936506	0.06349206349206349	0.31746031746031744
act/15	last	proj	8	18	False	False	asc	1	0.09523809523809523	0.3492063492063492	0.06349206349206349	0.3492063492063492
act/15	last	proj	8	19	False	True	asc	1	0.09523809523809523	0.3492063492063492	0.06349206349206349	0.3492063492063492
act/15	last	proj	8	20	False	True	asc	1	0.1111111111111111	0.36507936507936506	0.06349206349206349	0.36507936507936506
act/15	last	proj	9	12	False	True	asc	1	0.15873015873015872	0.4603174603174603	0.06349206349206349	0.36507936507936506
act/15	last	proj	9	12	False	False	asc	1	0.15873015873015872	0.4603174603174603	0.06349206349206349	0.36507936507936506
act/15	last	proj	6	18	False	True	asc	1	0.19047619047619047	0.42857142857142855	0.06349206349206349	0.36507936507936506
act/15	last	proj	10	15	False	False	asc	1	0.07936507936507936	0.23809523809523808	0.06349206349206349	0.30158730158730157
act/31	last	proj	12	20	True	True	asc	1	0.031746031746031744	0.2222222222222222	0.06349206349206349	0.25396825396825395
act/31	last	proj	9	19	True	True	asc	1	0.047619047619047616	0.2857142857142857	0.06349206349206349	0.23809523809523808
act/31	last	proj	9	20	True	True	asc	1	0.047619047619047616	0.3333333333333333	0.06349206349206349	0.25396825396825395
act/31	last	proj	10	15	True	False	asc	1	0.06349206349206349	0.3492063492063492	0.06349206349206349	0.30158730158730157
act/31	last	proj	8	19	True	False	asc	1	0.047619047619047616	0.2857142857142857	0.06349206349206349	0.23809523809523808
act/31	last	proj	8	20	True	True	asc	1	0.031746031746031744	0.3333333333333333	0.06349206349206349	0.2857142857142857
act/31	last	proj	11	20	True	False	asc	1	0.047619047619047616	0.1746031746031746	0.06349206349206349	0.23809523809523808
act/31	last	proj	12	18	True	True	asc	1	0.047619047619047616	0.2222222222222222	0.06349206349206349	0.30158730158730157
act/31	last	proj	12	18	True	False	asc	1	0.047619047619047616	0.23809523809523808	0.06349206349206349	0.2698412698412698
act/31	last	proj	12	19	True	True	asc	1	0.047619047619047616	0.23809523809523808	0.06349206349206349	0.25396825396825395
act/31	last	proj	11	16	True	True	asc	1	0.06349206349206349	0.3333333333333333	0.06349206349206349	0.23809523809523808
act/31	last	proj	11	16	True	False	asc	1	0.047619047619047616	0.31746031746031744	0.06349206349206349	0.25396825396825395
act/31	last	proj	11	19	True	True	asc	1	0.06349206349206349	0.20634920634920634	0.06349206349206349	0.2698412698412698
act/31	last	proj	11	19	True	False	asc	1	0.047619047619047616	0.1746031746031746	0.06349206349206349	0.25396825396825395
act/31	last	proj	11	20	True	True	asc	1	0.06349206349206349	0.20634920634920634	0.06349206349206349	0.25396825396825395
act/15	last	proj	12	17	False	False	asc	1	0.09523809523809523	0.2698412698412698	0.06349206349206349	0.2222222222222222
act/15	last	proj	12	18	False	True	asc	1	0.12698412698412698	0.2698412698412698	0.06349206349206349	0.2222222222222222
act/15	last	proj	12	18	False	False	asc	1	0.12698412698412698	0.2698412698412698	0.06349206349206349	0.23809523809523808
act/15	last	proj	9	16	False	True	asc	1	0.1111111111111111	0.2698412698412698	0.06349206349206349	0.31746031746031744
act/15	last	proj	9	17	False	True	asc	1	0.1111111111111111	0.2698412698412698	0.06349206349206349	0.31746031746031744
act/15	last	proj	9	18	False	False	asc	1	0.1111111111111111	0.2857142857142857	0.06349206349206349	0.3333333333333333
act/15	last	proj	11	17	False	True	asc	1	0.1111111111111111	0.2698412698412698	0.06349206349206349	0.2698412698412698
act/15	last	proj	11	18	False	True	asc	1	0.14285714285714285	0.2698412698412698	0.06349206349206349	0.2857142857142857
act/15	last	proj	11	18	False	False	asc	1	0.12698412698412698	0.2698412698412698	0.06349206349206349	0.2698412698412698
act/15	last	proj	12	17	False	True	asc	1	0.1111111111111111	0.2857142857142857	0.06349206349206349	0.2222222222222222
act/15	last	proj	13	17	False	False	asc	1	0.07936507936507936	0.20634920634920634	0.06349206349206349	0.20634920634920634
act/15	last	proj	13	18	False	True	asc	1	0.06349206349206349	0.23809523809523808	0.06349206349206349	0.25396825396825395
act/15	last	proj	13	18	False	False	asc	1	0.06349206349206349	0.23809523809523808	0.06349206349206349	0.25396825396825395
act/15	last	proj	13	20	False	True	asc	1	0.12698412698412698	0.30158730158730157	0.06349206349206349	0.3333333333333333
act/15	last	proj	13	20	False	False	asc	1	0.14285714285714285	0.30158730158730157	0.06349206349206349	0.3333333333333333
act/15	last	proj	14	18	False	True	asc	1	0.09523809523809523	0.23809523809523808	0.06349206349206349	0.25396825396825395
act/15	last	proj	14	18	False	False	asc	1	0.09523809523809523	0.2222222222222222	0.06349206349206349	0.2698412698412698
act/19	last	proj	4	20	True	False	asc	1	0.1746031746031746	0.3968253968253968	0.06349206349206349	0.30158730158730157
act/19	last	proj	0	15	True	False	asc	1	0.20634920634920634	0.3492063492063492	0.06349206349206349	0.2698412698412698
act/15	last	proj	15	17	False	True	asc	1	0.07936507936507936	0.2857142857142857	0.06349206349206349	0.25396825396825395
act/15	last	proj	15	17	False	False	asc	1	0.07936507936507936	0.2857142857142857	0.06349206349206349	0.25396825396825395
act/15	last	norm_l1	0	0	False	False	asc	1	0.1111111111111111	0.3492063492063492	0.06349206349206349	0.30158730158730157
act/15	last	proj	13	16	False	True	asc	1	0.1111111111111111	0.30158730158730157	0.06349206349206349	0.23809523809523808
act/15	last	proj	13	16	False	False	asc	1	0.1111111111111111	0.30158730158730157	0.06349206349206349	0.23809523809523808
act/15	last	proj	13	17	False	True	asc	1	0.06349206349206349	0.20634920634920634	0.06349206349206349	0.20634920634920634
act/31	last	proj	5	10	True	True	asc	1	0.25396825396825395	0.5079365079365079	0.06349206349206349	0.38095238095238093
act/31	last	proj	5	10	True	False	asc	1	0.2698412698412698	0.5079365079365079	0.06349206349206349	0.38095238095238093
act/31	last	proj	5	15	True	False	asc	1	0.1746031746031746	0.42857142857142855	0.06349206349206349	0.3492063492063492
act/31	last	proj	5	16	True	True	asc	1	0.12698412698412698	0.4126984126984127	0.06349206349206349	0.3492063492063492
act/31	last	proj	5	17	True	True	asc	1	0.1111111111111111	0.42857142857142855	0.06349206349206349	0.3492063492063492
act/31	last	proj	6	9	True	True	asc	1	0.1746031746031746	0.3968253968253968	0.06349206349206349	0.20634920634920634
act/31	last	proj	6	9	True	False	asc	1	0.1746031746031746	0.36507936507936506	0.06349206349206349	0.20634920634920634
act/31	last	proj	6	15	True	False	asc	1	0.09523809523809523	0.36507936507936506	0.06349206349206349	0.30158730158730157
act/31	last	proj	6	16	True	True	asc	1	0.047619047619047616	0.36507936507936506	0.06349206349206349	0.30158730158730157
act/31	last	proj	6	16	True	False	asc	1	0.06349206349206349	0.38095238095238093	0.06349206349206349	0.31746031746031744
act/31	last	proj	7	19	True	True	asc	1	0.047619047619047616	0.31746031746031744	0.06349206349206349	0.25396825396825395
act/31	last	proj	7	19	True	False	asc	1	0.031746031746031744	0.2698412698412698	0.06349206349206349	0.2222222222222222
act/31	last	proj	7	20	True	True	asc	1	0.047619047619047616	0.3333333333333333	0.06349206349206349	0.2698412698412698
act/31	last	proj	8	20	True	False	asc	1	0.031746031746031744	0.2857142857142857	0.06349206349206349	0.25396825396825395
act/31	last	proj	9	15	True	True	asc	1	0.06349206349206349	0.3492063492063492	0.06349206349206349	0.31746031746031744
act/31	last	proj	9	15	True	False	asc	1	0.06349206349206349	0.3492063492063492	0.06349206349206349	0.30158730158730157
act/31	last	proj	9	16	True	True	asc	1	0.07936507936507936	0.38095238095238093	0.06349206349206349	0.30158730158730157
act/31	last	proj	9	16	True	False	asc	1	0.07936507936507936	0.36507936507936506	0.06349206349206349	0.2857142857142857
act/31	last	proj	9	17	True	True	asc	1	0.06349206349206349	0.30158730158730157	0.06349206349206349	0.25396825396825395
act/31	last	proj	7	9	True	True	asc	1	0.1111111111111111	0.2222222222222222	0.06349206349206349	0.2698412698412698
act/31	last	proj	7	9	True	False	asc	1	0.12698412698412698	0.23809523809523808	0.06349206349206349	0.2698412698412698
act/3	last	proj	3	5	False	False	asc	1	0.19047619047619047	0.36507936507936506	0.06349206349206349	0.3333333333333333
act/3	last	proj	18	20	True	True	asc	1	0.015873015873015872	0.14285714285714285	0.06349206349206349	0.25396825396825395
act/3	last	proj	18	20	True	False	asc	1	0.015873015873015872	0.14285714285714285	0.06349206349206349	0.25396825396825395
act/3	last	proj	7	9	False	True	asc	1	0.20634920634920634	0.38095238095238093	0.06349206349206349	0.31746031746031744
act/3	last	proj	7	9	False	False	asc	1	0.20634920634920634	0.36507936507936506	0.06349206349206349	0.31746031746031744
act/3	last	proj	13	14	False	True	asc	1	0.12698412698412698	0.25396825396825395	0.06349206349206349	0.3333333333333333
act/3	last	proj	13	14	False	False	asc	1	0.12698412698412698	0.25396825396825395	0.06349206349206349	0.3333333333333333
act/3	last	proj	11	14	False	True	asc	1	0.12698412698412698	0.31746031746031744	0.06349206349206349	0.23809523809523808
act/31	last	proj	5	18	True	True	asc	1	0.12698412698412698	0.4444444444444444	0.06349206349206349	0.36507936507936506
act/31	last	proj	2	3	True	True	asc	1	0.1111111111111111	0.3492063492063492	0.06349206349206349	0.36507936507936506
act/31	last	proj	2	3	True	False	asc	1	0.1111111111111111	0.3492063492063492	0.06349206349206349	0.36507936507936506
act/19	last	proj	8	15	True	True	asc	1	0.09523809523809523	0.3333333333333333	0.06349206349206349	0.2698412698412698
act/19	last	proj	8	15	True	False	asc	1	0.1111111111111111	0.3333333333333333	0.06349206349206349	0.30158730158730157
act/19	last	proj	4	16	True	False	asc	1	0.15873015873015872	0.3333333333333333	0.06349206349206349	0.2698412698412698
act/19	last	proj	4	17	True	False	asc	1	0.20634920634920634	0.38095238095238093	0.06349206349206349	0.30158730158730157
act/19	last	proj	4	19	True	False	asc	1	0.1746031746031746	0.4126984126984127	0.06349206349206349	0.30158730158730157
act/19	last	proj	15	16	True	True	asc	1	0.2222222222222222	0.4126984126984127	0.06349206349206349	0.30158730158730157
act/19	last	proj	15	16	True	False	asc	1	0.2222222222222222	0.4126984126984127	0.06349206349206349	0.30158730158730157
act/19	last	proj	10	18	True	False	asc	1	0.07936507936507936	0.25396825396825395	0.06349206349206349	0.31746031746031744
act/19	last	proj	11	14	True	False	asc	1	0.14285714285714285	0.4603174603174603	0.06349206349206349	0.3492063492063492
act/19	last	proj	11	18	True	True	asc	1	0.14285714285714285	0.36507936507936506	0.06349206349206349	0.3968253968253968
act/19	last	proj	0	11	False	False	asc	1	0.031746031746031744	0.12698412698412698	0.06349206349206349	0.1746031746031746
act/19	last	proj	0	12	False	False	asc	1	0.031746031746031744	0.12698412698412698	0.06349206349206349	0.1746031746031746
embed	last	proj	0	1	False	True	asc	1	0.047619047619047616	0.15873015873015872	0.06349206349206349	0.2698412698412698
embed	last	proj	0	1	False	False	asc	1	0.047619047619047616	0.15873015873015872	0.06349206349206349	0.2698412698412698
act/19	last	proj	0	16	False	False	asc	1	0.031746031746031744	0.1111111111111111	0.06349206349206349	0.1746031746031746
act/19	last	proj	3	14	False	False	asc	1	0.07936507936507936	0.25396825396825395	0.06349206349206349	0.31746031746031744
act/19	last	proj	3	15	False	False	asc	1	0.06349206349206349	0.25396825396825395	0.06349206349206349	0.3333333333333333
act/19	last	proj	3	16	False	False	asc	1	0.06349206349206349	0.23809523809523808	0.06349206349206349	0.3333333333333333
act/19	last	proj	2	15	False	True	asc	1	0.14285714285714285	0.3333333333333333	0.06349206349206349	0.2698412698412698
act/19	last	proj	2	16	False	True	asc	1	0.14285714285714285	0.36507936507936506	0.06349206349206349	0.25396825396825395
act/19	last	proj	2	16	False	False	asc	1	0.031746031746031744	0.20634920634920634	0.06349206349206349	0.31746031746031744
act/7	last	proj	8	9	False	True	asc	1	0.07936507936507936	0.30158730158730157	0.06349206349206349	0.2698412698412698
act/7	last	proj	8	9	False	False	asc	1	0.07936507936507936	0.30158730158730157	0.06349206349206349	0.2698412698412698
act/7	last	proj	8	10	False	False	asc	1	0.031746031746031744	0.3492063492063492	0.06349206349206349	0.30158730158730157
act/3	last	proj	4	9	True	True	asc	1	0.09523809523809523	0.3333333333333333	0.06349206349206349	0.30158730158730157
act/3	last	proj	0	15	True	True	asc	1	0.09523809523809523	0.1111111111111111	0.06349206349206349	0.12698412698412698
act/3	last	proj	0	16	True	True	asc	1	0.09523809523809523	0.1111111111111111	0.06349206349206349	0.12698412698412698
act/3	last	proj	0	17	True	True	asc	1	0.09523809523809523	0.1111111111111111	0.06349206349206349	0.12698412698412698
act/3	last	proj	0	18	True	True	asc	1	0.09523809523809523	0.1111111111111111	0.06349206349206349	0.12698412698412698
act/3	last	proj	0	19	True	True	asc	1	0.09523809523809523	0.1111111111111111	0.06349206349206349	0.12698412698412698
act/3	last	proj	0	20	True	True	asc	1	0.09523809523809523	0.1111111111111111	0.06349206349206349	0.12698412698412698
act/3	last	proj	11	16	True	True	asc	1	0.14285714285714285	0.2857142857142857	0.06349206349206349	0.3333333333333333
act/3	last	proj	11	16	True	False	asc	1	0.14285714285714285	0.2857142857142857	0.06349206349206349	0.3333333333333333
act/3	last	proj	5	11	True	False	asc	1	0.06349206349206349	0.31746031746031744	0.06349206349206349	0.20634920634920634
act/3	last	proj	5	17	True	True	asc	1	0.07936507936507936	0.2698412698412698	0.06349206349206349	0.23809523809523808
act/7	last	proj	7	10	False	True	asc	1	0.031746031746031744	0.3492063492063492	0.06349206349206349	0.31746031746031744
act/7	last	proj	7	10	False	False	asc	1	0.031746031746031744	0.3492063492063492	0.06349206349206349	0.31746031746031744
act/3	last	proj	12	13	True	True	asc	1	0.1111111111111111	0.2857142857142857	0.06349206349206349	0.2857142857142857
act/3	last	proj	12	13	True	False	asc	1	0.1111111111111111	0.2857142857142857	0.06349206349206349	0.2857142857142857
act/19	last	proj	6	11	False	False	asc	1	0.07936507936507936	0.2698412698412698	0.06349206349206349	0.3333333333333333
act/19	last	proj	4	14	False	False	asc	1	0.07936507936507936	0.2857142857142857	0.06349206349206349	0.3333333333333333
act/19	last	proj	4	15	False	True	asc	1	0.09523809523809523	0.3333333333333333	0.06349206349206349	0.31746031746031744
act/19	last	proj	4	15	False	False	asc	1	0.06349206349206349	0.2857142857142857	0.06349206349206349	0.3333333333333333
act/19	last	proj	4	16	False	True	asc	1	0.06349206349206349	0.2857142857142857	0.06349206349206349	0.30158730158730157
act/19	last	proj	4	16	False	False	asc	1	0.09523809523809523	0.2857142857142857	0.06349206349206349	0.31746031746031744
act/19	last	proj	5	14	False	False	asc	1	0.06349206349206349	0.2698412698412698	0.06349206349206349	0.3333333333333333
act/19	last	proj	5	15	False	False	asc	1	0.047619047619047616	0.25396825396825395	0.06349206349206349	0.3492063492063492
act/19	last	proj	5	16	False	True	asc	1	0.06349206349206349	0.2698412698412698	0.06349206349206349	0.31746031746031744
act/19	last	proj	5	16	False	False	asc	1	0.047619047619047616	0.23809523809523808	0.06349206349206349	0.3333333333333333
act/19	last	proj	5	17	False	True	asc	1	0.06349206349206349	0.2698412698412698	0.06349206349206349	0.30158730158730157
act/19	last	proj	5	18	False	True	asc	1	0.07936507936507936	0.2698412698412698	0.06349206349206349	0.30158730158730157
act/19	last	proj	6	15	False	True	asc	1	0.07936507936507936	0.30158730158730157	0.06349206349206349	0.31746031746031744
act/19	last	proj	6	15	False	False	asc	1	0.07936507936507936	0.2698412698412698	0.06349206349206349	0.3333333333333333
act/19	last	proj	6	16	False	True	asc	1	0.09523809523809523	0.2857142857142857	0.06349206349206349	0.30158730158730157
act/19	last	proj	6	17	False	True	asc	1	0.09523809523809523	0.31746031746031744	0.06349206349206349	0.30158730158730157
act/19	last	proj	6	18	False	True	asc	1	0.09523809523809523	0.30158730158730157	0.06349206349206349	0.30158730158730157
act/19	last	proj	6	19	False	True	asc	1	0.07936507936507936	0.31746031746031744	0.06349206349206349	0.2857142857142857
act/19	last	proj	6	20	False	True	asc	1	0.07936507936507936	0.30158730158730157	0.06349206349206349	0.30158730158730157
act/19	last	proj	6	20	False	False	asc	1	0.07936507936507936	0.2857142857142857	0.06349206349206349	0.2698412698412698
act/19	last	proj	9	19	False	False	asc	1	0.14285714285714285	0.25396825396825395	0.06349206349206349	0.3333333333333333
act/19	last	proj	9	20	False	True	asc	1	0.12698412698412698	0.25396825396825395	0.06349206349206349	0.31746031746031744
act/19	last	proj	8	15	False	True	asc	1	0.06349206349206349	0.25396825396825395	0.06349206349206349	0.2857142857142857
act/19	last	proj	8	15	False	False	asc	1	0.09523809523809523	0.25396825396825395	0.06349206349206349	0.2698412698412698
act/19	last	proj	6	13	False	True	asc	1	0.07936507936507936	0.2857142857142857	0.06349206349206349	0.31746031746031744
act/19	last	proj	6	14	False	True	asc	1	0.09523809523809523	0.2857142857142857	0.06349206349206349	0.23809523809523808
act/27	last	proj	14	19	False	True	asc	1	0.06349206349206349	0.23809523809523808	0.06349206349206349	0.30158730158730157
act/27	last	proj	14	19	False	False	asc	1	0.06349206349206349	0.25396825396825395	0.06349206349206349	0.31746031746031744
act/27	last	proj	13	17	False	True	asc	1	0.047619047619047616	0.15873015873015872	0.06349206349206349	0.2222222222222222
act/27	last	proj	13	17	False	False	asc	1	0.047619047619047616	0.1746031746031746	0.06349206349206349	0.2222222222222222
act/27	last	proj	13	19	False	True	asc	1	0.031746031746031744	0.14285714285714285	0.06349206349206349	0.2222222222222222
act/27	last	proj	13	19	False	False	asc	1	0.031746031746031744	0.15873015873015872	0.06349206349206349	0.25396825396825395
act/27	last	proj	12	18	False	True	asc	1	0.031746031746031744	0.14285714285714285	0.06349206349206349	0.20634920634920634
act/27	last	proj	12	18	False	False	asc	1	0.031746031746031744	0.14285714285714285	0.06349206349206349	0.23809523809523808
act/27	last	proj	12	19	False	False	asc	1	0.031746031746031744	0.1111111111111111	0.06349206349206349	0.23809523809523808
act/27	last	proj	12	20	False	False	asc	1	0.031746031746031744	0.09523809523809523	0.06349206349206349	0.2698412698412698
act/27	last	proj	13	14	False	True	asc	1	0.0	0.047619047619047616	0.06349206349206349	0.2222222222222222
act/27	last	proj	13	14	False	False	asc	1	0.0	0.047619047619047616	0.06349206349206349	0.2222222222222222
act/7	last	proj	8	12	False	True	asc	1	0.047619047619047616	0.36507936507936506	0.06349206349206349	0.3492063492063492
act/7	last	proj	8	12	False	False	asc	1	0.06349206349206349	0.36507936507936506	0.06349206349206349	0.38095238095238093
act/27	last	proj	14	20	False	True	asc	1	0.06349206349206349	0.2857142857142857	0.06349206349206349	0.2857142857142857
act/27	last	proj	16	18	False	False	asc	1	0.12698412698412698	0.3492063492063492	0.06349206349206349	0.3492063492063492
act/19	last	proj	9	10	False	True	asc	1	0.14285714285714285	0.31746031746031744	0.06349206349206349	0.2857142857142857
act/19	last	proj	9	10	False	False	asc	1	0.14285714285714285	0.31746031746031744	0.06349206349206349	0.2857142857142857
act/19	last	proj	9	17	False	True	asc	1	0.14285714285714285	0.20634920634920634	0.06349206349206349	0.25396825396825395
act/19	last	proj	9	17	False	False	asc	1	0.14285714285714285	0.23809523809523808	0.06349206349206349	0.25396825396825395
act/19	last	proj	9	18	False	True	asc	1	0.12698412698412698	0.2222222222222222	0.06349206349206349	0.30158730158730157
act/19	last	proj	9	18	False	False	asc	1	0.12698412698412698	0.23809523809523808	0.06349206349206349	0.31746031746031744
act/19	last	proj	10	14	False	True	asc	1	0.1111111111111111	0.2698412698412698	0.06349206349206349	0.2698412698412698
act/19	last	proj	10	18	False	True	asc	1	0.1111111111111111	0.2222222222222222	0.06349206349206349	0.30158730158730157
act/19	last	proj	11	14	False	True	asc	1	0.031746031746031744	0.15873015873015872	0.06349206349206349	0.2222222222222222
act/19	last	proj	11	14	False	False	asc	1	0.031746031746031744	0.15873015873015872	0.06349206349206349	0.23809523809523808
act/19	last	proj	12	13	False	True	asc	1	0.20634920634920634	0.42857142857142855	0.06349206349206349	0.3492063492063492
act/19	last	proj	12	13	False	False	asc	1	0.20634920634920634	0.42857142857142855	0.06349206349206349	0.3492063492063492
act/19	last	proj	12	14	False	True	asc	1	0.12698412698412698	0.31746031746031744	0.06349206349206349	0.30158730158730157
act/19	last	proj	12	14	False	False	asc	1	0.12698412698412698	0.31746031746031744	0.06349206349206349	0.30158730158730157
act/23	last	proj	4	16	True	False	asc	1	0.1111111111111111	0.3333333333333333	0.06349206349206349	0.23809523809523808
act/19	last	proj	18	19	False	True	asc	1	0.1746031746031746	0.3492063492063492	0.06349206349206349	0.2698412698412698
act/19	last	proj	18	19	False	False	asc	1	0.1746031746031746	0.3492063492063492	0.06349206349206349	0.2698412698412698
act/19	last	norm_l1	0	0	True	False	asc	1	0.25396825396825395	0.42857142857142855	0.06349206349206349	0.2698412698412698
act/19	last	norm_l2	0	0	False	False	asc	1	0.031746031746031744	0.12698412698412698	0.06349206349206349	0.1746031746031746
act/19	last	proj	14	16	False	True	asc	1	0.09523809523809523	0.2222222222222222	0.06349206349206349	0.38095238095238093
act/19	last	proj	14	16	False	False	asc	1	0.09523809523809523	0.2222222222222222	0.06349206349206349	0.38095238095238093
act/19	last	proj	17	19	False	False	asc	1	0.19047619047619047	0.3492063492063492	0.06349206349206349	0.36507936507936506
act/27	last	proj	8	19	False	False	asc	1	0.047619047619047616	0.20634920634920634	0.06349206349206349	0.30158730158730157
act/27	last	proj	8	20	False	True	asc	1	0.07936507936507936	0.2857142857142857	0.06349206349206349	0.30158730158730157
act/27	last	proj	8	20	False	False	asc	1	0.07936507936507936	0.2698412698412698	0.06349206349206349	0.30158730158730157
act/27	last	proj	7	14	False	True	asc	1	0.1111111111111111	0.31746031746031744	0.06349206349206349	0.25396825396825395
act/27	last	proj	7	15	False	True	asc	1	0.07936507936507936	0.30158730158730157	0.06349206349206349	0.25396825396825395
act/27	last	proj	7	16	False	True	asc	1	0.07936507936507936	0.2698412698412698	0.06349206349206349	0.25396825396825395
act/27	last	proj	9	20	False	False	asc	1	0.031746031746031744	0.14285714285714285	0.06349206349206349	0.2698412698412698
act/27	last	proj	10	11	False	True	asc	1	0.14285714285714285	0.2857142857142857	0.06349206349206349	0.19047619047619047
act/27	last	proj	10	11	False	False	asc	1	0.14285714285714285	0.2857142857142857	0.06349206349206349	0.19047619047619047
act/27	last	proj	10	16	False	True	asc	1	0.06349206349206349	0.1746031746031746	0.06349206349206349	0.25396825396825395
act/27	last	proj	10	16	False	False	asc	1	0.047619047619047616	0.1746031746031746	0.06349206349206349	0.25396825396825395
act/27	last	proj	7	20	False	True	asc	1	0.09523809523809523	0.2857142857142857	0.06349206349206349	0.2857142857142857
act/27	last	proj	8	10	False	False	asc	1	0.1111111111111111	0.31746031746031744	0.06349206349206349	0.3333333333333333
act/27	last	proj	8	19	False	True	asc	1	0.06349206349206349	0.2698412698412698	0.06349206349206349	0.2857142857142857
act/27	last	proj	12	16	False	True	asc	1	0.0	0.09523809523809523	0.06349206349206349	0.1746031746031746
act/27	last	proj	9	15	False	True	asc	1	0.06349206349206349	0.12698412698412698	0.06349206349206349	0.1746031746031746
act/27	last	proj	9	15	False	False	asc	1	0.06349206349206349	0.12698412698412698	0.06349206349206349	0.1746031746031746
act/27	last	proj	9	18	False	False	asc	1	0.031746031746031744	0.1111111111111111	0.06349206349206349	0.25396825396825395
act/27	last	proj	9	19	False	True	asc	1	0.031746031746031744	0.14285714285714285	0.06349206349206349	0.2698412698412698
act/27	last	proj	9	19	False	False	asc	1	0.031746031746031744	0.12698412698412698	0.06349206349206349	0.2857142857142857
act/27	last	proj	10	19	False	False	asc	1	0.031746031746031744	0.14285714285714285	0.06349206349206349	0.2857142857142857
act/27	last	proj	11	12	False	True	asc	1	0.15873015873015872	0.3492063492063492	0.06349206349206349	0.3492063492063492
act/27	last	proj	11	12	False	False	asc	1	0.15873015873015872	0.3492063492063492	0.06349206349206349	0.3492063492063492
act/27	last	proj	11	19	False	False	asc	1	0.031746031746031744	0.12698412698412698	0.06349206349206349	0.2698412698412698
act/27	last	proj	11	20	False	False	asc	1	0.047619047619047616	0.15873015873015872	0.06349206349206349	0.2698412698412698
act/27	last	proj	1	4	False	True	asc	1	0.047619047619047616	0.2698412698412698	0.06349206349206349	0.4444444444444444
act/27	last	proj	1	4	False	False	asc	1	0.047619047619047616	0.2857142857142857	0.06349206349206349	0.4444444444444444
act/27	last	proj	1	6	False	True	asc	1	0.031746031746031744	0.23809523809523808	0.06349206349206349	0.3333333333333333
act/27	last	proj	0	3	False	True	asc	1	0.015873015873015872	0.12698412698412698	0.06349206349206349	0.20634920634920634
act/27	last	proj	0	3	False	False	asc	1	0.015873015873015872	0.12698412698412698	0.06349206349206349	0.20634920634920634
act/27	last	proj	0	4	False	True	asc	1	0.015873015873015872	0.12698412698412698	0.06349206349206349	0.20634920634920634
act/27	last	proj	0	4	False	False	asc	1	0.015873015873015872	0.12698412698412698	0.06349206349206349	0.20634920634920634
act/27	last	proj	0	5	False	True	asc	1	0.015873015873015872	0.12698412698412698	0.06349206349206349	0.20634920634920634
act/27	last	proj	3	6	False	True	asc	1	0.07936507936507936	0.25396825396825395	0.06349206349206349	0.20634920634920634
act/27	last	proj	2	6	False	True	asc	1	0.06349206349206349	0.23809523809523808	0.06349206349206349	0.2698412698412698
act/27	last	proj	0	19	False	True	asc	1	0.015873015873015872	0.12698412698412698	0.06349206349206349	0.20634920634920634
act/27	last	proj	0	19	False	False	asc	1	0.015873015873015872	0.1111111111111111	0.06349206349206349	0.20634920634920634
act/27	last	proj	0	20	False	True	asc	1	0.015873015873015872	0.12698412698412698	0.06349206349206349	0.20634920634920634
act/27	last	proj	0	20	False	False	asc	1	0.015873015873015872	0.1111111111111111	0.06349206349206349	0.20634920634920634
act/27	last	proj	6	15	False	True	asc	1	0.12698412698412698	0.31746031746031744	0.06349206349206349	0.2857142857142857
act/27	last	proj	4	15	False	False	asc	1	0.07936507936507936	0.2857142857142857	0.06349206349206349	0.23809523809523808
act/27	last	proj	3	15	False	False	asc	1	0.07936507936507936	0.2857142857142857	0.06349206349206349	0.25396825396825395
act/27	last	proj	7	16	False	False	asc	1	0.06349206349206349	0.25396825396825395	0.06349206349206349	0.2698412698412698
act/27	last	proj	7	17	False	True	asc	1	0.07936507936507936	0.31746031746031744	0.06349206349206349	0.2698412698412698
act/27	last	proj	7	17	False	False	asc	1	0.06349206349206349	0.2698412698412698	0.06349206349206349	0.2698412698412698
act/27	last	proj	7	18	False	True	asc	1	0.09523809523809523	0.2857142857142857	0.06349206349206349	0.2857142857142857
act/27	last	proj	5	15	False	True	asc	1	0.06349206349206349	0.2857142857142857	0.06349206349206349	0.25396825396825395
act/27	last	proj	5	15	False	False	asc	1	0.07936507936507936	0.30158730158730157	0.06349206349206349	0.25396825396825395
act/27	last	proj	0	17	False	False	asc	1	0.015873015873015872	0.1111111111111111	0.06349206349206349	0.20634920634920634
act/27	last	proj	0	18	False	True	asc	1	0.015873015873015872	0.12698412698412698	0.06349206349206349	0.20634920634920634
act/27	last	proj	0	18	False	False	asc	1	0.015873015873015872	0.1111111111111111	0.06349206349206349	0.20634920634920634
act/7	last	proj	15	17	False	True	asc	1	0.06349206349206349	0.2857142857142857	0.06349206349206349	0.30158730158730157
act/7	last	proj	15	17	False	False	asc	1	0.06349206349206349	0.2857142857142857	0.06349206349206349	0.30158730158730157
act/7	last	proj	15	18	False	True	asc	1	0.06349206349206349	0.30158730158730157	0.06349206349206349	0.25396825396825395
act/27	last	proj	0	13	False	False	asc	1	0.031746031746031744	0.14285714285714285	0.06349206349206349	0.20634920634920634
act/27	last	proj	0	14	False	True	asc	1	0.015873015873015872	0.12698412698412698	0.06349206349206349	0.20634920634920634
act/27	last	proj	0	14	False	False	asc	1	0.015873015873015872	0.1111111111111111	0.06349206349206349	0.20634920634920634
act/27	last	proj	0	15	False	True	asc	1	0.015873015873015872	0.12698412698412698	0.06349206349206349	0.20634920634920634
act/27	last	proj	0	15	False	False	asc	1	0.015873015873015872	0.1111111111111111	0.06349206349206349	0.20634920634920634
act/27	last	proj	0	16	False	True	asc	1	0.015873015873015872	0.12698412698412698	0.06349206349206349	0.20634920634920634
act/27	last	proj	0	16	False	False	asc	1	0.015873015873015872	0.1111111111111111	0.06349206349206349	0.20634920634920634
act/27	last	proj	0	17	False	True	asc	1	0.015873015873015872	0.12698412698412698	0.06349206349206349	0.20634920634920634
act/27	last	proj	0	9	False	False	asc	1	0.031746031746031744	0.15873015873015872	0.06349206349206349	0.20634920634920634
act/27	last	proj	0	10	False	True	asc	1	0.015873015873015872	0.12698412698412698	0.06349206349206349	0.20634920634920634
act/27	last	proj	0	10	False	False	asc	1	0.031746031746031744	0.15873015873015872	0.06349206349206349	0.20634920634920634
act/27	last	proj	0	11	False	True	asc	1	0.015873015873015872	0.12698412698412698	0.06349206349206349	0.20634920634920634
act/27	last	proj	0	11	False	False	asc	1	0.031746031746031744	0.15873015873015872	0.06349206349206349	0.20634920634920634
act/27	last	proj	0	12	False	True	asc	1	0.015873015873015872	0.12698412698412698	0.06349206349206349	0.20634920634920634
act/27	last	proj	0	12	False	False	asc	1	0.031746031746031744	0.15873015873015872	0.06349206349206349	0.20634920634920634
act/27	last	proj	0	13	False	True	asc	1	0.015873015873015872	0.12698412698412698	0.06349206349206349	0.20634920634920634
act/27	last	proj	0	5	False	False	asc	1	0.015873015873015872	0.12698412698412698	0.06349206349206349	0.20634920634920634
act/27	last	proj	0	6	False	True	asc	1	0.015873015873015872	0.12698412698412698	0.06349206349206349	0.20634920634920634
act/27	last	proj	0	6	False	False	asc	1	0.015873015873015872	0.12698412698412698	0.06349206349206349	0.20634920634920634
act/27	last	proj	0	7	False	True	asc	1	0.015873015873015872	0.12698412698412698	0.06349206349206349	0.20634920634920634
act/27	last	proj	0	7	False	False	asc	1	0.015873015873015872	0.14285714285714285	0.06349206349206349	0.20634920634920634
act/27	last	proj	0	8	False	True	asc	1	0.015873015873015872	0.12698412698412698	0.06349206349206349	0.20634920634920634
act/27	last	proj	0	8	False	False	asc	1	0.015873015873015872	0.14285714285714285	0.06349206349206349	0.20634920634920634
act/27	last	proj	0	9	False	True	asc	1	0.015873015873015872	0.12698412698412698	0.06349206349206349	0.20634920634920634
act/27	last	proj	12	16	True	True	asc	1	0.047619047619047616	0.12698412698412698	0.06349206349206349	0.19047619047619047
act/27	last	proj	12	16	True	False	asc	1	0.047619047619047616	0.12698412698412698	0.06349206349206349	0.20634920634920634
act/27	last	proj	11	15	True	True	asc	1	0.0	0.07936507936507936	0.06349206349206349	0.1746031746031746
act/27	last	proj	11	15	True	False	asc	1	0.0	0.07936507936507936	0.06349206349206349	0.15873015873015872
act/27	last	proj	12	20	True	False	asc	1	0.031746031746031744	0.12698412698412698	0.06349206349206349	0.2222222222222222
act/27	last	proj	13	17	True	False	asc	1	0.06349206349206349	0.2698412698412698	0.06349206349206349	0.2698412698412698
act/27	last	proj	13	19	True	True	asc	1	0.06349206349206349	0.2857142857142857	0.06349206349206349	0.2857142857142857
act/7	last	proj	15	18	False	False	asc	1	0.06349206349206349	0.30158730158730157	0.06349206349206349	0.2698412698412698
act/7	last	proj	15	19	False	True	asc	1	0.09523809523809523	0.3333333333333333	0.06349206349206349	0.3333333333333333
act/7	last	proj	15	19	False	False	asc	1	0.09523809523809523	0.3333333333333333	0.06349206349206349	0.3333333333333333
act/27	last	proj	0	1	False	True	asc	1	0.015873015873015872	0.12698412698412698	0.06349206349206349	0.20634920634920634
act/27	last	proj	0	1	False	False	asc	1	0.015873015873015872	0.12698412698412698	0.06349206349206349	0.20634920634920634
act/27	last	proj	0	2	False	True	asc	1	0.015873015873015872	0.12698412698412698	0.06349206349206349	0.20634920634920634
act/27	last	proj	0	2	False	False	asc	1	0.015873015873015872	0.12698412698412698	0.06349206349206349	0.20634920634920634
act/27	last	proj	12	20	True	True	asc	1	0.031746031746031744	0.12698412698412698	0.06349206349206349	0.20634920634920634
act/23	last	proj	7	16	True	False	asc	1	0.047619047619047616	0.3492063492063492	0.06349206349206349	0.30158730158730157
act/23	last	proj	6	16	True	False	asc	1	0.047619047619047616	0.3333333333333333	0.06349206349206349	0.2857142857142857
act/23	last	proj	4	15	True	False	asc	1	0.1111111111111111	0.3333333333333333	0.06349206349206349	0.23809523809523808
act/23	last	proj	8	20	True	True	asc	1	0.047619047619047616	0.20634920634920634	0.06349206349206349	0.2857142857142857
act/23	last	proj	9	17	True	True	asc	1	0.047619047619047616	0.1746031746031746	0.06349206349206349	0.2698412698412698
act/23	last	proj	8	19	True	True	asc	1	0.06349206349206349	0.20634920634920634	0.06349206349206349	0.2857142857142857
act/23	last	proj	10	15	True	True	asc	1	0.031746031746031744	0.1746031746031746	0.06349206349206349	0.1746031746031746
act/23	last	proj	10	17	True	True	asc	1	0.06349206349206349	0.1746031746031746	0.06349206349206349	0.23809523809523808
act/23	last	proj	13	17	True	True	asc	1	0.031746031746031744	0.19047619047619047	0.06349206349206349	0.19047619047619047
act/23	last	proj	13	17	True	False	asc	1	0.031746031746031744	0.19047619047619047	0.06349206349206349	0.19047619047619047
act/23	last	proj	11	19	True	True	asc	1	0.047619047619047616	0.14285714285714285	0.06349206349206349	0.19047619047619047
act/23	last	proj	11	20	True	True	asc	1	0.047619047619047616	0.14285714285714285	0.06349206349206349	0.1746031746031746
act/23	last	proj	14	18	True	False	asc	1	0.015873015873015872	0.12698412698412698	0.06349206349206349	0.23809523809523808
act/23	last	proj	16	17	True	True	asc	1	0.031746031746031744	0.19047619047619047	0.06349206349206349	0.31746031746031744
act/23	last	proj	16	17	True	False	asc	1	0.031746031746031744	0.19047619047619047	0.06349206349206349	0.31746031746031744
act/23	last	proj	11	18	True	False	asc	1	0.047619047619047616	0.12698412698412698	0.06349206349206349	0.19047619047619047
act/23	last	proj	14	18	True	True	asc	1	0.015873015873015872	0.14285714285714285	0.06349206349206349	0.23809523809523808
act/23	last	proj	13	18	True	True	asc	1	0.031746031746031744	0.15873015873015872	0.06349206349206349	0.19047619047619047
act/23	last	proj	1	3	False	False	asc	1	0.09523809523809523	0.2698412698412698	0.06349206349206349	0.4126984126984127
act/23	last	proj	1	4	False	True	asc	1	0.06349206349206349	0.30158730158730157	0.06349206349206349	0.4603174603174603
act/23	last	proj	16	19	True	True	asc	1	0.07936507936507936	0.2222222222222222	0.06349206349206349	0.31746031746031744
act/23	last	proj	16	19	True	False	asc	1	0.07936507936507936	0.2222222222222222	0.06349206349206349	0.31746031746031744
act/23	last	proj	16	20	True	False	asc	1	0.06349206349206349	0.23809523809523808	0.06349206349206349	0.23809523809523808
act/27	last	proj	9	13	True	False	asc	1	0.031746031746031744	0.07936507936507936	0.06349206349206349	0.12698412698412698
act/27	last	proj	6	18	True	True	asc	1	0.15873015873015872	0.3492063492063492	0.06349206349206349	0.2698412698412698
act/27	last	proj	6	18	True	False	asc	1	0.09523809523809523	0.30158730158730157	0.06349206349206349	0.2698412698412698
act/27	last	proj	6	19	True	True	asc	1	0.12698412698412698	0.3492063492063492	0.06349206349206349	0.2698412698412698
act/27	last	proj	6	19	True	False	asc	1	0.09523809523809523	0.30158730158730157	0.06349206349206349	0.30158730158730157
act/27	last	proj	6	20	True	False	asc	1	0.07936507936507936	0.30158730158730157	0.06349206349206349	0.2857142857142857
act/27	last	proj	7	16	True	False	asc	1	0.047619047619047616	0.2222222222222222	0.06349206349206349	0.2857142857142857
act/27	last	proj	8	15	True	False	asc	1	0.0	0.06349206349206349	0.06349206349206349	0.14285714285714285
act/27	last	proj	8	16	True	True	asc	1	0.047619047619047616	0.14285714285714285	0.06349206349206349	0.20634920634920634
act/27	last	proj	8	16	True	False	asc	1	0.047619047619047616	0.14285714285714285	0.06349206349206349	0.25396825396825395
act/27	last	proj	8	20	True	True	asc	1	0.047619047619047616	0.1111111111111111	0.06349206349206349	0.2222222222222222
act/27	last	proj	8	20	True	False	asc	1	0.047619047619047616	0.12698412698412698	0.06349206349206349	0.23809523809523808
act/27	last	proj	9	10	True	True	asc	1	0.06349206349206349	0.20634920634920634	0.06349206349206349	0.2222222222222222
act/27	last	proj	9	10	True	False	asc	1	0.06349206349206349	0.20634920634920634	0.06349206349206349	0.2222222222222222
act/27	last	proj	8	11	True	True	asc	1	0.1111111111111111	0.25396825396825395	0.06349206349206349	0.23809523809523808
act/27	last	proj	8	11	True	False	asc	1	0.1111111111111111	0.25396825396825395	0.06349206349206349	0.23809523809523808
act/27	last	proj	8	15	True	True	asc	1	0.0	0.06349206349206349	0.06349206349206349	0.14285714285714285
act/27	last	proj	9	20	True	True	asc	1	0.031746031746031744	0.1111111111111111	0.06349206349206349	0.1746031746031746
act/27	last	proj	9	20	True	False	asc	1	0.031746031746031744	0.14285714285714285	0.06349206349206349	0.19047619047619047
act/23	last	proj	0	17	False	False	asc	1	0.015873015873015872	0.12698412698412698	0.06349206349206349	0.20634920634920634
act/23	last	proj	0	18	False	False	asc	1	0.015873015873015872	0.1111111111111111	0.06349206349206349	0.20634920634920634
act/23	last	proj	0	19	False	False	asc	1	0.015873015873015872	0.1111111111111111	0.06349206349206349	0.20634920634920634
act/23	last	proj	0	20	False	False	asc	1	0.015873015873015872	0.1111111111111111	0.06349206349206349	0.20634920634920634
act/23	last	proj	1	3	False	True	asc	1	0.09523809523809523	0.2698412698412698	0.06349206349206349	0.42857142857142855
act/23	last	proj	0	13	False	False	asc	1	0.015873015873015872	0.12698412698412698	0.06349206349206349	0.20634920634920634
act/23	last	proj	0	14	False	False	asc	1	0.015873015873015872	0.12698412698412698	0.06349206349206349	0.20634920634920634
act/23	last	proj	0	15	False	False	asc	1	0.015873015873015872	0.12698412698412698	0.06349206349206349	0.20634920634920634
act/23	last	proj	0	16	False	False	asc	1	0.015873015873015872	0.12698412698412698	0.06349206349206349	0.20634920634920634
act/23	last	proj	0	11	False	False	asc	1	0.015873015873015872	0.14285714285714285	0.06349206349206349	0.2222222222222222
act/23	last	proj	0	12	False	False	asc	1	0.015873015873015872	0.14285714285714285	0.06349206349206349	0.20634920634920634
act/23	last	proj	1	14	False	False	asc	1	0.047619047619047616	0.25396825396825395	0.06349206349206349	0.23809523809523808
act/23	last	proj	1	15	False	False	asc	1	0.047619047619047616	0.25396825396825395	0.06349206349206349	0.23809523809523808
act/23	last	proj	1	16	False	True	asc	1	0.047619047619047616	0.25396825396825395	0.06349206349206349	0.2857142857142857
act/23	last	proj	1	16	False	False	asc	1	0.07936507936507936	0.2698412698412698	0.06349206349206349	0.2698412698412698
act/23	last	proj	1	17	False	True	asc	1	0.047619047619047616	0.25396825396825395	0.06349206349206349	0.2857142857142857
act/23	last	proj	1	17	False	False	asc	1	0.07936507936507936	0.25396825396825395	0.06349206349206349	0.2698412698412698
act/23	last	proj	1	18	False	False	asc	1	0.047619047619047616	0.19047619047619047	0.06349206349206349	0.23809523809523808
act/23	last	proj	13	20	False	False	asc	1	0.031746031746031744	0.15873015873015872	0.06349206349206349	0.20634920634920634
act/23	last	proj	14	16	False	True	asc	1	0.0	0.1111111111111111	0.06349206349206349	0.1746031746031746
act/23	last	proj	14	16	False	False	asc	1	0.0	0.1111111111111111	0.06349206349206349	0.1746031746031746
act/23	last	norm_l1	0	0	False	False	asc	1	0.031746031746031744	0.30158730158730157	0.06349206349206349	0.31746031746031744
act/27	last	proj	6	15	True	False	asc	1	0.06349206349206349	0.19047619047619047	0.06349206349206349	0.14285714285714285
act/27	last	proj	6	16	True	False	asc	1	0.07936507936507936	0.2698412698412698	0.06349206349206349	0.25396825396825395
act/27	last	proj	6	17	True	False	asc	1	0.07936507936507936	0.2857142857142857	0.06349206349206349	0.2698412698412698
act/27	last	proj	3	5	True	True	asc	1	0.07936507936507936	0.20634920634920634	0.06349206349206349	0.19047619047619047
act/23	last	proj	16	20	False	False	asc	1	0.06349206349206349	0.2222222222222222	0.06349206349206349	0.2698412698412698
act/27	last	proj	7	17	True	False	asc	1	0.06349206349206349	0.23809523809523808	0.06349206349206349	0.30158730158730157
act/27	last	proj	7	18	True	False	asc	1	0.07936507936507936	0.2698412698412698	0.06349206349206349	0.3333333333333333
act/27	last	proj	7	19	True	False	asc	1	0.09523809523809523	0.30158730158730157	0.06349206349206349	0.2857142857142857
act/27	last	proj	7	20	True	False	asc	1	0.07936507936507936	0.30158730158730157	0.06349206349206349	0.2857142857142857
act/27	last	proj	5	16	True	False	asc	1	0.12698412698412698	0.30158730158730157	0.06349206349206349	0.2857142857142857
act/27	last	proj	6	14	True	True	asc	1	0.12698412698412698	0.2698412698412698	0.06349206349206349	0.23809523809523808
act/27	last	proj	6	14	True	False	asc	1	0.1111111111111111	0.2698412698412698	0.06349206349206349	0.1746031746031746
act/23	last	proj	2	16	False	False	asc	1	0.07936507936507936	0.2698412698412698	0.06349206349206349	0.25396825396825395
act/23	last	proj	2	17	False	True	asc	1	0.047619047619047616	0.19047619047619047	0.06349206349206349	0.25396825396825395
act/23	last	proj	2	17	False	False	asc	1	0.07936507936507936	0.2698412698412698	0.06349206349206349	0.25396825396825395
act/23	last	proj	2	18	False	False	asc	1	0.047619047619047616	0.19047619047619047	0.06349206349206349	0.25396825396825395
act/23	last	proj	2	19	False	True	asc	1	0.07936507936507936	0.20634920634920634	0.06349206349206349	0.25396825396825395
act/23	last	proj	2	19	False	False	asc	1	0.047619047619047616	0.20634920634920634	0.06349206349206349	0.2698412698412698
act/23	last	proj	1	13	False	False	asc	1	0.07936507936507936	0.2857142857142857	0.06349206349206349	0.25396825396825395
act/23	last	proj	3	17	False	False	asc	1	0.07936507936507936	0.2857142857142857	0.06349206349206349	0.25396825396825395
act/23	last	proj	3	18	False	False	asc	1	0.06349206349206349	0.25396825396825395	0.06349206349206349	0.25396825396825395
act/23	last	proj	2	13	False	False	asc	1	0.07936507936507936	0.23809523809523808	0.06349206349206349	0.23809523809523808
act/23	last	proj	2	14	False	False	asc	1	0.09523809523809523	0.2698412698412698	0.06349206349206349	0.2222222222222222
act/23	last	proj	2	16	False	True	asc	1	0.07936507936507936	0.2222222222222222	0.06349206349206349	0.25396825396825395
act/23	last	proj	4	18	False	False	asc	1	0.047619047619047616	0.20634920634920634	0.06349206349206349	0.25396825396825395
act/23	last	proj	2	20	False	True	asc	1	0.07936507936507936	0.20634920634920634	0.06349206349206349	0.25396825396825395
act/23	last	proj	2	20	False	False	asc	1	0.047619047619047616	0.20634920634920634	0.06349206349206349	0.2698412698412698
act/23	last	proj	3	15	False	True	asc	1	0.07936507936507936	0.2698412698412698	0.06349206349206349	0.2222222222222222
act/23	last	proj	3	15	False	False	asc	1	0.07936507936507936	0.2857142857142857	0.06349206349206349	0.2222222222222222
act/23	last	proj	3	16	False	False	asc	1	0.07936507936507936	0.2857142857142857	0.06349206349206349	0.25396825396825395
act/23	last	proj	3	20	False	False	asc	1	0.06349206349206349	0.25396825396825395	0.06349206349206349	0.2698412698412698
act/23	last	proj	4	13	False	False	asc	1	0.07936507936507936	0.30158730158730157	0.06349206349206349	0.2222222222222222
act/23	last	proj	4	15	False	True	asc	1	0.06349206349206349	0.30158730158730157	0.06349206349206349	0.2222222222222222
act/23	last	proj	4	16	False	True	asc	1	0.06349206349206349	0.30158730158730157	0.06349206349206349	0.25396825396825395
act/23	last	proj	4	16	False	False	asc	1	0.07936507936507936	0.25396825396825395	0.06349206349206349	0.25396825396825395
act/23	last	proj	4	17	False	False	asc	1	0.07936507936507936	0.25396825396825395	0.06349206349206349	0.25396825396825395
act/23	last	proj	12	19	False	True	asc	1	0.047619047619047616	0.1111111111111111	0.06349206349206349	0.20634920634920634
act/23	last	proj	12	20	False	False	asc	1	0.031746031746031744	0.1111111111111111	0.06349206349206349	0.19047619047619047
act/23	last	proj	11	18	False	True	asc	1	0.06349206349206349	0.15873015873015872	0.06349206349206349	0.30158730158730157
act/23	last	proj	11	19	False	True	asc	1	0.047619047619047616	0.14285714285714285	0.06349206349206349	0.30158730158730157
act/23	last	proj	11	20	False	False	asc	1	0.047619047619047616	0.15873015873015872	0.06349206349206349	0.31746031746031744
act/23	last	proj	12	18	False	True	asc	1	0.047619047619047616	0.14285714285714285	0.06349206349206349	0.19047619047619047
act/23	last	proj	15	18	False	True	asc	1	0.015873015873015872	0.14285714285714285	0.06349206349206349	0.25396825396825395
act/23	last	proj	5	16	False	False	asc	1	0.015873015873015872	0.23809523809523808	0.06349206349206349	0.2698412698412698
act/23	last	proj	5	17	False	True	asc	1	0.031746031746031744	0.2222222222222222	0.06349206349206349	0.25396825396825395
act/23	last	proj	5	17	False	False	asc	1	0.015873015873015872	0.2222222222222222	0.06349206349206349	0.2698412698412698
act/23	last	proj	5	18	False	True	asc	1	0.0	0.20634920634920634	0.06349206349206349	0.25396825396825395
act/23	last	proj	5	18	False	False	asc	1	0.015873015873015872	0.2222222222222222	0.06349206349206349	0.25396825396825395
act/23	last	proj	5	19	False	True	asc	1	0.0	0.20634920634920634	0.06349206349206349	0.25396825396825395
act/23	last	proj	5	19	False	False	asc	1	0.015873015873015872	0.23809523809523808	0.06349206349206349	0.25396825396825395
act/23	last	proj	3	19	False	False	asc	1	0.06349206349206349	0.25396825396825395	0.06349206349206349	0.2698412698412698
act/23	last	proj	4	20	False	True	asc	1	0.06349206349206349	0.2698412698412698	0.06349206349206349	0.25396825396825395
act/23	last	proj	5	13	False	False	asc	1	0.031746031746031744	0.2222222222222222	0.06349206349206349	0.2222222222222222
act/23	last	proj	5	14	False	True	asc	1	0.047619047619047616	0.23809523809523808	0.06349206349206349	0.25396825396825395
act/23	last	proj	5	16	False	True	asc	1	0.031746031746031744	0.2222222222222222	0.06349206349206349	0.25396825396825395
act/23	last	proj	6	18	False	False	asc	1	0.047619047619047616	0.23809523809523808	0.06349206349206349	0.2698412698412698
act/23	last	proj	6	19	False	False	asc	1	0.06349206349206349	0.25396825396825395	0.06349206349206349	0.2857142857142857
act/23	last	proj	4	19	False	False	asc	1	0.047619047619047616	0.20634920634920634	0.06349206349206349	0.2698412698412698
act/23	last	proj	5	20	False	True	asc	1	0.0	0.20634920634920634	0.06349206349206349	0.25396825396825395
act/23	last	proj	5	20	False	False	asc	1	0.015873015873015872	0.23809523809523808	0.06349206349206349	0.2698412698412698
act/23	last	proj	6	15	False	False	asc	1	0.06349206349206349	0.2698412698412698	0.06349206349206349	0.2698412698412698
act/23	last	proj	6	16	False	True	asc	1	0.047619047619047616	0.25396825396825395	0.06349206349206349	0.2698412698412698
act/23	last	proj	7	15	False	True	asc	1	0.09523809523809523	0.36507936507936506	0.06349206349206349	0.25396825396825395
act/23	last	proj	7	15	False	False	asc	1	0.1111111111111111	0.31746031746031744	0.06349206349206349	0.2698412698412698
act/23	last	proj	7	16	False	False	asc	1	0.047619047619047616	0.1746031746031746	0.06349206349206349	0.2857142857142857
act/23	last	proj	7	17	False	True	asc	1	0.047619047619047616	0.23809523809523808	0.06349206349206349	0.25396825396825395
act/23	last	proj	7	17	False	False	asc	1	0.047619047619047616	0.19047619047619047	0.06349206349206349	0.2857142857142857
act/23	last	proj	7	19	False	False	asc	1	0.047619047619047616	0.23809523809523808	0.06349206349206349	0.2857142857142857
act/23	last	proj	8	20	False	True	asc	1	0.06349206349206349	0.2222222222222222	0.06349206349206349	0.31746031746031744
act/23	last	proj	8	20	False	False	asc	1	0.047619047619047616	0.20634920634920634	0.06349206349206349	0.31746031746031744
act/23	last	proj	9	10	False	True	asc	1	0.12698412698412698	0.31746031746031744	0.06349206349206349	0.3333333333333333
act/23	last	proj	9	10	False	False	asc	1	0.12698412698412698	0.31746031746031744	0.06349206349206349	0.3333333333333333
act/23	last	proj	7	9	False	True	asc	1	0.07936507936507936	0.2698412698412698	0.06349206349206349	0.30158730158730157
act/23	last	proj	7	9	False	False	asc	1	0.07936507936507936	0.2698412698412698	0.06349206349206349	0.30158730158730157
act/23	last	proj	7	14	False	True	asc	1	0.1111111111111111	0.38095238095238093	0.06349206349206349	0.25396825396825395
act/23	last	proj	7	14	False	False	asc	1	0.14285714285714285	0.38095238095238093	0.06349206349206349	0.2698412698412698
act/23	last	proj	11	12	False	False	asc	1	0.25396825396825395	0.3968253968253968	0.06349206349206349	0.2857142857142857
act/23	last	proj	8	16	False	True	asc	1	0.047619047619047616	0.2222222222222222	0.06349206349206349	0.31746031746031744
act/23	last	proj	8	16	False	False	asc	1	0.047619047619047616	0.1746031746031746	0.06349206349206349	0.2857142857142857
act/23	last	proj	8	17	False	True	asc	1	0.047619047619047616	0.19047619047619047	0.06349206349206349	0.30158730158730157
act/23	last	proj	8	17	False	False	asc	1	0.06349206349206349	0.19047619047619047	0.06349206349206349	0.2857142857142857
act/23	last	proj	8	18	False	False	asc	1	0.06349206349206349	0.20634920634920634	0.06349206349206349	0.30158730158730157
act/23	last	proj	8	19	False	False	asc	1	0.047619047619047616	0.1746031746031746	0.06349206349206349	0.2857142857142857
act/23	last	proj	11	12	False	True	asc	1	0.25396825396825395	0.3968253968253968	0.06349206349206349	0.2857142857142857
act/11	last	proj	2	9	True	True	asc	1	0.12698412698412698	0.42857142857142855	0.06349206349206349	0.3492063492063492
act/11	last	proj	2	10	True	True	asc	1	0.12698412698412698	0.3968253968253968	0.06349206349206349	0.3333333333333333
act/11	last	proj	5	14	True	False	asc	1	0.1111111111111111	0.3968253968253968	0.06349206349206349	0.4444444444444444
act/11	last	proj	5	15	True	True	asc	1	0.1746031746031746	0.4444444444444444	0.06349206349206349	0.47619047619047616
act/11	last	proj	5	16	True	True	asc	1	0.1746031746031746	0.4444444444444444	0.06349206349206349	0.47619047619047616
act/11	last	proj	5	17	True	True	asc	1	0.1746031746031746	0.42857142857142855	0.06349206349206349	0.4603174603174603
act/11	last	proj	4	10	True	False	asc	1	0.1111111111111111	0.38095238095238093	0.06349206349206349	0.3492063492063492
act/11	last	proj	7	12	True	False	asc	1	0.09523809523809523	0.38095238095238093	0.06349206349206349	0.3333333333333333
act/11	last	proj	5	11	True	False	asc	1	0.1111111111111111	0.4126984126984127	0.06349206349206349	0.3968253968253968
act/11	last	proj	5	13	True	True	asc	1	0.12698412698412698	0.42857142857142855	0.06349206349206349	0.42857142857142855
act/11	last	proj	5	13	True	False	asc	1	0.1111111111111111	0.4126984126984127	0.06349206349206349	0.4444444444444444
act/11	last	proj	7	8	True	False	asc	1	0.07936507936507936	0.3492063492063492	0.06349206349206349	0.3333333333333333
act/7	last	proj	1	4	True	False	asc	1	0.12698412698412698	0.47619047619047616	0.06349206349206349	0.3333333333333333
act/31_normed	last	proj	14	19	False	True	asc	1	0.06349206349206349	0.20634920634920634	0.06349206349206349	0.31746031746031744
act/31_normed	last	proj	14	19	False	False	asc	1	0.047619047619047616	0.19047619047619047	0.06349206349206349	0.30158730158730157
act/31_normed	last	proj	14	20	False	True	asc	1	0.031746031746031744	0.1746031746031746	0.06349206349206349	0.31746031746031744
act/31_normed	last	proj	14	20	False	False	asc	1	0.031746031746031744	0.1746031746031746	0.06349206349206349	0.30158730158730157
act/31_normed	last	proj	15	18	False	True	asc	1	0.031746031746031744	0.2698412698412698	0.06349206349206349	0.3333333333333333
act/31_normed	last	proj	15	18	False	False	asc	1	0.031746031746031744	0.2698412698412698	0.06349206349206349	0.3333333333333333
act/7	last	proj	5	7	True	False	asc	1	0.19047619047619047	0.42857142857142855	0.06349206349206349	0.36507936507936506
act/7	last	proj	2	4	True	False	asc	1	0.1746031746031746	0.5238095238095238	0.06349206349206349	0.3492063492063492
act/7	last	proj	0	15	True	True	asc	1	0.07936507936507936	0.2698412698412698	0.06349206349206349	0.19047619047619047
act/7	last	proj	6	9	True	True	asc	1	0.047619047619047616	0.36507936507936506	0.06349206349206349	0.25396825396825395
act/7	last	proj	6	9	True	False	asc	1	0.047619047619047616	0.38095238095238093	0.06349206349206349	0.2698412698412698
act/7	last	proj	5	7	True	True	asc	1	0.19047619047619047	0.42857142857142855	0.06349206349206349	0.36507936507936506
act/7	last	proj	7	9	True	True	asc	1	0.06349206349206349	0.3968253968253968	0.06349206349206349	0.31746031746031744
act/7	last	proj	7	9	True	False	asc	1	0.06349206349206349	0.3968253968253968	0.06349206349206349	0.31746031746031744
act/7	last	proj	7	10	True	True	asc	1	0.06349206349206349	0.38095238095238093	0.06349206349206349	0.31746031746031744
act/7	last	proj	7	10	True	False	asc	1	0.047619047619047616	0.36507936507936506	0.06349206349206349	0.31746031746031744
act/7	last	proj	7	11	True	True	asc	1	0.047619047619047616	0.3492063492063492	0.06349206349206349	0.3333333333333333
act/11	last	proj	1	9	True	False	asc	1	0.12698412698412698	0.42857142857142855	0.047619047619047616	0.36507936507936506
act/7	last	proj	6	11	True	False	asc	1	0.031746031746031744	0.36507936507936506	0.047619047619047616	0.30158730158730157
act/7	last	proj	7	8	True	True	asc	1	0.09523809523809523	0.3333333333333333	0.047619047619047616	0.2698412698412698
act/31_normed	last	proj	6	18	False	True	asc	1	0.06349206349206349	0.4603174603174603	0.047619047619047616	0.3968253968253968
act/31_normed	last	proj	6	9	False	False	asc	1	0.1746031746031746	0.5079365079365079	0.047619047619047616	0.42857142857142855
act/11	last	proj	10	16	True	True	asc	1	0.15873015873015872	0.2857142857142857	0.047619047619047616	0.2857142857142857
act/11	last	proj	10	16	True	False	asc	1	0.1746031746031746	0.31746031746031744	0.047619047619047616	0.30158730158730157
act/11	last	proj	11	13	True	True	asc	1	0.12698412698412698	0.30158730158730157	0.047619047619047616	0.25396825396825395
act/11	last	proj	11	13	True	False	asc	1	0.12698412698412698	0.30158730158730157	0.047619047619047616	0.25396825396825395
act/31_normed	last	proj	8	12	False	True	asc	1	0.07936507936507936	0.3333333333333333	0.047619047619047616	0.31746031746031744
act/31_normed	last	proj	6	15	False	True	asc	1	0.1111111111111111	0.4126984126984127	0.047619047619047616	0.3968253968253968
act/31_normed	last	proj	6	15	False	False	asc	1	0.07936507936507936	0.36507936507936506	0.047619047619047616	0.3492063492063492
act/11	last	proj	5	12	False	False	asc	1	0.1111111111111111	0.4126984126984127	0.047619047619047616	0.3333333333333333
act/11	last	proj	10	12	True	True	asc	1	0.09523809523809523	0.2698412698412698	0.047619047619047616	0.20634920634920634
act/11	last	proj	10	12	True	False	asc	1	0.09523809523809523	0.25396825396825395	0.047619047619047616	0.20634920634920634
act/11	last	proj	10	13	True	True	asc	1	0.09523809523809523	0.2222222222222222	0.047619047619047616	0.2222222222222222
act/11	last	proj	10	13	True	False	asc	1	0.09523809523809523	0.2222222222222222	0.047619047619047616	0.2222222222222222
act/31_normed	last	proj	13	18	True	True	asc	1	0.047619047619047616	0.2857142857142857	0.047619047619047616	0.2857142857142857
act/31_normed	last	proj	13	18	True	False	asc	1	0.031746031746031744	0.25396825396825395	0.047619047619047616	0.2698412698412698
act/31_normed	last	proj	13	20	True	True	asc	1	0.031746031746031744	0.14285714285714285	0.047619047619047616	0.20634920634920634
act/31_normed	last	proj	13	20	True	False	asc	1	0.031746031746031744	0.14285714285714285	0.047619047619047616	0.20634920634920634
act/23	last	proj	14	18	False	False	asc	1	0.015873015873015872	0.14285714285714285	0.047619047619047616	0.23809523809523808
act/23	last	proj	15	16	False	True	asc	1	0.015873015873015872	0.14285714285714285	0.047619047619047616	0.14285714285714285
act/23	last	proj	15	16	False	False	asc	1	0.015873015873015872	0.14285714285714285	0.047619047619047616	0.14285714285714285
act/23	last	proj	6	19	False	True	asc	1	0.06349206349206349	0.25396825396825395	0.047619047619047616	0.2857142857142857
act/23	last	proj	6	20	False	True	asc	1	0.047619047619047616	0.23809523809523808	0.047619047619047616	0.2857142857142857
act/23	last	proj	5	13	False	True	asc	1	0.031746031746031744	0.2222222222222222	0.047619047619047616	0.23809523809523808
act/23	last	proj	5	14	False	False	asc	1	0.047619047619047616	0.23809523809523808	0.047619047619047616	0.2222222222222222
act/23	last	proj	5	15	False	True	asc	1	0.047619047619047616	0.23809523809523808	0.047619047619047616	0.2222222222222222
act/23	last	proj	5	15	False	False	asc	1	0.031746031746031744	0.25396825396825395	0.047619047619047616	0.2222222222222222
act/23	last	proj	14	17	False	False	asc	1	0.0	0.1746031746031746	0.047619047619047616	0.1746031746031746
act/23	last	proj	14	18	False	True	asc	1	0.031746031746031744	0.15873015873015872	0.047619047619047616	0.2222222222222222
act/23	last	proj	7	20	False	False	asc	1	0.047619047619047616	0.2222222222222222	0.047619047619047616	0.2857142857142857
act/23	last	proj	6	14	False	True	asc	1	0.06349206349206349	0.31746031746031744	0.047619047619047616	0.25396825396825395
act/23	last	proj	6	15	False	True	asc	1	0.047619047619047616	0.2698412698412698	0.047619047619047616	0.25396825396825395
act/23	last	proj	6	16	False	False	asc	1	0.047619047619047616	0.25396825396825395	0.047619047619047616	0.25396825396825395
act/23	last	proj	6	17	False	False	asc	1	0.047619047619047616	0.25396825396825395	0.047619047619047616	0.2698412698412698
act/23	last	proj	10	18	False	True	asc	1	0.047619047619047616	0.1746031746031746	0.047619047619047616	0.2857142857142857
act/23	last	proj	10	18	False	False	asc	1	0.047619047619047616	0.15873015873015872	0.047619047619047616	0.2857142857142857
act/23	last	proj	10	19	False	True	asc	1	0.047619047619047616	0.15873015873015872	0.047619047619047616	0.2698412698412698
act/23	last	proj	10	19	False	False	asc	1	0.047619047619047616	0.14285714285714285	0.047619047619047616	0.2698412698412698
act/23	last	proj	10	20	False	True	asc	1	0.047619047619047616	0.14285714285714285	0.047619047619047616	0.2698412698412698
act/23	last	proj	10	20	False	False	asc	1	0.047619047619047616	0.15873015873015872	0.047619047619047616	0.2698412698412698
act/23	last	proj	8	19	False	True	asc	1	0.06349206349206349	0.2222222222222222	0.047619047619047616	0.2857142857142857
act/23	last	proj	7	16	False	True	asc	1	0.047619047619047616	0.25396825396825395	0.047619047619047616	0.2698412698412698
act/23	last	norm_l2	0	0	False	False	asc	1	0.0	0.1111111111111111	0.047619047619047616	0.1746031746031746
act/23	last	proj	13	16	False	True	asc	1	0.015873015873015872	0.1111111111111111	0.047619047619047616	0.1746031746031746
act/23	last	proj	13	16	False	False	asc	1	0.015873015873015872	0.1111111111111111	0.047619047619047616	0.1746031746031746
act/23	last	proj	4	15	False	False	asc	1	0.047619047619047616	0.2698412698412698	0.047619047619047616	0.20634920634920634
act/23	last	proj	3	13	False	False	asc	1	0.09523809523809523	0.2857142857142857	0.047619047619047616	0.2222222222222222
act/23	last	proj	3	14	False	False	asc	1	0.07936507936507936	0.2698412698412698	0.047619047619047616	0.2222222222222222
act/23	last	proj	2	15	False	False	asc	1	0.07936507936507936	0.2698412698412698	0.047619047619047616	0.19047619047619047
act/23	last	proj	1	6	False	True	asc	1	0.047619047619047616	0.2698412698412698	0.047619047619047616	0.4126984126984127
act/27	last	proj	6	15	True	True	asc	1	0.1111111111111111	0.2857142857142857	0.047619047619047616	0.19047619047619047
act/23	last	proj	12	18	False	False	asc	1	0.047619047619047616	0.14285714285714285	0.047619047619047616	0.15873015873015872
act/23	last	proj	12	19	False	False	asc	1	0.047619047619047616	0.09523809523809523	0.047619047619047616	0.19047619047619047
act/23	last	proj	9	18	False	True	asc	1	0.047619047619047616	0.20634920634920634	0.047619047619047616	0.2698412698412698
act/23	last	proj	9	18	False	False	asc	1	0.047619047619047616	0.1746031746031746	0.047619047619047616	0.2857142857142857
act/23	last	proj	9	19	False	True	asc	1	0.047619047619047616	0.1746031746031746	0.047619047619047616	0.25396825396825395
act/23	last	proj	9	19	False	False	asc	1	0.047619047619047616	0.1746031746031746	0.047619047619047616	0.2857142857142857
act/23	last	proj	9	20	False	True	asc	1	0.031746031746031744	0.1746031746031746	0.047619047619047616	0.2698412698412698
act/23	last	proj	4	14	False	False	asc	1	0.09523809523809523	0.30158730158730157	0.047619047619047616	0.2222222222222222
act/23	last	proj	15	18	False	False	asc	1	0.015873015873015872	0.14285714285714285	0.047619047619047616	0.23809523809523808
act/23	last	proj	15	19	False	True	asc	1	0.031746031746031744	0.1111111111111111	0.047619047619047616	0.2222222222222222
act/23	last	proj	15	19	False	False	asc	1	0.031746031746031744	0.1111111111111111	0.047619047619047616	0.25396825396825395
act/23	last	proj	15	20	False	True	asc	1	0.015873015873015872	0.1111111111111111	0.047619047619047616	0.25396825396825395
act/23	last	proj	15	20	False	False	asc	1	0.015873015873015872	0.1111111111111111	0.047619047619047616	0.2698412698412698
act/23	last	proj	11	18	False	False	asc	1	0.06349206349206349	0.1746031746031746	0.047619047619047616	0.2857142857142857
act/23	last	proj	11	19	False	False	asc	1	0.047619047619047616	0.15873015873015872	0.047619047619047616	0.2698412698412698
act/27	last	proj	10	14	True	True	asc	1	0.031746031746031744	0.09523809523809523	0.047619047619047616	0.12698412698412698
act/27	last	proj	10	14	True	False	asc	1	0.015873015873015872	0.07936507936507936	0.047619047619047616	0.12698412698412698
act/27	last	proj	10	15	True	True	asc	1	0.0	0.06349206349206349	0.047619047619047616	0.14285714285714285
act/27	last	proj	10	15	True	False	asc	1	0.0	0.047619047619047616	0.047619047619047616	0.14285714285714285
act/27	last	proj	8	14	True	True	asc	1	0.0	0.031746031746031744	0.047619047619047616	0.12698412698412698
act/27	last	proj	8	14	True	False	asc	1	0.0	0.031746031746031744	0.047619047619047616	0.12698412698412698
act/23	last	proj	0	16	False	True	asc	1	0.0	0.09523809523809523	0.047619047619047616	0.19047619047619047
act/23	last	proj	0	17	False	True	asc	1	0.0	0.09523809523809523	0.047619047619047616	0.19047619047619047
act/23	last	proj	0	18	False	True	asc	1	0.0	0.09523809523809523	0.047619047619047616	0.19047619047619047
act/23	last	proj	0	19	False	True	asc	1	0.0	0.09523809523809523	0.047619047619047616	0.19047619047619047
act/23	last	proj	0	20	False	True	asc	1	0.0	0.09523809523809523	0.047619047619047616	0.19047619047619047
act/27	last	proj	9	15	True	False	asc	1	0.0	0.047619047619047616	0.047619047619047616	0.14285714285714285
act/27	last	proj	10	11	True	True	asc	1	0.12698412698412698	0.3968253968253968	0.047619047619047616	0.30158730158730157
act/27	last	proj	10	11	True	False	asc	1	0.12698412698412698	0.3968253968253968	0.047619047619047616	0.30158730158730157
act/23	last	proj	0	9	False	False	asc	1	0.0	0.12698412698412698	0.047619047619047616	0.20634920634920634
act/23	last	proj	0	10	False	True	asc	1	0.0	0.09523809523809523	0.047619047619047616	0.19047619047619047
act/23	last	proj	0	10	False	False	asc	1	0.015873015873015872	0.14285714285714285	0.047619047619047616	0.20634920634920634
act/23	last	proj	0	11	False	True	asc	1	0.0	0.09523809523809523	0.047619047619047616	0.19047619047619047
act/23	last	proj	0	12	False	True	asc	1	0.0	0.09523809523809523	0.047619047619047616	0.19047619047619047
act/23	last	proj	0	13	False	True	asc	1	0.0	0.09523809523809523	0.047619047619047616	0.19047619047619047
act/23	last	proj	0	14	False	True	asc	1	0.0	0.09523809523809523	0.047619047619047616	0.19047619047619047
act/23	last	proj	0	15	False	True	asc	1	0.0	0.09523809523809523	0.047619047619047616	0.19047619047619047
act/23	last	proj	13	19	False	True	asc	1	0.047619047619047616	0.14285714285714285	0.047619047619047616	0.19047619047619047
act/23	last	proj	13	19	False	False	asc	1	0.06349206349206349	0.1746031746031746	0.047619047619047616	0.19047619047619047
act/23	last	proj	13	20	False	True	asc	1	0.047619047619047616	0.15873015873015872	0.047619047619047616	0.19047619047619047
act/23	last	proj	0	9	False	True	asc	1	0.0	0.09523809523809523	0.047619047619047616	0.19047619047619047
act/31_normed	last	proj	16	19	True	True	asc	1	0.015873015873015872	0.09523809523809523	0.047619047619047616	0.1746031746031746
act/31_normed	last	proj	12	20	True	False	asc	1	0.031746031746031744	0.14285714285714285	0.047619047619047616	0.2222222222222222
act/31_normed	last	proj	13	16	True	True	asc	1	0.06349206349206349	0.2698412698412698	0.047619047619047616	0.3492063492063492
act/31_normed	last	proj	13	16	True	False	asc	1	0.06349206349206349	0.2698412698412698	0.047619047619047616	0.3492063492063492
act/31_normed	last	proj	15	19	True	True	asc	1	0.031746031746031744	0.20634920634920634	0.047619047619047616	0.2222222222222222
act/31_normed	last	proj	15	19	True	False	asc	1	0.031746031746031744	0.20634920634920634	0.047619047619047616	0.2222222222222222
act/31_normed	last	proj	15	20	True	True	asc	1	0.031746031746031744	0.14285714285714285	0.047619047619047616	0.23809523809523808
act/31_normed	last	proj	15	20	True	False	asc	1	0.031746031746031744	0.14285714285714285	0.047619047619047616	0.25396825396825395
act/11	last	proj	8	14	False	True	asc	1	0.09523809523809523	0.4444444444444444	0.047619047619047616	0.3492063492063492
act/11	last	proj	6	11	False	False	asc	1	0.09523809523809523	0.4126984126984127	0.047619047619047616	0.4126984126984127
act/11	last	proj	6	13	False	True	asc	1	0.1111111111111111	0.4126984126984127	0.047619047619047616	0.3968253968253968
act/11	last	proj	6	13	False	False	asc	1	0.09523809523809523	0.42857142857142855	0.047619047619047616	0.4126984126984127
act/11	last	proj	6	14	False	False	asc	1	0.1111111111111111	0.4126984126984127	0.047619047619047616	0.42857142857142855
act/11	last	proj	6	16	False	True	asc	1	0.1746031746031746	0.4126984126984127	0.047619047619047616	0.4444444444444444
act/11	last	proj	7	14	False	False	asc	1	0.07936507936507936	0.38095238095238093	0.047619047619047616	0.31746031746031744
act/11	last	proj	8	13	False	True	asc	1	0.1111111111111111	0.4603174603174603	0.047619047619047616	0.3333333333333333
act/23	last	proj	14	20	True	True	asc	1	0.015873015873015872	0.20634920634920634	0.047619047619047616	0.25396825396825395
act/23	last	proj	14	20	True	False	asc	1	0.015873015873015872	0.2222222222222222	0.047619047619047616	0.25396825396825395
act/23	last	proj	11	19	True	False	asc	1	0.047619047619047616	0.14285714285714285	0.047619047619047616	0.19047619047619047
act/23	last	proj	0	7	False	False	asc	1	0.015873015873015872	0.12698412698412698	0.047619047619047616	0.20634920634920634
act/23	last	proj	0	8	False	True	asc	1	0.0	0.09523809523809523	0.047619047619047616	0.19047619047619047
act/23	last	proj	0	8	False	False	asc	1	0.015873015873015872	0.14285714285714285	0.047619047619047616	0.20634920634920634
act/23	last	proj	13	20	True	True	asc	1	0.031746031746031744	0.20634920634920634	0.047619047619047616	0.23809523809523808
act/23	last	proj	13	20	True	False	asc	1	0.015873015873015872	0.19047619047619047	0.047619047619047616	0.25396825396825395
act/23	last	proj	0	3	False	False	asc	1	0.0	0.09523809523809523	0.047619047619047616	0.1746031746031746
act/23	last	proj	0	4	False	True	asc	1	0.0	0.09523809523809523	0.047619047619047616	0.1746031746031746
act/23	last	proj	0	4	False	False	asc	1	0.0	0.09523809523809523	0.047619047619047616	0.20634920634920634
act/23	last	proj	0	5	False	True	asc	1	0.0	0.09523809523809523	0.047619047619047616	0.1746031746031746
act/23	last	proj	0	5	False	False	asc	1	0.0	0.09523809523809523	0.047619047619047616	0.20634920634920634
act/23	last	proj	0	6	False	True	asc	1	0.0	0.09523809523809523	0.047619047619047616	0.19047619047619047
act/23	last	proj	0	6	False	False	asc	1	0.0	0.09523809523809523	0.047619047619047616	0.20634920634920634
act/23	last	proj	0	7	False	True	asc	1	0.0	0.09523809523809523	0.047619047619047616	0.19047619047619047
act/23	last	proj	1	4	False	False	asc	1	0.06349206349206349	0.2857142857142857	0.047619047619047616	0.4603174603174603
act/31_normed	last	proj	8	13	True	True	asc	1	0.06349206349206349	0.31746031746031744	0.047619047619047616	0.2857142857142857
act/31_normed	last	proj	8	16	True	True	asc	1	0.047619047619047616	0.30158730158730157	0.047619047619047616	0.2857142857142857
act/31_normed	last	proj	10	20	True	False	asc	1	0.031746031746031744	0.23809523809523808	0.047619047619047616	0.23809523809523808
act/31_normed	last	proj	11	20	True	True	asc	1	0.047619047619047616	0.20634920634920634	0.047619047619047616	0.20634920634920634
act/31_normed	last	proj	9	20	True	False	asc	1	0.047619047619047616	0.2222222222222222	0.047619047619047616	0.23809523809523808
act/31_normed	last	proj	10	11	True	True	asc	1	0.09523809523809523	0.2857142857142857	0.047619047619047616	0.2857142857142857
act/31_normed	last	proj	10	11	True	False	asc	1	0.09523809523809523	0.2857142857142857	0.047619047619047616	0.2857142857142857
act/31_normed	last	proj	7	19	True	False	asc	1	0.031746031746031744	0.20634920634920634	0.047619047619047616	0.2222222222222222
act/31_normed	last	proj	10	20	True	True	asc	1	0.047619047619047616	0.20634920634920634	0.047619047619047616	0.23809523809523808
act/15	last	proj	6	15	True	False	asc	1	0.09523809523809523	0.3333333333333333	0.047619047619047616	0.3333333333333333
act/11	last	proj	11	12	False	True	asc	1	0.09523809523809523	0.20634920634920634	0.047619047619047616	0.2698412698412698
act/11	last	proj	11	12	False	False	asc	1	0.09523809523809523	0.20634920634920634	0.047619047619047616	0.2698412698412698
act/11	last	proj	7	11	False	True	asc	1	0.07936507936507936	0.4126984126984127	0.047619047619047616	0.2857142857142857
act/11	last	proj	7	11	False	False	asc	1	0.07936507936507936	0.4126984126984127	0.047619047619047616	0.2857142857142857
act/23	last	proj	10	18	True	True	asc	1	0.047619047619047616	0.14285714285714285	0.047619047619047616	0.2222222222222222
act/23	last	proj	10	18	True	False	asc	1	0.047619047619047616	0.1746031746031746	0.047619047619047616	0.19047619047619047
act/23	last	proj	10	19	True	True	asc	1	0.06349206349206349	0.15873015873015872	0.047619047619047616	0.20634920634920634
act/23	last	proj	10	19	True	False	asc	1	0.047619047619047616	0.1746031746031746	0.047619047619047616	0.20634920634920634
act/23	last	proj	10	20	True	True	asc	1	0.06349206349206349	0.1746031746031746	0.047619047619047616	0.20634920634920634
act/23	last	proj	10	20	True	False	asc	1	0.06349206349206349	0.19047619047619047	0.047619047619047616	0.19047619047619047
act/23	last	proj	8	19	True	False	asc	1	0.047619047619047616	0.19047619047619047	0.047619047619047616	0.2857142857142857
act/23	last	proj	9	20	True	True	asc	1	0.047619047619047616	0.1746031746031746	0.047619047619047616	0.25396825396825395
act/23	last	proj	10	15	True	False	asc	1	0.015873015873015872	0.14285714285714285	0.047619047619047616	0.15873015873015872
act/23	last	proj	10	16	True	False	asc	1	0.031746031746031744	0.20634920634920634	0.047619047619047616	0.20634920634920634
act/23	last	proj	12	17	True	False	asc	1	0.047619047619047616	0.14285714285714285	0.047619047619047616	0.14285714285714285
act/23	last	proj	12	18	True	True	asc	1	0.031746031746031744	0.09523809523809523	0.047619047619047616	0.12698412698412698
act/23	last	proj	12	18	True	False	asc	1	0.031746031746031744	0.09523809523809523	0.047619047619047616	0.12698412698412698
act/23	last	proj	12	20	True	True	asc	1	0.06349206349206349	0.14285714285714285	0.047619047619047616	0.09523809523809523
act/23	last	proj	12	20	True	False	asc	1	0.047619047619047616	0.14285714285714285	0.047619047619047616	0.1111111111111111
act/23	last	proj	12	13	True	True	asc	1	0.047619047619047616	0.15873015873015872	0.047619047619047616	0.14285714285714285
act/23	last	proj	12	13	True	False	asc	1	0.047619047619047616	0.15873015873015872	0.047619047619047616	0.14285714285714285
act/23	last	proj	12	15	True	True	asc	1	0.015873015873015872	0.12698412698412698	0.047619047619047616	0.14285714285714285
act/23	last	proj	12	15	True	False	asc	1	0.015873015873015872	0.12698412698412698	0.047619047619047616	0.14285714285714285
act/23	last	proj	12	17	True	True	asc	1	0.031746031746031744	0.15873015873015872	0.047619047619047616	0.14285714285714285
act/31_normed	last	proj	7	16	True	False	asc	1	0.031746031746031744	0.30158730158730157	0.047619047619047616	0.30158730158730157
act/7	last	proj	17	18	True	True	asc	1	0.07936507936507936	0.3492063492063492	0.047619047619047616	0.31746031746031744
act/7	last	proj	17	18	True	False	asc	1	0.07936507936507936	0.3492063492063492	0.047619047619047616	0.31746031746031744
act/31_normed	last	proj	5	17	True	True	asc	1	0.14285714285714285	0.47619047619047616	0.047619047619047616	0.3492063492063492
act/31_normed	last	proj	6	18	True	True	asc	1	0.047619047619047616	0.31746031746031744	0.047619047619047616	0.2698412698412698
act/31_normed	last	proj	6	18	True	False	asc	1	0.047619047619047616	0.2857142857142857	0.047619047619047616	0.2857142857142857
act/31_normed	last	proj	6	19	True	True	asc	1	0.047619047619047616	0.2857142857142857	0.047619047619047616	0.2698412698412698
act/31_normed	last	proj	7	14	True	True	asc	1	0.09523809523809523	0.42857142857142855	0.047619047619047616	0.3333333333333333
act/31_normed	last	proj	8	17	True	False	asc	1	0.015873015873015872	0.31746031746031744	0.047619047619047616	0.25396825396825395
act/31_normed	last	proj	8	18	True	True	asc	1	0.031746031746031744	0.20634920634920634	0.047619047619047616	0.20634920634920634
act/31_normed	last	proj	8	19	True	True	asc	1	0.031746031746031744	0.2222222222222222	0.047619047619047616	0.25396825396825395
act/31_normed	last	proj	8	19	True	False	asc	1	0.031746031746031744	0.23809523809523808	0.047619047619047616	0.25396825396825395
act/31_normed	last	proj	8	20	True	False	asc	1	0.047619047619047616	0.23809523809523808	0.047619047619047616	0.23809523809523808
act/31_normed	last	proj	6	17	True	True	asc	1	0.06349206349206349	0.3492063492063492	0.047619047619047616	0.25396825396825395
act/15	last	proj	6	7	True	True	asc	1	0.047619047619047616	0.15873015873015872	0.047619047619047616	0.15873015873015872
act/15	last	proj	6	7	True	False	asc	1	0.047619047619047616	0.15873015873015872	0.047619047619047616	0.15873015873015872
act/15	last	proj	6	9	True	True	asc	1	0.12698412698412698	0.3492063492063492	0.047619047619047616	0.3333333333333333
act/15	last	proj	6	9	True	False	asc	1	0.1111111111111111	0.3333333333333333	0.047619047619047616	0.3333333333333333
act/15	last	proj	6	10	True	True	asc	1	0.12698412698412698	0.36507936507936506	0.047619047619047616	0.3492063492063492
act/27	last	proj	9	15	True	True	asc	1	0.0	0.047619047619047616	0.047619047619047616	0.14285714285714285
act/7	last	proj	15	16	False	True	asc	1	0.047619047619047616	0.19047619047619047	0.047619047619047616	0.23809523809523808
act/7	last	proj	15	16	False	False	asc	1	0.047619047619047616	0.19047619047619047	0.047619047619047616	0.23809523809523808
act/27	last	proj	5	16	False	True	asc	1	0.07936507936507936	0.30158730158730157	0.047619047619047616	0.23809523809523808
act/27	last	proj	5	17	False	True	asc	1	0.09523809523809523	0.31746031746031744	0.047619047619047616	0.23809523809523808
act/27	last	proj	14	15	True	True	asc	1	0.047619047619047616	0.12698412698412698	0.047619047619047616	0.25396825396825395
act/27	last	proj	14	15	True	False	asc	1	0.047619047619047616	0.12698412698412698	0.047619047619047616	0.25396825396825395
act/27	last	proj	14	20	True	True	asc	1	0.06349206349206349	0.2698412698412698	0.047619047619047616	0.25396825396825395
act/27	last	proj	14	20	True	False	asc	1	0.06349206349206349	0.2857142857142857	0.047619047619047616	0.2698412698412698
act/23	last	proj	8	10	True	False	asc	1	0.09523809523809523	0.30158730158730157	0.047619047619047616	0.2857142857142857
act/23	last	proj	8	11	True	False	asc	1	0.06349206349206349	0.31746031746031744	0.047619047619047616	0.20634920634920634
act/27	last	proj	13	20	True	True	asc	1	0.047619047619047616	0.20634920634920634	0.047619047619047616	0.23809523809523808
act/23	last	proj	8	20	True	False	asc	1	0.047619047619047616	0.19047619047619047	0.047619047619047616	0.25396825396825395
act/23	last	proj	9	16	True	True	asc	1	0.047619047619047616	0.19047619047619047	0.047619047619047616	0.2698412698412698
act/23	last	proj	9	16	True	False	asc	1	0.047619047619047616	0.19047619047619047	0.047619047619047616	0.25396825396825395
act/23	last	proj	9	18	True	True	asc	1	0.047619047619047616	0.15873015873015872	0.047619047619047616	0.25396825396825395
act/23	last	proj	9	19	True	True	asc	1	0.047619047619047616	0.1746031746031746	0.047619047619047616	0.25396825396825395
act/23	last	proj	8	10	True	True	asc	1	0.09523809523809523	0.30158730158730157	0.047619047619047616	0.2857142857142857
act/27	last	proj	15	16	False	True	asc	1	0.06349206349206349	0.14285714285714285	0.047619047619047616	0.25396825396825395
act/27	last	proj	15	16	False	False	asc	1	0.06349206349206349	0.14285714285714285	0.047619047619047616	0.25396825396825395
act/19	last	proj	14	15	False	True	asc	1	0.14285714285714285	0.4126984126984127	0.047619047619047616	0.3492063492063492
act/19	last	proj	14	15	False	False	asc	1	0.14285714285714285	0.4126984126984127	0.047619047619047616	0.3492063492063492
act/19	last	proj	10	17	False	True	asc	1	0.1111111111111111	0.2222222222222222	0.047619047619047616	0.23809523809523808
act/19	last	proj	10	17	False	False	asc	1	0.12698412698412698	0.2222222222222222	0.047619047619047616	0.25396825396825395
act/19	last	proj	10	18	False	False	asc	1	0.12698412698412698	0.20634920634920634	0.047619047619047616	0.30158730158730157
act/19	last	proj	10	19	False	False	asc	1	0.1111111111111111	0.25396825396825395	0.047619047619047616	0.31746031746031744
act/19	last	proj	11	15	False	True	asc	1	0.031746031746031744	0.20634920634920634	0.047619047619047616	0.30158730158730157
act/19	last	proj	11	15	False	False	asc	1	0.031746031746031744	0.25396825396825395	0.047619047619047616	0.30158730158730157
act/7	last	proj	9	10	False	False	asc	1	0.09523809523809523	0.4126984126984127	0.047619047619047616	0.36507936507936506
act/27	last	proj	10	20	False	False	asc	1	0.06349206349206349	0.19047619047619047	0.047619047619047616	0.2698412698412698
act/19	last	proj	13	15	False	True	asc	1	0.1111111111111111	0.36507936507936506	0.047619047619047616	0.3968253968253968
act/27	last	proj	5	18	False	True	asc	1	0.09523809523809523	0.3333333333333333	0.047619047619047616	0.23809523809523808
act/27	last	proj	5	19	False	True	asc	1	0.09523809523809523	0.3333333333333333	0.047619047619047616	0.23809523809523808
act/27	last	proj	5	20	False	True	asc	1	0.09523809523809523	0.3333333333333333	0.047619047619047616	0.23809523809523808
act/27	last	proj	3	6	False	False	asc	1	0.06349206349206349	0.23809523809523808	0.047619047619047616	0.19047619047619047
act/27	last	proj	2	6	False	False	asc	1	0.06349206349206349	0.23809523809523808	0.047619047619047616	0.19047619047619047
act/7	last	proj	9	10	False	True	asc	1	0.09523809523809523	0.4126984126984127	0.047619047619047616	0.36507936507936506
act/15	last	proj	12	17	True	False	asc	1	0.07936507936507936	0.23809523809523808	0.047619047619047616	0.19047619047619047
act/15	last	proj	9	16	True	True	asc	1	0.12698412698412698	0.31746031746031744	0.047619047619047616	0.3333333333333333
act/15	last	proj	9	18	True	True	asc	1	0.09523809523809523	0.2857142857142857	0.047619047619047616	0.3492063492063492
act/15	last	proj	9	19	True	True	asc	1	0.14285714285714285	0.3333333333333333	0.047619047619047616	0.38095238095238093
act/15	last	proj	7	15	True	True	asc	1	0.07936507936507936	0.36507936507936506	0.047619047619047616	0.31746031746031744
act/15	last	proj	7	16	True	True	asc	1	0.1111111111111111	0.3968253968253968	0.047619047619047616	0.31746031746031744
act/15	last	proj	7	16	True	False	asc	1	0.07936507936507936	0.38095238095238093	0.047619047619047616	0.3333333333333333
act/15	last	proj	12	15	True	True	asc	1	0.12698412698412698	0.2698412698412698	0.047619047619047616	0.2222222222222222
act/15	last	proj	12	15	True	False	asc	1	0.12698412698412698	0.2698412698412698	0.047619047619047616	0.2222222222222222
act/15	last	proj	12	16	True	True	asc	1	0.06349206349206349	0.20634920634920634	0.047619047619047616	0.19047619047619047
act/15	last	proj	12	16	True	False	asc	1	0.06349206349206349	0.20634920634920634	0.047619047619047616	0.19047619047619047
act/15	last	proj	12	17	True	True	asc	1	0.07936507936507936	0.2222222222222222	0.047619047619047616	0.19047619047619047
act/31	last	proj	15	20	False	False	asc	1	0.015873015873015872	0.1746031746031746	0.047619047619047616	0.2698412698412698
act/31	last	proj	17	20	False	True	asc	1	0.015873015873015872	0.07936507936507936	0.047619047619047616	0.15873015873015872
act/31	last	proj	17	20	False	False	asc	1	0.015873015873015872	0.07936507936507936	0.047619047619047616	0.15873015873015872
act/15	last	proj	13	15	True	True	asc	1	0.031746031746031744	0.15873015873015872	0.047619047619047616	0.12698412698412698
act/15	last	proj	13	15	True	False	asc	1	0.031746031746031744	0.15873015873015872	0.047619047619047616	0.12698412698412698
act/31_normed	last	proj	5	18	True	False	asc	1	0.09523809523809523	0.4603174603174603	0.047619047619047616	0.30158730158730157
act/31_normed	last	proj	5	19	True	True	asc	1	0.14285714285714285	0.47619047619047616	0.047619047619047616	0.3492063492063492
act/31_normed	last	proj	5	20	True	True	asc	1	0.14285714285714285	0.47619047619047616	0.047619047619047616	0.3333333333333333
act/31_normed	last	proj	6	11	True	False	asc	1	0.1111111111111111	0.4603174603174603	0.047619047619047616	0.3492063492063492
act/31_normed	last	proj	6	12	True	False	asc	1	0.12698412698412698	0.4603174603174603	0.047619047619047616	0.31746031746031744
act/7	last	proj	7	11	False	False	asc	1	0.047619047619047616	0.3492063492063492	0.047619047619047616	0.2857142857142857
act/7	last	proj	8	10	False	True	asc	1	0.047619047619047616	0.3492063492063492	0.047619047619047616	0.30158730158730157
act/19	last	proj	0	15	False	True	asc	1	0.015873015873015872	0.09523809523809523	0.047619047619047616	0.14285714285714285
act/19	last	proj	0	15	False	False	asc	1	0.031746031746031744	0.1111111111111111	0.047619047619047616	0.15873015873015872
act/19	last	proj	0	16	False	True	asc	1	0.015873015873015872	0.09523809523809523	0.047619047619047616	0.14285714285714285
act/19	last	proj	0	17	False	True	asc	1	0.015873015873015872	0.09523809523809523	0.047619047619047616	0.14285714285714285
act/3	last	proj	15	16	True	True	asc	1	0.06349206349206349	0.2698412698412698	0.047619047619047616	0.2698412698412698
act/3	last	proj	15	16	True	False	asc	1	0.06349206349206349	0.2698412698412698	0.047619047619047616	0.2698412698412698
act/3	last	proj	11	12	True	True	asc	1	0.12698412698412698	0.20634920634920634	0.047619047619047616	0.2857142857142857
act/3	last	proj	11	12	True	False	asc	1	0.12698412698412698	0.20634920634920634	0.047619047619047616	0.2857142857142857
act/3	last	proj	5	9	True	False	asc	1	0.1111111111111111	0.31746031746031744	0.047619047619047616	0.2222222222222222
act/7	last	proj	7	11	False	True	asc	1	0.047619047619047616	0.38095238095238093	0.047619047619047616	0.25396825396825395
act/19	last	proj	8	14	False	False	asc	1	0.09523809523809523	0.2698412698412698	0.047619047619047616	0.30158730158730157
act/19	last	proj	6	12	False	True	asc	1	0.07936507936507936	0.2857142857142857	0.047619047619047616	0.31746031746031744
act/19	last	proj	6	9	False	True	asc	1	0.06349206349206349	0.25396825396825395	0.047619047619047616	0.20634920634920634
act/19	last	proj	6	9	False	False	asc	1	0.06349206349206349	0.25396825396825395	0.047619047619047616	0.19047619047619047
act/19	last	proj	6	10	False	True	asc	1	0.06349206349206349	0.2698412698412698	0.047619047619047616	0.20634920634920634
act/19	last	proj	6	10	False	False	asc	1	0.07936507936507936	0.2698412698412698	0.047619047619047616	0.2222222222222222
act/27	last	proj	14	15	False	True	asc	1	0.0	0.15873015873015872	0.047619047619047616	0.19047619047619047
act/27	last	proj	14	15	False	False	asc	1	0.0	0.15873015873015872	0.047619047619047616	0.19047619047619047
act/27	last	proj	14	18	False	True	asc	1	0.047619047619047616	0.23809523809523808	0.047619047619047616	0.2222222222222222
act/27	last	proj	14	18	False	False	asc	1	0.047619047619047616	0.25396825396825395	0.047619047619047616	0.23809523809523808
act/19	last	proj	0	9	False	False	asc	1	0.031746031746031744	0.12698412698412698	0.047619047619047616	0.15873015873015872
act/19	last	proj	0	10	False	True	asc	1	0.015873015873015872	0.09523809523809523	0.047619047619047616	0.14285714285714285
act/19	last	proj	0	10	False	False	asc	1	0.031746031746031744	0.12698412698412698	0.047619047619047616	0.15873015873015872
act/19	last	proj	0	11	False	True	asc	1	0.015873015873015872	0.09523809523809523	0.047619047619047616	0.14285714285714285
act/19	last	proj	0	12	False	True	asc	1	0.015873015873015872	0.09523809523809523	0.047619047619047616	0.14285714285714285
act/19	last	proj	0	13	False	True	asc	1	0.015873015873015872	0.09523809523809523	0.047619047619047616	0.14285714285714285
act/19	last	proj	0	13	False	False	asc	1	0.031746031746031744	0.1111111111111111	0.047619047619047616	0.15873015873015872
act/19	last	proj	0	14	False	True	asc	1	0.015873015873015872	0.09523809523809523	0.047619047619047616	0.14285714285714285
act/19	last	proj	0	6	False	True	asc	1	0.015873015873015872	0.09523809523809523	0.047619047619047616	0.14285714285714285
act/19	last	proj	0	6	False	False	asc	1	0.031746031746031744	0.12698412698412698	0.047619047619047616	0.14285714285714285
act/19	last	proj	0	7	False	True	asc	1	0.015873015873015872	0.09523809523809523	0.047619047619047616	0.14285714285714285
act/19	last	proj	0	8	False	True	asc	1	0.015873015873015872	0.09523809523809523	0.047619047619047616	0.14285714285714285
act/19	last	proj	0	8	False	False	asc	1	0.031746031746031744	0.12698412698412698	0.047619047619047616	0.15873015873015872
act/19	last	proj	0	9	False	True	asc	1	0.015873015873015872	0.09523809523809523	0.047619047619047616	0.14285714285714285
act/19	last	proj	0	1	False	False	asc	1	0.015873015873015872	0.09523809523809523	0.047619047619047616	0.14285714285714285
act/19	last	proj	0	2	False	True	asc	1	0.015873015873015872	0.09523809523809523	0.047619047619047616	0.14285714285714285
act/19	last	proj	0	2	False	False	asc	1	0.015873015873015872	0.09523809523809523	0.047619047619047616	0.14285714285714285
act/19	last	proj	0	3	False	True	asc	1	0.015873015873015872	0.09523809523809523	0.047619047619047616	0.14285714285714285
act/19	last	proj	0	4	False	True	asc	1	0.015873015873015872	0.09523809523809523	0.047619047619047616	0.14285714285714285
act/19	last	proj	0	5	False	True	asc	1	0.015873015873015872	0.09523809523809523	0.047619047619047616	0.14285714285714285
act/19	last	proj	0	17	False	False	asc	1	0.031746031746031744	0.1111111111111111	0.047619047619047616	0.14285714285714285
act/19	last	proj	0	18	False	True	asc	1	0.015873015873015872	0.09523809523809523	0.047619047619047616	0.14285714285714285
act/19	last	proj	0	18	False	False	asc	1	0.031746031746031744	0.1111111111111111	0.047619047619047616	0.14285714285714285
act/19	last	proj	0	19	False	True	asc	1	0.015873015873015872	0.09523809523809523	0.047619047619047616	0.14285714285714285
act/19	last	proj	0	19	False	False	asc	1	0.031746031746031744	0.1111111111111111	0.047619047619047616	0.15873015873015872
act/19	last	proj	0	20	False	True	asc	1	0.015873015873015872	0.09523809523809523	0.047619047619047616	0.14285714285714285
act/19	last	proj	0	20	False	False	asc	1	0.031746031746031744	0.1111111111111111	0.047619047619047616	0.15873015873015872
act/19	last	proj	0	1	False	True	asc	1	0.015873015873015872	0.09523809523809523	0.047619047619047616	0.14285714285714285
act/7	last	proj	1	20	False	True	asc	1	0.07936507936507936	0.30158730158730157	0.047619047619047616	0.19047619047619047
act/31	last	proj	7	12	False	True	asc	1	0.1111111111111111	0.4126984126984127	0.047619047619047616	0.42857142857142855
act/31	last	proj	7	12	False	False	asc	1	0.1111111111111111	0.4126984126984127	0.047619047619047616	0.42857142857142855
act/31_normed	last	proj	5	17	True	False	asc	1	0.09523809523809523	0.4603174603174603	0.047619047619047616	0.31746031746031744
act/31_normed	last	proj	5	18	True	True	asc	1	0.14285714285714285	0.49206349206349204	0.047619047619047616	0.3492063492063492
act/31	last	proj	11	12	False	True	asc	1	0.07936507936507936	0.3333333333333333	0.047619047619047616	0.3333333333333333
act/31	last	proj	11	12	False	False	asc	1	0.07936507936507936	0.3333333333333333	0.047619047619047616	0.3333333333333333
act/7	last	proj	1	15	False	True	asc	1	0.09523809523809523	0.30158730158730157	0.047619047619047616	0.19047619047619047
act/31	last	proj	14	15	False	True	asc	1	0.031746031746031744	0.1746031746031746	0.047619047619047616	0.25396825396825395
act/31	last	proj	14	15	False	False	asc	1	0.031746031746031744	0.1746031746031746	0.047619047619047616	0.25396825396825395
act/31	last	proj	14	17	False	True	asc	1	0.047619047619047616	0.14285714285714285	0.047619047619047616	0.2857142857142857
act/31	last	proj	14	17	False	False	asc	1	0.047619047619047616	0.14285714285714285	0.047619047619047616	0.30158730158730157
act/31	last	proj	14	19	False	True	asc	1	0.015873015873015872	0.14285714285714285	0.047619047619047616	0.25396825396825395
act/31	last	proj	14	19	False	False	asc	1	0.015873015873015872	0.14285714285714285	0.047619047619047616	0.25396825396825395
act/31	last	proj	14	20	False	True	asc	1	0.015873015873015872	0.15873015873015872	0.047619047619047616	0.2698412698412698
act/31	last	proj	14	20	False	False	asc	1	0.015873015873015872	0.15873015873015872	0.047619047619047616	0.2698412698412698
act/31	last	proj	4	17	False	False	asc	1	0.09523809523809523	0.38095238095238093	0.047619047619047616	0.38095238095238093
act/31	last	proj	13	19	False	False	asc	1	0.047619047619047616	0.2222222222222222	0.047619047619047616	0.2857142857142857
act/31	last	proj	13	20	False	False	asc	1	0.047619047619047616	0.2222222222222222	0.047619047619047616	0.2698412698412698
act/3	last	proj	19	20	True	True	asc	1	0.031746031746031744	0.09523809523809523	0.047619047619047616	0.14285714285714285
act/3	last	proj	19	20	True	False	asc	1	0.031746031746031744	0.09523809523809523	0.047619047619047616	0.14285714285714285
act/7	last	proj	7	9	False	True	asc	1	0.047619047619047616	0.2857142857142857	0.047619047619047616	0.25396825396825395
act/7	last	proj	7	9	False	False	asc	1	0.047619047619047616	0.2857142857142857	0.047619047619047616	0.23809523809523808
act/31	last	proj	7	20	True	False	asc	1	0.031746031746031744	0.2857142857142857	0.047619047619047616	0.2222222222222222
act/31	last	proj	5	20	True	True	asc	1	0.12698412698412698	0.4444444444444444	0.047619047619047616	0.3333333333333333
act/31	last	proj	5	20	True	False	asc	1	0.07936507936507936	0.3968253968253968	0.047619047619047616	0.3333333333333333
act/31	last	proj	6	7	True	True	asc	1	0.047619047619047616	0.2698412698412698	0.047619047619047616	0.30158730158730157
act/3	last	proj	12	14	False	False	asc	1	0.12698412698412698	0.20634920634920634	0.047619047619047616	0.25396825396825395
act/3	last	proj	11	14	False	False	asc	1	0.12698412698412698	0.31746031746031744	0.047619047619047616	0.23809523809523808
act/31	last	proj	5	18	True	False	asc	1	0.1111111111111111	0.4444444444444444	0.047619047619047616	0.31746031746031744
act/31	last	proj	5	19	True	True	asc	1	0.1111111111111111	0.4444444444444444	0.047619047619047616	0.3333333333333333
act/31	last	proj	5	19	True	False	asc	1	0.09523809523809523	0.4126984126984127	0.047619047619047616	0.3333333333333333
act/3	last	proj	15	17	False	True	asc	1	0.015873015873015872	0.1746031746031746	0.047619047619047616	0.2698412698412698
act/3	last	proj	15	17	False	False	asc	1	0.015873015873015872	0.1746031746031746	0.047619047619047616	0.2698412698412698
act/3	last	proj	12	14	False	True	asc	1	0.12698412698412698	0.20634920634920634	0.047619047619047616	0.25396825396825395
act/19	last	proj	0	14	False	False	asc	1	0.031746031746031744	0.1111111111111111	0.047619047619047616	0.15873015873015872
act/19	last	proj	10	11	True	True	asc	1	0.14285714285714285	0.20634920634920634	0.047619047619047616	0.25396825396825395
act/19	last	proj	10	11	True	False	asc	1	0.14285714285714285	0.20634920634920634	0.047619047619047616	0.25396825396825395
act/19	last	proj	10	13	True	True	asc	1	0.06349206349206349	0.31746031746031744	0.047619047619047616	0.3333333333333333
act/19	last	proj	10	13	True	False	asc	1	0.06349206349206349	0.31746031746031744	0.047619047619047616	0.3492063492063492
act/31	last	proj	5	17	True	False	asc	1	0.09523809523809523	0.4126984126984127	0.047619047619047616	0.31746031746031744
act/31	last	proj	12	16	True	True	asc	1	0.031746031746031744	0.20634920634920634	0.047619047619047616	0.3492063492063492
act/31	last	proj	12	16	True	False	asc	1	0.047619047619047616	0.20634920634920634	0.047619047619047616	0.36507936507936506
act/31	last	proj	12	17	True	True	asc	1	0.047619047619047616	0.2222222222222222	0.047619047619047616	0.2698412698412698
act/31	last	proj	12	17	True	False	asc	1	0.047619047619047616	0.23809523809523808	0.047619047619047616	0.2857142857142857
act/31	last	proj	12	19	True	False	asc	1	0.031746031746031744	0.19047619047619047	0.047619047619047616	0.25396825396825395
act/31	last	proj	12	20	True	False	asc	1	0.031746031746031744	0.2222222222222222	0.047619047619047616	0.25396825396825395
act/15	last	proj	10	16	False	True	asc	1	0.12698412698412698	0.25396825396825395	0.047619047619047616	0.30158730158730157
act/15	last	proj	10	20	False	False	asc	1	0.14285714285714285	0.2698412698412698	0.047619047619047616	0.31746031746031744
act/15	last	proj	11	17	False	False	asc	1	0.1111111111111111	0.2698412698412698	0.047619047619047616	0.23809523809523808
act/15	last	proj	12	16	False	True	asc	1	0.15873015873015872	0.2857142857142857	0.047619047619047616	0.19047619047619047
act/15	last	proj	12	16	False	False	asc	1	0.14285714285714285	0.2698412698412698	0.047619047619047616	0.19047619047619047
act/15	last	proj	9	16	False	False	asc	1	0.1111111111111111	0.2698412698412698	0.047619047619047616	0.30158730158730157
act/15	last	proj	9	17	False	False	asc	1	0.1111111111111111	0.23809523809523808	0.047619047619047616	0.30158730158730157
act/31	last	proj	14	16	True	False	asc	1	0.07936507936507936	0.30158730158730157	0.047619047619047616	0.23809523809523808
act/31	last	proj	6	7	True	False	asc	1	0.047619047619047616	0.2698412698412698	0.047619047619047616	0.30158730158730157
act/31	last	proj	5	15	True	True	asc	1	0.14285714285714285	0.3968253968253968	0.047619047619047616	0.36507936507936506
act/31	last	proj	5	16	True	False	asc	1	0.09523809523809523	0.42857142857142855	0.047619047619047616	0.3333333333333333
act/15	last	proj	10	20	False	True	asc	1	0.15873015873015872	0.2857142857142857	0.047619047619047616	0.2857142857142857
act/31	last	proj	7	16	False	True	asc	1	0.07936507936507936	0.4444444444444444	0.047619047619047616	0.3333333333333333
act/31	last	proj	7	19	False	True	asc	1	0.047619047619047616	0.38095238095238093	0.047619047619047616	0.2857142857142857
act/31	last	proj	6	9	False	True	asc	1	0.20634920634920634	0.5396825396825397	0.047619047619047616	0.38095238095238093
act/31	last	proj	6	9	False	False	asc	1	0.20634920634920634	0.5079365079365079	0.047619047619047616	0.3968253968253968
act/31	last	proj	6	10	False	True	asc	1	0.1746031746031746	0.47619047619047616	0.047619047619047616	0.36507936507936506
act/31	last	proj	6	15	False	True	asc	1	0.15873015873015872	0.4126984126984127	0.047619047619047616	0.3968253968253968
act/31	last	proj	6	16	False	False	asc	1	0.06349206349206349	0.4126984126984127	0.047619047619047616	0.36507936507936506
act/15	last	proj	6	17	False	False	asc	1	0.19047619047619047	0.4126984126984127	0.047619047619047616	0.31746031746031744
act/15	last	proj	5	15	False	False	asc	1	0.15873015873015872	0.3492063492063492	0.047619047619047616	0.31746031746031744
act/15	last	proj	4	5	False	True	asc	1	0.047619047619047616	0.36507936507936506	0.047619047619047616	0.30158730158730157
act/15	last	proj	4	5	False	False	asc	1	0.047619047619047616	0.36507936507936506	0.047619047619047616	0.30158730158730157
act/31	last	proj	7	13	False	False	asc	1	0.12698412698412698	0.42857142857142855	0.047619047619047616	0.3333333333333333
act/31	last	proj	14	16	True	True	asc	1	0.07936507936507936	0.30158730158730157	0.047619047619047616	0.23809523809523808
act/15	last	proj	7	10	False	False	asc	1	0.1111111111111111	0.3333333333333333	0.047619047619047616	0.3492063492063492
act/15	last	proj	7	11	False	False	asc	1	0.1111111111111111	0.36507936507936506	0.047619047619047616	0.3333333333333333
act/15	last	proj	7	12	False	True	asc	1	0.14285714285714285	0.3968253968253968	0.047619047619047616	0.31746031746031744
act/15	last	proj	7	12	False	False	asc	1	0.14285714285714285	0.4444444444444444	0.047619047619047616	0.3333333333333333
act/15	last	proj	7	15	False	False	asc	1	0.09523809523809523	0.3333333333333333	0.047619047619047616	0.3333333333333333
act/31	last	proj	13	16	True	True	asc	1	0.015873015873015872	0.15873015873015872	0.047619047619047616	0.25396825396825395
act/31	last	proj	13	16	True	False	asc	1	0.015873015873015872	0.14285714285714285	0.047619047619047616	0.25396825396825395
act/31	last	proj	13	17	True	True	asc	1	0.015873015873015872	0.15873015873015872	0.047619047619047616	0.2698412698412698
act/31	last	proj	13	17	True	False	asc	1	0.015873015873015872	0.15873015873015872	0.047619047619047616	0.2698412698412698
act/31	last	proj	13	18	True	True	asc	1	0.0	0.15873015873015872	0.047619047619047616	0.20634920634920634
act/31	last	proj	13	18	True	False	asc	1	0.0	0.14285714285714285	0.047619047619047616	0.2222222222222222
act/31	last	proj	3	17	False	False	asc	1	0.1111111111111111	0.36507936507936506	0.047619047619047616	0.38095238095238093
act/31	last	proj	3	18	False	False	asc	1	0.09523809523809523	0.36507936507936506	0.047619047619047616	0.31746031746031744
act/31	last	proj	3	19	False	False	asc	1	0.09523809523809523	0.38095238095238093	0.047619047619047616	0.31746031746031744
act/31	last	proj	3	20	False	False	asc	1	0.12698412698412698	0.4126984126984127	0.047619047619047616	0.31746031746031744
act/31	last	proj	2	18	False	False	asc	1	0.12698412698412698	0.38095238095238093	0.047619047619047616	0.2698412698412698
act/31	last	proj	2	19	False	False	asc	1	0.12698412698412698	0.3492063492063492	0.047619047619047616	0.2857142857142857
act/31	last	proj	3	16	False	True	asc	1	0.1746031746031746	0.4444444444444444	0.047619047619047616	0.3492063492063492
act/15	last	proj	6	20	False	True	asc	1	0.19047619047619047	0.4126984126984127	0.047619047619047616	0.3492063492063492
act/15	last	proj	6	20	False	False	asc	1	0.20634920634920634	0.3968253968253968	0.047619047619047616	0.30158730158730157
act/15	last	proj	7	8	False	True	asc	1	0.047619047619047616	0.15873015873015872	0.047619047619047616	0.15873015873015872
act/15	last	proj	7	8	False	False	asc	1	0.047619047619047616	0.15873015873015872	0.047619047619047616	0.15873015873015872
act/15	last	proj	7	9	False	True	asc	1	0.12698412698412698	0.31746031746031744	0.047619047619047616	0.2857142857142857
act/15	last	proj	7	9	False	False	asc	1	0.12698412698412698	0.3492063492063492	0.047619047619047616	0.2857142857142857
act/15	last	proj	7	10	False	True	asc	1	0.1111111111111111	0.3333333333333333	0.047619047619047616	0.31746031746031744
act/31	last	proj	5	17	False	False	asc	1	0.1111111111111111	0.38095238095238093	0.047619047619047616	0.36507936507936506
act/15	last	proj	8	16	False	True	asc	1	0.09523809523809523	0.36507936507936506	0.047619047619047616	0.3333333333333333
act/15	last	proj	8	17	False	True	asc	1	0.09523809523809523	0.3492063492063492	0.047619047619047616	0.3333333333333333
act/15	last	proj	8	18	False	True	asc	1	0.09523809523809523	0.3492063492063492	0.047619047619047616	0.3333333333333333
act/15	last	proj	6	18	False	False	asc	1	0.19047619047619047	0.4126984126984127	0.047619047619047616	0.30158730158730157
act/15	last	proj	6	19	False	True	asc	1	0.19047619047619047	0.3968253968253968	0.047619047619047616	0.3492063492063492
act/15	last	proj	10	18	False	True	asc	1	0.12698412698412698	0.2698412698412698	0.047619047619047616	0.2857142857142857
act/15	last	proj	10	18	False	False	asc	1	0.12698412698412698	0.2698412698412698	0.047619047619047616	0.2857142857142857
act/15	last	proj	10	19	False	True	asc	1	0.07936507936507936	0.2222222222222222	0.047619047619047616	0.2698412698412698
act/15	last	proj	10	19	False	False	asc	1	0.07936507936507936	0.23809523809523808	0.047619047619047616	0.2857142857142857
act/15	last	proj	8	15	False	True	asc	1	0.06349206349206349	0.3492063492063492	0.047619047619047616	0.3492063492063492
act/11	last	proj	6	13	True	True	asc	1	0.07936507936507936	0.4126984126984127	0.047619047619047616	0.2857142857142857
act/11	last	proj	6	14	True	True	asc	1	0.07936507936507936	0.4126984126984127	0.047619047619047616	0.2857142857142857
act/11	last	proj	6	19	True	True	asc	1	0.1111111111111111	0.3968253968253968	0.047619047619047616	0.3333333333333333
act/11	last	proj	2	3	True	True	asc	1	0.1746031746031746	0.4444444444444444	0.047619047619047616	0.3333333333333333
act/11	last	proj	2	3	True	False	asc	1	0.1746031746031746	0.4444444444444444	0.047619047619047616	0.3333333333333333
act/7	last	proj	6	11	True	True	asc	1	0.047619047619047616	0.36507936507936506	0.047619047619047616	0.2857142857142857
act/7	last	proj	6	10	True	False	asc	1	0.06349206349206349	0.3968253968253968	0.047619047619047616	0.2698412698412698
act/7	last	proj	7	8	True	False	asc	1	0.09523809523809523	0.3333333333333333	0.047619047619047616	0.2698412698412698
act/11	last	proj	10	11	True	True	asc	1	0.09523809523809523	0.25396825396825395	0.047619047619047616	0.2222222222222222
act/11	last	proj	10	11	True	False	asc	1	0.09523809523809523	0.25396825396825395	0.047619047619047616	0.2222222222222222
act/11	last	proj	6	10	True	True	asc	1	0.1111111111111111	0.4444444444444444	0.047619047619047616	0.2857142857142857
act/11	last	proj	6	10	True	False	asc	1	0.1111111111111111	0.4603174603174603	0.047619047619047616	0.31746031746031744
act/11	last	proj	6	11	True	False	asc	1	0.1111111111111111	0.42857142857142855	0.047619047619047616	0.30158730158730157
act/31_normed	last	proj	13	19	False	False	asc	1	0.06349206349206349	0.2698412698412698	0.047619047619047616	0.2857142857142857
act/31_normed	last	proj	13	20	False	True	asc	1	0.047619047619047616	0.23809523809523808	0.047619047619047616	0.2857142857142857
act/31_normed	last	proj	13	20	False	False	asc	1	0.047619047619047616	0.2222222222222222	0.047619047619047616	0.2698412698412698
act/31_normed	last	proj	11	12	False	True	asc	1	0.14285714285714285	0.3333333333333333	0.047619047619047616	0.25396825396825395
act/31_normed	last	proj	11	12	False	False	asc	1	0.14285714285714285	0.3333333333333333	0.047619047619047616	0.25396825396825395
act/31_normed	last	proj	7	17	False	True	asc	1	0.06349206349206349	0.4126984126984127	0.047619047619047616	0.3492063492063492
act/31_normed	last	proj	15	20	False	True	asc	1	0.015873015873015872	0.1746031746031746	0.047619047619047616	0.30158730158730157
act/31_normed	last	proj	13	19	False	True	asc	1	0.06349206349206349	0.23809523809523808	0.047619047619047616	0.31746031746031744
act/11	last	proj	2	8	True	True	asc	1	0.12698412698412698	0.42857142857142855	0.047619047619047616	0.31746031746031744
act/11	last	proj	2	15	True	True	asc	1	0.12698412698412698	0.4126984126984127	0.047619047619047616	0.31746031746031744
act/11	last	proj	2	16	True	True	asc	1	0.12698412698412698	0.4126984126984127	0.047619047619047616	0.31746031746031744
act/11	last	proj	2	17	True	True	asc	1	0.12698412698412698	0.4126984126984127	0.047619047619047616	0.3333333333333333
act/11	last	proj	2	18	True	True	asc	1	0.1111111111111111	0.3968253968253968	0.047619047619047616	0.3333333333333333
act/11	last	proj	2	19	True	True	asc	1	0.12698412698412698	0.4126984126984127	0.047619047619047616	0.31746031746031744
act/23	last	proj	9	20	False	False	asc	1	0.031746031746031744	0.1746031746031746	0.047619047619047616	0.2857142857142857
act/11	last	proj	7	12	True	True	asc	1	0.09523809523809523	0.38095238095238093	0.047619047619047616	0.3492063492063492
act/11	last	proj	5	10	True	False	asc	1	0.1111111111111111	0.42857142857142855	0.047619047619047616	0.38095238095238093
act/11	last	proj	5	12	True	True	asc	1	0.1111111111111111	0.4126984126984127	0.047619047619047616	0.3968253968253968
act/11	last	proj	5	12	True	False	asc	1	0.1111111111111111	0.42857142857142855	0.047619047619047616	0.42857142857142855
act/11	last	proj	5	14	True	True	asc	1	0.12698412698412698	0.4126984126984127	0.047619047619047616	0.4126984126984127
act/11	last	proj	5	15	True	False	asc	1	0.14285714285714285	0.42857142857142855	0.047619047619047616	0.4603174603174603
act/7	last	proj	0	18	True	True	asc	1	0.09523809523809523	0.2698412698412698	0.047619047619047616	0.1746031746031746
act/7	last	proj	0	19	True	True	asc	1	0.09523809523809523	0.25396825396825395	0.047619047619047616	0.1746031746031746
act/7	last	proj	0	20	True	True	asc	1	0.09523809523809523	0.25396825396825395	0.047619047619047616	0.1746031746031746
act/11	last	proj	7	9	True	True	asc	1	0.07936507936507936	0.3492063492063492	0.047619047619047616	0.3968253968253968
act/11	last	proj	7	9	True	False	asc	1	0.07936507936507936	0.3492063492063492	0.047619047619047616	0.4126984126984127
act/7	last	proj	7	11	True	False	asc	1	0.047619047619047616	0.36507936507936506	0.047619047619047616	0.3333333333333333
act/7	last	proj	6	7	True	True	asc	1	0.031746031746031744	0.1746031746031746	0.047619047619047616	0.1111111111111111
act/7	last	proj	6	7	True	False	asc	1	0.031746031746031744	0.1746031746031746	0.047619047619047616	0.1111111111111111
act/7	last	proj	2	4	True	True	asc	1	0.15873015873015872	0.49206349206349204	0.047619047619047616	0.3492063492063492
act/7	last	proj	0	16	True	True	asc	1	0.07936507936507936	0.2698412698412698	0.047619047619047616	0.1746031746031746
act/7	last	proj	0	17	True	True	asc	1	0.09523809523809523	0.2698412698412698	0.047619047619047616	0.1746031746031746
act/7	last	proj	6	8	True	True	asc	1	0.047619047619047616	0.2698412698412698	0.031746031746031744	0.19047619047619047
act/7	last	proj	6	8	True	False	asc	1	0.047619047619047616	0.2698412698412698	0.031746031746031744	0.19047619047619047
act/11	last	proj	7	10	True	True	asc	1	0.1111111111111111	0.4444444444444444	0.031746031746031744	0.3333333333333333
act/11	last	proj	7	10	True	False	asc	1	0.09523809523809523	0.4444444444444444	0.031746031746031744	0.3333333333333333
act/11	last	proj	7	11	True	True	asc	1	0.14285714285714285	0.4126984126984127	0.031746031746031744	0.30158730158730157
act/11	last	proj	7	11	True	False	asc	1	0.14285714285714285	0.42857142857142855	0.031746031746031744	0.30158730158730157
act/11	last	proj	6	9	True	True	asc	1	0.1746031746031746	0.42857142857142855	0.031746031746031744	0.3333333333333333
act/11	last	proj	6	9	True	False	asc	1	0.1746031746031746	0.42857142857142855	0.031746031746031744	0.31746031746031744
act/31_normed	last	proj	15	20	False	False	asc	1	0.015873015873015872	0.1746031746031746	0.031746031746031744	0.30158730158730157
act/31_normed	last	proj	16	20	False	True	asc	1	0.0	0.06349206349206349	0.031746031746031744	0.2698412698412698
act/31_normed	last	proj	16	20	False	False	asc	1	0.0	0.06349206349206349	0.031746031746031744	0.25396825396825395
act/31_normed	last	proj	17	20	False	True	asc	1	0.015873015873015872	0.047619047619047616	0.031746031746031744	0.19047619047619047
act/31_normed	last	proj	7	18	False	True	asc	1	0.031746031746031744	0.36507936507936506	0.031746031746031744	0.3492063492063492
act/31_normed	last	proj	17	20	False	False	asc	1	0.015873015873015872	0.047619047619047616	0.031746031746031744	0.19047619047619047
act/31_normed	last	proj	7	19	False	True	asc	1	0.047619047619047616	0.36507936507936506	0.031746031746031744	0.3492063492063492
act/31_normed	last	proj	7	20	False	True	asc	1	0.047619047619047616	0.3492063492063492	0.031746031746031744	0.3333333333333333
act/15	last	proj	10	17	False	True	asc	1	0.1111111111111111	0.2698412698412698	0.031746031746031744	0.2857142857142857
act/11	last	proj	6	11	True	True	asc	1	0.12698412698412698	0.4126984126984127	0.031746031746031744	0.2857142857142857
act/11	last	proj	6	12	True	True	asc	1	0.09523809523809523	0.42857142857142855	0.031746031746031744	0.2857142857142857
act/15	last	proj	10	16	False	False	asc	1	0.12698412698412698	0.2698412698412698	0.031746031746031744	0.30158730158730157
act/15	last	proj	8	15	False	False	asc	1	0.07936507936507936	0.3492063492063492	0.031746031746031744	0.3333333333333333
act/15	last	proj	10	17	False	False	asc	1	0.12698412698412698	0.2698412698412698	0.031746031746031744	0.2698412698412698
act/15	last	proj	8	16	False	False	asc	1	0.09523809523809523	0.36507936507936506	0.031746031746031744	0.2857142857142857
act/15	last	proj	8	17	False	False	asc	1	0.09523809523809523	0.36507936507936506	0.031746031746031744	0.2857142857142857
act/31	last	proj	7	15	False	True	asc	1	0.1111111111111111	0.4444444444444444	0.031746031746031744	0.2857142857142857
act/31	last	proj	2	20	False	False	asc	1	0.1111111111111111	0.36507936507936506	0.031746031746031744	0.25396825396825395
act/31	last	proj	13	19	True	True	asc	1	0.015873015873015872	0.14285714285714285	0.031746031746031744	0.20634920634920634
act/31	last	proj	13	19	True	False	asc	1	0.015873015873015872	0.14285714285714285	0.031746031746031744	0.19047619047619047
act/31	last	proj	13	20	True	True	asc	1	0.015873015873015872	0.15873015873015872	0.031746031746031744	0.20634920634920634
act/31	last	proj	13	20	True	False	asc	1	0.015873015873015872	0.15873015873015872	0.031746031746031744	0.1746031746031746
act/15	last	proj	6	15	False	True	asc	1	0.19047619047619047	0.42857142857142855	0.031746031746031744	0.30158730158730157
act/15	last	proj	6	16	False	True	asc	1	0.20634920634920634	0.4603174603174603	0.031746031746031744	0.3333333333333333
act/31	last	proj	6	20	True	True	asc	1	0.015873015873015872	0.2857142857142857	0.031746031746031744	0.2222222222222222
act/31	last	proj	7	20	False	True	asc	1	0.047619047619047616	0.3968253968253968	0.031746031746031744	0.2698412698412698
act/31	last	proj	6	19	True	True	asc	1	0.015873015873015872	0.2698412698412698	0.031746031746031744	0.20634920634920634
act/31	last	proj	6	19	True	False	asc	1	0.031746031746031744	0.2857142857142857	0.031746031746031744	0.19047619047619047
act/31	last	proj	14	17	True	True	asc	1	0.015873015873015872	0.1746031746031746	0.031746031746031744	0.25396825396825395
act/31	last	proj	6	20	True	False	asc	1	0.031746031746031744	0.30158730158730157	0.031746031746031744	0.2222222222222222
act/31	last	proj	14	17	True	False	asc	1	0.015873015873015872	0.15873015873015872	0.031746031746031744	0.2698412698412698
act/31	last	proj	14	19	True	False	asc	1	0.0	0.15873015873015872	0.031746031746031744	0.19047619047619047
act/27	last	proj	9	11	False	False	asc	1	0.1111111111111111	0.20634920634920634	0.031746031746031744	0.14285714285714285
act/31	last	proj	14	19	True	True	asc	1	0.0	0.15873015873015872	0.031746031746031744	0.20634920634920634
act/31	last	proj	14	20	True	False	asc	1	0.0	0.14285714285714285	0.031746031746031744	0.20634920634920634
act/31	last	proj	14	20	True	True	asc	1	0.0	0.14285714285714285	0.031746031746031744	0.2222222222222222
act/31	last	proj	15	17	True	True	asc	1	0.015873015873015872	0.23809523809523808	0.031746031746031744	0.3492063492063492
act/31	last	proj	15	17	True	False	asc	1	0.015873015873015872	0.23809523809523808	0.031746031746031744	0.3492063492063492
act/3	last	proj	16	17	False	True	asc	1	0.047619047619047616	0.2698412698412698	0.031746031746031744	0.2698412698412698
act/3	last	proj	16	17	False	False	asc	1	0.047619047619047616	0.2698412698412698	0.031746031746031744	0.2698412698412698
act/3	last	proj	6	7	False	True	asc	1	0.0	0.12698412698412698	0.031746031746031744	0.12698412698412698
act/3	last	proj	6	7	False	False	asc	1	0.0	0.12698412698412698	0.031746031746031744	0.12698412698412698
act/3	last	proj	7	8	False	False	asc	1	0.07936507936507936	0.14285714285714285	0.031746031746031744	0.19047619047619047
act/3	last	proj	7	8	False	True	asc	1	0.07936507936507936	0.14285714285714285	0.031746031746031744	0.19047619047619047
act/31	last	proj	6	18	False	True	asc	1	0.047619047619047616	0.4126984126984127	0.031746031746031744	0.36507936507936506
act/31	last	proj	6	17	False	False	asc	1	0.07936507936507936	0.38095238095238093	0.031746031746031744	0.3492063492063492
act/3	last	proj	6	8	False	False	asc	1	0.015873015873015872	0.1111111111111111	0.031746031746031744	0.12698412698412698
act/3	last	proj	6	8	False	True	asc	1	0.015873015873015872	0.1111111111111111	0.031746031746031744	0.1111111111111111
act/7	last	proj	1	19	False	True	asc	1	0.07936507936507936	0.30158730158730157	0.031746031746031744	0.1746031746031746
act/7	last	proj	1	16	False	True	asc	1	0.09523809523809523	0.30158730158730157	0.031746031746031744	0.1746031746031746
act/7	last	proj	1	17	False	True	asc	1	0.07936507936507936	0.2698412698412698	0.031746031746031744	0.1746031746031746
act/7	last	proj	1	18	False	True	asc	1	0.07936507936507936	0.30158730158730157	0.031746031746031744	0.1746031746031746
act/31	last	proj	6	18	False	False	asc	1	0.031746031746031744	0.38095238095238093	0.031746031746031744	0.3333333333333333
act/31	last	proj	6	19	False	True	asc	1	0.06349206349206349	0.4603174603174603	0.031746031746031744	0.36507936507936506
act/31	last	proj	15	17	False	True	asc	1	0.06349206349206349	0.2698412698412698	0.031746031746031744	0.36507936507936506
act/31	last	proj	15	17	False	False	asc	1	0.06349206349206349	0.2698412698412698	0.031746031746031744	0.36507936507936506
act/19	last	proj	0	3	False	False	asc	1	0.015873015873015872	0.09523809523809523	0.031746031746031744	0.12698412698412698
act/31	last	proj	6	20	False	True	asc	1	0.07936507936507936	0.4603174603174603	0.031746031746031744	0.36507936507936506
act/3	last	proj	14	16	True	True	asc	1	0.015873015873015872	0.23809523809523808	0.031746031746031744	0.30158730158730157
act/27	last	proj	13	18	False	False	asc	1	0.031746031746031744	0.15873015873015872	0.031746031746031744	0.1746031746031746
act/27	last	proj	13	18	False	True	asc	1	0.031746031746031744	0.12698412698412698	0.031746031746031744	0.1746031746031746
act/19	last	proj	0	7	False	False	asc	1	0.015873015873015872	0.1111111111111111	0.031746031746031744	0.12698412698412698
act/19	last	proj	0	5	False	False	asc	1	0.015873015873015872	0.1111111111111111	0.031746031746031744	0.12698412698412698
act/19	last	proj	0	4	False	False	asc	1	0.015873015873015872	0.09523809523809523	0.031746031746031744	0.12698412698412698
act/27	last	proj	9	12	False	True	asc	1	0.06349206349206349	0.25396825396825395	0.031746031746031744	0.3333333333333333
act/19	last	proj	13	15	False	False	asc	1	0.1111111111111111	0.36507936507936506	0.031746031746031744	0.38095238095238093
act/27	last	proj	15	18	False	True	asc	1	0.031746031746031744	0.23809523809523808	0.031746031746031744	0.2698412698412698
act/27	last	proj	15	18	False	False	asc	1	0.031746031746031744	0.23809523809523808	0.031746031746031744	0.25396825396825395
act/27	last	proj	9	11	False	True	asc	1	0.1111111111111111	0.20634920634920634	0.031746031746031744	0.14285714285714285
act/27	last	proj	9	12	False	False	asc	1	0.06349206349206349	0.23809523809523808	0.031746031746031744	0.31746031746031744
act/7	last	proj	7	12	False	True	asc	1	0.047619047619047616	0.3333333333333333	0.031746031746031744	0.31746031746031744
act/3	last	proj	14	16	True	False	asc	1	0.015873015873015872	0.23809523809523808	0.031746031746031744	0.30158730158730157
act/31_normed	last	proj	5	20	True	False	asc	1	0.09523809523809523	0.3968253968253968	0.031746031746031744	0.2857142857142857
act/31_normed	last	proj	6	12	True	True	asc	1	0.1111111111111111	0.4603174603174603	0.031746031746031744	0.3333333333333333
act/31_normed	last	proj	5	19	True	False	asc	1	0.07936507936507936	0.42857142857142855	0.031746031746031744	0.2857142857142857
act/7	last	proj	7	12	False	False	asc	1	0.031746031746031744	0.31746031746031744	0.031746031746031744	0.3333333333333333
act/27	last	proj	5	6	False	True	asc	1	0.031746031746031744	0.1111111111111111	0.031746031746031744	0.1746031746031746
act/15	last	proj	7	15	True	False	asc	1	0.07936507936507936	0.36507936507936506	0.031746031746031744	0.30158730158730157
act/15	last	proj	13	16	True	True	asc	1	0.031746031746031744	0.12698412698412698	0.031746031746031744	0.14285714285714285
act/15	last	proj	13	16	True	False	asc	1	0.031746031746031744	0.1111111111111111	0.031746031746031744	0.15873015873015872
act/27	last	proj	5	6	False	False	asc	1	0.031746031746031744	0.1111111111111111	0.031746031746031744	0.1746031746031746
act/27	last	proj	9	14	True	False	asc	1	0.0	0.031746031746031744	0.031746031746031744	0.1111111111111111
act/15	last	proj	6	8	True	True	asc	1	0.15873015873015872	0.36507936507936506	0.031746031746031744	0.31746031746031744
act/15	last	proj	6	8	True	False	asc	1	0.15873015873015872	0.36507936507936506	0.031746031746031744	0.31746031746031744
act/15	last	proj	6	10	True	False	asc	1	0.1111111111111111	0.36507936507936506	0.031746031746031744	0.3492063492063492
act/27	last	proj	12	14	True	True	asc	1	0.015873015873015872	0.07936507936507936	0.031746031746031744	0.1746031746031746
act/27	last	proj	13	20	True	False	asc	1	0.047619047619047616	0.20634920634920634	0.031746031746031744	0.2222222222222222
act/27	last	proj	13	14	True	False	asc	1	0.0	0.12698412698412698	0.031746031746031744	0.12698412698412698
act/27	last	proj	13	14	True	True	asc	1	0.0	0.12698412698412698	0.031746031746031744	0.12698412698412698
act/23	last	proj	8	11	True	True	asc	1	0.07936507936507936	0.3333333333333333	0.031746031746031744	0.19047619047619047
act/23	last	proj	9	19	True	False	asc	1	0.047619047619047616	0.15873015873015872	0.031746031746031744	0.20634920634920634
act/23	last	proj	9	18	True	False	asc	1	0.047619047619047616	0.15873015873015872	0.031746031746031744	0.2222222222222222
act/27	last	proj	13	16	False	False	asc	1	0.015873015873015872	0.06349206349206349	0.031746031746031744	0.09523809523809523
act/27	last	proj	13	16	False	True	asc	1	0.015873015873015872	0.047619047619047616	0.031746031746031744	0.09523809523809523
act/27	last	proj	13	15	False	False	asc	1	0.0	0.06349206349206349	0.031746031746031744	0.20634920634920634
act/27	last	proj	13	15	False	True	asc	1	0.0	0.06349206349206349	0.031746031746031744	0.20634920634920634
act/31_normed	last	proj	14	20	True	True	asc	1	0.015873015873015872	0.1746031746031746	0.031746031746031744	0.20634920634920634
act/27	last	proj	8	10	True	False	asc	1	0.06349206349206349	0.20634920634920634	0.031746031746031744	0.19047619047619047
act/23	last	proj	15	17	False	False	asc	1	0.015873015873015872	0.15873015873015872	0.031746031746031744	0.14285714285714285
act/23	last	proj	2	4	False	True	asc	1	0.1111111111111111	0.42857142857142855	0.031746031746031744	0.4126984126984127
act/23	last	proj	2	4	False	False	asc	1	0.1111111111111111	0.4126984126984127	0.031746031746031744	0.4444444444444444
act/27	last	proj	6	16	True	True	asc	1	0.15873015873015872	0.36507936507936506	0.031746031746031744	0.20634920634920634
act/23	last	proj	17	20	False	True	asc	1	0.06349206349206349	0.23809523809523808	0.031746031746031744	0.2222222222222222
act/23	last	proj	17	20	False	False	asc	1	0.06349206349206349	0.23809523809523808	0.031746031746031744	0.2222222222222222
act/23	last	proj	14	19	False	True	asc	1	0.031746031746031744	0.15873015873015872	0.031746031746031744	0.1746031746031746
act/23	last	proj	13	17	False	True	asc	1	0.015873015873015872	0.07936507936507936	0.031746031746031744	0.1746031746031746
act/23	last	proj	6	14	False	False	asc	1	0.06349206349206349	0.30158730158730157	0.031746031746031744	0.23809523809523808
act/23	last	proj	6	17	False	True	asc	1	0.06349206349206349	0.2698412698412698	0.031746031746031744	0.25396825396825395
act/23	last	proj	14	20	False	True	asc	1	0.031746031746031744	0.14285714285714285	0.031746031746031744	0.19047619047619047
act/23	last	proj	14	19	False	False	asc	1	0.015873015873015872	0.12698412698412698	0.031746031746031744	0.19047619047619047
act/23	last	proj	15	17	False	True	asc	1	0.015873015873015872	0.15873015873015872	0.031746031746031744	0.12698412698412698
act/27	last	proj	9	14	True	True	asc	1	0.0	0.031746031746031744	0.031746031746031744	0.1111111111111111
act/31_normed	last	proj	7	18	True	True	asc	1	0.031746031746031744	0.23809523809523808	0.031746031746031744	0.23809523809523808
act/31_normed	last	proj	7	13	True	True	asc	1	0.1111111111111111	0.42857142857142855	0.031746031746031744	0.2857142857142857
act/31_normed	last	proj	7	16	True	True	asc	1	0.047619047619047616	0.31746031746031744	0.031746031746031744	0.30158730158730157
act/23	last	proj	11	20	True	False	asc	1	0.047619047619047616	0.14285714285714285	0.031746031746031744	0.14285714285714285
act/31_normed	last	proj	6	17	True	False	asc	1	0.047619047619047616	0.30158730158730157	0.031746031746031744	0.25396825396825395
act/31_normed	last	proj	8	20	True	True	asc	1	0.031746031746031744	0.2222222222222222	0.031746031746031744	0.23809523809523808
act/31_normed	last	proj	6	20	True	True	asc	1	0.06349206349206349	0.2857142857142857	0.031746031746031744	0.25396825396825395
act/11	last	proj	11	13	False	False	asc	1	0.07936507936507936	0.2222222222222222	0.031746031746031744	0.2222222222222222
act/23	last	proj	9	20	True	False	asc	1	0.047619047619047616	0.15873015873015872	0.031746031746031744	0.20634920634920634
act/23	last	proj	10	16	True	True	asc	1	0.047619047619047616	0.2222222222222222	0.031746031746031744	0.19047619047619047
act/23	last	proj	13	16	True	False	asc	1	0.015873015873015872	0.1746031746031746	0.031746031746031744	0.20634920634920634
act/23	last	proj	13	16	True	True	asc	1	0.015873015873015872	0.1746031746031746	0.031746031746031744	0.19047619047619047
act/23	last	proj	13	15	True	True	asc	1	0.0	0.1746031746031746	0.031746031746031744	0.1746031746031746
act/23	last	proj	13	15	True	False	asc	1	0.0	0.1746031746031746	0.031746031746031744	0.1746031746031746
act/23	last	proj	12	16	True	False	asc	1	0.031746031746031744	0.12698412698412698	0.031746031746031744	0.12698412698412698
act/23	last	proj	12	16	True	True	asc	1	0.031746031746031744	0.12698412698412698	0.031746031746031744	0.12698412698412698
act/27	last	proj	9	11	True	False	asc	1	0.06349206349206349	0.23809523809523808	0.031746031746031744	0.25396825396825395
act/27	last	proj	9	11	True	True	asc	1	0.06349206349206349	0.23809523809523808	0.031746031746031744	0.2698412698412698
act/23	last	proj	0	1	False	True	asc	1	0.0	0.09523809523809523	0.031746031746031744	0.15873015873015872
act/11	last	proj	7	12	False	False	asc	1	0.09523809523809523	0.3968253968253968	0.031746031746031744	0.2857142857142857
act/31_normed	last	proj	8	13	True	False	asc	1	0.07936507936507936	0.3492063492063492	0.031746031746031744	0.25396825396825395
act/11	last	proj	7	12	False	True	asc	1	0.12698412698412698	0.42857142857142855	0.031746031746031744	0.2857142857142857
act/31_normed	last	proj	7	20	True	False	asc	1	0.031746031746031744	0.19047619047619047	0.031746031746031744	0.19047619047619047
act/31_normed	last	proj	14	18	True	True	asc	1	0.015873015873015872	0.23809523809523808	0.031746031746031744	0.25396825396825395
act/31_normed	last	proj	14	19	True	False	asc	1	0.015873015873015872	0.1746031746031746	0.031746031746031744	0.19047619047619047
act/11	last	proj	11	13	False	True	asc	1	0.07936507936507936	0.2222222222222222	0.031746031746031744	0.2222222222222222
act/23	last	proj	8	18	True	False	asc	1	0.031746031746031744	0.1746031746031746	0.031746031746031744	0.25396825396825395
act/31_normed	last	proj	11	20	True	False	asc	1	0.047619047619047616	0.19047619047619047	0.031746031746031744	0.1746031746031746
act/31_normed	last	proj	14	18	True	False	asc	1	0.015873015873015872	0.20634920634920634	0.031746031746031744	0.25396825396825395
act/31_normed	last	proj	14	19	True	True	asc	1	0.015873015873015872	0.1746031746031746	0.031746031746031744	0.19047619047619047
act/11	last	proj	8	12	False	False	asc	1	0.14285714285714285	0.42857142857142855	0.031746031746031744	0.30158730158730157
act/11	last	proj	8	12	False	True	asc	1	0.14285714285714285	0.42857142857142855	0.031746031746031744	0.31746031746031744
act/11	last	proj	8	10	False	True	asc	1	0.07936507936507936	0.38095238095238093	0.031746031746031744	0.36507936507936506
act/11	last	proj	7	14	False	True	asc	1	0.07936507936507936	0.4126984126984127	0.031746031746031744	0.30158730158730157
act/11	last	proj	7	13	False	False	asc	1	0.07936507936507936	0.36507936507936506	0.031746031746031744	0.30158730158730157
act/11	last	proj	7	13	False	True	asc	1	0.07936507936507936	0.4126984126984127	0.031746031746031744	0.30158730158730157
act/23	last	proj	14	19	True	False	asc	1	0.031746031746031744	0.1746031746031746	0.031746031746031744	0.2222222222222222
act/23	last	proj	14	19	True	True	asc	1	0.031746031746031744	0.19047619047619047	0.031746031746031744	0.2222222222222222
act/23	last	proj	14	16	True	False	asc	1	0.0	0.14285714285714285	0.031746031746031744	0.14285714285714285
act/23	last	proj	14	16	True	True	asc	1	0.0	0.14285714285714285	0.031746031746031744	0.14285714285714285
act/23	last	proj	14	15	True	False	asc	1	0.015873015873015872	0.14285714285714285	0.031746031746031744	0.1111111111111111
act/23	last	proj	14	15	True	True	asc	1	0.015873015873015872	0.14285714285714285	0.031746031746031744	0.1111111111111111
act/23	last	proj	13	19	True	False	asc	1	0.015873015873015872	0.14285714285714285	0.031746031746031744	0.20634920634920634
act/23	last	proj	13	19	True	True	asc	1	0.031746031746031744	0.1746031746031746	0.031746031746031744	0.20634920634920634
act/23	last	proj	0	3	False	True	asc	1	0.0	0.09523809523809523	0.031746031746031744	0.15873015873015872
act/23	last	proj	0	2	False	False	asc	1	0.0	0.09523809523809523	0.031746031746031744	0.1746031746031746
act/23	last	proj	0	2	False	True	asc	1	0.0	0.09523809523809523	0.031746031746031744	0.15873015873015872
act/23	last	proj	0	1	False	False	asc	1	0.0	0.09523809523809523	0.031746031746031744	0.15873015873015872
act/31_normed	last	proj	6	19	False	True	asc	1	0.06349206349206349	0.47619047619047616	0.031746031746031744	0.36507936507936506
act/31_normed	last	proj	6	20	False	False	asc	1	0.047619047619047616	0.38095238095238093	0.031746031746031744	0.3492063492063492
act/31_normed	last	proj	13	19	True	True	asc	1	0.031746031746031744	0.15873015873015872	0.031746031746031744	0.2222222222222222
act/31_normed	last	proj	13	19	True	False	asc	1	0.031746031746031744	0.15873015873015872	0.031746031746031744	0.2222222222222222
act/11	last	proj	7	10	False	False	asc	1	0.1111111111111111	0.3968253968253968	0.031746031746031744	0.3492063492063492
act/11	last	proj	5	13	False	False	asc	1	0.07936507936507936	0.3492063492063492	0.031746031746031744	0.36507936507936506
act/11	last	proj	10	15	True	True	asc	1	0.14285714285714285	0.23809523809523808	0.031746031746031744	0.25396825396825395
act/11	last	proj	10	15	True	False	asc	1	0.15873015873015872	0.25396825396825395	0.031746031746031744	0.2857142857142857
act/31_normed	last	proj	6	20	False	True	asc	1	0.06349206349206349	0.4603174603174603	0.031746031746031744	0.36507936507936506
act/31_normed	last	proj	16	18	True	False	asc	1	0.031746031746031744	0.07936507936507936	0.031746031746031744	0.15873015873015872
act/31_normed	last	proj	13	17	True	True	asc	1	0.047619047619047616	0.31746031746031744	0.031746031746031744	0.30158730158730157
act/31_normed	last	proj	13	17	True	False	asc	1	0.031746031746031744	0.30158730158730157	0.031746031746031744	0.3333333333333333
act/23	last	proj	13	18	False	False	asc	1	0.06349206349206349	0.1746031746031746	0.031746031746031744	0.1746031746031746
act/23	last	proj	13	18	False	True	asc	1	0.047619047619047616	0.15873015873015872	0.031746031746031744	0.1746031746031746
act/23	last	proj	14	17	False	True	asc	1	0.015873015873015872	0.19047619047619047	0.031746031746031744	0.15873015873015872
act/23	last	proj	14	20	False	False	asc	1	0.031746031746031744	0.14285714285714285	0.031746031746031744	0.20634920634920634
act/31_normed	last	proj	14	20	True	False	asc	1	0.015873015873015872	0.15873015873015872	0.031746031746031744	0.20634920634920634
act/31_normed	last	proj	8	12	False	False	asc	1	0.07936507936507936	0.3333333333333333	0.031746031746031744	0.2857142857142857
act/11	last	proj	6	14	False	True	asc	1	0.1111111111111111	0.3968253968253968	0.031746031746031744	0.38095238095238093
act/11	last	proj	6	15	False	True	asc	1	0.14285714285714285	0.3968253968253968	0.031746031746031744	0.4126984126984127
act/11	last	proj	7	10	False	True	asc	1	0.1111111111111111	0.38095238095238093	0.031746031746031744	0.3492063492063492
act/31_normed	last	proj	16	17	True	True	asc	1	0.015873015873015872	0.2222222222222222	0.031746031746031744	0.2222222222222222
act/31_normed	last	proj	16	17	True	False	asc	1	0.015873015873015872	0.2222222222222222	0.031746031746031744	0.2222222222222222
act/31_normed	last	proj	16	18	True	True	asc	1	0.031746031746031744	0.07936507936507936	0.031746031746031744	0.15873015873015872
act/23	last	proj	13	17	False	False	asc	1	0.015873015873015872	0.07936507936507936	0.031746031746031744	0.1746031746031746
act/27	last	proj	8	10	True	True	asc	1	0.06349206349206349	0.19047619047619047	0.031746031746031744	0.19047619047619047
act/31	last	proj	14	18	True	True	asc	1	0.0	0.12698412698412698	0.015873015873015872	0.2222222222222222
act/19	last	proj	13	14	True	True	asc	1	0.06349206349206349	0.36507936507936506	0.015873015873015872	0.3333333333333333
act/3	last	proj	13	16	True	False	asc	1	0.047619047619047616	0.15873015873015872	0.015873015873015872	0.2222222222222222
act/3	last	proj	13	16	True	True	asc	1	0.047619047619047616	0.1746031746031746	0.015873015873015872	0.2222222222222222
act/31_normed	last	proj	15	17	True	True	asc	1	0.0	0.25396825396825395	0.015873015873015872	0.2698412698412698
act/31	last	proj	14	18	True	False	asc	1	0.0	0.12698412698412698	0.015873015873015872	0.25396825396825395
act/23	last	proj	12	19	True	False	asc	1	0.031746031746031744	0.12698412698412698	0.015873015873015872	0.09523809523809523
act/27	last	proj	12	15	True	True	asc	1	0.015873015873015872	0.06349206349206349	0.015873015873015872	0.07936507936507936
act/31	last	proj	17	19	False	True	asc	1	0.031746031746031744	0.09523809523809523	0.015873015873015872	0.12698412698412698
act/31	last	proj	17	19	False	False	asc	1	0.031746031746031744	0.09523809523809523	0.015873015873015872	0.12698412698412698
act/27	last	proj	14	16	False	False	asc	1	0.031746031746031744	0.12698412698412698	0.015873015873015872	0.12698412698412698
act/27	last	proj	14	16	False	True	asc	1	0.031746031746031744	0.12698412698412698	0.015873015873015872	0.12698412698412698
act/15	last	proj	13	17	True	False	asc	1	0.031746031746031744	0.19047619047619047	0.015873015873015872	0.20634920634920634
act/15	last	proj	13	17	True	True	asc	1	0.031746031746031744	0.1746031746031746	0.015873015873015872	0.20634920634920634
act/19	last	proj	13	14	True	False	asc	1	0.06349206349206349	0.36507936507936506	0.015873015873015872	0.3333333333333333
act/27	last	proj	13	15	True	True	asc	1	0.0	0.1111111111111111	0.015873015873015872	0.1111111111111111
act/27	last	proj	12	15	True	False	asc	1	0.015873015873015872	0.047619047619047616	0.015873015873015872	0.07936507936507936
act/27	last	proj	13	15	True	False	asc	1	0.0	0.1111111111111111	0.015873015873015872	0.1111111111111111
act/31_normed	last	proj	6	19	True	False	asc	1	0.047619047619047616	0.2698412698412698	0.015873015873015872	0.23809523809523808
act/31_normed	last	proj	7	17	True	False	asc	1	0.031746031746031744	0.25396825396825395	0.015873015873015872	0.2698412698412698
act/31_normed	last	proj	7	17	True	True	asc	1	0.031746031746031744	0.25396825396825395	0.015873015873015872	0.23809523809523808
act/31_normed	last	proj	14	17	True	True	asc	1	0.0	0.2698412698412698	0.015873015873015872	0.31746031746031744
act/23	last	proj	6	18	False	True	asc	1	0.06349206349206349	0.25396825396825395	0.015873015873015872	0.23809523809523808
act/27	last	proj	6	17	True	True	asc	1	0.12698412698412698	0.31746031746031744	0.015873015873015872	0.2222222222222222
act/31_normed	last	proj	7	19	True	True	asc	1	0.031746031746031744	0.23809523809523808	0.015873015873015872	0.2222222222222222
act/31_normed	last	proj	8	17	True	True	asc	1	0.031746031746031744	0.2857142857142857	0.015873015873015872	0.2222222222222222
act/23	last	proj	12	19	True	True	asc	1	0.06349206349206349	0.12698412698412698	0.015873015873015872	0.09523809523809523
act/31_normed	last	proj	14	16	True	True	asc	1	0.031746031746031744	0.19047619047619047	0.015873015873015872	0.31746031746031744
act/31_normed	last	proj	14	16	True	False	asc	1	0.031746031746031744	0.19047619047619047	0.015873015873015872	0.31746031746031744
act/31_normed	last	proj	14	17	True	False	asc	1	0.0	0.2698412698412698	0.015873015873015872	0.31746031746031744
act/11	last	proj	5	11	False	False	asc	1	0.12698412698412698	0.3968253968253968	0.015873015873015872	0.30158730158730157
act/31_normed	last	proj	6	17	False	True	asc	1	0.09523809523809523	0.42857142857142855	0.015873015873015872	0.38095238095238093
act/27	last	proj	12	14	True	False	asc	1	0.015873015873015872	0.07936507936507936	0.015873015873015872	0.15873015873015872
act/31_normed	last	proj	15	17	True	False	asc	1	0.0	0.25396825396825395	0.015873015873015872	0.2698412698412698
act/31	last	proj	6	19	False	False	asc	1	0.047619047619047616	0.38095238095238093	0.0	0.2857142857142857
act/31	last	proj	6	20	False	False	asc	1	0.031746031746031744	0.3968253968253968	0.0	0.2857142857142857
act/31_normed	last	proj	7	20	True	True	asc	1	0.031746031746031744	0.2222222222222222	0.0	0.20634920634920634
act/31_normed	last	proj	6	20	True	False	asc	1	0.047619047619047616	0.2698412698412698	0.0	0.20634920634920634
